; CSV, generated by libsigrok4DSL 0.2.0 on Mon Aug 24 19:43:37 2026
; Channels (6/8)
; Sample rate: 25 MHz
; Sample count: 2.500608 M Samples
Time(s), IC129 1, IC129 2, IC129 3, IC129 4, IC129 15, /RESET
0,0,0,0,0,0,0
0.010002,1,0,0,0,1,1
0.01000204,0,0,0,0,0,0
0.01000212,1,0,0,1,1,1
0.01000216,0,0,0,0,0,0
0.01028364,0,0,1,0,0,0
0.01028368,0,0,0,0,0,0
0.0102838,0,0,1,0,0,0
0.01028392,0,0,0,0,0,0
0.01028396,0,0,1,0,0,0
0.01030228,0,0,1,1,0,0
0.01034624,0,0,1,1,0,1
0.01034628,0,0,1,1,0,0
0.01034632,0,0,1,1,0,1
0.01034636,0,0,1,1,0,0
0.0103464,0,0,1,1,0,1
0.01034644,0,0,1,1,0,0
0.01034648,0,0,1,1,0,1
0.01034652,0,0,1,1,0,0
0.01034656,0,0,1,1,0,1
0.0103466,0,0,1,1,0,0
0.01034664,0,0,1,1,0,1
0.01034668,0,0,1,1,0,0
0.01034676,0,0,1,1,0,1
0.01034884,1,0,1,1,0,1
0.01034888,0,0,1,1,0,1
0.01034892,1,0,1,1,0,1
0.01034916,0,0,1,1,0,1
0.0103492,1,0,1,1,0,1
0.01047964,1,1,1,1,0,1
0.01060216,1,1,1,1,0,0
0.0106022,1,1,1,1,0,1
0.01060228,1,1,1,1,0,0
0.01060232,1,1,1,1,0,1
0.01060352,1,1,1,1,0,0
0.01060364,1,1,1,1,0,1
0.010604,1,1,1,1,0,0
0.01060404,1,1,1,1,0,1
0.01060408,1,1,1,1,0,0
0.01060416,1,1,1,1,0,1
0.01060428,1,1,1,1,0,0
0.01060432,1,1,1,1,0,1
0.01060436,1,1,1,1,0,0
0.01060444,1,1,1,1,0,1
0.01060448,1,1,1,1,0,0
0.0106046,1,1,1,1,0,1
0.01060464,1,1,1,1,0,0
0.01060612,1,1,1,1,0,1
0.01060616,1,1,1,1,0,0
0.01061728,1,1,1,1,0,1
0.01062176,1,0,1,1,0,1
0.01062228,1,1,1,1,0,1
0.0106232,1,0,1,1,0,1
0.01062368,1,1,1,1,0,1
0.01062692,1,0,1,1,0,1
0.0106274,1,1,1,1,0,1
0.01062828,1,0,1,1,0,1
0.01062876,1,1,1,1,0,1
0.01063192,1,0,1,1,0,1
0.0106324,1,1,1,1,0,1
0.01063328,1,0,1,1,0,1
0.01063376,1,1,1,1,0,1
0.01063692,1,0,1,1,0,1
0.01063736,1,1,1,1,0,1
0.01063824,1,0,1,1,0,1
0.01063868,1,1,1,1,0,1
0.01064176,1,0,1,1,0,1
0.01064224,1,1,1,1,0,1
0.01064308,1,0,1,1,0,1
0.01064352,1,1,1,1,0,1
0.0106466,1,0,1,1,0,1
0.01064704,1,1,1,1,0,1
0.01064788,1,0,1,1,0,1
0.01064832,1,1,1,1,0,1
0.01065132,1,0,1,1,0,1
0.01065176,1,1,1,1,0,1
0.0106526,1,0,1,1,0,1
0.01065304,1,1,1,1,0,1
0.01065596,1,0,1,1,0,1
0.0106564,1,1,1,1,0,1
0.01065724,1,0,1,1,0,1
0.01065768,1,1,1,1,0,1
0.01066056,1,0,1,1,0,1
0.010661,1,1,1,1,0,1
0.0106618,1,0,1,1,0,1
0.01066224,1,1,1,1,0,1
0.01066916,1,0,1,1,0,1
0.01066956,1,1,1,1,0,1
0.01067036,1,0,1,1,0,1
0.01067076,1,1,1,1,0,1
0.01067792,1,0,1,1,0,1
0.01067832,1,1,1,1,0,1
0.01067908,1,0,1,1,0,1
0.01067952,1,1,1,1,0,1
0.01068224,1,0,1,1,0,1
0.01068264,1,1,1,1,0,1
0.0106834,1,0,1,1,0,1
0.0106838,1,1,1,1,0,1
0.01069252,1,0,1,1,0,1
0.01069292,1,1,1,1,0,1
0.01069364,1,0,1,1,0,1
0.01069404,1,1,1,1,0,1
0.01069664,1,0,1,1,0,1
0.01069704,1,1,1,1,0,1
0.01069776,1,0,1,1,0,1
0.01069816,1,1,1,1,0,1
0.01070072,1,0,1,1,0,1
0.01070108,1,1,1,1,0,1
0.0107018,1,0,1,1,0,1
0.01070216,1,1,1,1,0,1
0.01070472,1,0,1,1,0,1
0.01070508,1,1,1,1,0,1
0.0107058,1,0,1,1,0,1
0.01070616,1,1,1,1,0,1
0.01071012,1,0,1,1,0,1
0.01071048,1,1,1,1,0,1
0.0107112,1,0,1,1,0,1
0.01071156,1,1,1,1,0,1
0.01071544,1,0,1,1,0,1
0.0107158,1,1,1,1,0,1
0.01071648,1,0,1,1,0,1
0.01071684,1,1,1,1,0,1
0.01072976,1,0,1,1,0,1
0.01073064,1,1,1,1,0,1
0.01075084,1,0,1,1,0,1
0.01075168,1,1,1,1,0,1
0.01075568,1,0,1,1,0,1
0.01075584,1,1,1,1,0,1
0.01075616,1,0,1,1,0,1
0.01075636,1,1,1,1,0,1
0.01079744,1,0,1,1,0,1
0.0107976,1,1,1,1,0,1
0.01079996,1,0,1,1,0,1
0.01080012,1,1,1,1,0,1
0.0108056,1,0,1,1,0,1
0.0108058,1,1,1,1,0,1
0.01080612,1,0,1,1,0,1
0.01080628,1,1,1,1,0,1
0.01082828,1,0,1,1,0,1
0.01082848,1,1,1,1,0,1
0.01083928,1,0,1,1,0,1
0.01083948,1,1,1,1,0,1
0.0108398,1,0,1,1,0,1
0.01083996,1,1,1,1,0,1
0.01086644,1,0,1,1,0,1
0.01086664,1,1,1,1,0,1
0.01088712,1,0,1,1,0,1
0.01088728,1,1,1,1,0,1
0.01090496,1,0,1,1,0,1
0.01090512,1,1,1,1,0,1
0.01090544,1,0,1,1,0,1
0.01090564,1,1,1,1,0,1
0.01092328,1,0,1,1,0,1
0.01092344,1,1,1,1,0,1
0.01092376,1,0,1,1,0,1
0.01092396,1,1,1,1,0,1
0.01094796,1,0,1,1,0,1
0.0109496,1,1,1,1,0,1
0.01095176,1,0,1,1,0,1
0.01095276,1,1,1,1,0,1
0.01095796,1,0,1,1,0,1
0.01095928,1,1,1,1,0,1
0.01096144,1,0,1,1,0,1
0.01096244,1,1,1,1,0,1
0.0109676,1,0,1,1,0,1
0.01096896,1,1,1,1,0,1
0.01097112,1,0,1,1,0,1
0.01097212,1,1,1,1,0,1
0.01097728,1,0,1,1,0,1
0.0109786,1,1,1,1,0,1
0.01098076,1,0,1,1,0,1
0.01098196,1,1,1,1,0,1
0.01098712,1,0,1,1,0,1
0.01098828,1,1,1,1,0,1
0.01099044,1,0,1,1,0,1
0.0109916,1,1,1,1,0,1
0.01099676,1,0,1,1,0,1
0.01099812,1,1,1,1,0,1
0.01100028,1,0,1,1,0,1
0.01100128,1,1,1,1,0,1
0.01100644,1,0,1,1,0,1
0.01100776,1,1,1,1,0,1
0.01100992,1,0,1,1,0,1
0.01101092,1,1,1,1,0,1
0.01101612,1,0,1,1,0,1
0.01101744,1,1,1,1,0,1
0.0110196,1,0,1,1,0,1
0.0110206,1,1,1,1,0,1
0.01102576,1,0,1,1,0,1
0.01102712,1,1,1,1,0,1
0.01102928,1,0,1,1,0,1
0.01103044,1,1,1,1,0,1
0.0110356,1,0,1,1,0,1
0.01103676,1,1,1,1,0,1
0.01103892,1,0,1,1,0,1
0.01104012,1,1,1,1,0,1
0.01104528,1,0,1,1,0,1
0.0110466,1,1,1,1,0,1
0.01104876,1,0,1,1,0,1
0.01104976,1,1,1,1,0,1
0.01105492,1,0,1,1,0,1
0.01105628,1,1,1,1,0,1
0.01105844,1,0,1,1,0,1
0.01105944,1,1,1,1,0,1
0.0110646,1,0,1,1,0,1
0.01106592,1,1,1,1,0,1
0.01106808,1,0,1,1,0,1
0.01106908,1,1,1,1,0,1
0.01107424,1,0,1,1,0,1
0.0110756,1,1,1,1,0,1
0.01107776,1,0,1,1,0,1
0.01107892,1,1,1,1,0,1
0.01108408,1,0,1,1,0,1
0.01108528,1,1,1,1,0,1
0.01108744,1,0,1,1,0,1
0.0110886,1,1,1,1,0,1
0.01109376,1,0,1,1,0,1
0.01109508,1,1,1,1,0,1
0.01109724,1,0,1,1,0,1
0.01109824,1,1,1,1,0,1
0.01110344,1,0,1,1,0,1
0.01110476,1,1,1,1,0,1
0.01110692,1,0,1,1,0,1
0.01110792,1,1,1,1,0,1
0.01111308,1,0,1,1,0,1
0.01111444,1,1,1,1,0,1
0.0111166,1,0,1,1,0,1
0.0111176,1,1,1,1,0,1
0.01112276,1,0,1,1,0,1
0.01112408,1,1,1,1,0,1
0.01112624,1,0,1,1,0,1
0.01112744,1,1,1,1,0,1
0.0111326,1,0,1,1,0,1
0.01113376,1,1,1,1,0,1
0.01113592,1,0,1,1,0,1
0.01113708,1,1,1,1,0,1
0.01114224,1,0,1,1,0,1
0.0111436,1,1,1,1,0,1
0.01114576,1,0,1,1,0,1
0.01114676,1,1,1,1,0,1
0.01115192,1,0,1,1,0,1
0.01115324,1,1,1,1,0,1
0.0111554,1,0,1,1,0,1
0.0111564,1,1,1,1,0,1
0.0111616,1,0,1,1,0,1
0.01116292,1,1,1,1,0,1
0.01116508,1,0,1,1,0,1
0.01116608,1,1,1,1,0,1
0.01117124,1,0,1,1,0,1
0.0111726,1,1,1,1,0,1
0.01117476,1,0,1,1,0,1
0.01117592,1,1,1,1,0,1
0.01118108,1,0,1,1,0,1
0.01118224,1,1,1,1,0,1
0.0111844,1,0,1,1,0,1
0.01118556,1,1,1,1,0,1
0.01119076,1,0,1,1,0,1
0.01119208,1,1,1,1,0,1
0.01119424,1,0,1,1,0,1
0.01119524,1,1,1,1,0,1
0.0112004,1,0,1,1,0,1
0.01120176,1,1,1,1,0,1
0.01120392,1,0,1,1,0,1
0.01120492,1,1,1,1,0,1
0.01121008,1,0,1,1,0,1
0.0112114,1,1,1,1,0,1
0.01121356,1,0,1,1,0,1
0.01121456,1,1,1,1,0,1
0.01121972,1,0,1,1,0,1
0.01122108,1,1,1,1,0,1
0.01122324,1,0,1,1,0,1
0.01122424,1,1,1,1,0,1
0.0112294,1,0,1,1,0,1
0.01123076,1,1,1,1,0,1
0.01123292,1,0,1,1,0,1
0.01123408,1,1,1,1,0,1
0.01123924,1,0,1,1,0,1
0.0112404,1,1,1,1,0,1
0.01124256,1,0,1,1,0,1
0.01124372,1,1,1,1,0,1
0.01124892,1,0,1,1,0,1
0.01125024,1,1,1,1,0,1
0.0112524,1,0,1,1,0,1
0.0112534,1,1,1,1,0,1
0.01125856,1,0,1,1,0,1
0.01125992,1,1,1,1,0,1
0.01126208,1,0,1,1,0,1
0.01126308,1,1,1,1,0,1
0.01126824,1,0,1,1,0,1
0.01126956,1,1,1,1,0,1
0.01127172,1,0,1,1,0,1
0.01127272,1,1,1,1,0,1
0.01127788,1,0,1,1,0,1
0.01127924,1,1,1,1,0,1
0.0112814,1,0,1,1,0,1
0.01128256,1,1,1,1,0,1
0.01128772,1,0,1,1,0,1
0.01128888,1,1,1,1,0,1
0.01129108,1,0,1,1,0,1
0.01129224,1,1,1,1,0,1
0.0112974,1,0,1,1,0,1
0.01129872,1,1,1,1,0,1
0.01130088,1,0,1,1,0,1
0.01130188,1,1,1,1,0,1
0.01130708,1,0,1,1,0,1
0.0113084,1,1,1,1,0,1
0.01131056,1,0,1,1,0,1
0.01131156,1,1,1,1,0,1
0.01131672,1,0,1,1,0,1
0.01131808,1,1,1,1,0,1
0.01132024,1,0,1,1,0,1
0.01132124,1,1,1,1,0,1
0.0113264,1,0,1,1,0,1
0.01132772,1,1,1,1,0,1
0.01132988,1,0,1,1,0,1
0.01133108,1,1,1,1,0,1
0.01133624,1,0,1,1,0,1
0.0113374,1,1,1,1,0,1
0.01133956,1,0,1,1,0,1
0.01134072,1,1,1,1,0,1
0.01134588,1,0,1,1,0,1
0.01134724,1,1,1,1,0,1
0.0113494,1,0,1,1,0,1
0.0113504,1,1,1,1,0,1
0.01135556,1,0,1,1,0,1
0.01135688,1,1,1,1,0,1
0.01135904,1,0,1,1,0,1
0.01136004,1,1,1,1,0,1
0.01136524,1,0,1,1,0,1
0.01136656,1,1,1,1,0,1
0.01136872,1,0,1,1,0,1
0.01136972,1,1,1,1,0,1
0.01137488,1,0,1,1,0,1
0.01137624,1,1,1,1,0,1
0.0113784,1,0,1,1,0,1
0.01137956,1,1,1,1,0,1
0.01138472,1,0,1,1,0,1
0.01138588,1,1,1,1,0,1
0.01138804,1,0,1,1,0,1
0.01138924,1,1,1,1,0,1
0.0113944,1,0,1,1,0,1
0.01139572,1,1,1,1,0,1
0.01139788,1,0,1,1,0,1
0.01139888,1,1,1,1,0,1
0.01140404,1,0,1,1,0,1
0.0114054,1,1,1,1,0,1
0.01140756,1,0,1,1,0,1
0.01140856,1,1,1,1,0,1
0.01141372,1,0,1,1,0,1
0.01141504,1,1,1,1,0,1
0.0114172,1,0,1,1,0,1
0.0114182,1,1,1,1,0,1
0.0114234,1,0,1,1,0,1
0.01142472,1,1,1,1,0,1
0.01142688,1,0,1,1,0,1
0.01142804,1,1,1,1,0,1
0.0114332,1,0,1,1,0,1
0.0114344,1,1,1,1,0,1
0.01143656,1,0,1,1,0,1
0.01143772,1,1,1,1,0,1
0.01144288,1,0,1,1,0,1
0.0114442,1,1,1,1,0,1
0.0114464,1,0,1,1,0,1
0.0114474,1,1,1,1,0,1
0.01145256,1,0,1,1,0,1
0.01145388,1,1,1,1,0,1
0.01145604,1,0,1,1,0,1
0.01145704,1,1,1,1,0,1
0.0114622,1,0,1,1,0,1
0.01146356,1,1,1,1,0,1
0.01146572,1,0,1,1,0,1
0.01146672,1,1,1,1,0,1
0.01147188,1,0,1,1,0,1
0.0114732,1,1,1,1,0,1
0.01147536,1,0,1,1,0,1
0.01147636,1,1,1,1,0,1
0.01148156,1,0,1,1,0,1
0.01148288,1,1,1,1,0,1
0.01148504,1,0,1,1,0,1
0.0114862,1,1,1,1,0,1
0.01149136,1,0,1,1,0,1
0.01149256,1,1,1,1,0,1
0.01149472,1,0,1,1,0,1
0.01149588,1,1,1,1,0,1
0.01150104,1,0,1,1,0,1
0.01150236,1,1,1,1,0,1
0.01150456,1,0,1,1,0,1
0.01150556,1,1,1,1,0,1
0.01151072,1,0,1,1,0,1
0.01151204,1,1,1,1,0,1
0.0115142,1,0,1,1,0,1
0.0115152,1,1,1,1,0,1
0.01152036,1,0,1,1,0,1
0.01152172,1,1,1,1,0,1
0.01152388,1,0,1,1,0,1
0.01152488,1,1,1,1,0,1
0.01153004,1,0,1,1,0,1
0.01153136,1,1,1,1,0,1
0.01153352,1,0,1,1,0,1
0.01153472,1,1,1,1,0,1
0.01153988,1,0,1,1,0,1
0.01154104,1,1,1,1,0,1
0.0115432,1,0,1,1,0,1
0.01154436,1,1,1,1,0,1
0.01154952,1,0,1,1,0,1
0.01155088,1,1,1,1,0,1
0.01155304,1,0,1,1,0,1
0.01155404,1,1,1,1,0,1
0.0115592,1,0,1,1,0,1
0.01156052,1,1,1,1,0,1
0.01156272,1,0,1,1,0,1
0.01156372,1,1,1,1,0,1
0.01156888,1,0,1,1,0,1
0.0115702,1,1,1,1,0,1
0.01157236,1,0,1,1,0,1
0.01157336,1,1,1,1,0,1
0.01157852,1,0,1,1,0,1
0.01157988,1,1,1,1,0,1
0.01158204,1,0,1,1,0,1
0.0115832,1,1,1,1,0,1
0.01158836,1,0,1,1,0,1
0.01158952,1,1,1,1,0,1
0.01159168,1,0,1,1,0,1
0.01159288,1,1,1,1,0,1
0.01159804,1,0,1,1,0,1
0.01159936,1,1,1,1,0,1
0.01160152,1,0,1,1,0,1
0.01160252,1,1,1,1,0,1
0.01160768,1,0,1,1,0,1
0.01160904,1,1,1,1,0,1
0.0116112,1,0,1,1,0,1
0.0116122,1,1,1,1,0,1
0.01161736,1,0,1,1,0,1
0.01161868,1,1,1,1,0,1
0.01162088,1,0,1,1,0,1
0.01162188,1,1,1,1,0,1
0.01162704,1,0,1,1,0,1
0.01162836,1,1,1,1,0,1
0.01163052,1,0,1,1,0,1
0.01163168,1,1,1,1,0,1
0.01163688,1,0,1,1,0,1
0.01163804,1,1,1,1,0,1
0.0116402,1,0,1,1,0,1
0.01164136,1,1,1,1,0,1
0.01164652,1,0,1,1,0,1
0.01164784,1,1,1,1,0,1
0.01165004,1,0,1,1,0,1
0.01165104,1,1,1,1,0,1
0.0116562,1,0,1,1,0,1
0.01165752,1,1,1,1,0,1
0.01165968,1,0,1,1,0,1
0.01166068,1,1,1,1,0,1
0.01166584,1,0,1,1,0,1
0.0116672,1,1,1,1,0,1
0.01166936,1,0,1,1,0,1
0.01167036,1,1,1,1,0,1
0.01167552,1,0,1,1,0,1
0.01167684,1,1,1,1,0,1
0.01167904,1,0,1,1,0,1
0.0116802,1,1,1,1,0,1
0.01168536,1,0,1,1,0,1
0.01168652,1,1,1,1,0,1
0.01168868,1,0,1,1,0,1
0.01168984,1,1,1,1,0,1
0.01169504,1,0,1,1,0,1
0.0116962,1,1,1,1,0,1
0.01169836,1,0,1,1,0,1
0.01169952,1,1,1,1,0,1
0.01170468,1,0,1,1,0,1
0.01170604,1,1,1,1,0,1
0.0117082,1,0,1,1,0,1
0.0117092,1,1,1,1,0,1
0.01171436,1,0,1,1,0,1
0.01171568,1,1,1,1,0,1
0.01171784,1,0,1,1,0,1
0.01171884,1,1,1,1,0,1
0.011724,1,0,1,1,0,1
0.01172536,1,1,1,1,0,1
0.01172752,1,0,1,1,0,1
0.01172852,1,1,1,1,0,1
0.01173368,1,0,1,1,0,1
0.011735,1,1,1,1,0,1
0.0117372,1,0,1,1,0,1
0.01173836,1,1,1,1,0,1
0.01174352,1,0,1,1,0,1
0.01174468,1,1,1,1,0,1
0.01174684,1,0,1,1,0,1
0.011748,1,1,1,1,0,1
0.0117532,1,0,1,1,0,1
0.01175452,1,1,1,1,0,1
0.01175668,1,0,1,1,0,1
0.01175768,1,1,1,1,0,1
0.01176284,1,0,1,1,0,1
0.0117642,1,1,1,1,0,1
0.01176636,1,0,1,1,0,1
0.01176736,1,1,1,1,0,1
0.01177252,1,0,1,1,0,1
0.01177384,1,1,1,1,0,1
0.011776,1,0,1,1,0,1
0.011777,1,1,1,1,0,1
0.01178216,1,0,1,1,0,1
0.01178352,1,1,1,1,0,1
0.01178568,1,0,1,1,0,1
0.01178684,1,1,1,1,0,1
0.011792,1,0,1,1,0,1
0.01179316,1,1,1,1,0,1
0.01179536,1,0,1,1,0,1
0.01179652,1,1,1,1,0,1
0.01180168,1,0,1,1,0,1
0.011803,1,1,1,1,0,1
0.01180516,1,0,1,1,0,1
0.01180616,1,1,1,1,0,1
0.01181136,1,0,1,1,0,1
0.01181268,1,1,1,1,0,1
0.01181484,1,0,1,1,0,1
0.01181584,1,1,1,1,0,1
0.011821,1,0,1,1,0,1
0.01182236,1,1,1,1,0,1
0.01182452,1,0,1,1,0,1
0.01182552,1,1,1,1,0,1
0.01183068,1,0,1,1,0,1
0.011832,1,1,1,1,0,1
0.01183416,1,0,1,1,0,1
0.01183536,1,1,1,1,0,1
0.01184052,1,0,1,1,0,1
0.01184168,1,1,1,1,0,1
0.01184384,1,0,1,1,0,1
0.011845,1,1,1,1,0,1
0.01185016,1,0,1,1,0,1
0.01185152,1,1,1,1,0,1
0.01185368,1,0,1,1,0,1
0.01185468,1,1,1,1,0,1
0.01185984,1,0,1,1,0,1
0.01186116,1,1,1,1,0,1
0.01186332,1,0,1,1,0,1
0.01186432,1,1,1,1,0,1
0.01186952,1,0,1,1,0,1
0.01187084,1,1,1,1,0,1
0.011873,1,0,1,1,0,1
0.011874,1,1,1,1,0,1
0.01187916,1,0,1,1,0,1
0.01188052,1,1,1,1,0,1
0.01188268,1,0,1,1,0,1
0.01188384,1,1,1,1,0,1
0.011889,1,0,1,1,0,1
0.01189016,1,1,1,1,0,1
0.01189232,1,0,1,1,0,1
0.01189352,1,1,1,1,0,1
0.01189868,1,0,1,1,0,1
0.0119,1,1,1,1,0,1
0.01190216,1,0,1,1,0,1
0.01190316,1,1,1,1,0,1
0.01190832,1,0,1,1,0,1
0.01190968,1,1,1,1,0,1
0.01191184,1,0,1,1,0,1
0.01191284,1,1,1,1,0,1
0.011918,1,0,1,1,0,1
0.01191932,1,1,1,1,0,1
0.01192148,1,0,1,1,0,1
0.01192248,1,1,1,1,0,1
0.01192768,1,0,1,1,0,1
0.011929,1,1,1,1,0,1
0.01193116,1,0,1,1,0,1
0.01193216,1,1,1,1,0,1
0.01193732,1,0,1,1,0,1
0.01193868,1,1,1,1,0,1
0.01194084,1,0,1,1,0,1
0.011942,1,1,1,1,0,1
0.01194716,1,0,1,1,0,1
0.01194832,1,1,1,1,0,1
0.01195048,1,0,1,1,0,1
0.01195168,1,1,1,1,0,1
0.01195684,1,0,1,1,0,1
0.01195816,1,1,1,1,0,1
0.01196032,1,0,1,1,0,1
0.01196132,1,1,1,1,0,1
0.01196648,1,0,1,1,0,1
0.01196784,1,1,1,1,0,1
0.01197,1,0,1,1,0,1
0.011971,1,1,1,1,0,1
0.01197616,1,0,1,1,0,1
0.01197748,1,1,1,1,0,1
0.01197964,1,0,1,1,0,1
0.01198064,1,1,1,1,0,1
0.01198584,1,0,1,1,0,1
0.01198716,1,1,1,1,0,1
0.01198932,1,0,1,1,0,1
0.01199048,1,1,1,1,0,1
0.01199564,1,0,1,1,0,1
0.01199684,1,1,1,1,0,1
0.011999,1,0,1,1,0,1
0.01200016,1,1,1,1,0,1
0.01200532,1,0,1,1,0,1
0.01200664,1,1,1,1,0,1
0.01200884,1,0,1,1,0,1
0.01200984,1,1,1,1,0,1
0.012015,1,0,1,1,0,1
0.01201632,1,1,1,1,0,1
0.01201848,1,0,1,1,0,1
0.01201948,1,1,1,1,0,1
0.01202464,1,0,1,1,0,1
0.012026,1,1,1,1,0,1
0.01202816,1,0,1,1,0,1
0.01202916,1,1,1,1,0,1
0.01203432,1,0,1,1,0,1
0.01203564,1,1,1,1,0,1
0.0120378,1,0,1,1,0,1
0.012039,1,1,1,1,0,1
0.01204416,1,0,1,1,0,1
0.01204532,1,1,1,1,0,1
0.01204748,1,0,1,1,0,1
0.01204864,1,1,1,1,0,1
0.0120538,1,0,1,1,0,1
0.01205516,1,1,1,1,0,1
0.01205732,1,0,1,1,0,1
0.01205832,1,1,1,1,0,1
0.01206348,1,0,1,1,0,1
0.0120648,1,1,1,1,0,1
0.012067,1,0,1,1,0,1
0.012068,1,1,1,1,0,1
0.01207316,1,0,1,1,0,1
0.01207448,1,1,1,1,0,1
0.01207664,1,0,1,1,0,1
0.01207764,1,1,1,1,0,1
0.0120828,1,0,1,1,0,1
0.01208416,1,1,1,1,0,1
0.01208632,1,0,1,1,0,1
0.01208748,1,1,1,1,0,1
0.01209264,1,0,1,1,0,1
0.0120938,1,1,1,1,0,1
0.012096,1,0,1,1,0,1
0.01209716,1,1,1,1,0,1
0.01210232,1,0,1,1,0,1
0.01210364,1,1,1,1,0,1
0.0121058,1,0,1,1,0,1
0.0121068,1,1,1,1,0,1
0.01211196,1,0,1,1,0,1
0.01211332,1,1,1,1,0,1
0.01211548,1,0,1,1,0,1
0.01211648,1,1,1,1,0,1
0.01212164,1,0,1,1,0,1
0.01212296,1,1,1,1,0,1
0.01212516,1,0,1,1,0,1
0.01212616,1,1,1,1,0,1
0.01213132,1,0,1,1,0,1
0.01213264,1,1,1,1,0,1
0.0121348,1,0,1,1,0,1
0.0121358,1,1,1,1,0,1
0.01214096,1,0,1,1,0,1
0.01214232,1,1,1,1,0,1
0.01214448,1,0,1,1,0,1
0.01214564,1,1,1,1,0,1
0.0121508,1,0,1,1,0,1
0.01215196,1,1,1,1,0,1
0.01215416,1,0,1,1,0,1
0.01215532,1,1,1,1,0,1
0.01216048,1,0,1,1,0,1
0.0121618,1,1,1,1,0,1
0.01216396,1,0,1,1,0,1
0.01216496,1,1,1,1,0,1
0.01217012,1,0,1,1,0,1
0.01217148,1,1,1,1,0,1
0.01217364,1,0,1,1,0,1
0.01217464,1,1,1,1,0,1
0.0121798,1,0,1,1,0,1
0.01218112,1,1,1,1,0,1
0.01218332,1,0,1,1,0,1
0.01218432,1,1,1,1,0,1
0.01218948,1,0,1,1,0,1
0.0121908,1,1,1,1,0,1
0.01219296,1,0,1,1,0,1
0.01219412,1,1,1,1,0,1
0.01219932,1,0,1,1,0,1
0.01220048,1,1,1,1,0,1
0.01220264,1,0,1,1,0,1
0.0122038,1,1,1,1,0,1
0.01220896,1,0,1,1,0,1
0.01221032,1,1,1,1,0,1
0.01221248,1,0,1,1,0,1
0.01221348,1,1,1,1,0,1
0.01221864,1,0,1,1,0,1
0.01221996,1,1,1,1,0,1
0.01222212,1,0,1,1,0,1
0.01222312,1,1,1,1,0,1
0.01222832,1,0,1,1,0,1
0.01222964,1,1,1,1,0,1
0.0122318,1,0,1,1,0,1
0.0122328,1,1,1,1,0,1
0.01223796,1,0,1,1,0,1
0.01223928,1,1,1,1,0,1
0.01224148,1,0,1,1,0,1
0.01224264,1,1,1,1,0,1
0.0122478,1,0,1,1,0,1
0.01224896,1,1,1,1,0,1
0.01225112,1,0,1,1,0,1
0.01225228,1,1,1,1,0,1
0.01225748,1,0,1,1,0,1
0.0122588,1,1,1,1,0,1
0.01226096,1,0,1,1,0,1
0.01226196,1,1,1,1,0,1
0.01226712,1,0,1,1,0,1
0.01226848,1,1,1,1,0,1
0.01227064,1,0,1,1,0,1
0.01227164,1,1,1,1,0,1
0.0122768,1,0,1,1,0,1
0.01227812,1,1,1,1,0,1
0.01228028,1,0,1,1,0,1
0.01228128,1,1,1,1,0,1
0.01228648,1,0,1,1,0,1
0.0122878,1,1,1,1,0,1
0.01228996,1,0,1,1,0,1
0.01229112,1,1,1,1,0,1
0.01229628,1,0,1,1,0,1
0.01229744,1,1,1,1,0,1
0.01229964,1,0,1,1,0,1
0.0123008,1,1,1,1,0,1
0.01230596,1,0,1,1,0,1
0.01230728,1,1,1,1,0,1
0.01230944,1,0,1,1,0,1
0.01231044,1,1,1,1,0,1
0.01231564,1,0,1,1,0,1
0.01231696,1,1,1,1,0,1
0.01231912,1,0,1,1,0,1
0.01232012,1,1,1,1,0,1
0.01232528,1,0,1,1,0,1
0.01232664,1,1,1,1,0,1
0.0123288,1,0,1,1,0,1
0.0123298,1,1,1,1,0,1
0.01233496,1,0,1,1,0,1
0.01233628,1,1,1,1,0,1
0.01233844,1,0,1,1,0,1
0.01233964,1,1,1,1,0,1
0.0123448,1,0,1,1,0,1
0.01234596,1,1,1,1,0,1
0.01234812,1,0,1,1,0,1
0.01234928,1,1,1,1,0,1
0.01235444,1,0,1,1,0,1
0.01235564,1,1,1,1,0,1
0.0123578,1,0,1,1,0,1
0.01235896,1,1,1,1,0,1
0.01236412,1,0,1,1,0,1
0.01236544,1,1,1,1,0,1
0.0123676,1,0,1,1,0,1
0.0123686,1,1,1,1,0,1
0.0123738,1,0,1,1,0,1
0.01237512,1,1,1,1,0,1
0.01237728,1,0,1,1,0,1
0.01237828,1,1,1,1,0,1
0.01238344,1,0,1,1,0,1
0.0123848,1,1,1,1,0,1
0.01238696,1,0,1,1,0,1
0.01238796,1,1,1,1,0,1
0.01239312,1,0,1,1,0,1
0.01239444,1,1,1,1,0,1
0.0123966,1,0,1,1,0,1
0.0123978,1,1,1,1,0,1
0.01240296,1,0,1,1,0,1
0.01240412,1,1,1,1,0,1
0.01240628,1,0,1,1,0,1
0.01240744,1,1,1,1,0,1
0.0124126,1,0,1,1,0,1
0.01241396,1,1,1,1,0,1
0.01241612,1,0,1,1,0,1
0.01241712,1,1,1,1,0,1
0.01242228,1,0,1,1,0,1
0.0124236,1,1,1,1,0,1
0.0124258,1,0,1,1,0,1
0.01242676,1,1,1,1,0,1
0.01243196,1,0,1,1,0,1
0.01243328,1,1,1,1,0,1
0.01243544,1,0,1,1,0,1
0.01243644,1,1,1,1,0,1
0.0124416,1,0,1,1,0,1
0.01244296,1,1,1,1,0,1
0.01244512,1,0,1,1,0,1
0.01244628,1,1,1,1,0,1
0.01245144,1,0,1,1,0,1
0.0124526,1,1,1,1,0,1
0.01245476,1,0,1,1,0,1
0.01245596,1,1,1,1,0,1
0.01246112,1,0,1,1,0,1
0.01246244,1,1,1,1,0,1
0.0124646,1,0,1,1,0,1
0.0124656,1,1,1,1,0,1
0.01247076,1,0,1,1,0,1
0.01247212,1,1,1,1,0,1
0.01247428,1,0,1,1,0,1
0.01247528,1,1,1,1,0,1
0.01248044,1,0,1,1,0,1
0.01248176,1,1,1,1,0,1
0.01248396,1,0,1,1,0,1
0.01248496,1,1,1,1,0,1
0.01249012,1,0,1,1,0,1
0.01249144,1,1,1,1,0,1
0.0124936,1,0,1,1,0,1
0.01249476,1,1,1,1,0,1
0.01249992,1,0,1,1,0,1
0.01250112,1,1,1,1,0,1
0.01250328,1,0,1,1,0,1
0.01250444,1,1,1,1,0,1
0.0125096,1,0,1,1,0,1
0.01251092,1,1,1,1,0,1
0.01251312,1,0,1,1,0,1
0.01251412,1,1,1,1,0,1
0.01251928,1,0,1,1,0,1
0.0125206,1,1,1,1,0,1
0.01252276,1,0,1,1,0,1
0.01252376,1,1,1,1,0,1
0.01252892,1,0,1,1,0,1
0.01253028,1,1,1,1,0,1
0.01253244,1,0,1,1,0,1
0.01253344,1,1,1,1,0,1
0.0125386,1,0,1,1,0,1
0.01253992,1,1,1,1,0,1
0.01254212,1,0,1,1,0,1
0.01254328,1,1,1,1,0,1
0.01254844,1,0,1,1,0,1
0.0125496,1,1,1,1,0,1
0.01255176,1,0,1,1,0,1
0.01255292,1,1,1,1,0,1
0.01255808,1,0,1,1,0,1
0.01255944,1,1,1,1,0,1
0.0125616,1,0,1,1,0,1
0.0125626,1,1,1,1,0,1
0.01256776,1,0,1,1,0,1
0.01256908,1,1,1,1,0,1
0.01257128,1,0,1,1,0,1
0.01257228,1,1,1,1,0,1
0.01257744,1,0,1,1,0,1
0.01257876,1,1,1,1,0,1
0.01258092,1,0,1,1,0,1
0.01258192,1,1,1,1,0,1
0.01258708,1,0,1,1,0,1
0.01258844,1,1,1,1,0,1
0.0125906,1,0,1,1,0,1
0.0125916,1,1,1,1,0,1
0.01259676,1,0,1,1,0,1
0.01259808,1,1,1,1,0,1
0.01260028,1,0,1,1,0,1
0.01260144,1,1,1,1,0,1
0.0126066,1,0,1,1,0,1
0.01260776,1,1,1,1,0,1
0.01260992,1,0,1,1,0,1
0.01261108,1,1,1,1,0,1
0.01261628,1,0,1,1,0,1
0.0126176,1,1,1,1,0,1
0.01261976,1,0,1,1,0,1
0.01262076,1,1,1,1,0,1
0.01262592,1,0,1,1,0,1
0.01262724,1,1,1,1,0,1
0.01262944,1,0,1,1,0,1
0.01263044,1,1,1,1,0,1
0.0126356,1,0,1,1,0,1
0.01263692,1,1,1,1,0,1
0.01263908,1,0,1,1,0,1
0.01264008,1,1,1,1,0,1
0.01264524,1,0,1,1,0,1
0.0126466,1,1,1,1,0,1
0.01264876,1,0,1,1,0,1
0.01264992,1,1,1,1,0,1
0.01265508,1,0,1,1,0,1
0.01265624,1,1,1,1,0,1
0.01265844,1,0,1,1,0,1
0.0126596,1,1,1,1,0,1
0.01266476,1,0,1,1,0,1
0.01266608,1,1,1,1,0,1
0.01266824,1,0,1,1,0,1
0.01266924,1,1,1,1,0,1
0.01267444,1,0,1,1,0,1
0.01267576,1,1,1,1,0,1
0.01267792,1,0,1,1,0,1
0.01267892,1,1,1,1,0,1
0.01268408,1,0,1,1,0,1
0.01268544,1,1,1,1,0,1
0.0126876,1,0,1,1,0,1
0.0126886,1,1,1,1,0,1
0.01269376,1,0,1,1,0,1
0.01269508,1,1,1,1,0,1
0.01269724,1,0,1,1,0,1
0.0126984,1,1,1,1,0,1
0.0127036,1,0,1,1,0,1
0.01270476,1,1,1,1,0,1
0.01270692,1,0,1,1,0,1
0.01270808,1,1,1,1,0,1
0.01271324,1,0,1,1,0,1
0.0127146,1,1,1,1,0,1
0.01271676,1,0,1,1,0,1
0.01271776,1,1,1,1,0,1
0.01272292,1,0,1,1,0,1
0.01272424,1,1,1,1,0,1
0.0127264,1,0,1,1,0,1
0.0127274,1,1,1,1,0,1
0.0127326,1,0,1,1,0,1
0.01273392,1,1,1,1,0,1
0.01273608,1,0,1,1,0,1
0.01273708,1,1,1,1,0,1
0.01274224,1,0,1,1,0,1
0.0127436,1,1,1,1,0,1
0.01274576,1,0,1,1,0,1
0.01274692,1,1,1,1,0,1
0.01275208,1,0,1,1,0,1
0.01275324,1,1,1,1,0,1
0.0127554,1,0,1,1,0,1
0.01275656,1,1,1,1,0,1
0.01276176,1,0,1,1,0,1
0.01276308,1,1,1,1,0,1
0.01276524,1,0,1,1,0,1
0.01276624,1,1,1,1,0,1
0.0127714,1,0,1,1,0,1
0.01277276,1,1,1,1,0,1
0.01277492,1,0,1,1,0,1
0.01277592,1,1,1,1,0,1
0.01278108,1,0,1,1,0,1
0.0127824,1,1,1,1,0,1
0.01278456,1,0,1,1,0,1
0.01278556,1,1,1,1,0,1
0.01279076,1,0,1,1,0,1
0.01279208,1,1,1,1,0,1
0.01279424,1,0,1,1,0,1
0.01279524,1,1,1,1,0,1
0.0128004,1,0,1,1,0,1
0.01280176,1,1,1,1,0,1
0.01280392,1,0,1,1,0,1
0.01280508,1,1,1,1,0,1
0.01281024,1,0,1,1,0,1
0.0128114,1,1,1,1,0,1
0.01281356,1,0,1,1,0,1
0.01281476,1,1,1,1,0,1
0.01281992,1,0,1,1,0,1
0.01282124,1,1,1,1,0,1
0.0128234,1,0,1,1,0,1
0.0128244,1,1,1,1,0,1
0.01282956,1,0,1,1,0,1
0.01283092,1,1,1,1,0,1
0.01283308,1,0,1,1,0,1
0.01283408,1,1,1,1,0,1
0.01283924,1,0,1,1,0,1
0.01284056,1,1,1,1,0,1
0.01284272,1,0,1,1,0,1
0.01284372,1,1,1,1,0,1
0.01284892,1,0,1,1,0,1
0.01285024,1,1,1,1,0,1
0.0128524,1,0,1,1,0,1
0.01285356,1,1,1,1,0,1
0.01285872,1,0,1,1,0,1
0.01285992,1,1,1,1,0,1
0.01286208,1,0,1,1,0,1
0.01286324,1,1,1,1,0,1
0.0128684,1,0,1,1,0,1
0.01286972,1,1,1,1,0,1
0.01287192,1,0,1,1,0,1
0.01287292,1,1,1,1,0,1
0.01287808,1,0,1,1,0,1
0.0128794,1,1,1,1,0,1
0.01288156,1,0,1,1,0,1
0.01288256,1,1,1,1,0,1
0.01288772,1,0,1,1,0,1
0.01288908,1,1,1,1,0,1
0.01289124,1,0,1,1,0,1
0.01289224,1,1,1,1,0,1
0.0128974,1,0,1,1,0,1
0.01289872,1,1,1,1,0,1
0.01290088,1,0,1,1,0,1
0.01290208,1,1,1,1,0,1
0.01290724,1,0,1,1,0,1
0.0129084,1,1,1,1,0,1
0.01291056,1,0,1,1,0,1
0.01291172,1,1,1,1,0,1
0.01291688,1,0,1,1,0,1
0.01291824,1,1,1,1,0,1
0.0129204,1,0,1,1,0,1
0.0129214,1,1,1,1,0,1
0.01292656,1,0,1,1,0,1
0.01292788,1,1,1,1,0,1
0.01293008,1,0,1,1,0,1
0.01293108,1,1,1,1,0,1
0.01293624,1,0,1,1,0,1
0.01293756,1,1,1,1,0,1
0.01293972,1,0,1,1,0,1
0.01294072,1,1,1,1,0,1
0.01294588,1,0,1,1,0,1
0.01294724,1,1,1,1,0,1
0.0129494,1,0,1,1,0,1
0.01295056,1,1,1,1,0,1
0.01295572,1,0,1,1,0,1
0.01295688,1,1,1,1,0,1
0.01295904,1,0,1,1,0,1
0.01296024,1,1,1,1,0,1
0.0129654,1,0,1,1,0,1
0.01296672,1,1,1,1,0,1
0.01296888,1,0,1,1,0,1
0.01296988,1,1,1,1,0,1
0.01297504,1,0,1,1,0,1
0.0129764,1,1,1,1,0,1
0.01297856,1,0,1,1,0,1
0.01297956,1,1,1,1,0,1
0.01298472,1,0,1,1,0,1
0.01298604,1,1,1,1,0,1
0.01298824,1,0,1,1,0,1
0.01298924,1,1,1,1,0,1
0.0129944,1,0,1,1,0,1
0.01299572,1,1,1,1,0,1
0.01299788,1,0,1,1,0,1
0.01299888,1,1,1,1,0,1
0.01300404,1,0,1,1,0,1
0.0130054,1,1,1,1,0,1
0.01300756,1,0,1,1,0,1
0.01300872,1,1,1,1,0,1
0.01301388,1,0,1,1,0,1
0.01301504,1,1,1,1,0,1
0.01301724,1,0,1,1,0,1
0.0130184,1,1,1,1,0,1
0.01302356,1,0,1,1,0,1
0.01302488,1,1,1,1,0,1
0.01302704,1,0,1,1,0,1
0.01302804,1,1,1,1,0,1
0.0130332,1,0,1,1,0,1
0.01303456,1,1,1,1,0,1
0.01303672,1,0,1,1,0,1
0.01303772,1,1,1,1,0,1
0.01304288,1,0,1,1,0,1
0.0130442,1,1,1,1,0,1
0.0130464,1,0,1,1,0,1
0.0130474,1,1,1,1,0,1
0.01305256,1,0,1,1,0,1
0.01305388,1,1,1,1,0,1
0.01305604,1,0,1,1,0,1
0.0130572,1,1,1,1,0,1
0.0130624,1,0,1,1,0,1
0.01306356,1,1,1,1,0,1
0.01306572,1,0,1,1,0,1
0.01306688,1,1,1,1,0,1
0.01307204,1,0,1,1,0,1
0.0130734,1,1,1,1,0,1
0.01307556,1,0,1,1,0,1
0.01307656,1,1,1,1,0,1
0.01308172,1,0,1,1,0,1
0.01308304,1,1,1,1,0,1
0.0130852,1,0,1,1,0,1
0.0130862,1,1,1,1,0,1
0.01309136,1,0,1,1,0,1
0.01309272,1,1,1,1,0,1
0.01309488,1,0,1,1,0,1
0.01309588,1,1,1,1,0,1
0.01310104,1,0,1,1,0,1
0.01310236,1,1,1,1,0,1
0.01310456,1,0,1,1,0,1
0.01310572,1,1,1,1,0,1
0.01311088,1,0,1,1,0,1
0.01311204,1,1,1,1,0,1
0.0131142,1,0,1,1,0,1
0.01311536,1,1,1,1,0,1
0.01312056,1,0,1,1,0,1
0.01312188,1,1,1,1,0,1
0.01312404,1,0,1,1,0,1
0.01312504,1,1,1,1,0,1
0.0131302,1,0,1,1,0,1
0.01313156,1,1,1,1,0,1
0.01313372,1,0,1,1,0,1
0.01313472,1,1,1,1,0,1
0.01313988,1,0,1,1,0,1
0.0131412,1,1,1,1,0,1
0.01314336,1,0,1,1,0,1
0.01314436,1,1,1,1,0,1
0.01314952,1,0,1,1,0,1
0.01315088,1,1,1,1,0,1
0.01315304,1,0,1,1,0,1
0.0131542,1,1,1,1,0,1
0.01315936,1,0,1,1,0,1
0.01316052,1,1,1,1,0,1
0.01316272,1,0,1,1,0,1
0.01316388,1,1,1,1,0,1
0.01316904,1,0,1,1,0,1
0.01317036,1,1,1,1,0,1
0.01317252,1,0,1,1,0,1
0.01317352,1,1,1,1,0,1
0.01317872,1,0,1,1,0,1
0.01318004,1,1,1,1,0,1
0.0131822,1,0,1,1,0,1
0.0131832,1,1,1,1,0,1
0.01318836,1,0,1,1,0,1
0.01318972,1,1,1,1,0,1
0.01319188,1,0,1,1,0,1
0.01319288,1,1,1,1,0,1
0.01319804,1,0,1,1,0,1
0.01319936,1,1,1,1,0,1
0.01320152,1,0,1,1,0,1
0.01320252,1,1,1,1,0,1
0.01320772,1,0,1,1,0,1
0.01320904,1,1,1,1,0,1
0.0132112,1,0,1,1,0,1
0.01321236,1,1,1,1,0,1
0.01321752,1,0,1,1,0,1
0.01321868,1,1,1,1,0,1
0.01322088,1,0,1,1,0,1
0.01322204,1,1,1,1,0,1
0.0132272,1,0,1,1,0,1
0.01322852,1,1,1,1,0,1
0.01323068,1,0,1,1,0,1
0.01323168,1,1,1,1,0,1
0.01323688,1,0,1,1,0,1
0.0132382,1,1,1,1,0,1
0.01324036,1,0,1,1,0,1
0.01324136,1,1,1,1,0,1
0.01324652,1,0,1,1,0,1
0.01324788,1,1,1,1,0,1
0.01325004,1,0,1,1,0,1
0.01325104,1,1,1,1,0,1
0.0132562,1,0,1,1,0,1
0.01325752,1,1,1,1,0,1
0.01325968,1,0,1,1,0,1
0.01326088,1,1,1,1,0,1
0.01326604,1,0,1,1,0,1
0.0132672,1,1,1,1,0,1
0.01326936,1,0,1,1,0,1
0.01327052,1,1,1,1,0,1
0.01327568,1,0,1,1,0,1
0.01327704,1,1,1,1,0,1
0.0132792,1,0,1,1,0,1
0.0132802,1,1,1,1,0,1
0.01328536,1,0,1,1,0,1
0.01328668,1,1,1,1,0,1
0.01328884,1,0,1,1,0,1
0.01328984,1,1,1,1,0,1
0.01329504,1,0,1,1,0,1
0.01329636,1,1,1,1,0,1
0.01329852,1,0,1,1,0,1
0.01329952,1,1,1,1,0,1
0.01330468,1,0,1,1,0,1
0.01330604,1,1,1,1,0,1
0.0133082,1,0,1,1,0,1
0.01330936,1,1,1,1,0,1
0.01331452,1,0,1,1,0,1
0.01331568,1,1,1,1,0,1
0.01331784,1,0,1,1,0,1
0.01331904,1,1,1,1,0,1
0.0133242,1,0,1,1,0,1
0.01332552,1,1,1,1,0,1
0.01332768,1,0,1,1,0,1
0.01332868,1,1,1,1,0,1
0.01333384,1,0,1,1,0,1
0.0133352,1,1,1,1,0,1
0.01333736,1,0,1,1,0,1
0.01333836,1,1,1,1,0,1
0.01334352,1,0,1,1,0,1
0.01334484,1,1,1,1,0,1
0.01334704,1,0,1,1,0,1
0.013348,1,1,1,1,0,1
0.0133532,1,0,1,1,0,1
0.01335452,1,1,1,1,0,1
0.01335668,1,0,1,1,0,1
0.01335784,1,1,1,1,0,1
0.013363,1,0,1,1,0,1
0.0133642,1,1,1,1,0,1
0.01336636,1,0,1,1,0,1
0.01336752,1,1,1,1,0,1
0.01337268,1,0,1,1,0,1
0.013374,1,1,1,1,0,1
0.0133762,1,0,1,1,0,1
0.0133772,1,1,1,1,0,1
0.01338236,1,0,1,1,0,1
0.01338368,1,1,1,1,0,1
0.01338584,1,0,1,1,0,1
0.01338684,1,1,1,1,0,1
0.013392,1,0,1,1,0,1
0.01339336,1,1,1,1,0,1
0.01339552,1,0,1,1,0,1
0.01339652,1,1,1,1,0,1
0.01340168,1,0,1,1,0,1
0.013403,1,1,1,1,0,1
0.0134052,1,0,1,1,0,1
0.01340636,1,1,1,1,0,1
0.01341152,1,0,1,1,0,1
0.01341268,1,1,1,1,0,1
0.01341484,1,0,1,1,0,1
0.013416,1,1,1,1,0,1
0.01342116,1,0,1,1,0,1
0.01342236,1,1,1,1,0,1
0.01342452,1,0,1,1,0,1
0.01342568,1,1,1,1,0,1
0.01343084,1,0,1,1,0,1
0.01343216,1,1,1,1,0,1
0.01343436,1,0,1,1,0,1
0.01343536,1,1,1,1,0,1
0.01344052,1,0,1,1,0,1
0.01344184,1,1,1,1,0,1
0.013444,1,0,1,1,0,1
0.013445,1,1,1,1,0,1
0.01345016,1,0,1,1,0,1
0.01345152,1,1,1,1,0,1
0.01345368,1,0,1,1,0,1
0.01345468,1,1,1,1,0,1
0.01345984,1,0,1,1,0,1
0.01346116,1,1,1,1,0,1
0.01346336,1,0,1,1,0,1
0.01346452,1,1,1,1,0,1
0.01346968,1,0,1,1,0,1
0.01347084,1,1,1,1,0,1
0.013473,1,0,1,1,0,1
0.01347416,1,1,1,1,0,1
0.01347936,1,0,1,1,0,1
0.01348068,1,1,1,1,0,1
0.01348284,1,0,1,1,0,1
0.01348384,1,1,1,1,0,1
0.013489,1,0,1,1,0,1
0.01349032,1,1,1,1,0,1
0.01349252,1,0,1,1,0,1
0.01349352,1,1,1,1,0,1
0.01349868,1,0,1,1,0,1
0.0135,1,1,1,1,0,1
0.01350216,1,0,1,1,0,1
0.01350316,1,1,1,1,0,1
0.01350832,1,0,1,1,0,1
0.01350968,1,1,1,1,0,1
0.01351184,1,0,1,1,0,1
0.013513,1,1,1,1,0,1
0.01351816,1,0,1,1,0,1
0.01351932,1,1,1,1,0,1
0.01352152,1,0,1,1,0,1
0.01352268,1,1,1,1,0,1
0.01352784,1,0,1,1,0,1
0.01352916,1,1,1,1,0,1
0.01353132,1,0,1,1,0,1
0.01353232,1,1,1,1,0,1
0.01353752,1,0,1,1,0,1
0.01353884,1,1,1,1,0,1
0.013541,1,0,1,1,0,1
0.013542,1,1,1,1,0,1
0.01354716,1,0,1,1,0,1
0.01354848,1,1,1,1,0,1
0.01355068,1,0,1,1,0,1
0.01355168,1,1,1,1,0,1
0.01355684,1,0,1,1,0,1
0.01355816,1,1,1,1,0,1
0.01356032,1,0,1,1,0,1
0.01356148,1,1,1,1,0,1
0.01356668,1,0,1,1,0,1
0.01356784,1,1,1,1,0,1
0.01357,1,0,1,1,0,1
0.01357116,1,1,1,1,0,1
0.01357632,1,0,1,1,0,1
0.01357768,1,1,1,1,0,1
0.01357984,1,0,1,1,0,1
0.01358084,1,1,1,1,0,1
0.013586,1,0,1,1,0,1
0.01358732,1,1,1,1,0,1
0.01358948,1,0,1,1,0,1
0.01359048,1,1,1,1,0,1
0.01359568,1,0,1,1,0,1
0.013597,1,1,1,1,0,1
0.01359916,1,0,1,1,0,1
0.01360016,1,1,1,1,0,1
0.01360532,1,0,1,1,0,1
0.01360668,1,1,1,1,0,1
0.01360884,1,0,1,1,0,1
0.01361,1,1,1,1,0,1
0.01361516,1,0,1,1,0,1
0.01361632,1,1,1,1,0,1
0.01361848,1,0,1,1,0,1
0.01361964,1,1,1,1,0,1
0.01362484,1,0,1,1,0,1
0.013626,1,1,1,1,0,1
0.01362816,1,0,1,1,0,1
0.01362932,1,1,1,1,0,1
0.01363448,1,0,1,1,0,1
0.01363584,1,1,1,1,0,1
0.013638,1,0,1,1,0,1
0.013639,1,1,1,1,0,1
0.01364416,1,0,1,1,0,1
0.01364548,1,1,1,1,0,1
0.01364764,1,0,1,1,0,1
0.01364864,1,1,1,1,0,1
0.01365384,1,0,1,1,0,1
0.01365516,1,1,1,1,0,1
0.01365732,1,0,1,1,0,1
0.01365832,1,1,1,1,0,1
0.01366348,1,0,1,1,0,1
0.01366484,1,1,1,1,0,1
0.013667,1,0,1,1,0,1
0.01366816,1,1,1,1,0,1
0.01367332,1,0,1,1,0,1
0.01367448,1,1,1,1,0,1
0.01367664,1,0,1,1,0,1
0.0136778,1,1,1,1,0,1
0.013683,1,0,1,1,0,1
0.01368432,1,1,1,1,0,1
0.01368648,1,0,1,1,0,1
0.01368748,1,1,1,1,0,1
0.01369264,1,0,1,1,0,1
0.013694,1,1,1,1,0,1
0.01369616,1,0,1,1,0,1
0.01369716,1,1,1,1,0,1
0.01370232,1,0,1,1,0,1
0.01370364,1,1,1,1,0,1
0.0137058,1,0,1,1,0,1
0.0137068,1,1,1,1,0,1
0.013712,1,0,1,1,0,1
0.01371332,1,1,1,1,0,1
0.01371548,1,0,1,1,0,1
0.01371664,1,1,1,1,0,1
0.0137218,1,0,1,1,0,1
0.013723,1,1,1,1,0,1
0.01372516,1,0,1,1,0,1
0.01372632,1,1,1,1,0,1
0.01373148,1,0,1,1,0,1
0.0137328,1,1,1,1,0,1
0.013735,1,0,1,1,0,1
0.013736,1,1,1,1,0,1
0.01374116,1,0,1,1,0,1
0.01374248,1,1,1,1,0,1
0.01374464,1,0,1,1,0,1
0.01374564,1,1,1,1,0,1
0.0137508,1,0,1,1,0,1
0.01375216,1,1,1,1,0,1
0.01375432,1,0,1,1,0,1
0.01375532,1,1,1,1,0,1
0.01376048,1,0,1,1,0,1
0.0137618,1,1,1,1,0,1
0.01376396,1,0,1,1,0,1
0.01376516,1,1,1,1,0,1
0.01377032,1,0,1,1,0,1
0.01377148,1,1,1,1,0,1
0.01377364,1,0,1,1,0,1
0.0137748,1,1,1,1,0,1
0.01377996,1,0,1,1,0,1
0.01378132,1,1,1,1,0,1
0.01378348,1,0,1,1,0,1
0.01378448,1,1,1,1,0,1
0.01378964,1,0,1,1,0,1
0.01379096,1,1,1,1,0,1
0.01379316,1,0,1,1,0,1
0.01379416,1,1,1,1,0,1
0.01379932,1,0,1,1,0,1
0.01380064,1,1,1,1,0,1
0.0138028,1,0,1,1,0,1
0.0138038,1,1,1,1,0,1
0.01380896,1,0,1,1,0,1
0.01381032,1,1,1,1,0,1
0.01381248,1,0,1,1,0,1
0.01381364,1,1,1,1,0,1
0.0138188,1,0,1,1,0,1
0.01381996,1,1,1,1,0,1
0.01382212,1,0,1,1,0,1
0.01382332,1,1,1,1,0,1
0.01382848,1,0,1,1,0,1
0.0138298,1,1,1,1,0,1
0.01383196,1,0,1,1,0,1
0.01383296,1,1,1,1,0,1
0.01383812,1,0,1,1,0,1
0.01383948,1,1,1,1,0,1
0.01384164,1,0,1,1,0,1
0.01384264,1,1,1,1,0,1
0.0138478,1,0,1,1,0,1
0.01384912,1,1,1,1,0,1
0.01385132,1,0,1,1,0,1
0.01385232,1,1,1,1,0,1
0.01385748,1,0,1,1,0,1
0.0138588,1,1,1,1,0,1
0.01386096,1,0,1,1,0,1
0.01386196,1,1,1,1,0,1
0.01386712,1,0,1,1,0,1
0.01386848,1,1,1,1,0,1
0.01387064,1,0,1,1,0,1
0.0138718,1,1,1,1,0,1
0.01387696,1,0,1,1,0,1
0.01387812,1,1,1,1,0,1
0.01388028,1,0,1,1,0,1
0.01388148,1,1,1,1,0,1
0.01388664,1,0,1,1,0,1
0.01388796,1,1,1,1,0,1
0.01389012,1,0,1,1,0,1
0.01389112,1,1,1,1,0,1
0.01389628,1,0,1,1,0,1
0.01389764,1,1,1,1,0,1
0.0138998,1,0,1,1,0,1
0.0139008,1,1,1,1,0,1
0.01390596,1,0,1,1,0,1
0.01390728,1,1,1,1,0,1
0.01390948,1,0,1,1,0,1
0.01391048,1,1,1,1,0,1
0.01391564,1,0,1,1,0,1
0.01391696,1,1,1,1,0,1
0.01391912,1,0,1,1,0,1
0.01392028,1,1,1,1,0,1
0.01392548,1,0,1,1,0,1
0.01392664,1,1,1,1,0,1
0.0139288,1,0,1,1,0,1
0.01392996,1,1,1,1,0,1
0.01393512,1,0,1,1,0,1
0.01393648,1,1,1,1,0,1
0.01393864,1,0,1,1,0,1
0.01393964,1,1,1,1,0,1
0.0139448,1,0,1,1,0,1
0.01394612,1,1,1,1,0,1
0.01394828,1,0,1,1,0,1
0.01394928,1,1,1,1,0,1
0.01395444,1,0,1,1,0,1
0.0139558,1,1,1,1,0,1
0.01395796,1,0,1,1,0,1
0.01395896,1,1,1,1,0,1
0.01396412,1,0,1,1,0,1
0.01396544,1,1,1,1,0,1
0.01396764,1,0,1,1,0,1
0.0139688,1,1,1,1,0,1
0.01397396,1,0,1,1,0,1
0.01397512,1,1,1,1,0,1
0.01397728,1,0,1,1,0,1
0.01397844,1,1,1,1,0,1
0.01398364,1,0,1,1,0,1
0.01398496,1,1,1,1,0,1
0.01398712,1,0,1,1,0,1
0.01398812,1,1,1,1,0,1
0.01399328,1,0,1,1,0,1
0.01399464,1,1,1,1,0,1
0.0139968,1,0,1,1,0,1
0.0139978,1,1,1,1,0,1
0.01400296,1,0,1,1,0,1
0.01400428,1,1,1,1,0,1
0.01400644,1,0,1,1,0,1
0.01400744,1,1,1,1,0,1
0.0140126,1,0,1,1,0,1
0.01401396,1,1,1,1,0,1
0.01401612,1,0,1,1,0,1
0.01401728,1,1,1,1,0,1
0.01402244,1,0,1,1,0,1
0.0140236,1,1,1,1,0,1
0.0140258,1,0,1,1,0,1
0.01402696,1,1,1,1,0,1
0.01403212,1,0,1,1,0,1
0.01403344,1,1,1,1,0,1
0.0140356,1,0,1,1,0,1
0.0140366,1,1,1,1,0,1
0.0140418,1,0,1,1,0,1
0.01404312,1,1,1,1,0,1
0.01404528,1,0,1,1,0,1
0.01404628,1,1,1,1,0,1
0.01405144,1,0,1,1,0,1
0.0140528,1,1,1,1,0,1
0.01405496,1,0,1,1,0,1
0.01405596,1,1,1,1,0,1
0.01406112,1,0,1,1,0,1
0.01406244,1,1,1,1,0,1
0.0140646,1,0,1,1,0,1
0.0140656,1,1,1,1,0,1
0.0140708,1,0,1,1,0,1
0.01407212,1,1,1,1,0,1
0.01407428,1,0,1,1,0,1
0.01407544,1,1,1,1,0,1
0.0140806,1,0,1,1,0,1
0.01408176,1,1,1,1,0,1
0.01408396,1,0,1,1,0,1
0.01408512,1,1,1,1,0,1
0.01409028,1,0,1,1,0,1
0.0140916,1,1,1,1,0,1
0.01409376,1,0,1,1,0,1
0.01409476,1,1,1,1,0,1
0.01409996,1,0,1,1,0,1
0.01410128,1,1,1,1,0,1
0.01410344,1,0,1,1,0,1
0.01410444,1,1,1,1,0,1
0.0141096,1,0,1,1,0,1
0.01411096,1,1,1,1,0,1
0.01411312,1,0,1,1,0,1
0.01411412,1,1,1,1,0,1
0.01411928,1,0,1,1,0,1
0.0141206,1,1,1,1,0,1
0.01412276,1,0,1,1,0,1
0.01412396,1,1,1,1,0,1
0.01412912,1,0,1,1,0,1
0.01413028,1,1,1,1,0,1
0.01413244,1,0,1,1,0,1
0.0141336,1,1,1,1,0,1
0.01413876,1,0,1,1,0,1
0.01414012,1,1,1,1,0,1
0.01414228,1,0,1,1,0,1
0.01414328,1,1,1,1,0,1
0.01414844,1,0,1,1,0,1
0.01414976,1,1,1,1,0,1
0.01415192,1,0,1,1,0,1
0.01415292,1,1,1,1,0,1
0.01415812,1,0,1,1,0,1
0.01415944,1,1,1,1,0,1
0.0141616,1,0,1,1,0,1
0.0141626,1,1,1,1,0,1
0.01416776,1,0,1,1,0,1
0.01416912,1,1,1,1,0,1
0.01417128,1,0,1,1,0,1
0.01417244,1,1,1,1,0,1
0.0141776,1,0,1,1,0,1
0.01417876,1,1,1,1,0,1
0.01418092,1,0,1,1,0,1
0.01418212,1,1,1,1,0,1
0.01418728,1,0,1,1,0,1
0.0141886,1,1,1,1,0,1
0.01419076,1,0,1,1,0,1
0.01419176,1,1,1,1,0,1
0.01419692,1,0,1,1,0,1
0.01419828,1,1,1,1,0,1
0.01420044,1,0,1,1,0,1
0.01420144,1,1,1,1,0,1
0.0142066,1,0,1,1,0,1
0.01420792,1,1,1,1,0,1
0.01421008,1,0,1,1,0,1
0.01421108,1,1,1,1,0,1
0.01421628,1,0,1,1,0,1
0.0142176,1,1,1,1,0,1
0.01421976,1,0,1,1,0,1
0.01422092,1,1,1,1,0,1
0.01422608,1,0,1,1,0,1
0.01422728,1,1,1,1,0,1
0.01422944,1,0,1,1,0,1
0.0142306,1,1,1,1,0,1
0.01423576,1,0,1,1,0,1
0.01423708,1,1,1,1,0,1
0.01423928,1,0,1,1,0,1
0.01424028,1,1,1,1,0,1
0.01424544,1,0,1,1,0,1
0.01424676,1,1,1,1,0,1
0.01424892,1,0,1,1,0,1
0.01424992,1,1,1,1,0,1
0.01425508,1,0,1,1,0,1
0.01425644,1,1,1,1,0,1
0.0142586,1,0,1,1,0,1
0.0142596,1,1,1,1,0,1
0.01426476,1,0,1,1,0,1
0.01426608,1,1,1,1,0,1
0.01426828,1,0,1,1,0,1
0.01426928,1,1,1,1,0,1
0.01427444,1,0,1,1,0,1
0.01427576,1,1,1,1,0,1
0.01427792,1,0,1,1,0,1
0.01427908,1,1,1,1,0,1
0.01428424,1,0,1,1,0,1
0.01428544,1,1,1,1,0,1
0.0142876,1,0,1,1,0,1
0.01428876,1,1,1,1,0,1
0.01429392,1,0,1,1,0,1
0.01429524,1,1,1,1,0,1
0.01429744,1,0,1,1,0,1
0.01429844,1,1,1,1,0,1
0.0143036,1,0,1,1,0,1
0.01430492,1,1,1,1,0,1
0.01430708,1,0,1,1,0,1
0.01430808,1,1,1,1,0,1
0.01431324,1,0,1,1,0,1
0.0143146,1,1,1,1,0,1
0.01431676,1,0,1,1,0,1
0.01431776,1,1,1,1,0,1
0.01432292,1,0,1,1,0,1
0.01432424,1,1,1,1,0,1
0.01432644,1,0,1,1,0,1
0.0143276,1,1,1,1,0,1
0.01433276,1,0,1,1,0,1
0.01433392,1,1,1,1,0,1
0.01433608,1,0,1,1,0,1
0.01433724,1,1,1,1,0,1
0.0143424,1,0,1,1,0,1
0.01434376,1,1,1,1,0,1
0.01434592,1,0,1,1,0,1
0.01434692,1,1,1,1,0,1
0.01435208,1,0,1,1,0,1
0.0143534,1,1,1,1,0,1
0.0143556,1,0,1,1,0,1
0.0143566,1,1,1,1,0,1
0.01436176,1,0,1,1,0,1
0.01436308,1,1,1,1,0,1
0.01436524,1,0,1,1,0,1
0.01436624,1,1,1,1,0,1
0.0143714,1,0,1,1,0,1
0.01437276,1,1,1,1,0,1
0.01437492,1,0,1,1,0,1
0.01437608,1,1,1,1,0,1
0.01438124,1,0,1,1,0,1
0.0143824,1,1,1,1,0,1
0.0143846,1,0,1,1,0,1
0.01438576,1,1,1,1,0,1
0.01439092,1,0,1,1,0,1
0.01439224,1,1,1,1,0,1
0.0143944,1,0,1,1,0,1
0.0143954,1,1,1,1,0,1
0.0144006,1,0,1,1,0,1
0.01440192,1,1,1,1,0,1
0.01440408,1,0,1,1,0,1
0.01440508,1,1,1,1,0,1
0.01441024,1,0,1,1,0,1
0.01441156,1,1,1,1,0,1
0.01441376,1,0,1,1,0,1
0.01441476,1,1,1,1,0,1
0.01441992,1,0,1,1,0,1
0.01442124,1,1,1,1,0,1
0.0144234,1,0,1,1,0,1
0.01442456,1,1,1,1,0,1
0.01442976,1,0,1,1,0,1
0.01443092,1,1,1,1,0,1
0.01443308,1,0,1,1,0,1
0.01443424,1,1,1,1,0,1
0.0144394,1,0,1,1,0,1
0.01444076,1,1,1,1,0,1
0.01444292,1,0,1,1,0,1
0.01444392,1,1,1,1,0,1
0.01444908,1,0,1,1,0,1
0.0144504,1,1,1,1,0,1
0.01445256,1,0,1,1,0,1
0.01445356,1,1,1,1,0,1
0.01445876,1,0,1,1,0,1
0.01446008,1,1,1,1,0,1
0.01446224,1,0,1,1,0,1
0.01446324,1,1,1,1,0,1
0.0144684,1,0,1,1,0,1
0.01446976,1,1,1,1,0,1
0.01447192,1,0,1,1,0,1
0.01447308,1,1,1,1,0,1
0.01447824,1,0,1,1,0,1
0.0144794,1,1,1,1,0,1
0.01448156,1,0,1,1,0,1
0.01448272,1,1,1,1,0,1
0.01448792,1,0,1,1,0,1
0.01448908,1,1,1,1,0,1
0.01449124,1,0,1,1,0,1
0.0144924,1,1,1,1,0,1
0.01449756,1,0,1,1,0,1
0.01449892,1,1,1,1,0,1
0.01450108,1,0,1,1,0,1
0.01450208,1,1,1,1,0,1
0.01450724,1,0,1,1,0,1
0.01450856,1,1,1,1,0,1
0.01451072,1,0,1,1,0,1
0.01451172,1,1,1,1,0,1
0.01451692,1,0,1,1,0,1
0.01451824,1,1,1,1,0,1
0.0145204,1,0,1,1,0,1
0.0145214,1,1,1,1,0,1
0.01452656,1,0,1,1,0,1
0.01452792,1,1,1,1,0,1
0.01453008,1,0,1,1,0,1
0.01453124,1,1,1,1,0,1
0.0145364,1,0,1,1,0,1
0.01453756,1,1,1,1,0,1
0.01453972,1,0,1,1,0,1
0.01454088,1,1,1,1,0,1
0.01454608,1,0,1,1,0,1
0.0145474,1,1,1,1,0,1
0.01454956,1,0,1,1,0,1
0.01455056,1,1,1,1,0,1
0.01455572,1,0,1,1,0,1
0.01455708,1,1,1,1,0,1
0.01455924,1,0,1,1,0,1
0.01456024,1,1,1,1,0,1
0.0145654,1,0,1,1,0,1
0.01456672,1,1,1,1,0,1
0.01456888,1,0,1,1,0,1
0.01456988,1,1,1,1,0,1
0.01457508,1,0,1,1,0,1
0.0145764,1,1,1,1,0,1
0.01457856,1,0,1,1,0,1
0.01457972,1,1,1,1,0,1
0.01458488,1,0,1,1,0,1
0.01458608,1,1,1,1,0,1
0.01458824,1,0,1,1,0,1
0.0145894,1,1,1,1,0,1
0.01459456,1,0,1,1,0,1
0.01459588,1,1,1,1,0,1
0.01459808,1,0,1,1,0,1
0.01459908,1,1,1,1,0,1
0.01460424,1,0,1,1,0,1
0.01460556,1,1,1,1,0,1
0.01460772,1,0,1,1,0,1
0.01460872,1,1,1,1,0,1
0.01461388,1,0,1,1,0,1
0.01461524,1,1,1,1,0,1
0.0146174,1,0,1,1,0,1
0.0146184,1,1,1,1,0,1
0.01462356,1,0,1,1,0,1
0.01462488,1,1,1,1,0,1
0.01462704,1,0,1,1,0,1
0.01462824,1,1,1,1,0,1
0.0146334,1,0,1,1,0,1
0.01463456,1,1,1,1,0,1
0.01463672,1,0,1,1,0,1
0.01463788,1,1,1,1,0,1
0.01464304,1,0,1,1,0,1
0.0146444,1,1,1,1,0,1
0.01464656,1,0,1,1,0,1
0.01464756,1,1,1,1,0,1
0.01465272,1,0,1,1,0,1
0.01465404,1,1,1,1,0,1
0.01465624,1,0,1,1,0,1
0.01465724,1,1,1,1,0,1
0.0146624,1,0,1,1,0,1
0.01466372,1,1,1,1,0,1
0.01466588,1,0,1,1,0,1
0.01466688,1,1,1,1,0,1
0.01467204,1,0,1,1,0,1
0.0146734,1,1,1,1,0,1
0.01467556,1,0,1,1,0,1
0.01467672,1,1,1,1,0,1
0.01468188,1,0,1,1,0,1
0.01468304,1,1,1,1,0,1
0.0146852,1,0,1,1,0,1
0.0146864,1,1,1,1,0,1
0.01469156,1,0,1,1,0,1
0.01469288,1,1,1,1,0,1
0.01469504,1,0,1,1,0,1
0.01469604,1,1,1,1,0,1
0.0147012,1,0,1,1,0,1
0.01470256,1,1,1,1,0,1
0.01470472,1,0,1,1,0,1
0.01470572,1,1,1,1,0,1
0.01471088,1,0,1,1,0,1
0.0147122,1,1,1,1,0,1
0.0147144,1,0,1,1,0,1
0.0147154,1,1,1,1,0,1
0.01472056,1,0,1,1,0,1
0.01472188,1,1,1,1,0,1
0.01472404,1,0,1,1,0,1
0.01472504,1,1,1,1,0,1
0.0147302,1,0,1,1,0,1
0.01473156,1,1,1,1,0,1
0.01473372,1,0,1,1,0,1
0.01473488,1,1,1,1,0,1
0.01474004,1,0,1,1,0,1
0.0147412,1,1,1,1,0,1
0.01474336,1,0,1,1,0,1
0.01474456,1,1,1,1,0,1
0.01474972,1,0,1,1,0,1
0.01475104,1,1,1,1,0,1
0.0147532,1,0,1,1,0,1
0.0147542,1,1,1,1,0,1
0.01475936,1,0,1,1,0,1
0.01476072,1,1,1,1,0,1
0.01476288,1,0,1,1,0,1
0.01476388,1,1,1,1,0,1
0.01476904,1,0,1,1,0,1
0.01477036,1,1,1,1,0,1
0.01477256,1,0,1,1,0,1
0.01477356,1,1,1,1,0,1
0.01477872,1,0,1,1,0,1
0.01478004,1,1,1,1,0,1
0.0147822,1,0,1,1,0,1
0.01478336,1,1,1,1,0,1
0.01478856,1,0,1,1,0,1
0.01478972,1,1,1,1,0,1
0.01479188,1,0,1,1,0,1
0.01479304,1,1,1,1,0,1
0.0147982,1,0,1,1,0,1
0.01479956,1,1,1,1,0,1
0.01480172,1,0,1,1,0,1
0.01480272,1,1,1,1,0,1
0.01480788,1,0,1,1,0,1
0.0148092,1,1,1,1,0,1
0.01481136,1,0,1,1,0,1
0.01481236,1,1,1,1,0,1
0.01481752,1,0,1,1,0,1
0.01481888,1,1,1,1,0,1
0.01482104,1,0,1,1,0,1
0.01482204,1,1,1,1,0,1
0.0148272,1,0,1,1,0,1
0.01482852,1,1,1,1,0,1
0.01483072,1,0,1,1,0,1
0.01483188,1,1,1,1,0,1
0.01483704,1,0,1,1,0,1
0.0148382,1,1,1,1,0,1
0.01484036,1,0,1,1,0,1
0.01484152,1,1,1,1,0,1
0.01484672,1,0,1,1,0,1
0.01484804,1,1,1,1,0,1
0.0148502,1,0,1,1,0,1
0.0148512,1,1,1,1,0,1
0.01485636,1,0,1,1,0,1
0.01485772,1,1,1,1,0,1
0.01485988,1,0,1,1,0,1
0.01486088,1,1,1,1,0,1
0.01486604,1,0,1,1,0,1
0.01486736,1,1,1,1,0,1
0.01486952,1,0,1,1,0,1
0.01487052,1,1,1,1,0,1
0.01487568,1,0,1,1,0,1
0.01487704,1,1,1,1,0,1
0.0148792,1,0,1,1,0,1
0.01488036,1,1,1,1,0,1
0.01488552,1,0,1,1,0,1
0.01488668,1,1,1,1,0,1
0.01488888,1,0,1,1,0,1
0.01489004,1,1,1,1,0,1
0.0148952,1,0,1,1,0,1
0.01489652,1,1,1,1,0,1
0.01489868,1,0,1,1,0,1
0.01489968,1,1,1,1,0,1
0.01490488,1,0,1,1,0,1
0.0149062,1,1,1,1,0,1
0.01490836,1,0,1,1,0,1
0.01490936,1,1,1,1,0,1
0.01491452,1,0,1,1,0,1
0.01491588,1,1,1,1,0,1
0.01491804,1,0,1,1,0,1
0.01491904,1,1,1,1,0,1
0.0149242,1,0,1,1,0,1
0.01492552,1,1,1,1,0,1
0.01492768,1,0,1,1,0,1
0.01492868,1,1,1,1,0,1
0.01493388,1,0,1,1,0,1
0.0149352,1,1,1,1,0,1
0.01493736,1,0,1,1,0,1
0.01493852,1,1,1,1,0,1
0.01494368,1,0,1,1,0,1
0.01494484,1,1,1,1,0,1
0.01494704,1,0,1,1,0,1
0.0149482,1,1,1,1,0,1
0.01495336,1,0,1,1,0,1
0.01495468,1,1,1,1,0,1
0.01495684,1,0,1,1,0,1
0.01495784,1,1,1,1,0,1
0.01496304,1,0,1,1,0,1
0.01496436,1,1,1,1,0,1
0.01496652,1,0,1,1,0,1
0.01496752,1,1,1,1,0,1
0.01497268,1,0,1,1,0,1
0.01497404,1,1,1,1,0,1
0.0149762,1,0,1,1,0,1
0.0149772,1,1,1,1,0,1
0.01498236,1,0,1,1,0,1
0.01498368,1,1,1,1,0,1
0.01498584,1,0,1,1,0,1
0.01498704,1,1,1,1,0,1
0.0149922,1,0,1,1,0,1
0.01499336,1,1,1,1,0,1
0.01499552,1,0,1,1,0,1
0.01499668,1,1,1,1,0,1
0.01500184,1,0,1,1,0,1
0.0150032,1,1,1,1,0,1
0.01500536,1,0,1,1,0,1
0.01500636,1,1,1,1,0,1
0.01501152,1,0,1,1,0,1
0.01501284,1,1,1,1,0,1
0.015015,1,0,1,1,0,1
0.015016,1,1,1,1,0,1
0.0150212,1,0,1,1,0,1
0.01502252,1,1,1,1,0,1
0.01502468,1,0,1,1,0,1
0.01502568,1,1,1,1,0,1
0.01503084,1,0,1,1,0,1
0.0150322,1,1,1,1,0,1
0.01503436,1,0,1,1,0,1
0.01503552,1,1,1,1,0,1
0.01504068,1,0,1,1,0,1
0.01504184,1,1,1,1,0,1
0.015044,1,0,1,1,0,1
0.0150452,1,1,1,1,0,1
0.01505036,1,0,1,1,0,1
0.01505168,1,1,1,1,0,1
0.01505384,1,0,1,1,0,1
0.01505484,1,1,1,1,0,1
0.01506,1,0,1,1,0,1
0.01506136,1,1,1,1,0,1
0.01506352,1,0,1,1,0,1
0.01506452,1,1,1,1,0,1
0.01506968,1,0,1,1,0,1
0.015071,1,1,1,1,0,1
0.01507316,1,0,1,1,0,1
0.01507416,1,1,1,1,0,1
0.01507936,1,0,1,1,0,1
0.01508068,1,1,1,1,0,1
0.01508284,1,0,1,1,0,1
0.015084,1,1,1,1,0,1
0.01508916,1,0,1,1,0,1
0.01509036,1,1,1,1,0,1
0.01509252,1,0,1,1,0,1
0.01509368,1,1,1,1,0,1
0.01509884,1,0,1,1,0,1
0.01510016,1,1,1,1,0,1
0.01510236,1,0,1,1,0,1
0.01510336,1,1,1,1,0,1
0.01510852,1,0,1,1,0,1
0.01510984,1,1,1,1,0,1
0.015112,1,0,1,1,0,1
0.015113,1,1,1,1,0,1
0.01511816,1,0,1,1,0,1
0.01511952,1,1,1,1,0,1
0.01512168,1,0,1,1,0,1
0.01512268,1,1,1,1,0,1
0.01512784,1,0,1,1,0,1
0.01512916,1,1,1,1,0,1
0.01513136,1,0,1,1,0,1
0.01513232,1,1,1,1,0,1
0.01513752,1,0,1,1,0,1
0.01513884,1,1,1,1,0,1
0.015141,1,0,1,1,0,1
0.01514216,1,1,1,1,0,1
0.01514732,1,0,1,1,0,1
0.01514852,1,1,1,1,0,1
0.01515068,1,0,1,1,0,1
0.01515184,1,1,1,1,0,1
0.015157,1,0,1,1,0,1
0.01515832,1,1,1,1,0,1
0.01516052,1,0,1,1,0,1
0.01516152,1,1,1,1,0,1
0.01516668,1,0,1,1,0,1
0.015168,1,1,1,1,0,1
0.01517016,1,0,1,1,0,1
0.01517116,1,1,1,1,0,1
0.01517632,1,0,1,1,0,1
0.01517768,1,1,1,1,0,1
0.01517984,1,0,1,1,0,1
0.01518084,1,1,1,1,0,1
0.015186,1,0,1,1,0,1
0.01518732,1,1,1,1,0,1
0.01518952,1,0,1,1,0,1
0.01519068,1,1,1,1,0,1
0.01519584,1,0,1,1,0,1
0.015197,1,1,1,1,0,1
0.01519916,1,0,1,1,0,1
0.01520032,1,1,1,1,0,1
0.01520548,1,0,1,1,0,1
0.01520684,1,1,1,1,0,1
0.015209,1,0,1,1,0,1
0.01521,1,1,1,1,0,1
0.01521516,1,0,1,1,0,1
0.01521648,1,1,1,1,0,1
0.01521868,1,0,1,1,0,1
0.01521968,1,1,1,1,0,1
0.01522484,1,0,1,1,0,1
0.01522616,1,1,1,1,0,1
0.01522832,1,0,1,1,0,1
0.01522932,1,1,1,1,0,1
0.01523448,1,0,1,1,0,1
0.01523584,1,1,1,1,0,1
0.015238,1,0,1,1,0,1
0.01523916,1,1,1,1,0,1
0.01524432,1,0,1,1,0,1
0.01524548,1,1,1,1,0,1
0.01524768,1,0,1,1,0,1
0.01524884,1,1,1,1,0,1
0.015254,1,0,1,1,0,1
0.01525532,1,1,1,1,0,1
0.01525748,1,0,1,1,0,1
0.01525848,1,1,1,1,0,1
0.01526368,1,0,1,1,0,1
0.015265,1,1,1,1,0,1
0.01526716,1,0,1,1,0,1
0.01526816,1,1,1,1,0,1
0.01527332,1,0,1,1,0,1
0.01527464,1,1,1,1,0,1
0.01527684,1,0,1,1,0,1
0.01527784,1,1,1,1,0,1
0.015283,1,0,1,1,0,1
0.01528432,1,1,1,1,0,1
0.01528648,1,0,1,1,0,1
0.01528764,1,1,1,1,0,1
0.01529284,1,0,1,1,0,1
0.015294,1,1,1,1,0,1
0.01529616,1,0,1,1,0,1
0.01529732,1,1,1,1,0,1
0.01530248,1,0,1,1,0,1
0.01530384,1,1,1,1,0,1
0.015306,1,0,1,1,0,1
0.015307,1,1,1,1,0,1
0.01531216,1,0,1,1,0,1
0.01531348,1,1,1,1,0,1
0.01531564,1,0,1,1,0,1
0.01531664,1,1,1,1,0,1
0.01532184,1,0,1,1,0,1
0.01532316,1,1,1,1,0,1
0.01532532,1,0,1,1,0,1
0.01532632,1,1,1,1,0,1
0.01533148,1,0,1,1,0,1
0.01533284,1,1,1,1,0,1
0.015335,1,0,1,1,0,1
0.015336,1,1,1,1,0,1
0.01534116,1,0,1,1,0,1
0.01534248,1,1,1,1,0,1
0.01534464,1,0,1,1,0,1
0.0153458,1,1,1,1,0,1
0.015351,1,0,1,1,0,1
0.01535216,1,1,1,1,0,1
0.01535432,1,0,1,1,0,1
0.01535548,1,1,1,1,0,1
0.01536064,1,0,1,1,0,1
0.015362,1,1,1,1,0,1
0.01536416,1,0,1,1,0,1
0.01536516,1,1,1,1,0,1
0.01537032,1,0,1,1,0,1
0.01537164,1,1,1,1,0,1
0.0153738,1,0,1,1,0,1
0.0153748,1,1,1,1,0,1
0.01538,1,0,1,1,0,1
0.01538132,1,1,1,1,0,1
0.01538348,1,0,1,1,0,1
0.01538448,1,1,1,1,0,1
0.01538964,1,0,1,1,0,1
0.015391,1,1,1,1,0,1
0.01539316,1,0,1,1,0,1
0.01539432,1,1,1,1,0,1
0.01539948,1,0,1,1,0,1
0.01540064,1,1,1,1,0,1
0.0154028,1,0,1,1,0,1
0.01540396,1,1,1,1,0,1
0.01540916,1,0,1,1,0,1
0.01541048,1,1,1,1,0,1
0.01541264,1,0,1,1,0,1
0.01541364,1,1,1,1,0,1
0.0154188,1,0,1,1,0,1
0.01542016,1,1,1,1,0,1
0.01542232,1,0,1,1,0,1
0.01542332,1,1,1,1,0,1
0.01542848,1,0,1,1,0,1
0.0154298,1,1,1,1,0,1
0.01543196,1,0,1,1,0,1
0.01543296,1,1,1,1,0,1
0.01543816,1,0,1,1,0,1
0.01543948,1,1,1,1,0,1
0.01544164,1,0,1,1,0,1
0.0154428,1,1,1,1,0,1
0.01544796,1,0,1,1,0,1
0.01544916,1,1,1,1,0,1
0.01545132,1,0,1,1,0,1
0.01545248,1,1,1,1,0,1
0.01545764,1,0,1,1,0,1
0.01545896,1,1,1,1,0,1
0.01546116,1,0,1,1,0,1
0.01546216,1,1,1,1,0,1
0.01546732,1,0,1,1,0,1
0.01546864,1,1,1,1,0,1
0.0154708,1,0,1,1,0,1
0.0154718,1,1,1,1,0,1
0.01547696,1,0,1,1,0,1
0.01547832,1,1,1,1,0,1
0.01548048,1,0,1,1,0,1
0.01548148,1,1,1,1,0,1
0.01548664,1,0,1,1,0,1
0.01548796,1,1,1,1,0,1
0.01549012,1,0,1,1,0,1
0.01549132,1,1,1,1,0,1
0.01549648,1,0,1,1,0,1
0.01549764,1,1,1,1,0,1
0.0154998,1,0,1,1,0,1
0.01550096,1,1,1,1,0,1
0.01550612,1,0,1,1,0,1
0.01550748,1,1,1,1,0,1
0.01550964,1,0,1,1,0,1
0.01551064,1,1,1,1,0,1
0.0155158,1,0,1,1,0,1
0.01551712,1,1,1,1,0,1
0.01551932,1,0,1,1,0,1
0.01552032,1,1,1,1,0,1
0.01552548,1,0,1,1,0,1
0.0155268,1,1,1,1,0,1
0.01552896,1,0,1,1,0,1
0.01552996,1,1,1,1,0,1
0.01553512,1,0,1,1,0,1
0.01553648,1,1,1,1,0,1
0.01553864,1,0,1,1,0,1
0.0155398,1,1,1,1,0,1
0.01554496,1,0,1,1,0,1
0.01554612,1,1,1,1,0,1
0.01554828,1,0,1,1,0,1
0.01554948,1,1,1,1,0,1
0.01555464,1,0,1,1,0,1
0.0155558,1,1,1,1,0,1
0.01555796,1,0,1,1,0,1
0.01555912,1,1,1,1,0,1
0.01556428,1,0,1,1,0,1
0.01556564,1,1,1,1,0,1
0.0155678,1,0,1,1,0,1
0.0155688,1,1,1,1,0,1
0.01557396,1,0,1,1,0,1
0.01557528,1,1,1,1,0,1
0.01557748,1,0,1,1,0,1
0.01557848,1,1,1,1,0,1
0.01558364,1,0,1,1,0,1
0.01558496,1,1,1,1,0,1
0.01558712,1,0,1,1,0,1
0.01558812,1,1,1,1,0,1
0.01559328,1,0,1,1,0,1
0.01559464,1,1,1,1,0,1
0.0155968,1,0,1,1,0,1
0.01559796,1,1,1,1,0,1
0.01560312,1,0,1,1,0,1
0.01560428,1,1,1,1,0,1
0.01560644,1,0,1,1,0,1
0.01560764,1,1,1,1,0,1
0.0156128,1,0,1,1,0,1
0.01561412,1,1,1,1,0,1
0.01561628,1,0,1,1,0,1
0.01561728,1,1,1,1,0,1
0.01562244,1,0,1,1,0,1
0.0156238,1,1,1,1,0,1
0.01562596,1,0,1,1,0,1
0.01562696,1,1,1,1,0,1
0.01563212,1,0,1,1,0,1
0.01563344,1,1,1,1,0,1
0.01563564,1,0,1,1,0,1
0.01563664,1,1,1,1,0,1
0.0156418,1,0,1,1,0,1
0.01564312,1,1,1,1,0,1
0.01564528,1,0,1,1,0,1
0.01564644,1,1,1,1,0,1
0.01565164,1,0,1,1,0,1
0.0156528,1,1,1,1,0,1
0.01565496,1,0,1,1,0,1
0.01565612,1,1,1,1,0,1
0.01566128,1,0,1,1,0,1
0.01566264,1,1,1,1,0,1
0.0156648,1,0,1,1,0,1
0.0156658,1,1,1,1,0,1
0.01567096,1,0,1,1,0,1
0.01567228,1,1,1,1,0,1
0.01567444,1,0,1,1,0,1
0.01567544,1,1,1,1,0,1
0.0156806,1,0,1,1,0,1
0.01568196,1,1,1,1,0,1
0.01568412,1,0,1,1,0,1
0.01568512,1,1,1,1,0,1
0.01569028,1,0,1,1,0,1
0.0156916,1,1,1,1,0,1
0.0156938,1,0,1,1,0,1
0.01569496,1,1,1,1,0,1
0.01570012,1,0,1,1,0,1
0.01570128,1,1,1,1,0,1
0.01570344,1,0,1,1,0,1
0.0157046,1,1,1,1,0,1
0.0157098,1,0,1,1,0,1
0.01571112,1,1,1,1,0,1
0.01571328,1,0,1,1,0,1
0.01571428,1,1,1,1,0,1
0.01571944,1,0,1,1,0,1
0.0157208,1,1,1,1,0,1
0.01572296,1,0,1,1,0,1
0.01572396,1,1,1,1,0,1
0.01572912,1,0,1,1,0,1
0.01573044,1,1,1,1,0,1
0.0157326,1,0,1,1,0,1
0.0157336,1,1,1,1,0,1
0.01573876,1,0,1,1,0,1
0.01574012,1,1,1,1,0,1
0.01574228,1,0,1,1,0,1
0.01574344,1,1,1,1,0,1
0.0157486,1,0,1,1,0,1
0.01574976,1,1,1,1,0,1
0.01575196,1,0,1,1,0,1
0.01575312,1,1,1,1,0,1
0.01575828,1,0,1,1,0,1
0.0157596,1,1,1,1,0,1
0.01576176,1,0,1,1,0,1
0.01576276,1,1,1,1,0,1
0.01576796,1,0,1,1,0,1
0.01576928,1,1,1,1,0,1
0.01577144,1,0,1,1,0,1
0.01577244,1,1,1,1,0,1
0.0157776,1,0,1,1,0,1
0.01577896,1,1,1,1,0,1
0.01578112,1,0,1,1,0,1
0.01578212,1,1,1,1,0,1
0.01578728,1,0,1,1,0,1
0.0157886,1,1,1,1,0,1
0.01579076,1,0,1,1,0,1
0.01579176,1,1,1,1,0,1
0.01579696,1,0,1,1,0,1
0.01579828,1,1,1,1,0,1
0.01580044,1,0,1,1,0,1
0.0158016,1,1,1,1,0,1
0.01580676,1,0,1,1,0,1
0.01580792,1,1,1,1,0,1
0.01581012,1,0,1,1,0,1
0.01581128,1,1,1,1,0,1
0.01581644,1,0,1,1,0,1
0.01581776,1,1,1,1,0,1
0.01581992,1,0,1,1,0,1
0.01582092,1,1,1,1,0,1
0.01582612,1,0,1,1,0,1
0.01582744,1,1,1,1,0,1
0.0158296,1,0,1,1,0,1
0.0158306,1,1,1,1,0,1
0.01583576,1,0,1,1,0,1
0.01583712,1,1,1,1,0,1
0.01583928,1,0,1,1,0,1
0.01584028,1,1,1,1,0,1
0.01584544,1,0,1,1,0,1
0.01584676,1,1,1,1,0,1
0.01584892,1,0,1,1,0,1
0.01585012,1,1,1,1,0,1
0.01585528,1,0,1,1,0,1
0.01585644,1,1,1,1,0,1
0.0158586,1,0,1,1,0,1
0.01585976,1,1,1,1,0,1
0.01586492,1,0,1,1,0,1
0.01586628,1,1,1,1,0,1
0.01586844,1,0,1,1,0,1
0.01586944,1,1,1,1,0,1
0.0158746,1,0,1,1,0,1
0.01587592,1,1,1,1,0,1
0.01587808,1,0,1,1,0,1
0.01587908,1,1,1,1,0,1
0.01588428,1,0,1,1,0,1
0.0158856,1,1,1,1,0,1
0.01588776,1,0,1,1,0,1
0.01588876,1,1,1,1,0,1
0.01589392,1,0,1,1,0,1
0.01589528,1,1,1,1,0,1
0.01589744,1,0,1,1,0,1
0.0158986,1,1,1,1,0,1
0.01590376,1,0,1,1,0,1
0.01590492,1,1,1,1,0,1
0.01590708,1,0,1,1,0,1
0.01590828,1,1,1,1,0,1
0.01591344,1,0,1,1,0,1
0.01591476,1,1,1,1,0,1
0.01591692,1,0,1,1,0,1
0.01591792,1,1,1,1,0,1
0.01592308,1,0,1,1,0,1
0.01592444,1,1,1,1,0,1
0.0159266,1,0,1,1,0,1
0.0159276,1,1,1,1,0,1
0.01593276,1,0,1,1,0,1
0.01593408,1,1,1,1,0,1
0.01593624,1,0,1,1,0,1
0.01593724,1,1,1,1,0,1
0.01594244,1,0,1,1,0,1
0.01594376,1,1,1,1,0,1
0.01594592,1,0,1,1,0,1
0.01594708,1,1,1,1,0,1
0.01595224,1,0,1,1,0,1
0.01595344,1,1,1,1,0,1
0.0159556,1,0,1,1,0,1
0.01595676,1,1,1,1,0,1
0.01596192,1,0,1,1,0,1
0.01596324,1,1,1,1,0,1
0.01596544,1,0,1,1,0,1
0.01596644,1,1,1,1,0,1
0.0159716,1,0,1,1,0,1
0.01597292,1,1,1,1,0,1
0.01597508,1,0,1,1,0,1
0.01597608,1,1,1,1,0,1
0.01598124,1,0,1,1,0,1
0.0159826,1,1,1,1,0,1
0.01598476,1,0,1,1,0,1
0.01598576,1,1,1,1,0,1
0.01599092,1,0,1,1,0,1
0.01599224,1,1,1,1,0,1
0.01599444,1,0,1,1,0,1
0.0159954,1,1,1,1,0,1
0.0160006,1,0,1,1,0,1
0.01600192,1,1,1,1,0,1
0.01600408,1,0,1,1,0,1
0.01600524,1,1,1,1,0,1
0.0160104,1,0,1,1,0,1
0.0160116,1,1,1,1,0,1
0.01601376,1,0,1,1,0,1
0.01601492,1,1,1,1,0,1
0.01602008,1,0,1,1,0,1
0.0160214,1,1,1,1,0,1
0.0160236,1,0,1,1,0,1
0.0160246,1,1,1,1,0,1
0.01602976,1,0,1,1,0,1
0.01603108,1,1,1,1,0,1
0.01603324,1,0,1,1,0,1
0.01603424,1,1,1,1,0,1
0.0160394,1,0,1,1,0,1
0.01604076,1,1,1,1,0,1
0.01604292,1,0,1,1,0,1
0.01604392,1,1,1,1,0,1
0.01604908,1,0,1,1,0,1
0.0160504,1,1,1,1,0,1
0.0160526,1,0,1,1,0,1
0.01605376,1,1,1,1,0,1
0.01605892,1,0,1,1,0,1
0.01606008,1,1,1,1,0,1
0.01606224,1,0,1,1,0,1
0.0160634,1,1,1,1,0,1
0.01606856,1,0,1,1,0,1
0.01606992,1,1,1,1,0,1
0.01607208,1,0,1,1,0,1
0.01607308,1,1,1,1,0,1
0.01607824,1,0,1,1,0,1
0.01607956,1,1,1,1,0,1
0.01608176,1,0,1,1,0,1
0.01608276,1,1,1,1,0,1
0.01608792,1,0,1,1,0,1
0.01608924,1,1,1,1,0,1
0.0160914,1,0,1,1,0,1
0.0160924,1,1,1,1,0,1
0.01609756,1,0,1,1,0,1
0.01609892,1,1,1,1,0,1
0.01610108,1,0,1,1,0,1
0.01610224,1,1,1,1,0,1
0.0161074,1,0,1,1,0,1
0.01610856,1,1,1,1,0,1
0.01611076,1,0,1,1,0,1
0.01611192,1,1,1,1,0,1
0.01611708,1,0,1,1,0,1
0.0161184,1,1,1,1,0,1
0.01612056,1,0,1,1,0,1
0.01612156,1,1,1,1,0,1
0.01612676,1,0,1,1,0,1
0.01612808,1,1,1,1,0,1
0.01613024,1,0,1,1,0,1
0.01613124,1,1,1,1,0,1
0.0161364,1,0,1,1,0,1
0.01613772,1,1,1,1,0,1
0.01613992,1,0,1,1,0,1
0.01614092,1,1,1,1,0,1
0.01614608,1,0,1,1,0,1
0.0161474,1,1,1,1,0,1
0.01614956,1,0,1,1,0,1
0.01615072,1,1,1,1,0,1
0.01615592,1,0,1,1,0,1
0.01615708,1,1,1,1,0,1
0.01615924,1,0,1,1,0,1
0.0161604,1,1,1,1,0,1
0.01616556,1,0,1,1,0,1
0.01616692,1,1,1,1,0,1
0.01616908,1,0,1,1,0,1
0.01617008,1,1,1,1,0,1
0.01617524,1,0,1,1,0,1
0.01617656,1,1,1,1,0,1
0.01617872,1,0,1,1,0,1
0.01617972,1,1,1,1,0,1
0.01618492,1,0,1,1,0,1
0.01618624,1,1,1,1,0,1
0.0161884,1,0,1,1,0,1
0.0161894,1,1,1,1,0,1
0.01619456,1,0,1,1,0,1
0.01619588,1,1,1,1,0,1
0.01619808,1,0,1,1,0,1
0.01619908,1,1,1,1,0,1
0.01620424,1,0,1,1,0,1
0.01620556,1,1,1,1,0,1
0.01620772,1,0,1,1,0,1
0.01620888,1,1,1,1,0,1
0.01621408,1,0,1,1,0,1
0.01621524,1,1,1,1,0,1
0.0162174,1,0,1,1,0,1
0.01621856,1,1,1,1,0,1
0.01622372,1,0,1,1,0,1
0.01622508,1,1,1,1,0,1
0.01622724,1,0,1,1,0,1
0.01622824,1,1,1,1,0,1
0.0162334,1,0,1,1,0,1
0.01623472,1,1,1,1,0,1
0.01623688,1,0,1,1,0,1
0.01623788,1,1,1,1,0,1
0.01624308,1,0,1,1,0,1
0.0162444,1,1,1,1,0,1
0.01624656,1,0,1,1,0,1
0.01624756,1,1,1,1,0,1
0.01625272,1,0,1,1,0,1
0.01625408,1,1,1,1,0,1
0.01625624,1,0,1,1,0,1
0.0162574,1,1,1,1,0,1
0.01626256,1,0,1,1,0,1
0.01626372,1,1,1,1,0,1
0.01626588,1,0,1,1,0,1
0.01626704,1,1,1,1,0,1
0.01627224,1,0,1,1,0,1
0.01627356,1,1,1,1,0,1
0.01627572,1,0,1,1,0,1
0.01627672,1,1,1,1,0,1
0.01628188,1,0,1,1,0,1
0.01628324,1,1,1,1,0,1
0.0162854,1,0,1,1,0,1
0.0162864,1,1,1,1,0,1
0.01629156,1,0,1,1,0,1
0.01629288,1,1,1,1,0,1
0.01629504,1,0,1,1,0,1
0.01629604,1,1,1,1,0,1
0.01630124,1,0,1,1,0,1
0.01630256,1,1,1,1,0,1
0.01630472,1,0,1,1,0,1
0.01630588,1,1,1,1,0,1
0.01631104,1,0,1,1,0,1
0.01631224,1,1,1,1,0,1
0.0163144,1,0,1,1,0,1
0.01631556,1,1,1,1,0,1
0.01632072,1,0,1,1,0,1
0.01632204,1,1,1,1,0,1
0.01632424,1,0,1,1,0,1
0.0163252,1,1,1,1,0,1
0.0163304,1,0,1,1,0,1
0.01633172,1,1,1,1,0,1
0.01633388,1,0,1,1,0,1
0.01633488,1,1,1,1,0,1
0.01634004,1,0,1,1,0,1
0.0163414,1,1,1,1,0,1
0.01634356,1,0,1,1,0,1
0.01634456,1,1,1,1,0,1
0.01634972,1,0,1,1,0,1
0.01635104,1,1,1,1,0,1
0.0163532,1,0,1,1,0,1
0.0163544,1,1,1,1,0,1
0.01635956,1,0,1,1,0,1
0.01636072,1,1,1,1,0,1
0.01636288,1,0,1,1,0,1
0.01636404,1,1,1,1,0,1
0.0163692,1,0,1,1,0,1
0.01637056,1,1,1,1,0,1
0.01637272,1,0,1,1,0,1
0.01637372,1,1,1,1,0,1
0.01637888,1,0,1,1,0,1
0.0163802,1,1,1,1,0,1
0.0163824,1,0,1,1,0,1
0.0163834,1,1,1,1,0,1
0.01638856,1,0,1,1,0,1
0.01638988,1,1,1,1,0,1
0.01639204,1,0,1,1,0,1
0.01639304,1,1,1,1,0,1
0.0163982,1,0,1,1,0,1
0.01639956,1,1,1,1,0,1
0.01640172,1,0,1,1,0,1
0.01640288,1,1,1,1,0,1
0.01640804,1,0,1,1,0,1
0.0164092,1,1,1,1,0,1
0.01641136,1,0,1,1,0,1
0.01641256,1,1,1,1,0,1
0.01641772,1,0,1,1,0,1
0.01641888,1,1,1,1,0,1
0.01642104,1,0,1,1,0,1
0.0164222,1,1,1,1,0,1
0.01642736,1,0,1,1,0,1
0.01642872,1,1,1,1,0,1
0.01643088,1,0,1,1,0,1
0.01643188,1,1,1,1,0,1
0.01643704,1,0,1,1,0,1
0.01643836,1,1,1,1,0,1
0.01644056,1,0,1,1,0,1
0.01644156,1,1,1,1,0,1
0.01644672,1,0,1,1,0,1
0.01644804,1,1,1,1,0,1
0.0164502,1,0,1,1,0,1
0.0164512,1,1,1,1,0,1
0.01645636,1,0,1,1,0,1
0.01645772,1,1,1,1,0,1
0.01645988,1,0,1,1,0,1
0.01646104,1,1,1,1,0,1
0.0164662,1,0,1,1,0,1
0.01646736,1,1,1,1,0,1
0.01646952,1,0,1,1,0,1
0.01647072,1,1,1,1,0,1
0.01647588,1,0,1,1,0,1
0.0164772,1,1,1,1,0,1
0.01647936,1,0,1,1,0,1
0.01648036,1,1,1,1,0,1
0.01648552,1,0,1,1,0,1
0.01648688,1,1,1,1,0,1
0.01648904,1,0,1,1,0,1
0.01649004,1,1,1,1,0,1
0.0164952,1,0,1,1,0,1
0.01649652,1,1,1,1,0,1
0.01649872,1,0,1,1,0,1
0.01649972,1,1,1,1,0,1
0.01650488,1,0,1,1,0,1
0.0165062,1,1,1,1,0,1
0.01650836,1,0,1,1,0,1
0.01650952,1,1,1,1,0,1
0.01651472,1,0,1,1,0,1
0.01651588,1,1,1,1,0,1
0.01651804,1,0,1,1,0,1
0.0165192,1,1,1,1,0,1
0.01652436,1,0,1,1,0,1
0.01652568,1,1,1,1,0,1
0.01652788,1,0,1,1,0,1
0.01652888,1,1,1,1,0,1
0.01653404,1,0,1,1,0,1
0.01653536,1,1,1,1,0,1
0.01653752,1,0,1,1,0,1
0.01653852,1,1,1,1,0,1
0.01654368,1,0,1,1,0,1
0.01654504,1,1,1,1,0,1
0.0165472,1,0,1,1,0,1
0.0165482,1,1,1,1,0,1
0.01655336,1,0,1,1,0,1
0.01655468,1,1,1,1,0,1
0.01655688,1,0,1,1,0,1
0.01655804,1,1,1,1,0,1
0.0165632,1,0,1,1,0,1
0.01656436,1,1,1,1,0,1
0.01656652,1,0,1,1,0,1
0.01656768,1,1,1,1,0,1
0.01657288,1,0,1,1,0,1
0.0165742,1,1,1,1,0,1
0.01657636,1,0,1,1,0,1
0.01657736,1,1,1,1,0,1
0.01658252,1,0,1,1,0,1
0.01658388,1,1,1,1,0,1
0.01658604,1,0,1,1,0,1
0.01658704,1,1,1,1,0,1
0.0165922,1,0,1,1,0,1
0.01659352,1,1,1,1,0,1
0.01659568,1,0,1,1,0,1
0.01659668,1,1,1,1,0,1
0.01660184,1,0,1,1,0,1
0.0166032,1,1,1,1,0,1
0.01660536,1,0,1,1,0,1
0.01660652,1,1,1,1,0,1
0.01661168,1,0,1,1,0,1
0.01661284,1,1,1,1,0,1
0.01661504,1,0,1,1,0,1
0.0166162,1,1,1,1,0,1
0.01662136,1,0,1,1,0,1
0.01662268,1,1,1,1,0,1
0.01662484,1,0,1,1,0,1
0.01662584,1,1,1,1,0,1
0.01663104,1,0,1,1,0,1
0.01663236,1,1,1,1,0,1
0.01663452,1,0,1,1,0,1
0.01663552,1,1,1,1,0,1
0.01664068,1,0,1,1,0,1
0.01664204,1,1,1,1,0,1
0.0166442,1,0,1,1,0,1
0.0166452,1,1,1,1,0,1
0.01665036,1,0,1,1,0,1
0.01665168,1,1,1,1,0,1
0.01665384,1,0,1,1,0,1
0.01665484,1,1,1,1,0,1
0.01666,1,0,1,1,0,1
0.01666136,1,1,1,1,0,1
0.01666352,1,0,1,1,0,1
0.01666468,1,1,1,1,0,1
0.01666984,1,0,1,1,0,1
0.016671,1,1,1,1,0,1
0.0166732,1,0,1,1,0,1
0.01667436,1,1,1,1,0,1
0.01667952,1,0,1,1,0,1
0.01668084,1,1,1,1,0,1
0.016683,1,0,1,1,0,1
0.016684,1,1,1,1,0,1
0.0166892,1,0,1,1,0,1
0.01669052,1,1,1,1,0,1
0.01669268,1,0,1,1,0,1
0.01669368,1,1,1,1,0,1
0.01669884,1,0,1,1,0,1
0.0167002,1,1,1,1,0,1
0.01670236,1,0,1,1,0,1
0.01670336,1,1,1,1,0,1
0.01670852,1,0,1,1,0,1
0.01670984,1,1,1,1,0,1
0.016712,1,0,1,1,0,1
0.0167132,1,1,1,1,0,1
0.01671836,1,0,1,1,0,1
0.01671952,1,1,1,1,0,1
0.01672168,1,0,1,1,0,1
0.01672284,1,1,1,1,0,1
0.016728,1,0,1,1,0,1
0.01672936,1,1,1,1,0,1
0.01673152,1,0,1,1,0,1
0.01673252,1,1,1,1,0,1
0.01673768,1,0,1,1,0,1
0.016739,1,1,1,1,0,1
0.01674116,1,0,1,1,0,1
0.01674216,1,1,1,1,0,1
0.01674736,1,0,1,1,0,1
0.01674868,1,1,1,1,0,1
0.01675084,1,0,1,1,0,1
0.01675184,1,1,1,1,0,1
0.016757,1,0,1,1,0,1
0.01675836,1,1,1,1,0,1
0.01676052,1,0,1,1,0,1
0.01676168,1,1,1,1,0,1
0.01676684,1,0,1,1,0,1
0.016768,1,1,1,1,0,1
0.01677016,1,0,1,1,0,1
0.01677136,1,1,1,1,0,1
0.01677652,1,0,1,1,0,1
0.01677784,1,1,1,1,0,1
0.01678,1,0,1,1,0,1
0.016781,1,1,1,1,0,1
0.01678616,1,0,1,1,0,1
0.01678752,1,1,1,1,0,1
0.01678968,1,0,1,1,0,1
0.01679068,1,1,1,1,0,1
0.01679584,1,0,1,1,0,1
0.01679716,1,1,1,1,0,1
0.01679932,1,0,1,1,0,1
0.01680032,1,1,1,1,0,1
0.01680552,1,0,1,1,0,1
0.01680684,1,1,1,1,0,1
0.016809,1,0,1,1,0,1
0.01681016,1,1,1,1,0,1
0.01681532,1,0,1,1,0,1
0.01681652,1,1,1,1,0,1
0.01681868,1,0,1,1,0,1
0.01681984,1,1,1,1,0,1
0.016825,1,0,1,1,0,1
0.01682632,1,1,1,1,0,1
0.01682852,1,0,1,1,0,1
0.01682952,1,1,1,1,0,1
0.01683468,1,0,1,1,0,1
0.016836,1,1,1,1,0,1
0.01683816,1,0,1,1,0,1
0.01683916,1,1,1,1,0,1
0.01684432,1,0,1,1,0,1
0.01684568,1,1,1,1,0,1
0.01684784,1,0,1,1,0,1
0.01684884,1,1,1,1,0,1
0.016854,1,0,1,1,0,1
0.01685532,1,1,1,1,0,1
0.01685752,1,0,1,1,0,1
0.01685848,1,1,1,1,0,1
0.01686368,1,0,1,1,0,1
0.016865,1,1,1,1,0,1
0.01686716,1,0,1,1,0,1
0.01686832,1,1,1,1,0,1
0.01687348,1,0,1,1,0,1
0.01687468,1,1,1,1,0,1
0.01687684,1,0,1,1,0,1
0.016878,1,1,1,1,0,1
0.01688316,1,0,1,1,0,1
0.01688448,1,1,1,1,0,1
0.01688668,1,0,1,1,0,1
0.01688768,1,1,1,1,0,1
0.01689284,1,0,1,1,0,1
0.01689416,1,1,1,1,0,1
0.01689632,1,0,1,1,0,1
0.01689732,1,1,1,1,0,1
0.01690248,1,0,1,1,0,1
0.01690384,1,1,1,1,0,1
0.016906,1,0,1,1,0,1
0.016907,1,1,1,1,0,1
0.01691216,1,0,1,1,0,1
0.01691348,1,1,1,1,0,1
0.01691568,1,0,1,1,0,1
0.01691684,1,1,1,1,0,1
0.016922,1,0,1,1,0,1
0.01692316,1,1,1,1,0,1
0.01692532,1,0,1,1,0,1
0.01692648,1,1,1,1,0,1
0.01693164,1,0,1,1,0,1
0.016933,1,1,1,1,0,1
0.01693516,1,0,1,1,0,1
0.01693616,1,1,1,1,0,1
0.01694132,1,0,1,1,0,1
0.01694264,1,1,1,1,0,1
0.01694484,1,0,1,1,0,1
0.01694584,1,1,1,1,0,1
0.016951,1,0,1,1,0,1
0.01695232,1,1,1,1,0,1
0.01695448,1,0,1,1,0,1
0.01695548,1,1,1,1,0,1
0.01696064,1,0,1,1,0,1
0.016962,1,1,1,1,0,1
0.01696416,1,0,1,1,0,1
0.01696532,1,1,1,1,0,1
0.01697048,1,0,1,1,0,1
0.01697164,1,1,1,1,0,1
0.01697384,1,0,1,1,0,1
0.016975,1,1,1,1,0,1
0.01698016,1,0,1,1,0,1
0.01698148,1,1,1,1,0,1
0.01698364,1,0,1,1,0,1
0.01698464,1,1,1,1,0,1
0.01698984,1,0,1,1,0,1
0.01699116,1,1,1,1,0,1
0.01699332,1,0,1,1,0,1
0.01699432,1,1,1,1,0,1
0.01699948,1,0,1,1,0,1
0.0170008,1,1,1,1,0,1
0.017003,1,0,1,1,0,1
0.017004,1,1,1,1,0,1
0.01700916,1,0,1,1,0,1
0.01701048,1,1,1,1,0,1
0.01701264,1,0,1,1,0,1
0.0170138,1,1,1,1,0,1
0.017019,1,0,1,1,0,1
0.01702016,1,1,1,1,0,1
0.01702232,1,0,1,1,0,1
0.01702348,1,1,1,1,0,1
0.01702864,1,0,1,1,0,1
0.01703,1,1,1,1,0,1
0.01703216,1,0,1,1,0,1
0.01703316,1,1,1,1,0,1
0.01703832,1,0,1,1,0,1
0.01703964,1,1,1,1,0,1
0.0170418,1,0,1,1,0,1
0.0170428,1,1,1,1,0,1
0.017048,1,0,1,1,0,1
0.01704932,1,1,1,1,0,1
0.01705148,1,0,1,1,0,1
0.01705248,1,1,1,1,0,1
0.01705764,1,0,1,1,0,1
0.01705896,1,1,1,1,0,1
0.01706116,1,0,1,1,0,1
0.01706216,1,1,1,1,0,1
0.01706732,1,0,1,1,0,1
0.01706864,1,1,1,1,0,1
0.0170708,1,0,1,1,0,1
0.01707196,1,1,1,1,0,1
0.01707716,1,0,1,1,0,1
0.01707832,1,1,1,1,0,1
0.01708048,1,0,1,1,0,1
0.01708164,1,1,1,1,0,1
0.0170868,1,0,1,1,0,1
0.01708816,1,1,1,1,0,1
0.01709032,1,0,1,1,0,1
0.01709132,1,1,1,1,0,1
0.01709648,1,0,1,1,0,1
0.0170978,1,1,1,1,0,1
0.01709996,1,0,1,1,0,1
0.01710096,1,1,1,1,0,1
0.01710616,1,0,1,1,0,1
0.01710748,1,1,1,1,0,1
0.01710964,1,0,1,1,0,1
0.01711064,1,1,1,1,0,1
0.0171158,1,0,1,1,0,1
0.01711716,1,1,1,1,0,1
0.01711932,1,0,1,1,0,1
0.01712048,1,1,1,1,0,1
0.01712564,1,0,1,1,0,1
0.0171268,1,1,1,1,0,1
0.01712896,1,0,1,1,0,1
0.01713012,1,1,1,1,0,1
0.01713532,1,0,1,1,0,1
0.01713664,1,1,1,1,0,1
0.0171388,1,0,1,1,0,1
0.0171398,1,1,1,1,0,1
0.01714496,1,0,1,1,0,1
0.01714632,1,1,1,1,0,1
0.01714848,1,0,1,1,0,1
0.01714948,1,1,1,1,0,1
0.01715464,1,0,1,1,0,1
0.01715596,1,1,1,1,0,1
0.01715812,1,0,1,1,0,1
0.01715912,1,1,1,1,0,1
0.01716432,1,0,1,1,0,1
0.01716564,1,1,1,1,0,1
0.0171678,1,0,1,1,0,1
0.01716896,1,1,1,1,0,1
0.01717412,1,0,1,1,0,1
0.01717532,1,1,1,1,0,1
0.01717748,1,0,1,1,0,1
0.01717864,1,1,1,1,0,1
0.0171838,1,0,1,1,0,1
0.01718512,1,1,1,1,0,1
0.01718732,1,0,1,1,0,1
0.01718828,1,1,1,1,0,1
0.01719348,1,0,1,1,0,1
0.0171948,1,1,1,1,0,1
0.01719696,1,0,1,1,0,1
0.01719796,1,1,1,1,0,1
0.01720312,1,0,1,1,0,1
0.01720448,1,1,1,1,0,1
0.01720664,1,0,1,1,0,1
0.01720764,1,1,1,1,0,1
0.0172128,1,0,1,1,0,1
0.01721412,1,1,1,1,0,1
0.01721628,1,0,1,1,0,1
0.01721748,1,1,1,1,0,1
0.01722264,1,0,1,1,0,1
0.0172238,1,1,1,1,0,1
0.01722596,1,0,1,1,0,1
0.01722712,1,1,1,1,0,1
0.01723228,1,0,1,1,0,1
0.01723364,1,1,1,1,0,1
0.0172358,1,0,1,1,0,1
0.0172368,1,1,1,1,0,1
0.01724196,1,0,1,1,0,1
0.01724328,1,1,1,1,0,1
0.01724548,1,0,1,1,0,1
0.01724648,1,1,1,1,0,1
0.01725164,1,0,1,1,0,1
0.01725296,1,1,1,1,0,1
0.01725512,1,0,1,1,0,1
0.01725612,1,1,1,1,0,1
0.01726128,1,0,1,1,0,1
0.01726264,1,1,1,1,0,1
0.0172648,1,0,1,1,0,1
0.01726596,1,1,1,1,0,1
0.01727112,1,0,1,1,0,1
0.01727228,1,1,1,1,0,1
0.01727444,1,0,1,1,0,1
0.01727564,1,1,1,1,0,1
0.0172808,1,0,1,1,0,1
0.01728196,1,1,1,1,0,1
0.01728412,1,0,1,1,0,1
0.01728528,1,1,1,1,0,1
0.01729044,1,0,1,1,0,1
0.0172918,1,1,1,1,0,1
0.01729396,1,0,1,1,0,1
0.01729496,1,1,1,1,0,1
0.01730012,1,0,1,1,0,1
0.01730144,1,1,1,1,0,1
0.01730364,1,0,1,1,0,1
0.01730464,1,1,1,1,0,1
0.0173098,1,0,1,1,0,1
0.01731112,1,1,1,1,0,1
0.01731328,1,0,1,1,0,1
0.01731428,1,1,1,1,0,1
0.01731944,1,0,1,1,0,1
0.0173208,1,1,1,1,0,1
0.01732296,1,0,1,1,0,1
0.01732412,1,1,1,1,0,1
0.01732928,1,0,1,1,0,1
0.01733044,1,1,1,1,0,1
0.0173326,1,0,1,1,0,1
0.0173338,1,1,1,1,0,1
0.01733896,1,0,1,1,0,1
0.01734028,1,1,1,1,0,1
0.01734244,1,0,1,1,0,1
0.01734344,1,1,1,1,0,1
0.0173486,1,0,1,1,0,1
0.01734996,1,1,1,1,0,1
0.01735212,1,0,1,1,0,1
0.01735312,1,1,1,1,0,1
0.01735828,1,0,1,1,0,1
0.0173596,1,1,1,1,0,1
0.0173618,1,0,1,1,0,1
0.0173628,1,1,1,1,0,1
0.01736796,1,0,1,1,0,1
0.01736928,1,1,1,1,0,1
0.01737144,1,0,1,1,0,1
0.0173726,1,1,1,1,0,1
0.0173778,1,0,1,1,0,1
0.01737896,1,1,1,1,0,1
0.01738112,1,0,1,1,0,1
0.01738228,1,1,1,1,0,1
0.01738744,1,0,1,1,0,1
0.01738876,1,1,1,1,0,1
0.01739096,1,0,1,1,0,1
0.01739196,1,1,1,1,0,1
0.01739712,1,0,1,1,0,1
0.01739844,1,1,1,1,0,1
0.0174006,1,0,1,1,0,1
0.0174016,1,1,1,1,0,1
0.01740676,1,0,1,1,0,1
0.01740812,1,1,1,1,0,1
0.01741028,1,0,1,1,0,1
0.01741128,1,1,1,1,0,1
0.01741644,1,0,1,1,0,1
0.01741776,1,1,1,1,0,1
0.01741996,1,0,1,1,0,1
0.01742112,1,1,1,1,0,1
0.01742628,1,0,1,1,0,1
0.01742744,1,1,1,1,0,1
0.0174296,1,0,1,1,0,1
0.01743076,1,1,1,1,0,1
0.01743596,1,0,1,1,0,1
0.01743728,1,1,1,1,0,1
0.01743944,1,0,1,1,0,1
0.01744044,1,1,1,1,0,1
0.0174456,1,0,1,1,0,1
0.01744696,1,1,1,1,0,1
0.01744912,1,0,1,1,0,1
0.01745012,1,1,1,1,0,1
0.01745528,1,0,1,1,0,1
0.0174566,1,1,1,1,0,1
0.01745876,1,0,1,1,0,1
0.01745976,1,1,1,1,0,1
0.01746492,1,0,1,1,0,1
0.01746628,1,1,1,1,0,1
0.01746844,1,0,1,1,0,1
0.0174696,1,1,1,1,0,1
0.01747476,1,0,1,1,0,1
0.01747592,1,1,1,1,0,1
0.01747812,1,0,1,1,0,1
0.01747928,1,1,1,1,0,1
0.01748444,1,0,1,1,0,1
0.0174856,1,1,1,1,0,1
0.01748776,1,0,1,1,0,1
0.01748892,1,1,1,1,0,1
0.01749412,1,0,1,1,0,1
0.01749544,1,1,1,1,0,1
0.0174976,1,0,1,1,0,1
0.0174986,1,1,1,1,0,1
0.01750376,1,0,1,1,0,1
0.01750512,1,1,1,1,0,1
0.01750728,1,0,1,1,0,1
0.01750828,1,1,1,1,0,1
0.01751344,1,0,1,1,0,1
0.01751476,1,1,1,1,0,1
0.01751692,1,0,1,1,0,1
0.01751792,1,1,1,1,0,1
0.01752308,1,0,1,1,0,1
0.01752444,1,1,1,1,0,1
0.0175266,1,0,1,1,0,1
0.01752776,1,1,1,1,0,1
0.01753292,1,0,1,1,0,1
0.01753408,1,1,1,1,0,1
0.01753628,1,0,1,1,0,1
0.01753744,1,1,1,1,0,1
0.0175426,1,0,1,1,0,1
0.01754392,1,1,1,1,0,1
0.01754608,1,0,1,1,0,1
0.01754708,1,1,1,1,0,1
0.01755228,1,0,1,1,0,1
0.0175536,1,1,1,1,0,1
0.01755576,1,0,1,1,0,1
0.01755676,1,1,1,1,0,1
0.01756192,1,0,1,1,0,1
0.01756328,1,1,1,1,0,1
0.01756544,1,0,1,1,0,1
0.01756644,1,1,1,1,0,1
0.0175716,1,0,1,1,0,1
0.01757292,1,1,1,1,0,1
0.01757508,1,0,1,1,0,1
0.01757628,1,1,1,1,0,1
0.01758144,1,0,1,1,0,1
0.0175826,1,1,1,1,0,1
0.01758476,1,0,1,1,0,1
0.01758592,1,1,1,1,0,1
0.01759108,1,0,1,1,0,1
0.01759244,1,1,1,1,0,1
0.0175946,1,0,1,1,0,1
0.0175956,1,1,1,1,0,1
0.01760076,1,0,1,1,0,1
0.01760208,1,1,1,1,0,1
0.01760424,1,0,1,1,0,1
0.01760524,1,1,1,1,0,1
0.01761044,1,0,1,1,0,1
0.01761176,1,1,1,1,0,1
0.01761392,1,0,1,1,0,1
0.01761492,1,1,1,1,0,1
0.01762008,1,0,1,1,0,1
0.01762144,1,1,1,1,0,1
0.0176236,1,0,1,1,0,1
0.01762476,1,1,1,1,0,1
0.01762992,1,0,1,1,0,1
0.01763108,1,1,1,1,0,1
0.01763324,1,0,1,1,0,1
0.01763444,1,1,1,1,0,1
0.0176396,1,0,1,1,0,1
0.01764092,1,1,1,1,0,1
0.01764308,1,0,1,1,0,1
0.01764408,1,1,1,1,0,1
0.01764924,1,0,1,1,0,1
0.0176506,1,1,1,1,0,1
0.01765276,1,0,1,1,0,1
0.01765376,1,1,1,1,0,1
0.01765892,1,0,1,1,0,1
0.01766024,1,1,1,1,0,1
0.0176624,1,0,1,1,0,1
0.0176634,1,1,1,1,0,1
0.0176686,1,0,1,1,0,1
0.01766992,1,1,1,1,0,1
0.01767208,1,0,1,1,0,1
0.01767324,1,1,1,1,0,1
0.0176784,1,0,1,1,0,1
0.0176796,1,1,1,1,0,1
0.01768176,1,0,1,1,0,1
0.01768292,1,1,1,1,0,1
0.01768808,1,0,1,1,0,1
0.0176894,1,1,1,1,0,1
0.0176916,1,0,1,1,0,1
0.0176926,1,1,1,1,0,1
0.01769776,1,0,1,1,0,1
0.01769908,1,1,1,1,0,1
0.01770124,1,0,1,1,0,1
0.01770224,1,1,1,1,0,1
0.0177074,1,0,1,1,0,1
0.01770876,1,1,1,1,0,1
0.01771092,1,0,1,1,0,1
0.01771192,1,1,1,1,0,1
0.01771708,1,0,1,1,0,1
0.0177184,1,1,1,1,0,1
0.0177206,1,0,1,1,0,1
0.01772156,1,1,1,1,0,1
0.01772676,1,0,1,1,0,1
0.01772808,1,1,1,1,0,1
0.01773024,1,0,1,1,0,1
0.0177314,1,1,1,1,0,1
0.01773656,1,0,1,1,0,1
0.01773776,1,1,1,1,0,1
0.01773992,1,0,1,1,0,1
0.01774108,1,1,1,1,0,1
0.01774624,1,0,1,1,0,1
0.01774756,1,1,1,1,0,1
0.01774976,1,0,1,1,0,1
0.01775076,1,1,1,1,0,1
0.01775592,1,0,1,1,0,1
0.01775724,1,1,1,1,0,1
0.0177594,1,0,1,1,0,1
0.0177604,1,1,1,1,0,1
0.01776556,1,0,1,1,0,1
0.01776692,1,1,1,1,0,1
0.01776908,1,0,1,1,0,1
0.01777008,1,1,1,1,0,1
0.01777524,1,0,1,1,0,1
0.01777656,1,1,1,1,0,1
0.01777876,1,0,1,1,0,1
0.01777992,1,1,1,1,0,1
0.01778508,1,0,1,1,0,1
0.01778624,1,1,1,1,0,1
0.0177884,1,0,1,1,0,1
0.01778956,1,1,1,1,0,1
0.01779472,1,0,1,1,0,1
0.01779608,1,1,1,1,0,1
0.01779824,1,0,1,1,0,1
0.01779924,1,1,1,1,0,1
0.0178044,1,0,1,1,0,1
0.01780572,1,1,1,1,0,1
0.01780792,1,0,1,1,0,1
0.01780892,1,1,1,1,0,1
0.01781408,1,0,1,1,0,1
0.0178154,1,1,1,1,0,1
0.01781756,1,0,1,1,0,1
0.01781856,1,1,1,1,0,1
0.01782372,1,0,1,1,0,1
0.01782508,1,1,1,1,0,1
0.01782724,1,0,1,1,0,1
0.0178284,1,1,1,1,0,1
0.01783356,1,0,1,1,0,1
0.01783472,1,1,1,1,0,1
0.01783692,1,0,1,1,0,1
0.01783808,1,1,1,1,0,1
0.01784324,1,0,1,1,0,1
0.01784456,1,1,1,1,0,1
0.01784672,1,0,1,1,0,1
0.01784772,1,1,1,1,0,1
0.01785288,1,0,1,1,0,1
0.01785424,1,1,1,1,0,1
0.0178564,1,0,1,1,0,1
0.0178574,1,1,1,1,0,1
0.01786256,1,0,1,1,0,1
0.01786388,1,1,1,1,0,1
0.01786608,1,0,1,1,0,1
0.01786708,1,1,1,1,0,1
0.01787224,1,0,1,1,0,1
0.01787356,1,1,1,1,0,1
0.01787572,1,0,1,1,0,1
0.01787688,1,1,1,1,0,1
0.01788208,1,0,1,1,0,1
0.01788324,1,1,1,1,0,1
0.0178854,1,0,1,1,0,1
0.01788656,1,1,1,1,0,1
0.01789172,1,0,1,1,0,1
0.01789308,1,1,1,1,0,1
0.01789524,1,0,1,1,0,1
0.01789624,1,1,1,1,0,1
0.0179014,1,0,1,1,0,1
0.01790272,1,1,1,1,0,1
0.01790488,1,0,1,1,0,1
0.01790588,1,1,1,1,0,1
0.01791108,1,0,1,1,0,1
0.0179124,1,1,1,1,0,1
0.01791456,1,0,1,1,0,1
0.01791556,1,1,1,1,0,1
0.01792072,1,0,1,1,0,1
0.01792204,1,1,1,1,0,1
0.01792424,1,0,1,1,0,1
0.01792524,1,1,1,1,0,1
0.0179304,1,0,1,1,0,1
0.01793172,1,1,1,1,0,1
0.01793388,1,0,1,1,0,1
0.01793504,1,1,1,1,0,1
0.01794024,1,0,1,1,0,1
0.0179414,1,1,1,1,0,1
0.01794356,1,0,1,1,0,1
0.01794472,1,1,1,1,0,1
0.01794988,1,0,1,1,0,1
0.01795124,1,1,1,1,0,1
0.0179534,1,0,1,1,0,1
0.0179544,1,1,1,1,0,1
0.01795956,1,0,1,1,0,1
0.01796088,1,1,1,1,0,1
0.01796304,1,0,1,1,0,1
0.01796404,1,1,1,1,0,1
0.01796924,1,0,1,1,0,1
0.01797056,1,1,1,1,0,1
0.01797272,1,0,1,1,0,1
0.01797372,1,1,1,1,0,1
0.01797888,1,0,1,1,0,1
0.01798024,1,1,1,1,0,1
0.0179824,1,0,1,1,0,1
0.01798356,1,1,1,1,0,1
0.01798872,1,0,1,1,0,1
0.01798988,1,1,1,1,0,1
0.01799204,1,0,1,1,0,1
0.0179932,1,1,1,1,0,1
0.0179984,1,0,1,1,0,1
0.01799972,1,1,1,1,0,1
0.01800188,1,0,1,1,0,1
0.01800288,1,1,1,1,0,1
0.01800804,1,0,1,1,0,1
0.0180094,1,1,1,1,0,1
0.01801156,1,0,1,1,0,1
0.01801256,1,1,1,1,0,1
0.01801772,1,0,1,1,0,1
0.01801904,1,1,1,1,0,1
0.0180212,1,0,1,1,0,1
0.0180222,1,1,1,1,0,1
0.0180274,1,0,1,1,0,1
0.01802872,1,1,1,1,0,1
0.01803088,1,0,1,1,0,1
0.01803204,1,1,1,1,0,1
0.0180372,1,0,1,1,0,1
0.0180384,1,1,1,1,0,1
0.01804056,1,0,1,1,0,1
0.01804172,1,1,1,1,0,1
0.01804688,1,0,1,1,0,1
0.0180482,1,1,1,1,0,1
0.0180504,1,0,1,1,0,1
0.01805136,1,1,1,1,0,1
0.01805656,1,0,1,1,0,1
0.01805788,1,1,1,1,0,1
0.01806004,1,0,1,1,0,1
0.01806104,1,1,1,1,0,1
0.0180662,1,0,1,1,0,1
0.01806756,1,1,1,1,0,1
0.01806972,1,0,1,1,0,1
0.01807072,1,1,1,1,0,1
0.01807588,1,0,1,1,0,1
0.0180772,1,1,1,1,0,1
0.01807936,1,0,1,1,0,1
0.01808056,1,1,1,1,0,1
0.01808572,1,0,1,1,0,1
0.01808688,1,1,1,1,0,1
0.01808904,1,0,1,1,0,1
0.0180902,1,1,1,1,0,1
0.01809536,1,0,1,1,0,1
0.01809672,1,1,1,1,0,1
0.01809888,1,0,1,1,0,1
0.01809988,1,1,1,1,0,1
0.01810504,1,0,1,1,0,1
0.01810636,1,1,1,1,0,1
0.01810856,1,0,1,1,0,1
0.01810956,1,1,1,1,0,1
0.01811472,1,0,1,1,0,1
0.01811604,1,1,1,1,0,1
0.0181182,1,0,1,1,0,1
0.0181192,1,1,1,1,0,1
0.01812436,1,0,1,1,0,1
0.01812572,1,1,1,1,0,1
0.01812788,1,0,1,1,0,1
0.01812888,1,1,1,1,0,1
0.01813404,1,0,1,1,0,1
0.01813536,1,1,1,1,0,1
0.01813752,1,0,1,1,0,1
0.01813872,1,1,1,1,0,1
0.01814388,1,0,1,1,0,1
0.01814504,1,1,1,1,0,1
0.0181472,1,0,1,1,0,1
0.01814836,1,1,1,1,0,1
0.01815352,1,0,1,1,0,1
0.01815488,1,1,1,1,0,1
0.01815704,1,0,1,1,0,1
0.01815804,1,1,1,1,0,1
0.0181632,1,0,1,1,0,1
0.01816452,1,1,1,1,0,1
0.01816672,1,0,1,1,0,1
0.01816772,1,1,1,1,0,1
0.01817288,1,0,1,1,0,1
0.0181742,1,1,1,1,0,1
0.01817636,1,0,1,1,0,1
0.01817736,1,1,1,1,0,1
0.01818252,1,0,1,1,0,1
0.01818388,1,1,1,1,0,1
0.01818604,1,0,1,1,0,1
0.0181872,1,1,1,1,0,1
0.01819236,1,0,1,1,0,1
0.01819352,1,1,1,1,0,1
0.01819568,1,0,1,1,0,1
0.01819688,1,1,1,1,0,1
0.01820204,1,0,1,1,0,1
0.01820336,1,1,1,1,0,1
0.01820552,1,0,1,1,0,1
0.01820652,1,1,1,1,0,1
0.01821168,1,0,1,1,0,1
0.01821304,1,1,1,1,0,1
0.0182152,1,0,1,1,0,1
0.0182162,1,1,1,1,0,1
0.01822136,1,0,1,1,0,1
0.01822268,1,1,1,1,0,1
0.01822488,1,0,1,1,0,1
0.01822588,1,1,1,1,0,1
0.01823104,1,0,1,1,0,1
0.01823236,1,1,1,1,0,1
0.01823452,1,0,1,1,0,1
0.01823568,1,1,1,1,0,1
0.01824088,1,0,1,1,0,1
0.01824204,1,1,1,1,0,1
0.0182442,1,0,1,1,0,1
0.01824536,1,1,1,1,0,1
0.01825052,1,0,1,1,0,1
0.01825184,1,1,1,1,0,1
0.01825404,1,0,1,1,0,1
0.01825504,1,1,1,1,0,1
0.0182602,1,0,1,1,0,1
0.01826152,1,1,1,1,0,1
0.01826368,1,0,1,1,0,1
0.01826468,1,1,1,1,0,1
0.01826984,1,0,1,1,0,1
0.0182712,1,1,1,1,0,1
0.01827336,1,0,1,1,0,1
0.01827436,1,1,1,1,0,1
0.01827952,1,0,1,1,0,1
0.01828084,1,1,1,1,0,1
0.01828304,1,0,1,1,0,1
0.0182842,1,1,1,1,0,1
0.01828936,1,0,1,1,0,1
0.01829052,1,1,1,1,0,1
0.01829268,1,0,1,1,0,1
0.01829384,1,1,1,1,0,1
0.01829904,1,0,1,1,0,1
0.01830036,1,1,1,1,0,1
0.01830252,1,0,1,1,0,1
0.01830352,1,1,1,1,0,1
0.01830868,1,0,1,1,0,1
0.01831004,1,1,1,1,0,1
0.0183122,1,0,1,1,0,1
0.0183132,1,1,1,1,0,1
0.01831836,1,0,1,1,0,1
0.01831968,1,1,1,1,0,1
0.01832184,1,0,1,1,0,1
0.01832284,1,1,1,1,0,1
0.018328,1,0,1,1,0,1
0.01832936,1,1,1,1,0,1
0.01833152,1,0,1,1,0,1
0.01833268,1,1,1,1,0,1
0.01833784,1,0,1,1,0,1
0.018339,1,1,1,1,0,1
0.0183412,1,0,1,1,0,1
0.01834236,1,1,1,1,0,1
0.01834752,1,0,1,1,0,1
0.01834868,1,1,1,1,0,1
0.01835084,1,0,1,1,0,1
0.018352,1,1,1,1,0,1
0.0183572,1,0,1,1,0,1
0.01835852,1,1,1,1,0,1
0.01836068,1,0,1,1,0,1
0.01836168,1,1,1,1,0,1
0.01836684,1,0,1,1,0,1
0.0183682,1,1,1,1,0,1
0.01837036,1,0,1,1,0,1
0.01837136,1,1,1,1,0,1
0.01837652,1,0,1,1,0,1
0.01837784,1,1,1,1,0,1
0.01838,1,0,1,1,0,1
0.018381,1,1,1,1,0,1
0.01838616,1,0,1,1,0,1
0.01838752,1,1,1,1,0,1
0.01838968,1,0,1,1,0,1
0.01839084,1,1,1,1,0,1
0.018396,1,0,1,1,0,1
0.01839716,1,1,1,1,0,1
0.01839936,1,0,1,1,0,1
0.01840052,1,1,1,1,0,1
0.01840568,1,0,1,1,0,1
0.018407,1,1,1,1,0,1
0.01840916,1,0,1,1,0,1
0.01841016,1,1,1,1,0,1
0.01841536,1,0,1,1,0,1
0.01841668,1,1,1,1,0,1
0.01841884,1,0,1,1,0,1
0.01841984,1,1,1,1,0,1
0.018425,1,0,1,1,0,1
0.01842636,1,1,1,1,0,1
0.01842852,1,0,1,1,0,1
0.01842952,1,1,1,1,0,1
0.01843468,1,0,1,1,0,1
0.018436,1,1,1,1,0,1
0.01843816,1,0,1,1,0,1
0.01843936,1,1,1,1,0,1
0.01844452,1,0,1,1,0,1
0.01844568,1,1,1,1,0,1
0.01844784,1,0,1,1,0,1
0.018449,1,1,1,1,0,1
0.01845416,1,0,1,1,0,1
0.01845552,1,1,1,1,0,1
0.01845768,1,0,1,1,0,1
0.01845868,1,1,1,1,0,1
0.01846384,1,0,1,1,0,1
0.01846516,1,1,1,1,0,1
0.01846732,1,0,1,1,0,1
0.01846832,1,1,1,1,0,1
0.01847352,1,0,1,1,0,1
0.01847484,1,1,1,1,0,1
0.018477,1,0,1,1,0,1
0.018478,1,1,1,1,0,1
0.01848316,1,0,1,1,0,1
0.01848452,1,1,1,1,0,1
0.01848668,1,0,1,1,0,1
0.01848784,1,1,1,1,0,1
0.018493,1,0,1,1,0,1
0.01849416,1,1,1,1,0,1
0.01849632,1,0,1,1,0,1
0.01849752,1,1,1,1,0,1
0.01850268,1,0,1,1,0,1
0.018504,1,1,1,1,0,1
0.01850616,1,0,1,1,0,1
0.01850716,1,1,1,1,0,1
0.01851232,1,0,1,1,0,1
0.01851368,1,1,1,1,0,1
0.01851584,1,0,1,1,0,1
0.01851684,1,1,1,1,0,1
0.018522,1,0,1,1,0,1
0.01852332,1,1,1,1,0,1
0.01852548,1,0,1,1,0,1
0.01852648,1,1,1,1,0,1
0.01853168,1,0,1,1,0,1
0.018533,1,1,1,1,0,1
0.01853516,1,0,1,1,0,1
0.01853632,1,1,1,1,0,1
0.01854148,1,0,1,1,0,1
0.01854268,1,1,1,1,0,1
0.01854484,1,0,1,1,0,1
0.018546,1,1,1,1,0,1
0.01855116,1,0,1,1,0,1
0.01855248,1,1,1,1,0,1
0.01855468,1,0,1,1,0,1
0.01855568,1,1,1,1,0,1
0.01856084,1,0,1,1,0,1
0.01856216,1,1,1,1,0,1
0.01856432,1,0,1,1,0,1
0.01856532,1,1,1,1,0,1
0.01857048,1,0,1,1,0,1
0.01857184,1,1,1,1,0,1
0.018574,1,0,1,1,0,1
0.018575,1,1,1,1,0,1
0.01858016,1,0,1,1,0,1
0.01858148,1,1,1,1,0,1
0.01858368,1,0,1,1,0,1
0.01858464,1,1,1,1,0,1
0.01858984,1,0,1,1,0,1
0.01859116,1,1,1,1,0,1
0.01859332,1,0,1,1,0,1
0.01859448,1,1,1,1,0,1
0.01859964,1,0,1,1,0,1
0.01860084,1,1,1,1,0,1
0.018603,1,0,1,1,0,1
0.01860416,1,1,1,1,0,1
0.01860932,1,0,1,1,0,1
0.01861064,1,1,1,1,0,1
0.01861284,1,0,1,1,0,1
0.01861384,1,1,1,1,0,1
0.018619,1,0,1,1,0,1
0.01862032,1,1,1,1,0,1
0.01862248,1,0,1,1,0,1
0.01862348,1,1,1,1,0,1
0.01862864,1,0,1,1,0,1
0.01863,1,1,1,1,0,1
0.01863216,1,0,1,1,0,1
0.01863316,1,1,1,1,0,1
0.01863832,1,0,1,1,0,1
0.01863964,1,1,1,1,0,1
0.01864184,1,0,1,1,0,1
0.018643,1,1,1,1,0,1
0.01864816,1,0,1,1,0,1
0.01864932,1,1,1,1,0,1
0.01865148,1,0,1,1,0,1
0.01865264,1,1,1,1,0,1
0.0186578,1,0,1,1,0,1
0.01865916,1,1,1,1,0,1
0.01866132,1,0,1,1,0,1
0.01866232,1,1,1,1,0,1
0.01866748,1,0,1,1,0,1
0.0186688,1,1,1,1,0,1
0.018671,1,0,1,1,0,1
0.018672,1,1,1,1,0,1
0.01867716,1,0,1,1,0,1
0.01867848,1,1,1,1,0,1
0.01868064,1,0,1,1,0,1
0.01868164,1,1,1,1,0,1
0.0186868,1,0,1,1,0,1
0.01868816,1,1,1,1,0,1
0.01869032,1,0,1,1,0,1
0.01869148,1,1,1,1,0,1
0.01869664,1,0,1,1,0,1
0.0186978,1,1,1,1,0,1
0.0187,1,0,1,1,0,1
0.01870116,1,1,1,1,0,1
0.01870632,1,0,1,1,0,1
0.01870764,1,1,1,1,0,1
0.0187098,1,0,1,1,0,1
0.0187108,1,1,1,1,0,1
0.01871596,1,0,1,1,0,1
0.01871732,1,1,1,1,0,1
0.01871948,1,0,1,1,0,1
0.01872048,1,1,1,1,0,1
0.01872564,1,0,1,1,0,1
0.01872696,1,1,1,1,0,1
0.01872916,1,0,1,1,0,1
0.01873016,1,1,1,1,0,1
0.01873532,1,0,1,1,0,1
0.01873664,1,1,1,1,0,1
0.0187388,1,0,1,1,0,1
0.01873996,1,1,1,1,0,1
0.01874516,1,0,1,1,0,1
0.01874632,1,1,1,1,0,1
0.01874848,1,0,1,1,0,1
0.01874964,1,1,1,1,0,1
0.0187548,1,0,1,1,0,1
0.01875616,1,1,1,1,0,1
0.01875832,1,0,1,1,0,1
0.01875932,1,1,1,1,0,1
0.01876448,1,0,1,1,0,1
0.0187658,1,1,1,1,0,1
0.01876796,1,0,1,1,0,1
0.01876896,1,1,1,1,0,1
0.01877416,1,0,1,1,0,1
0.01877548,1,1,1,1,0,1
0.01877764,1,0,1,1,0,1
0.01877864,1,1,1,1,0,1
0.0187838,1,0,1,1,0,1
0.01878512,1,1,1,1,0,1
0.01878732,1,0,1,1,0,1
0.01878832,1,1,1,1,0,1
0.01879348,1,0,1,1,0,1
0.0187948,1,1,1,1,0,1
0.01879696,1,0,1,1,0,1
0.01879812,1,1,1,1,0,1
0.01880332,1,0,1,1,0,1
0.01880448,1,1,1,1,0,1
0.01880664,1,0,1,1,0,1
0.0188078,1,1,1,1,0,1
0.01881296,1,0,1,1,0,1
0.01881432,1,1,1,1,0,1
0.01881648,1,0,1,1,0,1
0.01881748,1,1,1,1,0,1
0.01882264,1,0,1,1,0,1
0.01882396,1,1,1,1,0,1
0.01882612,1,0,1,1,0,1
0.01882712,1,1,1,1,0,1
0.01883232,1,0,1,1,0,1
0.01883364,1,1,1,1,0,1
0.0188358,1,0,1,1,0,1
0.0188368,1,1,1,1,0,1
0.01884196,1,0,1,1,0,1
0.01884332,1,1,1,1,0,1
0.01884548,1,0,1,1,0,1
0.01884664,1,1,1,1,0,1
0.0188518,1,0,1,1,0,1
0.01885296,1,1,1,1,0,1
0.01885512,1,0,1,1,0,1
0.01885628,1,1,1,1,0,1
0.01886148,1,0,1,1,0,1
0.0188628,1,1,1,1,0,1
0.01886496,1,0,1,1,0,1
0.01886596,1,1,1,1,0,1
0.01887112,1,0,1,1,0,1
0.01887248,1,1,1,1,0,1
0.01887464,1,0,1,1,0,1
0.01887564,1,1,1,1,0,1
0.0188808,1,0,1,1,0,1
0.01888212,1,1,1,1,0,1
0.01888428,1,0,1,1,0,1
0.01888528,1,1,1,1,0,1
0.01889048,1,0,1,1,0,1
0.0188918,1,1,1,1,0,1
0.01889396,1,0,1,1,0,1
0.01889512,1,1,1,1,0,1
0.01890028,1,0,1,1,0,1
0.01890148,1,1,1,1,0,1
0.01890364,1,0,1,1,0,1
0.0189048,1,1,1,1,0,1
0.01890996,1,0,1,1,0,1
0.01891128,1,1,1,1,0,1
0.01891344,1,0,1,1,0,1
0.01891444,1,1,1,1,0,1
0.01891964,1,0,1,1,0,1
0.01892096,1,1,1,1,0,1
0.01892312,1,0,1,1,0,1
0.01892412,1,1,1,1,0,1
0.01892928,1,0,1,1,0,1
0.01893064,1,1,1,1,0,1
0.0189328,1,0,1,1,0,1
0.0189338,1,1,1,1,0,1
0.01893896,1,0,1,1,0,1
0.01894028,1,1,1,1,0,1
0.01894244,1,0,1,1,0,1
0.01894364,1,1,1,1,0,1
0.0189488,1,0,1,1,0,1
0.01894996,1,1,1,1,0,1
0.01895212,1,0,1,1,0,1
0.01895328,1,1,1,1,0,1
0.01895844,1,0,1,1,0,1
0.0189598,1,1,1,1,0,1
0.01896196,1,0,1,1,0,1
0.01896296,1,1,1,1,0,1
0.01896812,1,0,1,1,0,1
0.01896944,1,1,1,1,0,1
0.01897164,1,0,1,1,0,1
0.01897264,1,1,1,1,0,1
0.0189778,1,0,1,1,0,1
0.01897912,1,1,1,1,0,1
0.01898128,1,0,1,1,0,1
0.01898228,1,1,1,1,0,1
0.01898744,1,0,1,1,0,1
0.0189888,1,1,1,1,0,1
0.01899096,1,0,1,1,0,1
0.01899196,1,1,1,1,0,1
0.01899712,1,0,1,1,0,1
0.01899844,1,1,1,1,0,1
0.0190006,1,0,1,1,0,1
0.0190018,1,1,1,1,0,1
0.01900696,1,0,1,1,0,1
0.01900812,1,1,1,1,0,1
0.01901028,1,0,1,1,0,1
0.01901144,1,1,1,1,0,1
0.0190166,1,0,1,1,0,1
0.01901796,1,1,1,1,0,1
0.01902012,1,0,1,1,0,1
0.01902112,1,1,1,1,0,1
0.01902628,1,0,1,1,0,1
0.0190276,1,1,1,1,0,1
0.0190298,1,0,1,1,0,1
0.0190308,1,1,1,1,0,1
0.01903596,1,0,1,1,0,1
0.01903728,1,1,1,1,0,1
0.01903944,1,0,1,1,0,1
0.01904044,1,1,1,1,0,1
0.0190456,1,0,1,1,0,1
0.01904696,1,1,1,1,0,1
0.01904912,1,0,1,1,0,1
0.01905028,1,1,1,1,0,1
0.01905544,1,0,1,1,0,1
0.0190566,1,1,1,1,0,1
0.01905876,1,0,1,1,0,1
0.01905996,1,1,1,1,0,1
0.01906512,1,0,1,1,0,1
0.01906644,1,1,1,1,0,1
0.0190686,1,0,1,1,0,1
0.0190696,1,1,1,1,0,1
0.01907476,1,0,1,1,0,1
0.01907612,1,1,1,1,0,1
0.01907828,1,0,1,1,0,1
0.01907928,1,1,1,1,0,1
0.01908444,1,0,1,1,0,1
0.01908576,1,1,1,1,0,1
0.01908796,1,0,1,1,0,1
0.01908896,1,1,1,1,0,1
0.01909412,1,0,1,1,0,1
0.01909544,1,1,1,1,0,1
0.0190976,1,0,1,1,0,1
0.01909876,1,1,1,1,0,1
0.01910396,1,0,1,1,0,1
0.01910512,1,1,1,1,0,1
0.01910728,1,0,1,1,0,1
0.01910844,1,1,1,1,0,1
0.0191136,1,0,1,1,0,1
0.01911492,1,1,1,1,0,1
0.01911712,1,0,1,1,0,1
0.01911812,1,1,1,1,0,1
0.01912328,1,0,1,1,0,1
0.0191246,1,1,1,1,0,1
0.01912676,1,0,1,1,0,1
0.01912776,1,1,1,1,0,1
0.01913292,1,0,1,1,0,1
0.01913428,1,1,1,1,0,1
0.01913644,1,0,1,1,0,1
0.01913744,1,1,1,1,0,1
0.0191426,1,0,1,1,0,1
0.01914392,1,1,1,1,0,1
0.01914612,1,0,1,1,0,1
0.01914728,1,1,1,1,0,1
0.01915244,1,0,1,1,0,1
0.0191536,1,1,1,1,0,1
0.01915576,1,0,1,1,0,1
0.01915692,1,1,1,1,0,1
0.01916212,1,0,1,1,0,1
0.01916344,1,1,1,1,0,1
0.0191656,1,0,1,1,0,1
0.0191666,1,1,1,1,0,1
0.01917176,1,0,1,1,0,1
0.01917312,1,1,1,1,0,1
0.01917528,1,0,1,1,0,1
0.01917628,1,1,1,1,0,1
0.01918144,1,0,1,1,0,1
0.01918276,1,1,1,1,0,1
0.01918492,1,0,1,1,0,1
0.01918592,1,1,1,1,0,1
0.01919108,1,0,1,1,0,1
0.01919244,1,1,1,1,0,1
0.0191946,1,0,1,1,0,1
0.01919576,1,1,1,1,0,1
0.01920092,1,0,1,1,0,1
0.01920208,1,1,1,1,0,1
0.01920428,1,0,1,1,0,1
0.01920544,1,1,1,1,0,1
0.0192106,1,0,1,1,0,1
0.01921176,1,1,1,1,0,1
0.01921392,1,0,1,1,0,1
0.01921508,1,1,1,1,0,1
0.01922028,1,0,1,1,0,1
0.0192216,1,1,1,1,0,1
0.01922376,1,0,1,1,0,1
0.01922476,1,1,1,1,0,1
0.01922992,1,0,1,1,0,1
0.01923128,1,1,1,1,0,1
0.01923344,1,0,1,1,0,1
0.01923444,1,1,1,1,0,1
0.0192396,1,0,1,1,0,1
0.01924092,1,1,1,1,0,1
0.01924308,1,0,1,1,0,1
0.01924408,1,1,1,1,0,1
0.01924924,1,0,1,1,0,1
0.0192506,1,1,1,1,0,1
0.01925276,1,0,1,1,0,1
0.01925392,1,1,1,1,0,1
0.01925908,1,0,1,1,0,1
0.01926024,1,1,1,1,0,1
0.01926244,1,0,1,1,0,1
0.0192636,1,1,1,1,0,1
0.01926876,1,0,1,1,0,1
0.01927008,1,1,1,1,0,1
0.01927224,1,0,1,1,0,1
0.01927324,1,1,1,1,0,1
0.01927844,1,0,1,1,0,1
0.01927976,1,1,1,1,0,1
0.01928192,1,0,1,1,0,1
0.01928292,1,1,1,1,0,1
0.01928808,1,0,1,1,0,1
0.01928944,1,1,1,1,0,1
0.0192916,1,0,1,1,0,1
0.0192926,1,1,1,1,0,1
0.01929776,1,0,1,1,0,1
0.01929908,1,1,1,1,0,1
0.01930124,1,0,1,1,0,1
0.01930244,1,1,1,1,0,1
0.0193076,1,0,1,1,0,1
0.01930876,1,1,1,1,0,1
0.01931092,1,0,1,1,0,1
0.01931208,1,1,1,1,0,1
0.01931724,1,0,1,1,0,1
0.0193186,1,1,1,1,0,1
0.01932076,1,0,1,1,0,1
0.01932176,1,1,1,1,0,1
0.01932692,1,0,1,1,0,1
0.01932824,1,1,1,1,0,1
0.0193304,1,0,1,1,0,1
0.0193314,1,1,1,1,0,1
0.0193366,1,0,1,1,0,1
0.01933792,1,1,1,1,0,1
0.01934008,1,0,1,1,0,1
0.01934108,1,1,1,1,0,1
0.01934624,1,0,1,1,0,1
0.0193476,1,1,1,1,0,1
0.01934976,1,0,1,1,0,1
0.01935092,1,1,1,1,0,1
0.01935608,1,0,1,1,0,1
0.01935724,1,1,1,1,0,1
0.0193594,1,0,1,1,0,1
0.0193606,1,1,1,1,0,1
0.01936576,1,0,1,1,0,1
0.01936708,1,1,1,1,0,1
0.01936924,1,0,1,1,0,1
0.01937024,1,1,1,1,0,1
0.0193754,1,0,1,1,0,1
0.01937676,1,1,1,1,0,1
0.01937892,1,0,1,1,0,1
0.01937992,1,1,1,1,0,1
0.01938508,1,0,1,1,0,1
0.0193864,1,1,1,1,0,1
0.01938856,1,0,1,1,0,1
0.01938956,1,1,1,1,0,1
0.01939476,1,0,1,1,0,1
0.01939608,1,1,1,1,0,1
0.01939824,1,0,1,1,0,1
0.0193994,1,1,1,1,0,1
0.01940456,1,0,1,1,0,1
0.01940576,1,1,1,1,0,1
0.01940792,1,0,1,1,0,1
0.01940908,1,1,1,1,0,1
0.01941424,1,0,1,1,0,1
0.01941556,1,1,1,1,0,1
0.01941776,1,0,1,1,0,1
0.01941876,1,1,1,1,0,1
0.01942392,1,0,1,1,0,1
0.01942524,1,1,1,1,0,1
0.0194274,1,0,1,1,0,1
0.0194284,1,1,1,1,0,1
0.01943356,1,0,1,1,0,1
0.01943492,1,1,1,1,0,1
0.01943708,1,0,1,1,0,1
0.01943808,1,1,1,1,0,1
0.01944324,1,0,1,1,0,1
0.01944456,1,1,1,1,0,1
0.01944672,1,0,1,1,0,1
0.01944772,1,1,1,1,0,1
0.01945292,1,0,1,1,0,1
0.01945424,1,1,1,1,0,1
0.0194564,1,0,1,1,0,1
0.01945756,1,1,1,1,0,1
0.01946272,1,0,1,1,0,1
0.01946392,1,1,1,1,0,1
0.01946608,1,0,1,1,0,1
0.01946724,1,1,1,1,0,1
0.0194724,1,0,1,1,0,1
0.01947372,1,1,1,1,0,1
0.01947592,1,0,1,1,0,1
0.01947692,1,1,1,1,0,1
0.01948208,1,0,1,1,0,1
0.0194834,1,1,1,1,0,1
0.01948556,1,0,1,1,0,1
0.01948656,1,1,1,1,0,1
0.01949172,1,0,1,1,0,1
0.01949308,1,1,1,1,0,1
0.01949524,1,0,1,1,0,1
0.01949624,1,1,1,1,0,1
0.0195014,1,0,1,1,0,1
0.01950272,1,1,1,1,0,1
0.01950492,1,0,1,1,0,1
0.01950608,1,1,1,1,0,1
0.01951124,1,0,1,1,0,1
0.0195124,1,1,1,1,0,1
0.01951456,1,0,1,1,0,1
0.01951572,1,1,1,1,0,1
0.01952088,1,0,1,1,0,1
0.01952224,1,1,1,1,0,1
0.0195244,1,0,1,1,0,1
0.0195254,1,1,1,1,0,1
0.01953056,1,0,1,1,0,1
0.01953188,1,1,1,1,0,1
0.01953408,1,0,1,1,0,1
0.01953508,1,1,1,1,0,1
0.01954024,1,0,1,1,0,1
0.01954156,1,1,1,1,0,1
0.01954372,1,0,1,1,0,1
0.01954472,1,1,1,1,0,1
0.01954988,1,0,1,1,0,1
0.01955124,1,1,1,1,0,1
0.0195534,1,0,1,1,0,1
0.01955456,1,1,1,1,0,1
0.01955972,1,0,1,1,0,1
0.01956088,1,1,1,1,0,1
0.01956308,1,0,1,1,0,1
0.01956424,1,1,1,1,0,1
0.0195694,1,0,1,1,0,1
0.01957072,1,1,1,1,0,1
0.01957288,1,0,1,1,0,1
0.01957388,1,1,1,1,0,1
0.01957904,1,0,1,1,0,1
0.0195804,1,1,1,1,0,1
0.01958256,1,0,1,1,0,1
0.01958356,1,1,1,1,0,1
0.01958872,1,0,1,1,0,1
0.01959004,1,1,1,1,0,1
0.01959224,1,0,1,1,0,1
0.01959324,1,1,1,1,0,1
0.0195984,1,0,1,1,0,1
0.01959972,1,1,1,1,0,1
0.01960188,1,0,1,1,0,1
0.01960304,1,1,1,1,0,1
0.01960824,1,0,1,1,0,1
0.0196094,1,1,1,1,0,1
0.01961156,1,0,1,1,0,1
0.01961272,1,1,1,1,0,1
0.01961788,1,0,1,1,0,1
0.01961924,1,1,1,1,0,1
0.0196214,1,0,1,1,0,1
0.0196224,1,1,1,1,0,1
0.01962756,1,0,1,1,0,1
0.01962888,1,1,1,1,0,1
0.01963104,1,0,1,1,0,1
0.01963204,1,1,1,1,0,1
0.01963724,1,0,1,1,0,1
0.01963856,1,1,1,1,0,1
0.01964072,1,0,1,1,0,1
0.01964172,1,1,1,1,0,1
0.01964688,1,0,1,1,0,1
0.0196482,1,1,1,1,0,1
0.0196504,1,0,1,1,0,1
0.0196514,1,1,1,1,0,1
0.01965656,1,0,1,1,0,1
0.01965788,1,1,1,1,0,1
0.01966004,1,0,1,1,0,1
0.0196612,1,1,1,1,0,1
0.0196664,1,0,1,1,0,1
0.01966756,1,1,1,1,0,1
0.01966972,1,0,1,1,0,1
0.01967088,1,1,1,1,0,1
0.01967604,1,0,1,1,0,1
0.0196774,1,1,1,1,0,1
0.01967956,1,0,1,1,0,1
0.01968056,1,1,1,1,0,1
0.01968572,1,0,1,1,0,1
0.01968704,1,1,1,1,0,1
0.0196892,1,0,1,1,0,1
0.0196902,1,1,1,1,0,1
0.0196954,1,0,1,1,0,1
0.01969672,1,1,1,1,0,1
0.01969888,1,0,1,1,0,1
0.01969988,1,1,1,1,0,1
0.01970504,1,0,1,1,0,1
0.01970636,1,1,1,1,0,1
0.01970856,1,0,1,1,0,1
0.01970972,1,1,1,1,0,1
0.01971488,1,0,1,1,0,1
0.01971604,1,1,1,1,0,1
0.0197182,1,0,1,1,0,1
0.01971936,1,1,1,1,0,1
0.01972456,1,0,1,1,0,1
0.01972588,1,1,1,1,0,1
0.01972804,1,0,1,1,0,1
0.01972904,1,1,1,1,0,1
0.0197342,1,0,1,1,0,1
0.01973556,1,1,1,1,0,1
0.01973772,1,0,1,1,0,1
0.01973872,1,1,1,1,0,1
0.01974388,1,0,1,1,0,1
0.0197452,1,1,1,1,0,1
0.01974736,1,0,1,1,0,1
0.01974836,1,1,1,1,0,1
0.01975356,1,0,1,1,0,1
0.01975488,1,1,1,1,0,1
0.01975704,1,0,1,1,0,1
0.0197582,1,1,1,1,0,1
0.01976336,1,0,1,1,0,1
0.01976456,1,1,1,1,0,1
0.01976672,1,0,1,1,0,1
0.01976788,1,1,1,1,0,1
0.01977304,1,0,1,1,0,1
0.01977436,1,1,1,1,0,1
0.01977652,1,0,1,1,0,1
0.01977752,1,1,1,1,0,1
0.01978272,1,0,1,1,0,1
0.01978404,1,1,1,1,0,1
0.0197862,1,0,1,1,0,1
0.0197872,1,1,1,1,0,1
0.01979236,1,0,1,1,0,1
0.01979372,1,1,1,1,0,1
0.01979588,1,0,1,1,0,1
0.01979688,1,1,1,1,0,1
0.01980204,1,0,1,1,0,1
0.01980336,1,1,1,1,0,1
0.01980552,1,0,1,1,0,1
0.01980672,1,1,1,1,0,1
0.01981188,1,0,1,1,0,1
0.01981304,1,1,1,1,0,1
0.0198152,1,0,1,1,0,1
0.01981636,1,1,1,1,0,1
0.01982152,1,0,1,1,0,1
0.01982288,1,1,1,1,0,1
0.01982504,1,0,1,1,0,1
0.01982604,1,1,1,1,0,1
0.0198312,1,0,1,1,0,1
0.01983252,1,1,1,1,0,1
0.01983472,1,0,1,1,0,1
0.01983572,1,1,1,1,0,1
0.01984088,1,0,1,1,0,1
0.0198422,1,1,1,1,0,1
0.01984436,1,0,1,1,0,1
0.01984536,1,1,1,1,0,1
0.01985052,1,0,1,1,0,1
0.01985188,1,1,1,1,0,1
0.01985404,1,0,1,1,0,1
0.01985504,1,1,1,1,0,1
0.0198602,1,0,1,1,0,1
0.01986152,1,1,1,1,0,1
0.01986368,1,0,1,1,0,1
0.01986488,1,1,1,1,0,1
0.01987004,1,0,1,1,0,1
0.0198712,1,1,1,1,0,1
0.01987336,1,0,1,1,0,1
0.01987452,1,1,1,1,0,1
0.01987968,1,0,1,1,0,1
0.01988104,1,1,1,1,0,1
0.0198832,1,0,1,1,0,1
0.0198842,1,1,1,1,0,1
0.01988936,1,0,1,1,0,1
0.01989068,1,1,1,1,0,1
0.01989288,1,0,1,1,0,1
0.01989388,1,1,1,1,0,1
0.01989904,1,0,1,1,0,1
0.01990036,1,1,1,1,0,1
0.01990252,1,0,1,1,0,1
0.01990352,1,1,1,1,0,1
0.01990868,1,0,1,1,0,1
0.01991004,1,1,1,1,0,1
0.0199122,1,0,1,1,0,1
0.01991336,1,1,1,1,0,1
0.01991852,1,0,1,1,0,1
0.01991968,1,1,1,1,0,1
0.01992184,1,0,1,1,0,1
0.01992304,1,1,1,1,0,1
0.0199282,1,0,1,1,0,1
0.01992952,1,1,1,1,0,1
0.01993168,1,0,1,1,0,1
0.01993268,1,1,1,1,0,1
0.01993784,1,0,1,1,0,1
0.0199392,1,1,1,1,0,1
0.01994136,1,0,1,1,0,1
0.01994236,1,1,1,1,0,1
0.01994752,1,0,1,1,0,1
0.01994884,1,1,1,1,0,1
0.01995104,1,0,1,1,0,1
0.01995204,1,1,1,1,0,1
0.0199572,1,0,1,1,0,1
0.01995852,1,1,1,1,0,1
0.01996068,1,0,1,1,0,1
0.01996184,1,1,1,1,0,1
0.01996704,1,0,1,1,0,1
0.0199682,1,1,1,1,0,1
0.01997036,1,0,1,1,0,1
0.01997152,1,1,1,1,0,1
0.01997668,1,0,1,1,0,1
0.019978,1,1,1,1,0,1
0.0199802,1,0,1,1,0,1
0.0199812,1,1,1,1,0,1
0.01998636,1,0,1,1,0,1
0.01998768,1,1,1,1,0,1
0.01998984,1,0,1,1,0,1
0.01999084,1,1,1,1,0,1
0.019996,1,0,1,1,0,1
0.01999736,1,1,1,1,0,1
0.01999952,1,0,1,1,0,1
0.02000052,1,1,1,1,0,1
0.02000568,1,0,1,1,0,1
0.020007,1,1,1,1,0,1
0.0200092,1,0,1,1,0,1
0.02001036,1,1,1,1,0,1
0.02001552,1,0,1,1,0,1
0.02001668,1,1,1,1,0,1
0.02001884,1,0,1,1,0,1
0.02002,1,1,1,1,0,1
0.0200252,1,0,1,1,0,1
0.02002652,1,1,1,1,0,1
0.02002868,1,0,1,1,0,1
0.02002968,1,1,1,1,0,1
0.02003484,1,0,1,1,0,1
0.02003616,1,1,1,1,0,1
0.02003836,1,0,1,1,0,1
0.02003936,1,1,1,1,0,1
0.02004452,1,0,1,1,0,1
0.02004584,1,1,1,1,0,1
0.020048,1,0,1,1,0,1
0.020049,1,1,1,1,0,1
0.02005416,1,0,1,1,0,1
0.02005552,1,1,1,1,0,1
0.02005768,1,0,1,1,0,1
0.02005868,1,1,1,1,0,1
0.02006384,1,0,1,1,0,1
0.02006516,1,1,1,1,0,1
0.02006736,1,0,1,1,0,1
0.02006852,1,1,1,1,0,1
0.02007368,1,0,1,1,0,1
0.02007484,1,1,1,1,0,1
0.020077,1,0,1,1,0,1
0.02007816,1,1,1,1,0,1
0.02008336,1,0,1,1,0,1
0.02008468,1,1,1,1,0,1
0.02008684,1,0,1,1,0,1
0.02008784,1,1,1,1,0,1
0.020093,1,0,1,1,0,1
0.02009436,1,1,1,1,0,1
0.02009652,1,0,1,1,0,1
0.02009752,1,1,1,1,0,1
0.02010268,1,0,1,1,0,1
0.020104,1,1,1,1,0,1
0.02010616,1,0,1,1,0,1
0.02010716,1,1,1,1,0,1
0.02011232,1,0,1,1,0,1
0.02011368,1,1,1,1,0,1
0.02011584,1,0,1,1,0,1
0.020117,1,1,1,1,0,1
0.02012216,1,0,1,1,0,1
0.02012332,1,1,1,1,0,1
0.02012552,1,0,1,1,0,1
0.02012668,1,1,1,1,0,1
0.02013184,1,0,1,1,0,1
0.02013316,1,1,1,1,0,1
0.02013532,1,0,1,1,0,1
0.02013632,1,1,1,1,0,1
0.02014152,1,0,1,1,0,1
0.02014284,1,1,1,1,0,1
0.020145,1,0,1,1,0,1
0.020146,1,1,1,1,0,1
0.02015116,1,0,1,1,0,1
0.02015252,1,1,1,1,0,1
0.02015468,1,0,1,1,0,1
0.02015568,1,1,1,1,0,1
0.02016084,1,0,1,1,0,1
0.02016216,1,1,1,1,0,1
0.02016432,1,0,1,1,0,1
0.02016548,1,1,1,1,0,1
0.02017068,1,0,1,1,0,1
0.02017184,1,1,1,1,0,1
0.020174,1,0,1,1,0,1
0.02017516,1,1,1,1,0,1
0.02018032,1,0,1,1,0,1
0.02018168,1,1,1,1,0,1
0.02018384,1,0,1,1,0,1
0.02018484,1,1,1,1,0,1
0.02019,1,0,1,1,0,1
0.02019132,1,1,1,1,0,1
0.02019348,1,0,1,1,0,1
0.02019448,1,1,1,1,0,1
0.02019968,1,0,1,1,0,1
0.020201,1,1,1,1,0,1
0.02020316,1,0,1,1,0,1
0.02020416,1,1,1,1,0,1
0.02020932,1,0,1,1,0,1
0.02021068,1,1,1,1,0,1
0.02021284,1,0,1,1,0,1
0.020214,1,1,1,1,0,1
0.02021916,1,0,1,1,0,1
0.02022032,1,1,1,1,0,1
0.02022248,1,0,1,1,0,1
0.02022368,1,1,1,1,0,1
0.02022884,1,0,1,1,0,1
0.02023016,1,1,1,1,0,1
0.02023232,1,0,1,1,0,1
0.02023332,1,1,1,1,0,1
0.02023848,1,0,1,1,0,1
0.02023984,1,1,1,1,0,1
0.020242,1,0,1,1,0,1
0.020243,1,1,1,1,0,1
0.02024816,1,0,1,1,0,1
0.02024948,1,1,1,1,0,1
0.02025164,1,0,1,1,0,1
0.02025264,1,1,1,1,0,1
0.02025784,1,0,1,1,0,1
0.02025916,1,1,1,1,0,1
0.02026132,1,0,1,1,0,1
0.02026248,1,1,1,1,0,1
0.02026764,1,0,1,1,0,1
0.02026884,1,1,1,1,0,1
0.020271,1,0,1,1,0,1
0.02027216,1,1,1,1,0,1
0.02027732,1,0,1,1,0,1
0.02027848,1,1,1,1,0,1
0.02028064,1,0,1,1,0,1
0.02028184,1,1,1,1,0,1
0.020287,1,0,1,1,0,1
0.02028832,1,1,1,1,0,1
0.02029048,1,0,1,1,0,1
0.02029148,1,1,1,1,0,1
0.02029664,1,0,1,1,0,1
0.020298,1,1,1,1,0,1
0.02030016,1,0,1,1,0,1
0.02030116,1,1,1,1,0,1
0.02030632,1,0,1,1,0,1
0.02030764,1,1,1,1,0,1
0.0203098,1,0,1,1,0,1
0.0203108,1,1,1,1,0,1
0.020316,1,0,1,1,0,1
0.02031732,1,1,1,1,0,1
0.02031948,1,0,1,1,0,1
0.02032064,1,1,1,1,0,1
0.0203258,1,0,1,1,0,1
0.020327,1,1,1,1,0,1
0.02032916,1,0,1,1,0,1
0.02033032,1,1,1,1,0,1
0.02033548,1,0,1,1,0,1
0.0203368,1,1,1,1,0,1
0.020339,1,0,1,1,0,1
0.02034,1,1,1,1,0,1
0.02034516,1,0,1,1,0,1
0.02034648,1,1,1,1,0,1
0.02034864,1,0,1,1,0,1
0.02034964,1,1,1,1,0,1
0.0203548,1,0,1,1,0,1
0.02035616,1,1,1,1,0,1
0.02035832,1,0,1,1,0,1
0.02035932,1,1,1,1,0,1
0.02036448,1,0,1,1,0,1
0.0203658,1,1,1,1,0,1
0.02036796,1,0,1,1,0,1
0.02036916,1,1,1,1,0,1
0.02037432,1,0,1,1,0,1
0.02037548,1,1,1,1,0,1
0.02037764,1,0,1,1,0,1
0.0203788,1,1,1,1,0,1
0.02038396,1,0,1,1,0,1
0.02038532,1,1,1,1,0,1
0.02038748,1,0,1,1,0,1
0.02038848,1,1,1,1,0,1
0.02039364,1,0,1,1,0,1
0.02039496,1,1,1,1,0,1
0.02039716,1,0,1,1,0,1
0.02039816,1,1,1,1,0,1
0.02040332,1,0,1,1,0,1
0.02040464,1,1,1,1,0,1
0.0204068,1,0,1,1,0,1
0.0204078,1,1,1,1,0,1
0.02041296,1,0,1,1,0,1
0.02041432,1,1,1,1,0,1
0.02041648,1,0,1,1,0,1
0.02041764,1,1,1,1,0,1
0.0204228,1,0,1,1,0,1
0.02042396,1,1,1,1,0,1
0.02042616,1,0,1,1,0,1
0.02042732,1,1,1,1,0,1
0.02043248,1,0,1,1,0,1
0.0204338,1,1,1,1,0,1
0.02043596,1,0,1,1,0,1
0.02043696,1,1,1,1,0,1
0.02044212,1,0,1,1,0,1
0.02044348,1,1,1,1,0,1
0.02044564,1,0,1,1,0,1
0.02044664,1,1,1,1,0,1
0.0204518,1,0,1,1,0,1
0.02045312,1,1,1,1,0,1
0.02045532,1,0,1,1,0,1
0.02045632,1,1,1,1,0,1
0.02046148,1,0,1,1,0,1
0.0204628,1,1,1,1,0,1
0.02046496,1,0,1,1,0,1
0.02046612,1,1,1,1,0,1
0.02047132,1,0,1,1,0,1
0.02047248,1,1,1,1,0,1
0.02047464,1,0,1,1,0,1
0.0204758,1,1,1,1,0,1
0.02048096,1,0,1,1,0,1
0.02048232,1,1,1,1,0,1
0.02048448,1,0,1,1,0,1
0.02048548,1,1,1,1,0,1
0.02049064,1,0,1,1,0,1
0.02049196,1,1,1,1,0,1
0.02049412,1,0,1,1,0,1
0.02049512,1,1,1,1,0,1
0.02050032,1,0,1,1,0,1
0.02050164,1,1,1,1,0,1
0.0205038,1,0,1,1,0,1
0.0205048,1,1,1,1,0,1
0.02050996,1,0,1,1,0,1
0.02051128,1,1,1,1,0,1
0.02051348,1,0,1,1,0,1
0.02051448,1,1,1,1,0,1
0.02051964,1,0,1,1,0,1
0.02052096,1,1,1,1,0,1
0.02052312,1,0,1,1,0,1
0.02052428,1,1,1,1,0,1
0.02052948,1,0,1,1,0,1
0.02053064,1,1,1,1,0,1
0.0205328,1,0,1,1,0,1
0.02053396,1,1,1,1,0,1
0.02053912,1,0,1,1,0,1
0.02054048,1,1,1,1,0,1
0.02054264,1,0,1,1,0,1
0.02054364,1,1,1,1,0,1
0.0205488,1,0,1,1,0,1
0.02055012,1,1,1,1,0,1
0.02055228,1,0,1,1,0,1
0.02055328,1,1,1,1,0,1
0.02055848,1,0,1,1,0,1
0.0205598,1,1,1,1,0,1
0.02056196,1,0,1,1,0,1
0.02056296,1,1,1,1,0,1
0.02056812,1,0,1,1,0,1
0.02056944,1,1,1,1,0,1
0.02057164,1,0,1,1,0,1
0.0205728,1,1,1,1,0,1
0.02057796,1,0,1,1,0,1
0.02057912,1,1,1,1,0,1
0.02058128,1,0,1,1,0,1
0.02058244,1,1,1,1,0,1
0.02058764,1,0,1,1,0,1
0.02058896,1,1,1,1,0,1
0.02059112,1,0,1,1,0,1
0.02059212,1,1,1,1,0,1
0.02059728,1,0,1,1,0,1
0.02059864,1,1,1,1,0,1
0.0206008,1,0,1,1,0,1
0.0206018,1,1,1,1,0,1
0.02060696,1,0,1,1,0,1
0.02060828,1,1,1,1,0,1
0.02061044,1,0,1,1,0,1
0.02061144,1,1,1,1,0,1
0.02061664,1,0,1,1,0,1
0.02061796,1,1,1,1,0,1
0.02062012,1,0,1,1,0,1
0.02062128,1,1,1,1,0,1
0.02062644,1,0,1,1,0,1
0.02062764,1,1,1,1,0,1
0.0206298,1,0,1,1,0,1
0.02063096,1,1,1,1,0,1
0.02063612,1,0,1,1,0,1
0.02063744,1,1,1,1,0,1
0.0206396,1,0,1,1,0,1
0.0206406,1,1,1,1,0,1
0.0206458,1,0,1,1,0,1
0.02064712,1,1,1,1,0,1
0.02064928,1,0,1,1,0,1
0.02065028,1,1,1,1,0,1
0.02065544,1,0,1,1,0,1
0.0206568,1,1,1,1,0,1
0.02065896,1,0,1,1,0,1
0.02065996,1,1,1,1,0,1
0.02066512,1,0,1,1,0,1
0.02066644,1,1,1,1,0,1
0.0206686,1,0,1,1,0,1
0.0206698,1,1,1,1,0,1
0.02067496,1,0,1,1,0,1
0.02067612,1,1,1,1,0,1
0.02067828,1,0,1,1,0,1
0.02067944,1,1,1,1,0,1
0.0206846,1,0,1,1,0,1
0.02068596,1,1,1,1,0,1
0.02068812,1,0,1,1,0,1
0.02068912,1,1,1,1,0,1
0.02069428,1,0,1,1,0,1
0.0206956,1,1,1,1,0,1
0.0206978,1,0,1,1,0,1
0.02069876,1,1,1,1,0,1
0.02070396,1,0,1,1,0,1
0.02070528,1,1,1,1,0,1
0.02070744,1,0,1,1,0,1
0.02070844,1,1,1,1,0,1
0.0207136,1,0,1,1,0,1
0.02071496,1,1,1,1,0,1
0.02071712,1,0,1,1,0,1
0.02071812,1,1,1,1,0,1
0.02072328,1,0,1,1,0,1
0.0207246,1,1,1,1,0,1
0.02072676,1,0,1,1,0,1
0.02072796,1,1,1,1,0,1
0.02073312,1,0,1,1,0,1
0.02073428,1,1,1,1,0,1
0.02073644,1,0,1,1,0,1
0.0207376,1,1,1,1,0,1
0.02074276,1,0,1,1,0,1
0.02074412,1,1,1,1,0,1
0.02074628,1,0,1,1,0,1
0.02074728,1,1,1,1,0,1
0.02075244,1,0,1,1,0,1
0.02075376,1,1,1,1,0,1
0.02075596,1,0,1,1,0,1
0.02075696,1,1,1,1,0,1
0.02076212,1,0,1,1,0,1
0.02076344,1,1,1,1,0,1
0.0207656,1,0,1,1,0,1
0.0207666,1,1,1,1,0,1
0.02077176,1,0,1,1,0,1
0.02077312,1,1,1,1,0,1
0.02077528,1,0,1,1,0,1
0.02077644,1,1,1,1,0,1
0.0207816,1,0,1,1,0,1
0.02078276,1,1,1,1,0,1
0.02078492,1,0,1,1,0,1
0.02078612,1,1,1,1,0,1
0.02079128,1,0,1,1,0,1
0.0207926,1,1,1,1,0,1
0.02079476,1,0,1,1,0,1
0.02079576,1,1,1,1,0,1
0.02080092,1,0,1,1,0,1
0.02080228,1,1,1,1,0,1
0.02080444,1,0,1,1,0,1
0.02080544,1,1,1,1,0,1
0.0208106,1,0,1,1,0,1
0.02081192,1,1,1,1,0,1
0.02081412,1,0,1,1,0,1
0.02081512,1,1,1,1,0,1
0.02082028,1,0,1,1,0,1
0.0208216,1,1,1,1,0,1
0.02082376,1,0,1,1,0,1
0.02082492,1,1,1,1,0,1
0.02083008,1,0,1,1,0,1
0.02083128,1,1,1,1,0,1
0.02083344,1,0,1,1,0,1
0.0208346,1,1,1,1,0,1
0.02083976,1,0,1,1,0,1
0.02084108,1,1,1,1,0,1
0.02084328,1,0,1,1,0,1
0.02084428,1,1,1,1,0,1
0.02084944,1,0,1,1,0,1
0.02085076,1,1,1,1,0,1
0.02085292,1,0,1,1,0,1
0.02085392,1,1,1,1,0,1
0.02085908,1,0,1,1,0,1
0.02086044,1,1,1,1,0,1
0.0208626,1,0,1,1,0,1
0.0208636,1,1,1,1,0,1
0.02086876,1,0,1,1,0,1
0.02087008,1,1,1,1,0,1
0.02087228,1,0,1,1,0,1
0.02087344,1,1,1,1,0,1
0.0208786,1,0,1,1,0,1
0.02087976,1,1,1,1,0,1
0.02088192,1,0,1,1,0,1
0.02088308,1,1,1,1,0,1
0.02088828,1,0,1,1,0,1
0.0208896,1,1,1,1,0,1
0.02089176,1,0,1,1,0,1
0.02089276,1,1,1,1,0,1
0.02089792,1,0,1,1,0,1
0.02089924,1,1,1,1,0,1
0.02090144,1,0,1,1,0,1
0.02090244,1,1,1,1,0,1
0.0209076,1,0,1,1,0,1
0.02090892,1,1,1,1,0,1
0.02091108,1,0,1,1,0,1
0.02091208,1,1,1,1,0,1
0.02091724,1,0,1,1,0,1
0.0209186,1,1,1,1,0,1
0.02092076,1,0,1,1,0,1
0.02092176,1,1,1,1,0,1
0.02092692,1,0,1,1,0,1
0.02092824,1,1,1,1,0,1
0.02093044,1,0,1,1,0,1
0.0209316,1,1,1,1,0,1
0.02093676,1,0,1,1,0,1
0.02093792,1,1,1,1,0,1
0.02094008,1,0,1,1,0,1
0.02094124,1,1,1,1,0,1
0.02094644,1,0,1,1,0,1
0.02094776,1,1,1,1,0,1
0.02094992,1,0,1,1,0,1
0.02095092,1,1,1,1,0,1
0.02095608,1,0,1,1,0,1
0.02095744,1,1,1,1,0,1
0.0209596,1,0,1,1,0,1
0.0209606,1,1,1,1,0,1
0.02096576,1,0,1,1,0,1
0.02096708,1,1,1,1,0,1
0.02096924,1,0,1,1,0,1
0.02097024,1,1,1,1,0,1
0.0209754,1,0,1,1,0,1
0.02097676,1,1,1,1,0,1
0.02097892,1,0,1,1,0,1
0.02098008,1,1,1,1,0,1
0.02098524,1,0,1,1,0,1
0.0209864,1,1,1,1,0,1
0.0209886,1,0,1,1,0,1
0.02098976,1,1,1,1,0,1
0.02099492,1,0,1,1,0,1
0.02099624,1,1,1,1,0,1
0.0209984,1,0,1,1,0,1
0.0209994,1,1,1,1,0,1
0.0210046,1,0,1,1,0,1
0.02100592,1,1,1,1,0,1
0.02100808,1,0,1,1,0,1
0.02100908,1,1,1,1,0,1
0.02101424,1,0,1,1,0,1
0.0210156,1,1,1,1,0,1
0.02101776,1,0,1,1,0,1
0.02101876,1,1,1,1,0,1
0.02102392,1,0,1,1,0,1
0.02102524,1,1,1,1,0,1
0.0210274,1,0,1,1,0,1
0.02102856,1,1,1,1,0,1
0.02103376,1,0,1,1,0,1
0.02103492,1,1,1,1,0,1
0.02103708,1,0,1,1,0,1
0.02103824,1,1,1,1,0,1
0.0210434,1,0,1,1,0,1
0.02104476,1,1,1,1,0,1
0.02104692,1,0,1,1,0,1
0.02104792,1,1,1,1,0,1
0.02105308,1,0,1,1,0,1
0.0210544,1,1,1,1,0,1
0.02105656,1,0,1,1,0,1
0.02105756,1,1,1,1,0,1
0.02106276,1,0,1,1,0,1
0.02106408,1,1,1,1,0,1
0.02106624,1,0,1,1,0,1
0.02106724,1,1,1,1,0,1
0.0210724,1,0,1,1,0,1
0.02107376,1,1,1,1,0,1
0.02107592,1,0,1,1,0,1
0.02107708,1,1,1,1,0,1
0.02108224,1,0,1,1,0,1
0.0210834,1,1,1,1,0,1
0.02108556,1,0,1,1,0,1
0.02108676,1,1,1,1,0,1
0.02109192,1,0,1,1,0,1
0.02109324,1,1,1,1,0,1
0.0210954,1,0,1,1,0,1
0.0210964,1,1,1,1,0,1
0.02110156,1,0,1,1,0,1
0.02110292,1,1,1,1,0,1
0.02110508,1,0,1,1,0,1
0.02110608,1,1,1,1,0,1
0.02111124,1,0,1,1,0,1
0.02111256,1,1,1,1,0,1
0.02111472,1,0,1,1,0,1
0.02111572,1,1,1,1,0,1
0.02112092,1,0,1,1,0,1
0.02112224,1,1,1,1,0,1
0.0211244,1,0,1,1,0,1
0.02112556,1,1,1,1,0,1
0.02113072,1,0,1,1,0,1
0.02113192,1,1,1,1,0,1
0.02113408,1,0,1,1,0,1
0.02113524,1,1,1,1,0,1
0.0211404,1,0,1,1,0,1
0.02114156,1,1,1,1,0,1
0.02114372,1,0,1,1,0,1
0.02114492,1,1,1,1,0,1
0.02115008,1,0,1,1,0,1
0.0211514,1,1,1,1,0,1
0.02115356,1,0,1,1,0,1
0.02115456,1,1,1,1,0,1
0.02115972,1,0,1,1,0,1
0.02116108,1,1,1,1,0,1
0.02116324,1,0,1,1,0,1
0.02116424,1,1,1,1,0,1
0.0211694,1,0,1,1,0,1
0.02117072,1,1,1,1,0,1
0.02117288,1,0,1,1,0,1
0.02117388,1,1,1,1,0,1
0.02117908,1,0,1,1,0,1
0.0211804,1,1,1,1,0,1
0.02118256,1,0,1,1,0,1
0.02118372,1,1,1,1,0,1
0.02118888,1,0,1,1,0,1
0.02119008,1,1,1,1,0,1
0.02119224,1,0,1,1,0,1
0.0211934,1,1,1,1,0,1
0.02119856,1,0,1,1,0,1
0.02119988,1,1,1,1,0,1
0.02120208,1,0,1,1,0,1
0.02120308,1,1,1,1,0,1
0.02120824,1,0,1,1,0,1
0.02120956,1,1,1,1,0,1
0.02121172,1,0,1,1,0,1
0.02121272,1,1,1,1,0,1
0.02121788,1,0,1,1,0,1
0.02121924,1,1,1,1,0,1
0.0212214,1,0,1,1,0,1
0.0212224,1,1,1,1,0,1
0.02122756,1,0,1,1,0,1
0.02122888,1,1,1,1,0,1
0.02123104,1,0,1,1,0,1
0.02123224,1,1,1,1,0,1
0.0212374,1,0,1,1,0,1
0.02123856,1,1,1,1,0,1
0.02124072,1,0,1,1,0,1
0.02124188,1,1,1,1,0,1
0.02124704,1,0,1,1,0,1
0.0212484,1,1,1,1,0,1
0.02125056,1,0,1,1,0,1
0.02125156,1,1,1,1,0,1
0.02125672,1,0,1,1,0,1
0.02125804,1,1,1,1,0,1
0.02126024,1,0,1,1,0,1
0.02126124,1,1,1,1,0,1
0.0212664,1,0,1,1,0,1
0.02126772,1,1,1,1,0,1
0.02126988,1,0,1,1,0,1
0.02127088,1,1,1,1,0,1
0.02127604,1,0,1,1,0,1
0.0212774,1,1,1,1,0,1
0.02127956,1,0,1,1,0,1
0.02128072,1,1,1,1,0,1
0.02128588,1,0,1,1,0,1
0.02128704,1,1,1,1,0,1
0.02128924,1,0,1,1,0,1
0.0212904,1,1,1,1,0,1
0.02129556,1,0,1,1,0,1
0.02129688,1,1,1,1,0,1
0.02129904,1,0,1,1,0,1
0.02130004,1,1,1,1,0,1
0.0213052,1,0,1,1,0,1
0.02130656,1,1,1,1,0,1
0.02130872,1,0,1,1,0,1
0.02130972,1,1,1,1,0,1
0.02131488,1,0,1,1,0,1
0.0213162,1,1,1,1,0,1
0.0213184,1,0,1,1,0,1
0.0213194,1,1,1,1,0,1
0.02132456,1,0,1,1,0,1
0.02132588,1,1,1,1,0,1
0.02132804,1,0,1,1,0,1
0.0213292,1,1,1,1,0,1
0.0213344,1,0,1,1,0,1
0.02133556,1,1,1,1,0,1
0.02133772,1,0,1,1,0,1
0.02133888,1,1,1,1,0,1
0.02134404,1,0,1,1,0,1
0.0213454,1,1,1,1,0,1
0.02134756,1,0,1,1,0,1
0.02134856,1,1,1,1,0,1
0.02135372,1,0,1,1,0,1
0.02135504,1,1,1,1,0,1
0.0213572,1,0,1,1,0,1
0.0213582,1,1,1,1,0,1
0.02136336,1,0,1,1,0,1
0.02136472,1,1,1,1,0,1
0.02136688,1,0,1,1,0,1
0.02136788,1,1,1,1,0,1
0.02137304,1,0,1,1,0,1
0.02137436,1,1,1,1,0,1
0.02137656,1,0,1,1,0,1
0.02137756,1,1,1,1,0,1
0.02138272,1,0,1,1,0,1
0.02138404,1,1,1,1,0,1
0.0213862,1,0,1,1,0,1
0.02138736,1,1,1,1,0,1
0.02139256,1,0,1,1,0,1
0.02139372,1,1,1,1,0,1
0.02139588,1,0,1,1,0,1
0.02139704,1,1,1,1,0,1
0.0214022,1,0,1,1,0,1
0.02140356,1,1,1,1,0,1
0.02140572,1,0,1,1,0,1
0.02140672,1,1,1,1,0,1
0.02141188,1,0,1,1,0,1
0.0214132,1,1,1,1,0,1
0.02141536,1,0,1,1,0,1
0.02141636,1,1,1,1,0,1
0.02142156,1,0,1,1,0,1
0.02142288,1,1,1,1,0,1
0.02142504,1,0,1,1,0,1
0.02142604,1,1,1,1,0,1
0.0214312,1,0,1,1,0,1
0.02143252,1,1,1,1,0,1
0.02143472,1,0,1,1,0,1
0.02143588,1,1,1,1,0,1
0.02144104,1,0,1,1,0,1
0.0214422,1,1,1,1,0,1
0.02144436,1,0,1,1,0,1
0.02144552,1,1,1,1,0,1
0.02145072,1,0,1,1,0,1
0.02145204,1,1,1,1,0,1
0.0214542,1,0,1,1,0,1
0.0214552,1,1,1,1,0,1
0.02146036,1,0,1,1,0,1
0.02146172,1,1,1,1,0,1
0.02146388,1,0,1,1,0,1
0.02146488,1,1,1,1,0,1
0.02147004,1,0,1,1,0,1
0.02147136,1,1,1,1,0,1
0.02147352,1,0,1,1,0,1
0.02147452,1,1,1,1,0,1
0.02147972,1,0,1,1,0,1
0.02148104,1,1,1,1,0,1
0.0214832,1,0,1,1,0,1
0.02148436,1,1,1,1,0,1
0.02148952,1,0,1,1,0,1
0.02149072,1,1,1,1,0,1
0.02149288,1,0,1,1,0,1
0.02149404,1,1,1,1,0,1
0.0214992,1,0,1,1,0,1
0.02150052,1,1,1,1,0,1
0.02150268,1,0,1,1,0,1
0.02150368,1,1,1,1,0,1
0.02150888,1,0,1,1,0,1
0.0215102,1,1,1,1,0,1
0.02151236,1,0,1,1,0,1
0.02151336,1,1,1,1,0,1
0.02151852,1,0,1,1,0,1
0.02151988,1,1,1,1,0,1
0.02152204,1,0,1,1,0,1
0.02152304,1,1,1,1,0,1
0.0215282,1,0,1,1,0,1
0.02152952,1,1,1,1,0,1
0.02153168,1,0,1,1,0,1
0.02153288,1,1,1,1,0,1
0.02153804,1,0,1,1,0,1
0.0215392,1,1,1,1,0,1
0.02154136,1,0,1,1,0,1
0.02154252,1,1,1,1,0,1
0.02154768,1,0,1,1,0,1
0.02154904,1,1,1,1,0,1
0.0215512,1,0,1,1,0,1
0.0215522,1,1,1,1,0,1
0.02155736,1,0,1,1,0,1
0.02155868,1,1,1,1,0,1
0.02156084,1,0,1,1,0,1
0.02156184,1,1,1,1,0,1
0.02156704,1,0,1,1,0,1
0.02156836,1,1,1,1,0,1
0.02157052,1,0,1,1,0,1
0.02157152,1,1,1,1,0,1
0.02157668,1,0,1,1,0,1
0.02157804,1,1,1,1,0,1
0.0215802,1,0,1,1,0,1
0.0215812,1,1,1,1,0,1
0.02158636,1,0,1,1,0,1
0.02158768,1,1,1,1,0,1
0.02158984,1,0,1,1,0,1
0.02159104,1,1,1,1,0,1
0.0215962,1,0,1,1,0,1
0.02159736,1,1,1,1,0,1
0.02159952,1,0,1,1,0,1
0.02160068,1,1,1,1,0,1
0.02160584,1,0,1,1,0,1
0.0216072,1,1,1,1,0,1
0.02160936,1,0,1,1,0,1
0.02161036,1,1,1,1,0,1
0.02161552,1,0,1,1,0,1
0.02161684,1,1,1,1,0,1
0.02161904,1,0,1,1,0,1
0.02162004,1,1,1,1,0,1
0.0216252,1,0,1,1,0,1
0.02162652,1,1,1,1,0,1
0.02162868,1,0,1,1,0,1
0.02162968,1,1,1,1,0,1
0.02163484,1,0,1,1,0,1
0.0216362,1,1,1,1,0,1
0.02163836,1,0,1,1,0,1
0.02163952,1,1,1,1,0,1
0.02164468,1,0,1,1,0,1
0.02164584,1,1,1,1,0,1
0.021648,1,0,1,1,0,1
0.0216492,1,1,1,1,0,1
0.02165436,1,0,1,1,0,1
0.02165568,1,1,1,1,0,1
0.02165784,1,0,1,1,0,1
0.02165884,1,1,1,1,0,1
0.021664,1,0,1,1,0,1
0.02166536,1,1,1,1,0,1
0.02166752,1,0,1,1,0,1
0.02166852,1,1,1,1,0,1
0.02167368,1,0,1,1,0,1
0.021675,1,1,1,1,0,1
0.0216772,1,0,1,1,0,1
0.0216782,1,1,1,1,0,1
0.02168336,1,0,1,1,0,1
0.02168468,1,1,1,1,0,1
0.02168684,1,0,1,1,0,1
0.021688,1,1,1,1,0,1
0.02169316,1,0,1,1,0,1
0.02169436,1,1,1,1,0,1
0.02169652,1,0,1,1,0,1
0.02169768,1,1,1,1,0,1
0.02170284,1,0,1,1,0,1
0.02170416,1,1,1,1,0,1
0.02170636,1,0,1,1,0,1
0.02170736,1,1,1,1,0,1
0.02171252,1,0,1,1,0,1
0.02171384,1,1,1,1,0,1
0.021716,1,0,1,1,0,1
0.021717,1,1,1,1,0,1
0.02172216,1,0,1,1,0,1
0.02172352,1,1,1,1,0,1
0.02172568,1,0,1,1,0,1
0.02172668,1,1,1,1,0,1
0.02173184,1,0,1,1,0,1
0.02173316,1,1,1,1,0,1
0.02173536,1,0,1,1,0,1
0.02173652,1,1,1,1,0,1
0.02174168,1,0,1,1,0,1
0.02174284,1,1,1,1,0,1
0.021745,1,0,1,1,0,1
0.02174616,1,1,1,1,0,1
0.02175136,1,0,1,1,0,1
0.02175268,1,1,1,1,0,1
0.02175484,1,0,1,1,0,1
0.02175584,1,1,1,1,0,1
0.021761,1,0,1,1,0,1
0.02176232,1,1,1,1,0,1
0.02176452,1,0,1,1,0,1
0.02176552,1,1,1,1,0,1
0.02177068,1,0,1,1,0,1
0.021772,1,1,1,1,0,1
0.02177416,1,0,1,1,0,1
0.02177516,1,1,1,1,0,1
0.02178032,1,0,1,1,0,1
0.02178168,1,1,1,1,0,1
0.02178384,1,0,1,1,0,1
0.02178484,1,1,1,1,0,1
0.02179,1,0,1,1,0,1
0.02179132,1,1,1,1,0,1
0.02179352,1,0,1,1,0,1
0.02179468,1,1,1,1,0,1
0.02179984,1,0,1,1,0,1
0.021801,1,1,1,1,0,1
0.02180316,1,0,1,1,0,1
0.02180432,1,1,1,1,0,1
0.02180952,1,0,1,1,0,1
0.02181084,1,1,1,1,0,1
0.021813,1,0,1,1,0,1
0.021814,1,1,1,1,0,1
0.02181916,1,0,1,1,0,1
0.02182052,1,1,1,1,0,1
0.02182268,1,0,1,1,0,1
0.02182368,1,1,1,1,0,1
0.02182884,1,0,1,1,0,1
0.02183016,1,1,1,1,0,1
0.02183232,1,0,1,1,0,1
0.02183332,1,1,1,1,0,1
0.02183848,1,0,1,1,0,1
0.02183984,1,1,1,1,0,1
0.021842,1,0,1,1,0,1
0.02184316,1,1,1,1,0,1
0.02184832,1,0,1,1,0,1
0.02184948,1,1,1,1,0,1
0.02185168,1,0,1,1,0,1
0.02185284,1,1,1,1,0,1
0.021858,1,0,1,1,0,1
0.02185932,1,1,1,1,0,1
0.02186148,1,0,1,1,0,1
0.02186248,1,1,1,1,0,1
0.02186768,1,0,1,1,0,1
0.021869,1,1,1,1,0,1
0.02187116,1,0,1,1,0,1
0.02187216,1,1,1,1,0,1
0.02187732,1,0,1,1,0,1
0.02187868,1,1,1,1,0,1
0.02188084,1,0,1,1,0,1
0.02188184,1,1,1,1,0,1
0.021887,1,0,1,1,0,1
0.02188832,1,1,1,1,0,1
0.02189048,1,0,1,1,0,1
0.02189164,1,1,1,1,0,1
0.02189684,1,0,1,1,0,1
0.021898,1,1,1,1,0,1
0.02190016,1,0,1,1,0,1
0.02190132,1,1,1,1,0,1
0.02190648,1,0,1,1,0,1
0.02190784,1,1,1,1,0,1
0.02191,1,0,1,1,0,1
0.021911,1,1,1,1,0,1
0.02191616,1,0,1,1,0,1
0.02191748,1,1,1,1,0,1
0.02191964,1,0,1,1,0,1
0.02192064,1,1,1,1,0,1
0.02192584,1,0,1,1,0,1
0.02192716,1,1,1,1,0,1
0.02192932,1,0,1,1,0,1
0.02193032,1,1,1,1,0,1
0.02193548,1,0,1,1,0,1
0.02193684,1,1,1,1,0,1
0.021939,1,0,1,1,0,1
0.02194016,1,1,1,1,0,1
0.02194532,1,0,1,1,0,1
0.02194648,1,1,1,1,0,1
0.02194864,1,0,1,1,0,1
0.0219498,1,1,1,1,0,1
0.021955,1,0,1,1,0,1
0.02195632,1,1,1,1,0,1
0.02195848,1,0,1,1,0,1
0.02195948,1,1,1,1,0,1
0.02196464,1,0,1,1,0,1
0.021966,1,1,1,1,0,1
0.02196816,1,0,1,1,0,1
0.02196916,1,1,1,1,0,1
0.02197432,1,0,1,1,0,1
0.02197564,1,1,1,1,0,1
0.0219778,1,0,1,1,0,1
0.0219788,1,1,1,1,0,1
0.021984,1,0,1,1,0,1
0.02198532,1,1,1,1,0,1
0.02198748,1,0,1,1,0,1
0.02198864,1,1,1,1,0,1
0.0219938,1,0,1,1,0,1
0.021995,1,1,1,1,0,1
0.02199716,1,0,1,1,0,1
0.02199832,1,1,1,1,0,1
0.02200348,1,0,1,1,0,1
0.02200464,1,1,1,1,0,1
0.0220068,1,0,1,1,0,1
0.022008,1,1,1,1,0,1
0.02201316,1,0,1,1,0,1
0.02201448,1,1,1,1,0,1
0.02201664,1,0,1,1,0,1
0.02201764,1,1,1,1,0,1
0.0220228,1,0,1,1,0,1
0.02202416,1,1,1,1,0,1
0.02202632,1,0,1,1,0,1
0.02202732,1,1,1,1,0,1
0.02203248,1,0,1,1,0,1
0.0220338,1,1,1,1,0,1
0.02203596,1,0,1,1,0,1
0.02203696,1,1,1,1,0,1
0.02204216,1,0,1,1,0,1
0.02204348,1,1,1,1,0,1
0.02204564,1,0,1,1,0,1
0.0220468,1,1,1,1,0,1
0.02205196,1,0,1,1,0,1
0.02205316,1,1,1,1,0,1
0.02205532,1,0,1,1,0,1
0.02205648,1,1,1,1,0,1
0.02206164,1,0,1,1,0,1
0.02206296,1,1,1,1,0,1
0.02206516,1,0,1,1,0,1
0.02206616,1,1,1,1,0,1
0.02207132,1,0,1,1,0,1
0.02207264,1,1,1,1,0,1
0.0220748,1,0,1,1,0,1
0.0220758,1,1,1,1,0,1
0.02208096,1,0,1,1,0,1
0.02208232,1,1,1,1,0,1
0.02208448,1,0,1,1,0,1
0.02208548,1,1,1,1,0,1
0.02209064,1,0,1,1,0,1
0.02209196,1,1,1,1,0,1
0.02209412,1,0,1,1,0,1
0.02209532,1,1,1,1,0,1
0.02210048,1,0,1,1,0,1
0.02210164,1,1,1,1,0,1
0.0221038,1,0,1,1,0,1
0.02210496,1,1,1,1,0,1
0.02211012,1,0,1,1,0,1
0.02211148,1,1,1,1,0,1
0.02211364,1,0,1,1,0,1
0.02211464,1,1,1,1,0,1
0.0221198,1,0,1,1,0,1
0.02212112,1,1,1,1,0,1
0.02212332,1,0,1,1,0,1
0.02212432,1,1,1,1,0,1
0.02212948,1,0,1,1,0,1
0.0221308,1,1,1,1,0,1
0.02213296,1,0,1,1,0,1
0.02213396,1,1,1,1,0,1
0.02213912,1,0,1,1,0,1
0.02214048,1,1,1,1,0,1
0.02214264,1,0,1,1,0,1
0.0221438,1,1,1,1,0,1
0.02214896,1,0,1,1,0,1
0.02215012,1,1,1,1,0,1
0.02215232,1,0,1,1,0,1
0.02215348,1,1,1,1,0,1
0.02215864,1,0,1,1,0,1
0.02215996,1,1,1,1,0,1
0.02216212,1,0,1,1,0,1
0.02216312,1,1,1,1,0,1
0.02216828,1,0,1,1,0,1
0.02216964,1,1,1,1,0,1
0.0221718,1,0,1,1,0,1
0.0221728,1,1,1,1,0,1
0.02217796,1,0,1,1,0,1
0.02217928,1,1,1,1,0,1
0.02218148,1,0,1,1,0,1
0.02218248,1,1,1,1,0,1
0.02218764,1,0,1,1,0,1
0.02218896,1,1,1,1,0,1
0.02219112,1,0,1,1,0,1
0.02219228,1,1,1,1,0,1
0.02219748,1,0,1,1,0,1
0.02219864,1,1,1,1,0,1
0.0222008,1,0,1,1,0,1
0.02220196,1,1,1,1,0,1
0.02220712,1,0,1,1,0,1
0.02220848,1,1,1,1,0,1
0.02221064,1,0,1,1,0,1
0.02221164,1,1,1,1,0,1
0.0222168,1,0,1,1,0,1
0.02221812,1,1,1,1,0,1
0.02222028,1,0,1,1,0,1
0.02222128,1,1,1,1,0,1
0.02222644,1,0,1,1,0,1
0.0222278,1,1,1,1,0,1
0.02222996,1,0,1,1,0,1
0.02223096,1,1,1,1,0,1
0.02223612,1,0,1,1,0,1
0.02223744,1,1,1,1,0,1
0.02223964,1,0,1,1,0,1
0.02224064,1,1,1,1,0,1
0.0222458,1,0,1,1,0,1
0.02224712,1,1,1,1,0,1
0.02224928,1,0,1,1,0,1
0.02225044,1,1,1,1,0,1
0.02225564,1,0,1,1,0,1
0.0222568,1,1,1,1,0,1
0.02225896,1,0,1,1,0,1
0.02226012,1,1,1,1,0,1
0.02226528,1,0,1,1,0,1
0.02226664,1,1,1,1,0,1
0.0222688,1,0,1,1,0,1
0.0222698,1,1,1,1,0,1
0.02227496,1,0,1,1,0,1
0.02227628,1,1,1,1,0,1
0.02227844,1,0,1,1,0,1
0.02227944,1,1,1,1,0,1
0.02228464,1,0,1,1,0,1
0.02228596,1,1,1,1,0,1
0.02228812,1,0,1,1,0,1
0.02228912,1,1,1,1,0,1
0.02229428,1,0,1,1,0,1
0.0222956,1,1,1,1,0,1
0.0222978,1,0,1,1,0,1
0.02229896,1,1,1,1,0,1
0.02230412,1,0,1,1,0,1
0.02230528,1,1,1,1,0,1
0.02230744,1,0,1,1,0,1
0.0223086,1,1,1,1,0,1
0.0223138,1,0,1,1,0,1
0.02231512,1,1,1,1,0,1
0.02231728,1,0,1,1,0,1
0.02231828,1,1,1,1,0,1
0.02232344,1,0,1,1,0,1
0.0223248,1,1,1,1,0,1
0.02232696,1,0,1,1,0,1
0.02232796,1,1,1,1,0,1
0.02233312,1,0,1,1,0,1
0.02233444,1,1,1,1,0,1
0.0223366,1,0,1,1,0,1
0.0223376,1,1,1,1,0,1
0.0223428,1,0,1,1,0,1
0.02234412,1,1,1,1,0,1
0.02234628,1,0,1,1,0,1
0.02234744,1,1,1,1,0,1
0.0223526,1,0,1,1,0,1
0.02235376,1,1,1,1,0,1
0.02235596,1,0,1,1,0,1
0.02235712,1,1,1,1,0,1
0.02236228,1,0,1,1,0,1
0.0223636,1,1,1,1,0,1
0.02236576,1,0,1,1,0,1
0.02236676,1,1,1,1,0,1
0.02237196,1,0,1,1,0,1
0.02237328,1,1,1,1,0,1
0.02237544,1,0,1,1,0,1
0.02237644,1,1,1,1,0,1
0.0223816,1,0,1,1,0,1
0.02238296,1,1,1,1,0,1
0.02238512,1,0,1,1,0,1
0.02238612,1,1,1,1,0,1
0.02239128,1,0,1,1,0,1
0.0223926,1,1,1,1,0,1
0.02239476,1,0,1,1,0,1
0.02239596,1,1,1,1,0,1
0.02240112,1,0,1,1,0,1
0.02240228,1,1,1,1,0,1
0.02240444,1,0,1,1,0,1
0.0224056,1,1,1,1,0,1
0.02241076,1,0,1,1,0,1
0.02241212,1,1,1,1,0,1
0.02241428,1,0,1,1,0,1
0.02241528,1,1,1,1,0,1
0.02242044,1,0,1,1,0,1
0.02242176,1,1,1,1,0,1
0.02242392,1,0,1,1,0,1
0.02242492,1,1,1,1,0,1
0.02243012,1,0,1,1,0,1
0.02243144,1,1,1,1,0,1
0.0224336,1,0,1,1,0,1
0.0224346,1,1,1,1,0,1
0.02243976,1,0,1,1,0,1
0.02244112,1,1,1,1,0,1
0.02244328,1,0,1,1,0,1
0.02244428,1,1,1,1,0,1
0.02244944,1,0,1,1,0,1
0.02245076,1,1,1,1,0,1
0.02245292,1,0,1,1,0,1
0.02245412,1,1,1,1,0,1
0.02245928,1,0,1,1,0,1
0.02246044,1,1,1,1,0,1
0.0224626,1,0,1,1,0,1
0.02246376,1,1,1,1,0,1
0.02246892,1,0,1,1,0,1
0.02247028,1,1,1,1,0,1
0.02247244,1,0,1,1,0,1
0.02247344,1,1,1,1,0,1
0.0224786,1,0,1,1,0,1
0.02247992,1,1,1,1,0,1
0.02248212,1,0,1,1,0,1
0.02248308,1,1,1,1,0,1
0.02248828,1,0,1,1,0,1
0.0224896,1,1,1,1,0,1
0.02249176,1,0,1,1,0,1
0.02249276,1,1,1,1,0,1
0.02249792,1,0,1,1,0,1
0.02249928,1,1,1,1,0,1
0.02250144,1,0,1,1,0,1
0.0225026,1,1,1,1,0,1
0.02250776,1,0,1,1,0,1
0.02250892,1,1,1,1,0,1
0.02251108,1,0,1,1,0,1
0.02251228,1,1,1,1,0,1
0.02251744,1,0,1,1,0,1
0.02251876,1,1,1,1,0,1
0.02252092,1,0,1,1,0,1
0.02252192,1,1,1,1,0,1
0.02252708,1,0,1,1,0,1
0.02252844,1,1,1,1,0,1
0.0225306,1,0,1,1,0,1
0.0225316,1,1,1,1,0,1
0.02253676,1,0,1,1,0,1
0.02253808,1,1,1,1,0,1
0.02254028,1,0,1,1,0,1
0.02254128,1,1,1,1,0,1
0.02254644,1,0,1,1,0,1
0.02254776,1,1,1,1,0,1
0.02254992,1,0,1,1,0,1
0.02255108,1,1,1,1,0,1
0.02255624,1,0,1,1,0,1
0.02255744,1,1,1,1,0,1
0.0225596,1,0,1,1,0,1
0.02256076,1,1,1,1,0,1
0.02256592,1,0,1,1,0,1
0.02256724,1,1,1,1,0,1
0.02256944,1,0,1,1,0,1
0.02257044,1,1,1,1,0,1
0.0225756,1,0,1,1,0,1
0.02257692,1,1,1,1,0,1
0.02257908,1,0,1,1,0,1
0.02258008,1,1,1,1,0,1
0.02258524,1,0,1,1,0,1
0.0225866,1,1,1,1,0,1
0.02258876,1,0,1,1,0,1
0.02258976,1,1,1,1,0,1
0.02259492,1,0,1,1,0,1
0.02259624,1,1,1,1,0,1
0.02259844,1,0,1,1,0,1
0.0225996,1,1,1,1,0,1
0.02260476,1,0,1,1,0,1
0.02260592,1,1,1,1,0,1
0.02260808,1,0,1,1,0,1
0.02260924,1,1,1,1,0,1
0.0226144,1,0,1,1,0,1
0.02261576,1,1,1,1,0,1
0.02261792,1,0,1,1,0,1
0.02261892,1,1,1,1,0,1
0.02262408,1,0,1,1,0,1
0.0226254,1,1,1,1,0,1
0.0226276,1,0,1,1,0,1
0.0226286,1,1,1,1,0,1
0.02263376,1,0,1,1,0,1
0.02263508,1,1,1,1,0,1
0.02263724,1,0,1,1,0,1
0.02263824,1,1,1,1,0,1
0.0226434,1,0,1,1,0,1
0.02264476,1,1,1,1,0,1
0.02264692,1,0,1,1,0,1
0.02264792,1,1,1,1,0,1
0.02265308,1,0,1,1,0,1
0.0226544,1,1,1,1,0,1
0.0226566,1,0,1,1,0,1
0.02265776,1,1,1,1,0,1
0.02266292,1,0,1,1,0,1
0.02266408,1,1,1,1,0,1
0.02266624,1,0,1,1,0,1
0.0226674,1,1,1,1,0,1
0.0226726,1,0,1,1,0,1
0.02267392,1,1,1,1,0,1
0.02267608,1,0,1,1,0,1
0.02267708,1,1,1,1,0,1
0.02268224,1,0,1,1,0,1
0.02268356,1,1,1,1,0,1
0.02268576,1,0,1,1,0,1
0.02268676,1,1,1,1,0,1
0.02269192,1,0,1,1,0,1
0.02269324,1,1,1,1,0,1
0.0226954,1,0,1,1,0,1
0.0226964,1,1,1,1,0,1
0.02270156,1,0,1,1,0,1
0.02270292,1,1,1,1,0,1
0.02270508,1,0,1,1,0,1
0.02270624,1,1,1,1,0,1
0.0227114,1,0,1,1,0,1
0.02271256,1,1,1,1,0,1
0.02271476,1,0,1,1,0,1
0.02271592,1,1,1,1,0,1
0.02272108,1,0,1,1,0,1
0.0227224,1,1,1,1,0,1
0.02272456,1,0,1,1,0,1
0.02272556,1,1,1,1,0,1
0.02273076,1,0,1,1,0,1
0.02273208,1,1,1,1,0,1
0.02273424,1,0,1,1,0,1
0.02273524,1,1,1,1,0,1
0.0227404,1,0,1,1,0,1
0.02274176,1,1,1,1,0,1
0.02274392,1,0,1,1,0,1
0.02274492,1,1,1,1,0,1
0.02275008,1,0,1,1,0,1
0.0227514,1,1,1,1,0,1
0.02275356,1,0,1,1,0,1
0.02275472,1,1,1,1,0,1
0.02275992,1,0,1,1,0,1
0.02276108,1,1,1,1,0,1
0.02276324,1,0,1,1,0,1
0.0227644,1,1,1,1,0,1
0.02276956,1,0,1,1,0,1
0.02277092,1,1,1,1,0,1
0.02277308,1,0,1,1,0,1
0.02277408,1,1,1,1,0,1
0.02277924,1,0,1,1,0,1
0.02278056,1,1,1,1,0,1
0.02278272,1,0,1,1,0,1
0.02278372,1,1,1,1,0,1
0.02278892,1,0,1,1,0,1
0.02279024,1,1,1,1,0,1
0.0227924,1,0,1,1,0,1
0.0227934,1,1,1,1,0,1
0.02279856,1,0,1,1,0,1
0.02279992,1,1,1,1,0,1
0.02280208,1,0,1,1,0,1
0.02280324,1,1,1,1,0,1
0.0228084,1,0,1,1,0,1
0.02280956,1,1,1,1,0,1
0.02281172,1,0,1,1,0,1
0.02281288,1,1,1,1,0,1
0.02281808,1,0,1,1,0,1
0.0228194,1,1,1,1,0,1
0.02282156,1,0,1,1,0,1
0.02282256,1,1,1,1,0,1
0.02282772,1,0,1,1,0,1
0.02282908,1,1,1,1,0,1
0.02283124,1,0,1,1,0,1
0.02283224,1,1,1,1,0,1
0.0228374,1,0,1,1,0,1
0.02283872,1,1,1,1,0,1
0.02284088,1,0,1,1,0,1
0.02284188,1,1,1,1,0,1
0.02284708,1,0,1,1,0,1
0.0228484,1,1,1,1,0,1
0.02285056,1,0,1,1,0,1
0.02285156,1,1,1,1,0,1
0.02285672,1,0,1,1,0,1
0.02285808,1,1,1,1,0,1
0.02286024,1,0,1,1,0,1
0.0228614,1,1,1,1,0,1
0.02286656,1,0,1,1,0,1
0.02286772,1,1,1,1,0,1
0.02286988,1,0,1,1,0,1
0.02287108,1,1,1,1,0,1
0.02287624,1,0,1,1,0,1
0.02287756,1,1,1,1,0,1
0.02287972,1,0,1,1,0,1
0.02288072,1,1,1,1,0,1
0.02288588,1,0,1,1,0,1
0.02288724,1,1,1,1,0,1
0.0228894,1,0,1,1,0,1
0.0228904,1,1,1,1,0,1
0.02289556,1,0,1,1,0,1
0.02289688,1,1,1,1,0,1
0.02289904,1,0,1,1,0,1
0.02290004,1,1,1,1,0,1
0.02290524,1,0,1,1,0,1
0.02290656,1,1,1,1,0,1
0.02290872,1,0,1,1,0,1
0.02290988,1,1,1,1,0,1
0.02291504,1,0,1,1,0,1
0.02291624,1,1,1,1,0,1
0.0229184,1,0,1,1,0,1
0.02291956,1,1,1,1,0,1
0.02292472,1,0,1,1,0,1
0.02292604,1,1,1,1,0,1
0.02292824,1,0,1,1,0,1
0.02292924,1,1,1,1,0,1
0.0229344,1,0,1,1,0,1
0.02293572,1,1,1,1,0,1
0.02293788,1,0,1,1,0,1
0.02293888,1,1,1,1,0,1
0.02294404,1,0,1,1,0,1
0.0229454,1,1,1,1,0,1
0.02294756,1,0,1,1,0,1
0.02294856,1,1,1,1,0,1
0.02295372,1,0,1,1,0,1
0.02295504,1,1,1,1,0,1
0.0229572,1,0,1,1,0,1
0.0229584,1,1,1,1,0,1
0.02296356,1,0,1,1,0,1
0.02296472,1,1,1,1,0,1
0.02296688,1,0,1,1,0,1
0.02296804,1,1,1,1,0,1
0.0229732,1,0,1,1,0,1
0.02297456,1,1,1,1,0,1
0.02297672,1,0,1,1,0,1
0.02297772,1,1,1,1,0,1
0.02298288,1,0,1,1,0,1
0.0229842,1,1,1,1,0,1
0.0229864,1,0,1,1,0,1
0.0229874,1,1,1,1,0,1
0.02299256,1,0,1,1,0,1
0.02299388,1,1,1,1,0,1
0.02299604,1,0,1,1,0,1
0.02299704,1,1,1,1,0,1
0.0230022,1,0,1,1,0,1
0.02300356,1,1,1,1,0,1
0.02300572,1,0,1,1,0,1
0.02300688,1,1,1,1,0,1
0.02301204,1,0,1,1,0,1
0.0230132,1,1,1,1,0,1
0.02301536,1,0,1,1,0,1
0.02301656,1,1,1,1,0,1
0.02302172,1,0,1,1,0,1
0.02302304,1,1,1,1,0,1
0.0230252,1,0,1,1,0,1
0.0230262,1,1,1,1,0,1
0.02303136,1,0,1,1,0,1
0.02303272,1,1,1,1,0,1
0.02303488,1,0,1,1,0,1
0.02303588,1,1,1,1,0,1
0.02304104,1,0,1,1,0,1
0.02304236,1,1,1,1,0,1
0.02304456,1,0,1,1,0,1
0.02304556,1,1,1,1,0,1
0.02305072,1,0,1,1,0,1
0.02305204,1,1,1,1,0,1
0.0230542,1,0,1,1,0,1
0.02305536,1,1,1,1,0,1
0.02306056,1,0,1,1,0,1
0.02306172,1,1,1,1,0,1
0.02306388,1,0,1,1,0,1
0.02306504,1,1,1,1,0,1
0.0230702,1,0,1,1,0,1
0.02307136,1,1,1,1,0,1
0.02307356,1,0,1,1,0,1
0.02307472,1,1,1,1,0,1
0.02307988,1,0,1,1,0,1
0.0230812,1,1,1,1,0,1
0.02308336,1,0,1,1,0,1
0.02308436,1,1,1,1,0,1
0.02308952,1,0,1,1,0,1
0.02309088,1,1,1,1,0,1
0.02309304,1,0,1,1,0,1
0.02309404,1,1,1,1,0,1
0.0230992,1,0,1,1,0,1
0.02310052,1,1,1,1,0,1
0.02310272,1,0,1,1,0,1
0.02310372,1,1,1,1,0,1
0.02310888,1,0,1,1,0,1
0.0231102,1,1,1,1,0,1
0.02311236,1,0,1,1,0,1
0.02311352,1,1,1,1,0,1
0.02311872,1,0,1,1,0,1
0.02311988,1,1,1,1,0,1
0.02312204,1,0,1,1,0,1
0.0231232,1,1,1,1,0,1
0.02312836,1,0,1,1,0,1
0.02312972,1,1,1,1,0,1
0.02313188,1,0,1,1,0,1
0.02313288,1,1,1,1,0,1
0.02313804,1,0,1,1,0,1
0.02313936,1,1,1,1,0,1
0.02314152,1,0,1,1,0,1
0.02314252,1,1,1,1,0,1
0.02314768,1,0,1,1,0,1
0.02314904,1,1,1,1,0,1
0.0231512,1,0,1,1,0,1
0.0231522,1,1,1,1,0,1
0.02315736,1,0,1,1,0,1
0.02315868,1,1,1,1,0,1
0.02316088,1,0,1,1,0,1
0.02316204,1,1,1,1,0,1
0.0231672,1,0,1,1,0,1
0.02316836,1,1,1,1,0,1
0.02317052,1,0,1,1,0,1
0.02317168,1,1,1,1,0,1
0.02317688,1,0,1,1,0,1
0.0231782,1,1,1,1,0,1
0.02318036,1,0,1,1,0,1
0.02318136,1,1,1,1,0,1
0.02318652,1,0,1,1,0,1
0.02318788,1,1,1,1,0,1
0.02319004,1,0,1,1,0,1
0.02319104,1,1,1,1,0,1
0.0231962,1,0,1,1,0,1
0.02319752,1,1,1,1,0,1
0.02319968,1,0,1,1,0,1
0.02320068,1,1,1,1,0,1
0.02320588,1,0,1,1,0,1
0.0232072,1,1,1,1,0,1
0.02320936,1,0,1,1,0,1
0.02321052,1,1,1,1,0,1
0.02321568,1,0,1,1,0,1
0.02321684,1,1,1,1,0,1
0.02321904,1,0,1,1,0,1
0.0232202,1,1,1,1,0,1
0.02322536,1,0,1,1,0,1
0.02322668,1,1,1,1,0,1
0.02322884,1,0,1,1,0,1
0.02322984,1,1,1,1,0,1
0.02323504,1,0,1,1,0,1
0.02323636,1,1,1,1,0,1
0.02323852,1,0,1,1,0,1
0.02323952,1,1,1,1,0,1
0.02324468,1,0,1,1,0,1
0.02324604,1,1,1,1,0,1
0.0232482,1,0,1,1,0,1
0.0232492,1,1,1,1,0,1
0.02325436,1,0,1,1,0,1
0.02325568,1,1,1,1,0,1
0.02325784,1,0,1,1,0,1
0.02325904,1,1,1,1,0,1
0.0232642,1,0,1,1,0,1
0.02326536,1,1,1,1,0,1
0.02326752,1,0,1,1,0,1
0.02326868,1,1,1,1,0,1
0.02327384,1,0,1,1,0,1
0.0232752,1,1,1,1,0,1
0.02327736,1,0,1,1,0,1
0.02327836,1,1,1,1,0,1
0.02328352,1,0,1,1,0,1
0.02328484,1,1,1,1,0,1
0.023287,1,0,1,1,0,1
0.023288,1,1,1,1,0,1
0.0232932,1,0,1,1,0,1
0.02329452,1,1,1,1,0,1
0.02329668,1,0,1,1,0,1
0.02329768,1,1,1,1,0,1
0.02330284,1,0,1,1,0,1
0.0233042,1,1,1,1,0,1
0.02330636,1,0,1,1,0,1
0.02330736,1,1,1,1,0,1
0.02331252,1,0,1,1,0,1
0.02331384,1,1,1,1,0,1
0.023316,1,0,1,1,0,1
0.0233172,1,1,1,1,0,1
0.02332236,1,0,1,1,0,1
0.02332352,1,1,1,1,0,1
0.02332568,1,0,1,1,0,1
0.02332684,1,1,1,1,0,1
0.023332,1,0,1,1,0,1
0.02333336,1,1,1,1,0,1
0.02333552,1,0,1,1,0,1
0.02333652,1,1,1,1,0,1
0.02334168,1,0,1,1,0,1
0.023343,1,1,1,1,0,1
0.0233452,1,0,1,1,0,1
0.02334616,1,1,1,1,0,1
0.02335136,1,0,1,1,0,1
0.02335268,1,1,1,1,0,1
0.02335484,1,0,1,1,0,1
0.02335584,1,1,1,1,0,1
0.023361,1,0,1,1,0,1
0.02336236,1,1,1,1,0,1
0.02336452,1,0,1,1,0,1
0.02336568,1,1,1,1,0,1
0.02337084,1,0,1,1,0,1
0.023372,1,1,1,1,0,1
0.02337416,1,0,1,1,0,1
0.02337536,1,1,1,1,0,1
0.02338052,1,0,1,1,0,1
0.02338184,1,1,1,1,0,1
0.023384,1,0,1,1,0,1
0.023385,1,1,1,1,0,1
0.02339016,1,0,1,1,0,1
0.02339152,1,1,1,1,0,1
0.02339368,1,0,1,1,0,1
0.02339468,1,1,1,1,0,1
0.02339984,1,0,1,1,0,1
0.02340116,1,1,1,1,0,1
0.02340336,1,0,1,1,0,1
0.02340436,1,1,1,1,0,1
0.02340952,1,0,1,1,0,1
0.02341084,1,1,1,1,0,1
0.023413,1,0,1,1,0,1
0.02341416,1,1,1,1,0,1
0.02341932,1,0,1,1,0,1
0.02342052,1,1,1,1,0,1
0.02342268,1,0,1,1,0,1
0.02342384,1,1,1,1,0,1
0.023429,1,0,1,1,0,1
0.02343032,1,1,1,1,0,1
0.02343252,1,0,1,1,0,1
0.02343352,1,1,1,1,0,1
0.02343868,1,0,1,1,0,1
0.02344,1,1,1,1,0,1
0.02344216,1,0,1,1,0,1
0.02344316,1,1,1,1,0,1
0.02344832,1,0,1,1,0,1
0.02344968,1,1,1,1,0,1
0.02345184,1,0,1,1,0,1
0.02345284,1,1,1,1,0,1
0.023458,1,0,1,1,0,1
0.02345932,1,1,1,1,0,1
0.02346152,1,0,1,1,0,1
0.02346268,1,1,1,1,0,1
0.02346784,1,0,1,1,0,1
0.023469,1,1,1,1,0,1
0.02347116,1,0,1,1,0,1
0.02347232,1,1,1,1,0,1
0.02347748,1,0,1,1,0,1
0.02347884,1,1,1,1,0,1
0.023481,1,0,1,1,0,1
0.023482,1,1,1,1,0,1
0.02348716,1,0,1,1,0,1
0.02348848,1,1,1,1,0,1
0.02349068,1,0,1,1,0,1
0.02349168,1,1,1,1,0,1
0.02349684,1,0,1,1,0,1
0.02349816,1,1,1,1,0,1
0.02350032,1,0,1,1,0,1
0.02350132,1,1,1,1,0,1
0.02350648,1,0,1,1,0,1
0.02350784,1,1,1,1,0,1
0.02351,1,0,1,1,0,1
0.023511,1,1,1,1,0,1
0.02351616,1,0,1,1,0,1
0.02351748,1,1,1,1,0,1
0.02351968,1,0,1,1,0,1
0.02352084,1,1,1,1,0,1
0.023526,1,0,1,1,0,1
0.02352716,1,1,1,1,0,1
0.02352932,1,0,1,1,0,1
0.02353048,1,1,1,1,0,1
0.02353568,1,0,1,1,0,1
0.023537,1,1,1,1,0,1
0.02353916,1,0,1,1,0,1
0.02354016,1,1,1,1,0,1
0.02354532,1,0,1,1,0,1
0.02354664,1,1,1,1,0,1
0.02354884,1,0,1,1,0,1
0.02354984,1,1,1,1,0,1
0.023555,1,0,1,1,0,1
0.02355632,1,1,1,1,0,1
0.02355848,1,0,1,1,0,1
0.02355948,1,1,1,1,0,1
0.02356464,1,0,1,1,0,1
0.023566,1,1,1,1,0,1
0.02356816,1,0,1,1,0,1
0.02356932,1,1,1,1,0,1
0.02357448,1,0,1,1,0,1
0.02357564,1,1,1,1,0,1
0.02357784,1,0,1,1,0,1
0.023579,1,1,1,1,0,1
0.02358416,1,0,1,1,0,1
0.02358548,1,1,1,1,0,1
0.02358764,1,0,1,1,0,1
0.02358864,1,1,1,1,0,1
0.02359384,1,0,1,1,0,1
0.02359516,1,1,1,1,0,1
0.02359732,1,0,1,1,0,1
0.02359832,1,1,1,1,0,1
0.02360348,1,0,1,1,0,1
0.0236048,1,1,1,1,0,1
0.023607,1,0,1,1,0,1
0.023608,1,1,1,1,0,1
0.02361316,1,0,1,1,0,1
0.02361448,1,1,1,1,0,1
0.02361664,1,0,1,1,0,1
0.0236178,1,1,1,1,0,1
0.023623,1,0,1,1,0,1
0.02362416,1,1,1,1,0,1
0.02362632,1,0,1,1,0,1
0.02362748,1,1,1,1,0,1
0.02363264,1,0,1,1,0,1
0.023634,1,1,1,1,0,1
0.02363616,1,0,1,1,0,1
0.02363716,1,1,1,1,0,1
0.02364232,1,0,1,1,0,1
0.02364364,1,1,1,1,0,1
0.0236458,1,0,1,1,0,1
0.0236468,1,1,1,1,0,1
0.023652,1,0,1,1,0,1
0.02365332,1,1,1,1,0,1
0.02365548,1,0,1,1,0,1
0.02365648,1,1,1,1,0,1
0.02366164,1,0,1,1,0,1
0.023663,1,1,1,1,0,1
0.02366516,1,0,1,1,0,1
0.02366632,1,1,1,1,0,1
0.02367148,1,0,1,1,0,1
0.02367264,1,1,1,1,0,1
0.0236748,1,0,1,1,0,1
0.02367596,1,1,1,1,0,1
0.02368116,1,0,1,1,0,1
0.02368248,1,1,1,1,0,1
0.02368464,1,0,1,1,0,1
0.02368564,1,1,1,1,0,1
0.0236908,1,0,1,1,0,1
0.02369216,1,1,1,1,0,1
0.02369432,1,0,1,1,0,1
0.02369532,1,1,1,1,0,1
0.02370048,1,0,1,1,0,1
0.0237018,1,1,1,1,0,1
0.02370396,1,0,1,1,0,1
0.02370496,1,1,1,1,0,1
0.02371016,1,0,1,1,0,1
0.02371148,1,1,1,1,0,1
0.02371364,1,0,1,1,0,1
0.02371464,1,1,1,1,0,1
0.0237198,1,0,1,1,0,1
0.02372116,1,1,1,1,0,1
0.02372332,1,0,1,1,0,1
0.02372448,1,1,1,1,0,1
0.02372964,1,0,1,1,0,1
0.0237308,1,1,1,1,0,1
0.02373296,1,0,1,1,0,1
0.02373412,1,1,1,1,0,1
0.02373932,1,0,1,1,0,1
0.02374064,1,1,1,1,0,1
0.0237428,1,0,1,1,0,1
0.0237438,1,1,1,1,0,1
0.02374896,1,0,1,1,0,1
0.02375032,1,1,1,1,0,1
0.02375248,1,0,1,1,0,1
0.02375348,1,1,1,1,0,1
0.02375864,1,0,1,1,0,1
0.02375996,1,1,1,1,0,1
0.02376212,1,0,1,1,0,1
0.02376312,1,1,1,1,0,1
0.02376832,1,0,1,1,0,1
0.02376964,1,1,1,1,0,1
0.0237718,1,0,1,1,0,1
0.02377296,1,1,1,1,0,1
0.02377812,1,0,1,1,0,1
0.02377932,1,1,1,1,0,1
0.02378148,1,0,1,1,0,1
0.02378264,1,1,1,1,0,1
0.0237878,1,0,1,1,0,1
0.02378912,1,1,1,1,0,1
0.02379132,1,0,1,1,0,1
0.02379232,1,1,1,1,0,1
0.02379748,1,0,1,1,0,1
0.0237988,1,1,1,1,0,1
0.02380096,1,0,1,1,0,1
0.02380196,1,1,1,1,0,1
0.02380712,1,0,1,1,0,1
0.02380848,1,1,1,1,0,1
0.02381064,1,0,1,1,0,1
0.02381164,1,1,1,1,0,1
0.0238168,1,0,1,1,0,1
0.02381812,1,1,1,1,0,1
0.02382028,1,0,1,1,0,1
0.02382148,1,1,1,1,0,1
0.02382664,1,0,1,1,0,1
0.0238278,1,1,1,1,0,1
0.02382996,1,0,1,1,0,1
0.02383112,1,1,1,1,0,1
0.02383628,1,0,1,1,0,1
0.02383764,1,1,1,1,0,1
0.0238398,1,0,1,1,0,1
0.0238408,1,1,1,1,0,1
0.02384596,1,0,1,1,0,1
0.02384728,1,1,1,1,0,1
0.02384948,1,0,1,1,0,1
0.02385048,1,1,1,1,0,1
0.02385564,1,0,1,1,0,1
0.02385696,1,1,1,1,0,1
0.02385912,1,0,1,1,0,1
0.02386012,1,1,1,1,0,1
0.02386528,1,0,1,1,0,1
0.02386664,1,1,1,1,0,1
0.0238688,1,0,1,1,0,1
0.02386996,1,1,1,1,0,1
0.02387512,1,0,1,1,0,1
0.02387628,1,1,1,1,0,1
0.02387844,1,0,1,1,0,1
0.02387964,1,1,1,1,0,1
0.0238848,1,0,1,1,0,1
0.02388612,1,1,1,1,0,1
0.02388828,1,0,1,1,0,1
0.02388928,1,1,1,1,0,1
0.02389444,1,0,1,1,0,1
0.0238958,1,1,1,1,0,1
0.02389796,1,0,1,1,0,1
0.02389896,1,1,1,1,0,1
0.02390412,1,0,1,1,0,1
0.02390544,1,1,1,1,0,1
0.02390764,1,0,1,1,0,1
0.02390864,1,1,1,1,0,1
0.0239138,1,0,1,1,0,1
0.02391512,1,1,1,1,0,1
0.02391728,1,0,1,1,0,1
0.02391844,1,1,1,1,0,1
0.02392364,1,0,1,1,0,1
0.0239248,1,1,1,1,0,1
0.02392696,1,0,1,1,0,1
0.02392812,1,1,1,1,0,1
0.02393328,1,0,1,1,0,1
0.02393444,1,1,1,1,0,1
0.02393664,1,0,1,1,0,1
0.0239378,1,1,1,1,0,1
0.02394296,1,0,1,1,0,1
0.02394428,1,1,1,1,0,1
0.02394644,1,0,1,1,0,1
0.02394744,1,1,1,1,0,1
0.0239526,1,0,1,1,0,1
0.02395396,1,1,1,1,0,1
0.02395612,1,0,1,1,0,1
0.02395712,1,1,1,1,0,1
0.02396228,1,0,1,1,0,1
0.0239636,1,1,1,1,0,1
0.0239658,1,0,1,1,0,1
0.0239668,1,1,1,1,0,1
0.02397196,1,0,1,1,0,1
0.02397328,1,1,1,1,0,1
0.02397544,1,0,1,1,0,1
0.0239766,1,1,1,1,0,1
0.0239818,1,0,1,1,0,1
0.02398296,1,1,1,1,0,1
0.02398512,1,0,1,1,0,1
0.02398628,1,1,1,1,0,1
0.02399144,1,0,1,1,0,1
0.0239928,1,1,1,1,0,1
0.02399496,1,0,1,1,0,1
0.02399596,1,1,1,1,0,1
0.02400112,1,0,1,1,0,1
0.02400244,1,1,1,1,0,1
0.0240046,1,0,1,1,0,1
0.0240056,1,1,1,1,0,1
0.02401076,1,0,1,1,0,1
0.02401212,1,1,1,1,0,1
0.02401428,1,0,1,1,0,1
0.02401528,1,1,1,1,0,1
0.02402044,1,0,1,1,0,1
0.02402176,1,1,1,1,0,1
0.02402396,1,0,1,1,0,1
0.02402512,1,1,1,1,0,1
0.02403028,1,0,1,1,0,1
0.02403144,1,1,1,1,0,1
0.0240336,1,0,1,1,0,1
0.02403476,1,1,1,1,0,1
0.02403996,1,0,1,1,0,1
0.02404128,1,1,1,1,0,1
0.02404344,1,0,1,1,0,1
0.02404444,1,1,1,1,0,1
0.0240496,1,0,1,1,0,1
0.02405096,1,1,1,1,0,1
0.02405312,1,0,1,1,0,1
0.02405412,1,1,1,1,0,1
0.02405928,1,0,1,1,0,1
0.0240606,1,1,1,1,0,1
0.02406276,1,0,1,1,0,1
0.02406376,1,1,1,1,0,1
0.02406896,1,0,1,1,0,1
0.02407028,1,1,1,1,0,1
0.02407244,1,0,1,1,0,1
0.0240736,1,1,1,1,0,1
0.02407876,1,0,1,1,0,1
0.02407992,1,1,1,1,0,1
0.02408212,1,0,1,1,0,1
0.02408328,1,1,1,1,0,1
0.02408844,1,0,1,1,0,1
0.02408976,1,1,1,1,0,1
0.02409192,1,0,1,1,0,1
0.02409292,1,1,1,1,0,1
0.02409812,1,0,1,1,0,1
0.02409944,1,1,1,1,0,1
0.0241016,1,0,1,1,0,1
0.0241026,1,1,1,1,0,1
0.02410776,1,0,1,1,0,1
0.02410912,1,1,1,1,0,1
0.02411128,1,0,1,1,0,1
0.02411228,1,1,1,1,0,1
0.02411744,1,0,1,1,0,1
0.02411876,1,1,1,1,0,1
0.02412092,1,0,1,1,0,1
0.02412212,1,1,1,1,0,1
0.02412728,1,0,1,1,0,1
0.02412844,1,1,1,1,0,1
0.0241306,1,0,1,1,0,1
0.02413176,1,1,1,1,0,1
0.02413692,1,0,1,1,0,1
0.02413828,1,1,1,1,0,1
0.02414044,1,0,1,1,0,1
0.02414144,1,1,1,1,0,1
0.0241466,1,0,1,1,0,1
0.02414792,1,1,1,1,0,1
0.02415008,1,0,1,1,0,1
0.02415108,1,1,1,1,0,1
0.02415628,1,0,1,1,0,1
0.0241576,1,1,1,1,0,1
0.02415976,1,0,1,1,0,1
0.02416076,1,1,1,1,0,1
0.02416592,1,0,1,1,0,1
0.02416728,1,1,1,1,0,1
0.02416944,1,0,1,1,0,1
0.02417044,1,1,1,1,0,1
0.0241756,1,0,1,1,0,1
0.02417692,1,1,1,1,0,1
0.02417908,1,0,1,1,0,1
0.02418028,1,1,1,1,0,1
0.02418544,1,0,1,1,0,1
0.0241866,1,1,1,1,0,1
0.02418876,1,0,1,1,0,1
0.02418992,1,1,1,1,0,1
0.02419508,1,0,1,1,0,1
0.02419644,1,1,1,1,0,1
0.0241986,1,0,1,1,0,1
0.0241996,1,1,1,1,0,1
0.02420476,1,0,1,1,0,1
0.02420608,1,1,1,1,0,1
0.02420824,1,0,1,1,0,1
0.02420924,1,1,1,1,0,1
0.02421444,1,0,1,1,0,1
0.02421576,1,1,1,1,0,1
0.02421792,1,0,1,1,0,1
0.02421892,1,1,1,1,0,1
0.02422408,1,0,1,1,0,1
0.02422544,1,1,1,1,0,1
0.0242276,1,0,1,1,0,1
0.02422876,1,1,1,1,0,1
0.02423392,1,0,1,1,0,1
0.02423508,1,1,1,1,0,1
0.02423724,1,0,1,1,0,1
0.02423844,1,1,1,1,0,1
0.0242436,1,0,1,1,0,1
0.02424492,1,1,1,1,0,1
0.02424708,1,0,1,1,0,1
0.02424808,1,1,1,1,0,1
0.02425324,1,0,1,1,0,1
0.0242546,1,1,1,1,0,1
0.02425676,1,0,1,1,0,1
0.02425776,1,1,1,1,0,1
0.02426292,1,0,1,1,0,1
0.02426424,1,1,1,1,0,1
0.02426644,1,0,1,1,0,1
0.0242674,1,1,1,1,0,1
0.0242726,1,0,1,1,0,1
0.02427392,1,1,1,1,0,1
0.02427608,1,0,1,1,0,1
0.02427724,1,1,1,1,0,1
0.0242824,1,0,1,1,0,1
0.0242836,1,1,1,1,0,1
0.02428576,1,0,1,1,0,1
0.02428692,1,1,1,1,0,1
0.02429208,1,0,1,1,0,1
0.0242934,1,1,1,1,0,1
0.0242956,1,0,1,1,0,1
0.0242966,1,1,1,1,0,1
0.02430176,1,0,1,1,0,1
0.02430308,1,1,1,1,0,1
0.02430524,1,0,1,1,0,1
0.02430624,1,1,1,1,0,1
0.0243114,1,0,1,1,0,1
0.02431276,1,1,1,1,0,1
0.02431492,1,0,1,1,0,1
0.02431592,1,1,1,1,0,1
0.02432108,1,0,1,1,0,1
0.0243224,1,1,1,1,0,1
0.0243246,1,0,1,1,0,1
0.02432576,1,1,1,1,0,1
0.02433092,1,0,1,1,0,1
0.02433208,1,1,1,1,0,1
0.02433424,1,0,1,1,0,1
0.0243354,1,1,1,1,0,1
0.02434056,1,0,1,1,0,1
0.02434192,1,1,1,1,0,1
0.02434408,1,0,1,1,0,1
0.02434508,1,1,1,1,0,1
0.02435024,1,0,1,1,0,1
0.02435156,1,1,1,1,0,1
0.02435376,1,0,1,1,0,1
0.02435476,1,1,1,1,0,1
0.02435992,1,0,1,1,0,1
0.02436124,1,1,1,1,0,1
0.0243634,1,0,1,1,0,1
0.0243644,1,1,1,1,0,1
0.02436956,1,0,1,1,0,1
0.02437092,1,1,1,1,0,1
0.02437308,1,0,1,1,0,1
0.02437408,1,1,1,1,0,1
0.02437924,1,0,1,1,0,1
0.02438056,1,1,1,1,0,1
0.02438276,1,0,1,1,0,1
0.02438392,1,1,1,1,0,1
0.02438908,1,0,1,1,0,1
0.02439024,1,1,1,1,0,1
0.0243924,1,0,1,1,0,1
0.02439356,1,1,1,1,0,1
0.02439876,1,0,1,1,0,1
0.02440008,1,1,1,1,0,1
0.02440224,1,0,1,1,0,1
0.02440324,1,1,1,1,0,1
0.0244084,1,0,1,1,0,1
0.02440972,1,1,1,1,0,1
0.02441192,1,0,1,1,0,1
0.02441292,1,1,1,1,0,1
0.02441808,1,0,1,1,0,1
0.0244194,1,1,1,1,0,1
0.02442156,1,0,1,1,0,1
0.02442256,1,1,1,1,0,1
0.02442772,1,0,1,1,0,1
0.02442908,1,1,1,1,0,1
0.02443124,1,0,1,1,0,1
0.0244324,1,1,1,1,0,1
0.02443756,1,0,1,1,0,1
0.02443872,1,1,1,1,0,1
0.02444092,1,0,1,1,0,1
0.02444208,1,1,1,1,0,1
0.02444724,1,0,1,1,0,1
0.02444856,1,1,1,1,0,1
0.02445072,1,0,1,1,0,1
0.02445172,1,1,1,1,0,1
0.02445692,1,0,1,1,0,1
0.02445824,1,1,1,1,0,1
0.0244604,1,0,1,1,0,1
0.0244614,1,1,1,1,0,1
0.02446656,1,0,1,1,0,1
0.02446788,1,1,1,1,0,1
0.02447008,1,0,1,1,0,1
0.02447108,1,1,1,1,0,1
0.02447624,1,0,1,1,0,1
0.02447756,1,1,1,1,0,1
0.02447972,1,0,1,1,0,1
0.02448088,1,1,1,1,0,1
0.02448608,1,0,1,1,0,1
0.02448724,1,1,1,1,0,1
0.0244894,1,0,1,1,0,1
0.02449056,1,1,1,1,0,1
0.02449572,1,0,1,1,0,1
0.02449708,1,1,1,1,0,1
0.02449924,1,0,1,1,0,1
0.02450024,1,1,1,1,0,1
0.0245054,1,0,1,1,0,1
0.02450672,1,1,1,1,0,1
0.02450888,1,0,1,1,0,1
0.02450988,1,1,1,1,0,1
0.02451508,1,0,1,1,0,1
0.0245164,1,1,1,1,0,1
0.02451856,1,0,1,1,0,1
0.02451956,1,1,1,1,0,1
0.02452472,1,0,1,1,0,1
0.02452608,1,1,1,1,0,1
0.02452824,1,0,1,1,0,1
0.0245294,1,1,1,1,0,1
0.02453456,1,0,1,1,0,1
0.02453572,1,1,1,1,0,1
0.02453788,1,0,1,1,0,1
0.02453904,1,1,1,1,0,1
0.02454424,1,0,1,1,0,1
0.02454556,1,1,1,1,0,1
0.02454772,1,0,1,1,0,1
0.02454872,1,1,1,1,0,1
0.02455388,1,0,1,1,0,1
0.02455524,1,1,1,1,0,1
0.0245574,1,0,1,1,0,1
0.0245584,1,1,1,1,0,1
0.02456356,1,0,1,1,0,1
0.02456488,1,1,1,1,0,1
0.02456704,1,0,1,1,0,1
0.02456804,1,1,1,1,0,1
0.02457324,1,0,1,1,0,1
0.02457456,1,1,1,1,0,1
0.02457672,1,0,1,1,0,1
0.02457772,1,1,1,1,0,1
0.02458288,1,0,1,1,0,1
0.02458424,1,1,1,1,0,1
0.0245864,1,0,1,1,0,1
0.02458756,1,1,1,1,0,1
0.02459272,1,0,1,1,0,1
0.02459388,1,1,1,1,0,1
0.02459604,1,0,1,1,0,1
0.0245972,1,1,1,1,0,1
0.0246024,1,0,1,1,0,1
0.02460372,1,1,1,1,0,1
0.02460588,1,0,1,1,0,1
0.02460688,1,1,1,1,0,1
0.02461204,1,0,1,1,0,1
0.0246134,1,1,1,1,0,1
0.02461556,1,0,1,1,0,1
0.02461656,1,1,1,1,0,1
0.02462172,1,0,1,1,0,1
0.02462304,1,1,1,1,0,1
0.0246252,1,0,1,1,0,1
0.0246262,1,1,1,1,0,1
0.0246314,1,0,1,1,0,1
0.02463272,1,1,1,1,0,1
0.02463488,1,0,1,1,0,1
0.02463604,1,1,1,1,0,1
0.0246412,1,0,1,1,0,1
0.0246424,1,1,1,1,0,1
0.02464456,1,0,1,1,0,1
0.02464572,1,1,1,1,0,1
0.02465088,1,0,1,1,0,1
0.0246522,1,1,1,1,0,1
0.0246544,1,0,1,1,0,1
0.0246554,1,1,1,1,0,1
0.02466056,1,0,1,1,0,1
0.02466188,1,1,1,1,0,1
0.02466404,1,0,1,1,0,1
0.02466504,1,1,1,1,0,1
0.0246702,1,0,1,1,0,1
0.02467156,1,1,1,1,0,1
0.02467372,1,0,1,1,0,1
0.02467472,1,1,1,1,0,1
0.02467988,1,0,1,1,0,1
0.0246812,1,1,1,1,0,1
0.02468336,1,0,1,1,0,1
0.02468456,1,1,1,1,0,1
0.02468972,1,0,1,1,0,1
0.02469088,1,1,1,1,0,1
0.02469304,1,0,1,1,0,1
0.0246942,1,1,1,1,0,1
0.02469936,1,0,1,1,0,1
0.02470072,1,1,1,1,0,1
0.02470288,1,0,1,1,0,1
0.02470388,1,1,1,1,0,1
0.02470904,1,0,1,1,0,1
0.02471036,1,1,1,1,0,1
0.02471256,1,0,1,1,0,1
0.02471356,1,1,1,1,0,1
0.02471872,1,0,1,1,0,1
0.02472004,1,1,1,1,0,1
0.0247222,1,0,1,1,0,1
0.0247232,1,1,1,1,0,1
0.02472836,1,0,1,1,0,1
0.02472972,1,1,1,1,0,1
0.02473188,1,0,1,1,0,1
0.02473304,1,1,1,1,0,1
0.0247382,1,0,1,1,0,1
0.02473936,1,1,1,1,0,1
0.02474152,1,0,1,1,0,1
0.02474272,1,1,1,1,0,1
0.02474788,1,0,1,1,0,1
0.0247492,1,1,1,1,0,1
0.02475136,1,0,1,1,0,1
0.02475236,1,1,1,1,0,1
0.02475752,1,0,1,1,0,1
0.02475888,1,1,1,1,0,1
0.02476104,1,0,1,1,0,1
0.02476204,1,1,1,1,0,1
0.0247672,1,0,1,1,0,1
0.02476852,1,1,1,1,0,1
0.02477072,1,0,1,1,0,1
0.02477172,1,1,1,1,0,1
0.02477688,1,0,1,1,0,1
0.0247782,1,1,1,1,0,1
0.02478036,1,0,1,1,0,1
0.02478152,1,1,1,1,0,1
0.02478672,1,0,1,1,0,1
0.02478788,1,1,1,1,0,1
0.02479004,1,0,1,1,0,1
0.0247912,1,1,1,1,0,1
0.02479636,1,0,1,1,0,1
0.02479752,1,1,1,1,0,1
0.02479968,1,0,1,1,0,1
0.02480088,1,1,1,1,0,1
0.02480604,1,0,1,1,0,1
0.02480736,1,1,1,1,0,1
0.02480952,1,0,1,1,0,1
0.02481052,1,1,1,1,0,1
0.02481568,1,0,1,1,0,1
0.02481704,1,1,1,1,0,1
0.0248192,1,0,1,1,0,1
0.0248202,1,1,1,1,0,1
0.02482536,1,0,1,1,0,1
0.02482668,1,1,1,1,0,1
0.02482888,1,0,1,1,0,1
0.02482988,1,1,1,1,0,1
0.02483504,1,0,1,1,0,1
0.02483636,1,1,1,1,0,1
0.02483852,1,0,1,1,0,1
0.02483968,1,1,1,1,0,1
0.02484488,1,0,1,1,0,1
0.02484604,1,1,1,1,0,1
0.0248482,1,0,1,1,0,1
0.02484936,1,1,1,1,0,1
0.02485452,1,0,1,1,0,1
0.02485588,1,1,1,1,0,1
0.02485804,1,0,1,1,0,1
0.02485904,1,1,1,1,0,1
0.0248642,1,0,1,1,0,1
0.02486552,1,1,1,1,0,1
0.02486768,1,0,1,1,0,1
0.02486868,1,1,1,1,0,1
0.02487384,1,0,1,1,0,1
0.0248752,1,1,1,1,0,1
0.02487736,1,0,1,1,0,1
0.02487836,1,1,1,1,0,1
0.02488352,1,0,1,1,0,1
0.02488484,1,1,1,1,0,1
0.02488704,1,0,1,1,0,1
0.0248882,1,1,1,1,0,1
0.02489336,1,0,1,1,0,1
0.02489452,1,1,1,1,0,1
0.02489668,1,0,1,1,0,1
0.02489784,1,1,1,1,0,1
0.02490304,1,0,1,1,0,1
0.02490436,1,1,1,1,0,1
0.02490652,1,0,1,1,0,1
0.02490752,1,1,1,1,0,1
0.02491268,1,0,1,1,0,1
0.02491404,1,1,1,1,0,1
0.0249162,1,0,1,1,0,1
0.0249172,1,1,1,1,0,1
0.02492236,1,0,1,1,0,1
0.02492368,1,1,1,1,0,1
0.02492584,1,0,1,1,0,1
0.02492684,1,1,1,1,0,1
0.024932,1,0,1,1,0,1
0.02493336,1,1,1,1,0,1
0.02493552,1,0,1,1,0,1
0.02493668,1,1,1,1,0,1
0.02494184,1,0,1,1,0,1
0.024943,1,1,1,1,0,1
0.0249452,1,0,1,1,0,1
0.02494636,1,1,1,1,0,1
0.02495152,1,0,1,1,0,1
0.02495284,1,1,1,1,0,1
0.024955,1,0,1,1,0,1
0.024956,1,1,1,1,0,1
0.0249612,1,0,1,1,0,1
0.02496252,1,1,1,1,0,1
0.02496468,1,0,1,1,0,1
0.02496568,1,1,1,1,0,1
0.02497084,1,0,1,1,0,1
0.0249722,1,1,1,1,0,1
0.02497436,1,0,1,1,0,1
0.02497536,1,1,1,1,0,1
0.02498052,1,0,1,1,0,1
0.02498184,1,1,1,1,0,1
0.024984,1,0,1,1,0,1
0.0249852,1,1,1,1,0,1
0.02499036,1,0,1,1,0,1
0.02499152,1,1,1,1,0,1
0.02499368,1,0,1,1,0,1
0.02499484,1,1,1,1,0,1
0.025,1,0,1,1,0,1
0.02500136,1,1,1,1,0,1
0.02500352,1,0,1,1,0,1
0.02500452,1,1,1,1,0,1
0.02500968,1,0,1,1,0,1
0.025011,1,1,1,1,0,1
0.02501316,1,0,1,1,0,1
0.02501416,1,1,1,1,0,1
0.02501936,1,0,1,1,0,1
0.02502068,1,1,1,1,0,1
0.02502284,1,0,1,1,0,1
0.02502384,1,1,1,1,0,1
0.025029,1,0,1,1,0,1
0.02503036,1,1,1,1,0,1
0.02503252,1,0,1,1,0,1
0.02503352,1,1,1,1,0,1
0.02503868,1,0,1,1,0,1
0.02504,1,1,1,1,0,1
0.02504216,1,0,1,1,0,1
0.02504336,1,1,1,1,0,1
0.02504852,1,0,1,1,0,1
0.02504968,1,1,1,1,0,1
0.02505184,1,0,1,1,0,1
0.025053,1,1,1,1,0,1
0.02505816,1,0,1,1,0,1
0.02505952,1,1,1,1,0,1
0.02506168,1,0,1,1,0,1
0.02506268,1,1,1,1,0,1
0.02506784,1,0,1,1,0,1
0.02506916,1,1,1,1,0,1
0.02507132,1,0,1,1,0,1
0.02507232,1,1,1,1,0,1
0.02507752,1,0,1,1,0,1
0.02507884,1,1,1,1,0,1
0.025081,1,0,1,1,0,1
0.025082,1,1,1,1,0,1
0.02508716,1,0,1,1,0,1
0.02508852,1,1,1,1,0,1
0.02509068,1,0,1,1,0,1
0.02509184,1,1,1,1,0,1
0.025097,1,0,1,1,0,1
0.02509816,1,1,1,1,0,1
0.02510032,1,0,1,1,0,1
0.02510152,1,1,1,1,0,1
0.02510668,1,0,1,1,0,1
0.025108,1,1,1,1,0,1
0.02511016,1,0,1,1,0,1
0.02511116,1,1,1,1,0,1
0.02511632,1,0,1,1,0,1
0.02511768,1,1,1,1,0,1
0.02511984,1,0,1,1,0,1
0.02512084,1,1,1,1,0,1
0.025126,1,0,1,1,0,1
0.02512732,1,1,1,1,0,1
0.02512948,1,0,1,1,0,1
0.02513048,1,1,1,1,0,1
0.02513568,1,0,1,1,0,1
0.025137,1,1,1,1,0,1
0.02513916,1,0,1,1,0,1
0.02514032,1,1,1,1,0,1
0.02514548,1,0,1,1,0,1
0.02514668,1,1,1,1,0,1
0.02514884,1,0,1,1,0,1
0.02515,1,1,1,1,0,1
0.02515516,1,0,1,1,0,1
0.02515648,1,1,1,1,0,1
0.02515868,1,0,1,1,0,1
0.02515968,1,1,1,1,0,1
0.02516484,1,0,1,1,0,1
0.02516616,1,1,1,1,0,1
0.02516832,1,0,1,1,0,1
0.02516932,1,1,1,1,0,1
0.02517448,1,0,1,1,0,1
0.02517584,1,1,1,1,0,1
0.025178,1,0,1,1,0,1
0.025179,1,1,1,1,0,1
0.02518416,1,0,1,1,0,1
0.02518548,1,1,1,1,0,1
0.02518768,1,0,1,1,0,1
0.02518884,1,1,1,1,0,1
0.025194,1,0,1,1,0,1
0.02519516,1,1,1,1,0,1
0.02519732,1,0,1,1,0,1
0.02519848,1,1,1,1,0,1
0.02520364,1,0,1,1,0,1
0.025205,1,1,1,1,0,1
0.02520716,1,0,1,1,0,1
0.02520816,1,1,1,1,0,1
0.02521332,1,0,1,1,0,1
0.02521464,1,1,1,1,0,1
0.02521684,1,0,1,1,0,1
0.02521784,1,1,1,1,0,1
0.025223,1,0,1,1,0,1
0.02522432,1,1,1,1,0,1
0.02522648,1,0,1,1,0,1
0.02522748,1,1,1,1,0,1
0.02523264,1,0,1,1,0,1
0.025234,1,1,1,1,0,1
0.02523616,1,0,1,1,0,1
0.02523716,1,1,1,1,0,1
0.02524232,1,0,1,1,0,1
0.02524364,1,1,1,1,0,1
0.02524584,1,0,1,1,0,1
0.025247,1,1,1,1,0,1
0.02525216,1,0,1,1,0,1
0.02525332,1,1,1,1,0,1
0.02525548,1,0,1,1,0,1
0.02525664,1,1,1,1,0,1
0.0252618,1,0,1,1,0,1
0.02526316,1,1,1,1,0,1
0.02526532,1,0,1,1,0,1
0.02526632,1,1,1,1,0,1
0.02527148,1,0,1,1,0,1
0.0252728,1,1,1,1,0,1
0.025275,1,0,1,1,0,1
0.025276,1,1,1,1,0,1
0.02528116,1,0,1,1,0,1
0.02528248,1,1,1,1,0,1
0.02528464,1,0,1,1,0,1
0.02528564,1,1,1,1,0,1
0.0252908,1,0,1,1,0,1
0.02529216,1,1,1,1,0,1
0.02529432,1,0,1,1,0,1
0.02529548,1,1,1,1,0,1
0.02530064,1,0,1,1,0,1
0.0253018,1,1,1,1,0,1
0.025304,1,0,1,1,0,1
0.02530516,1,1,1,1,0,1
0.02531032,1,0,1,1,0,1
0.02531164,1,1,1,1,0,1
0.0253138,1,0,1,1,0,1
0.0253148,1,1,1,1,0,1
0.02532,1,0,1,1,0,1
0.02532132,1,1,1,1,0,1
0.02532348,1,0,1,1,0,1
0.02532448,1,1,1,1,0,1
0.02532964,1,0,1,1,0,1
0.02533096,1,1,1,1,0,1
0.02533316,1,0,1,1,0,1
0.02533416,1,1,1,1,0,1
0.02533932,1,0,1,1,0,1
0.02534064,1,1,1,1,0,1
0.0253428,1,0,1,1,0,1
0.02534396,1,1,1,1,0,1
0.02534916,1,0,1,1,0,1
0.02535032,1,1,1,1,0,1
0.02535248,1,0,1,1,0,1
0.02535364,1,1,1,1,0,1
0.0253588,1,0,1,1,0,1
0.02536016,1,1,1,1,0,1
0.02536232,1,0,1,1,0,1
0.02536332,1,1,1,1,0,1
0.02536848,1,0,1,1,0,1
0.0253698,1,1,1,1,0,1
0.02537196,1,0,1,1,0,1
0.02537296,1,1,1,1,0,1
0.02537816,1,0,1,1,0,1
0.02537948,1,1,1,1,0,1
0.02538164,1,0,1,1,0,1
0.02538264,1,1,1,1,0,1
0.0253878,1,0,1,1,0,1
0.02538916,1,1,1,1,0,1
0.02539132,1,0,1,1,0,1
0.02539248,1,1,1,1,0,1
0.02539764,1,0,1,1,0,1
0.0253988,1,1,1,1,0,1
0.02540096,1,0,1,1,0,1
0.02540212,1,1,1,1,0,1
0.02540732,1,0,1,1,0,1
0.02540864,1,1,1,1,0,1
0.0254108,1,0,1,1,0,1
0.0254118,1,1,1,1,0,1
0.02541696,1,0,1,1,0,1
0.02541832,1,1,1,1,0,1
0.02542048,1,0,1,1,0,1
0.02542148,1,1,1,1,0,1
0.02542664,1,0,1,1,0,1
0.02542796,1,1,1,1,0,1
0.02543012,1,0,1,1,0,1
0.02543112,1,1,1,1,0,1
0.02543632,1,0,1,1,0,1
0.02543764,1,1,1,1,0,1
0.0254398,1,0,1,1,0,1
0.0254408,1,1,1,1,0,1
0.02544596,1,0,1,1,0,1
0.02544732,1,1,1,1,0,1
0.02544948,1,0,1,1,0,1
0.02545064,1,1,1,1,0,1
0.0254558,1,0,1,1,0,1
0.02545696,1,1,1,1,0,1
0.02545912,1,0,1,1,0,1
0.02546028,1,1,1,1,0,1
0.02546548,1,0,1,1,0,1
0.0254668,1,1,1,1,0,1
0.02546896,1,0,1,1,0,1
0.02546996,1,1,1,1,0,1
0.02547512,1,0,1,1,0,1
0.02547648,1,1,1,1,0,1
0.02547864,1,0,1,1,0,1
0.02547964,1,1,1,1,0,1
0.0254848,1,0,1,1,0,1
0.02548612,1,1,1,1,0,1
0.02548828,1,0,1,1,0,1
0.02548928,1,1,1,1,0,1
0.02549448,1,0,1,1,0,1
0.0254958,1,1,1,1,0,1
0.02549796,1,0,1,1,0,1
0.02549912,1,1,1,1,0,1
0.02550428,1,0,1,1,0,1
0.02550548,1,1,1,1,0,1
0.02550764,1,0,1,1,0,1
0.0255088,1,1,1,1,0,1
0.02551396,1,0,1,1,0,1
0.02551528,1,1,1,1,0,1
0.02551748,1,0,1,1,0,1
0.02551848,1,1,1,1,0,1
0.02552364,1,0,1,1,0,1
0.02552496,1,1,1,1,0,1
0.02552712,1,0,1,1,0,1
0.02552812,1,1,1,1,0,1
0.02553328,1,0,1,1,0,1
0.02553464,1,1,1,1,0,1
0.0255368,1,0,1,1,0,1
0.0255378,1,1,1,1,0,1
0.02554296,1,0,1,1,0,1
0.02554428,1,1,1,1,0,1
0.02554644,1,0,1,1,0,1
0.02554764,1,1,1,1,0,1
0.0255528,1,0,1,1,0,1
0.02555396,1,1,1,1,0,1
0.02555612,1,0,1,1,0,1
0.02555728,1,1,1,1,0,1
0.02556244,1,0,1,1,0,1
0.0255638,1,1,1,1,0,1
0.02556596,1,0,1,1,0,1
0.02556696,1,1,1,1,0,1
0.02557212,1,0,1,1,0,1
0.02557344,1,1,1,1,0,1
0.02557564,1,0,1,1,0,1
0.02557664,1,1,1,1,0,1
0.0255818,1,0,1,1,0,1
0.02558312,1,1,1,1,0,1
0.02558528,1,0,1,1,0,1
0.02558628,1,1,1,1,0,1
0.02559144,1,0,1,1,0,1
0.0255928,1,1,1,1,0,1
0.02559496,1,0,1,1,0,1
0.02559612,1,1,1,1,0,1
0.02560128,1,0,1,1,0,1
0.02560244,1,1,1,1,0,1
0.0256046,1,0,1,1,0,1
0.0256058,1,1,1,1,0,1
0.02561096,1,0,1,1,0,1
0.02561228,1,1,1,1,0,1
0.02561444,1,0,1,1,0,1
0.02561544,1,1,1,1,0,1
0.0256206,1,0,1,1,0,1
0.02562196,1,1,1,1,0,1
0.02562412,1,0,1,1,0,1
0.02562512,1,1,1,1,0,1
0.02563028,1,0,1,1,0,1
0.0256316,1,1,1,1,0,1
0.0256338,1,0,1,1,0,1
0.0256348,1,1,1,1,0,1
0.02563996,1,0,1,1,0,1
0.02564128,1,1,1,1,0,1
0.02564344,1,0,1,1,0,1
0.0256446,1,1,1,1,0,1
0.0256498,1,0,1,1,0,1
0.02565096,1,1,1,1,0,1
0.02565312,1,0,1,1,0,1
0.02565428,1,1,1,1,0,1
0.02565944,1,0,1,1,0,1
0.0256606,1,1,1,1,0,1
0.02566276,1,0,1,1,0,1
0.02566396,1,1,1,1,0,1
0.02566912,1,0,1,1,0,1
0.02567044,1,1,1,1,0,1
0.0256726,1,0,1,1,0,1
0.0256736,1,1,1,1,0,1
0.02567876,1,0,1,1,0,1
0.02568012,1,1,1,1,0,1
0.02568228,1,0,1,1,0,1
0.02568328,1,1,1,1,0,1
0.02568844,1,0,1,1,0,1
0.02568976,1,1,1,1,0,1
0.02569196,1,0,1,1,0,1
0.02569296,1,1,1,1,0,1
0.02569812,1,0,1,1,0,1
0.02569944,1,1,1,1,0,1
0.0257016,1,0,1,1,0,1
0.02570276,1,1,1,1,0,1
0.02570796,1,0,1,1,0,1
0.02570912,1,1,1,1,0,1
0.02571128,1,0,1,1,0,1
0.02571244,1,1,1,1,0,1
0.0257176,1,0,1,1,0,1
0.02571896,1,1,1,1,0,1
0.02572112,1,0,1,1,0,1
0.02572212,1,1,1,1,0,1
0.02572728,1,0,1,1,0,1
0.0257286,1,1,1,1,0,1
0.02573076,1,0,1,1,0,1
0.02573176,1,1,1,1,0,1
0.02573692,1,0,1,1,0,1
0.02573828,1,1,1,1,0,1
0.02574044,1,0,1,1,0,1
0.02574144,1,1,1,1,0,1
0.0257466,1,0,1,1,0,1
0.02574792,1,1,1,1,0,1
0.02575012,1,0,1,1,0,1
0.02575128,1,1,1,1,0,1
0.02575644,1,0,1,1,0,1
0.0257576,1,1,1,1,0,1
0.02575976,1,0,1,1,0,1
0.02576092,1,1,1,1,0,1
0.02576612,1,0,1,1,0,1
0.02576744,1,1,1,1,0,1
0.0257696,1,0,1,1,0,1
0.0257706,1,1,1,1,0,1
0.02577576,1,0,1,1,0,1
0.02577712,1,1,1,1,0,1
0.02577928,1,0,1,1,0,1
0.02578028,1,1,1,1,0,1
0.02578544,1,0,1,1,0,1
0.02578676,1,1,1,1,0,1
0.02578892,1,0,1,1,0,1
0.02578992,1,1,1,1,0,1
0.02579508,1,0,1,1,0,1
0.02579644,1,1,1,1,0,1
0.0257986,1,0,1,1,0,1
0.02579976,1,1,1,1,0,1
0.02580492,1,0,1,1,0,1
0.02580608,1,1,1,1,0,1
0.02580828,1,0,1,1,0,1
0.02580944,1,1,1,1,0,1
0.0258146,1,0,1,1,0,1
0.02581592,1,1,1,1,0,1
0.02581808,1,0,1,1,0,1
0.02581908,1,1,1,1,0,1
0.02582428,1,0,1,1,0,1
0.0258256,1,1,1,1,0,1
0.02582776,1,0,1,1,0,1
0.02582876,1,1,1,1,0,1
0.02583392,1,0,1,1,0,1
0.02583528,1,1,1,1,0,1
0.02583744,1,0,1,1,0,1
0.02583844,1,1,1,1,0,1
0.0258436,1,0,1,1,0,1
0.02584492,1,1,1,1,0,1
0.02584708,1,0,1,1,0,1
0.02584828,1,1,1,1,0,1
0.02585344,1,0,1,1,0,1
0.0258546,1,1,1,1,0,1
0.02585676,1,0,1,1,0,1
0.02585792,1,1,1,1,0,1
0.02586308,1,0,1,1,0,1
0.02586444,1,1,1,1,0,1
0.0258666,1,0,1,1,0,1
0.0258676,1,1,1,1,0,1
0.02587276,1,0,1,1,0,1
0.02587408,1,1,1,1,0,1
0.02587624,1,0,1,1,0,1
0.02587724,1,1,1,1,0,1
0.02588244,1,0,1,1,0,1
0.02588376,1,1,1,1,0,1
0.02588592,1,0,1,1,0,1
0.02588692,1,1,1,1,0,1
0.02589208,1,0,1,1,0,1
0.02589344,1,1,1,1,0,1
0.0258956,1,0,1,1,0,1
0.0258966,1,1,1,1,0,1
0.02590176,1,0,1,1,0,1
0.02590308,1,1,1,1,0,1
0.02590524,1,0,1,1,0,1
0.02590644,1,1,1,1,0,1
0.0259116,1,0,1,1,0,1
0.02591276,1,1,1,1,0,1
0.02591492,1,0,1,1,0,1
0.02591608,1,1,1,1,0,1
0.02592124,1,0,1,1,0,1
0.0259226,1,1,1,1,0,1
0.02592476,1,0,1,1,0,1
0.02592576,1,1,1,1,0,1
0.02593092,1,0,1,1,0,1
0.02593224,1,1,1,1,0,1
0.0259344,1,0,1,1,0,1
0.0259354,1,1,1,1,0,1
0.0259406,1,0,1,1,0,1
0.02594192,1,1,1,1,0,1
0.02594408,1,0,1,1,0,1
0.02594508,1,1,1,1,0,1
0.02595024,1,0,1,1,0,1
0.0259516,1,1,1,1,0,1
0.02595376,1,0,1,1,0,1
0.02595492,1,1,1,1,0,1
0.02596008,1,0,1,1,0,1
0.02596124,1,1,1,1,0,1
0.0259634,1,0,1,1,0,1
0.0259646,1,1,1,1,0,1
0.02596976,1,0,1,1,0,1
0.02597108,1,1,1,1,0,1
0.02597324,1,0,1,1,0,1
0.02597424,1,1,1,1,0,1
0.0259794,1,0,1,1,0,1
0.02598076,1,1,1,1,0,1
0.02598292,1,0,1,1,0,1
0.02598392,1,1,1,1,0,1
0.02598908,1,0,1,1,0,1
0.0259904,1,1,1,1,0,1
0.02599256,1,0,1,1,0,1
0.02599356,1,1,1,1,0,1
0.02599876,1,0,1,1,0,1
0.02600008,1,1,1,1,0,1
0.02600224,1,0,1,1,0,1
0.0260034,1,1,1,1,0,1
0.02600856,1,0,1,1,0,1
0.02600976,1,1,1,1,0,1
0.02601192,1,0,1,1,0,1
0.02601308,1,1,1,1,0,1
0.02601824,1,0,1,1,0,1
0.02601956,1,1,1,1,0,1
0.02602176,1,0,1,1,0,1
0.02602276,1,1,1,1,0,1
0.02602792,1,0,1,1,0,1
0.02602924,1,1,1,1,0,1
0.0260314,1,0,1,1,0,1
0.0260324,1,1,1,1,0,1
0.02603756,1,0,1,1,0,1
0.02603892,1,1,1,1,0,1
0.02604108,1,0,1,1,0,1
0.02604208,1,1,1,1,0,1
0.02604724,1,0,1,1,0,1
0.02604856,1,1,1,1,0,1
0.02605072,1,0,1,1,0,1
0.02605192,1,1,1,1,0,1
0.02605708,1,0,1,1,0,1
0.02605824,1,1,1,1,0,1
0.0260604,1,0,1,1,0,1
0.02606156,1,1,1,1,0,1
0.02606672,1,0,1,1,0,1
0.02606808,1,1,1,1,0,1
0.02607024,1,0,1,1,0,1
0.02607124,1,1,1,1,0,1
0.0260764,1,0,1,1,0,1
0.02607772,1,1,1,1,0,1
0.02607992,1,0,1,1,0,1
0.02608092,1,1,1,1,0,1
0.02608608,1,0,1,1,0,1
0.0260874,1,1,1,1,0,1
0.02608956,1,0,1,1,0,1
0.02609056,1,1,1,1,0,1
0.02609572,1,0,1,1,0,1
0.02609708,1,1,1,1,0,1
0.02609924,1,0,1,1,0,1
0.02610024,1,1,1,1,0,1
0.0261054,1,0,1,1,0,1
0.02610672,1,1,1,1,0,1
0.02610892,1,0,1,1,0,1
0.02611008,1,1,1,1,0,1
0.02611524,1,0,1,1,0,1
0.0261164,1,1,1,1,0,1
0.02611856,1,0,1,1,0,1
0.02611972,1,1,1,1,0,1
0.02612488,1,0,1,1,0,1
0.02612624,1,1,1,1,0,1
0.0261284,1,0,1,1,0,1
0.0261294,1,1,1,1,0,1
0.02613456,1,0,1,1,0,1
0.02613588,1,1,1,1,0,1
0.02613808,1,0,1,1,0,1
0.02613908,1,1,1,1,0,1
0.02614424,1,0,1,1,0,1
0.02614556,1,1,1,1,0,1
0.02614772,1,0,1,1,0,1
0.02614872,1,1,1,1,0,1
0.02615388,1,0,1,1,0,1
0.02615524,1,1,1,1,0,1
0.0261574,1,0,1,1,0,1
0.02615856,1,1,1,1,0,1
0.02616372,1,0,1,1,0,1
0.02616488,1,1,1,1,0,1
0.02616708,1,0,1,1,0,1
0.02616824,1,1,1,1,0,1
0.0261734,1,0,1,1,0,1
0.02617472,1,1,1,1,0,1
0.02617688,1,0,1,1,0,1
0.02617788,1,1,1,1,0,1
0.02618308,1,0,1,1,0,1
0.0261844,1,1,1,1,0,1
0.02618656,1,0,1,1,0,1
0.02618756,1,1,1,1,0,1
0.02619272,1,0,1,1,0,1
0.02619404,1,1,1,1,0,1
0.02619624,1,0,1,1,0,1
0.02619724,1,1,1,1,0,1
0.0262024,1,0,1,1,0,1
0.02620372,1,1,1,1,0,1
0.02620588,1,0,1,1,0,1
0.02620704,1,1,1,1,0,1
0.02621224,1,0,1,1,0,1
0.0262134,1,1,1,1,0,1
0.02621556,1,0,1,1,0,1
0.02621672,1,1,1,1,0,1
0.02622188,1,0,1,1,0,1
0.02622324,1,1,1,1,0,1
0.0262254,1,0,1,1,0,1
0.0262264,1,1,1,1,0,1
0.02623156,1,0,1,1,0,1
0.02623288,1,1,1,1,0,1
0.02623504,1,0,1,1,0,1
0.02623604,1,1,1,1,0,1
0.02624124,1,0,1,1,0,1
0.02624256,1,1,1,1,0,1
0.02624472,1,0,1,1,0,1
0.02624572,1,1,1,1,0,1
0.02625088,1,0,1,1,0,1
0.0262522,1,1,1,1,0,1
0.0262544,1,0,1,1,0,1
0.02625556,1,1,1,1,0,1
0.02626072,1,0,1,1,0,1
0.02626188,1,1,1,1,0,1
0.02626404,1,0,1,1,0,1
0.0262652,1,1,1,1,0,1
0.0262704,1,0,1,1,0,1
0.02627172,1,1,1,1,0,1
0.02627388,1,0,1,1,0,1
0.02627488,1,1,1,1,0,1
0.02628004,1,0,1,1,0,1
0.0262814,1,1,1,1,0,1
0.02628356,1,0,1,1,0,1
0.02628456,1,1,1,1,0,1
0.02628972,1,0,1,1,0,1
0.02629104,1,1,1,1,0,1
0.0262932,1,0,1,1,0,1
0.0262942,1,1,1,1,0,1
0.0262994,1,0,1,1,0,1
0.02630072,1,1,1,1,0,1
0.02630288,1,0,1,1,0,1
0.02630388,1,1,1,1,0,1
0.02630904,1,0,1,1,0,1
0.0263104,1,1,1,1,0,1
0.02631256,1,0,1,1,0,1
0.02631372,1,1,1,1,0,1
0.02631888,1,0,1,1,0,1
0.02632004,1,1,1,1,0,1
0.0263222,1,0,1,1,0,1
0.02632336,1,1,1,1,0,1
0.02632856,1,0,1,1,0,1
0.02632988,1,1,1,1,0,1
0.02633204,1,0,1,1,0,1
0.02633304,1,1,1,1,0,1
0.0263382,1,0,1,1,0,1
0.02633956,1,1,1,1,0,1
0.02634172,1,0,1,1,0,1
0.02634272,1,1,1,1,0,1
0.02634788,1,0,1,1,0,1
0.0263492,1,1,1,1,0,1
0.02635136,1,0,1,1,0,1
0.02635236,1,1,1,1,0,1
0.02635756,1,0,1,1,0,1
0.02635888,1,1,1,1,0,1
0.02636104,1,0,1,1,0,1
0.0263622,1,1,1,1,0,1
0.02636736,1,0,1,1,0,1
0.02636856,1,1,1,1,0,1
0.02637072,1,0,1,1,0,1
0.02637188,1,1,1,1,0,1
0.02637704,1,0,1,1,0,1
0.02637836,1,1,1,1,0,1
0.02638056,1,0,1,1,0,1
0.02638152,1,1,1,1,0,1
0.02638672,1,0,1,1,0,1
0.02638804,1,1,1,1,0,1
0.0263902,1,0,1,1,0,1
0.0263912,1,1,1,1,0,1
0.02639636,1,0,1,1,0,1
0.02639772,1,1,1,1,0,1
0.02639988,1,0,1,1,0,1
0.02640088,1,1,1,1,0,1
0.02640604,1,0,1,1,0,1
0.02640736,1,1,1,1,0,1
0.02640952,1,0,1,1,0,1
0.02641072,1,1,1,1,0,1
0.02641588,1,0,1,1,0,1
0.02641704,1,1,1,1,0,1
0.0264192,1,0,1,1,0,1
0.02642036,1,1,1,1,0,1
0.02642552,1,0,1,1,0,1
0.02642688,1,1,1,1,0,1
0.02642904,1,0,1,1,0,1
0.02643004,1,1,1,1,0,1
0.0264352,1,0,1,1,0,1
0.02643652,1,1,1,1,0,1
0.02643872,1,0,1,1,0,1
0.02643972,1,1,1,1,0,1
0.02644488,1,0,1,1,0,1
0.0264462,1,1,1,1,0,1
0.02644836,1,0,1,1,0,1
0.02644936,1,1,1,1,0,1
0.02645452,1,0,1,1,0,1
0.02645588,1,1,1,1,0,1
0.02645804,1,0,1,1,0,1
0.0264592,1,1,1,1,0,1
0.02646436,1,0,1,1,0,1
0.02646552,1,1,1,1,0,1
0.02646768,1,0,1,1,0,1
0.02646888,1,1,1,1,0,1
0.02647404,1,0,1,1,0,1
0.02647536,1,1,1,1,0,1
0.02647752,1,0,1,1,0,1
0.02647852,1,1,1,1,0,1
0.02648368,1,0,1,1,0,1
0.02648504,1,1,1,1,0,1
0.0264872,1,0,1,1,0,1
0.0264882,1,1,1,1,0,1
0.02649336,1,0,1,1,0,1
0.02649468,1,1,1,1,0,1
0.02649688,1,0,1,1,0,1
0.02649788,1,1,1,1,0,1
0.02650304,1,0,1,1,0,1
0.02650436,1,1,1,1,0,1
0.02650652,1,0,1,1,0,1
0.02650752,1,1,1,1,0,1
0.02651268,1,0,1,1,0,1
0.02651404,1,1,1,1,0,1
0.0265162,1,0,1,1,0,1
0.02651736,1,1,1,1,0,1
0.02652252,1,0,1,1,0,1
0.02652368,1,1,1,1,0,1
0.02652584,1,0,1,1,0,1
0.02652704,1,1,1,1,0,1
0.0265322,1,0,1,1,0,1
0.02653352,1,1,1,1,0,1
0.02653568,1,0,1,1,0,1
0.02653668,1,1,1,1,0,1
0.02654184,1,0,1,1,0,1
0.0265432,1,1,1,1,0,1
0.02654536,1,0,1,1,0,1
0.02654636,1,1,1,1,0,1
0.02655152,1,0,1,1,0,1
0.02655284,1,1,1,1,0,1
0.02655504,1,0,1,1,0,1
0.02655604,1,1,1,1,0,1
0.0265612,1,0,1,1,0,1
0.02656252,1,1,1,1,0,1
0.02656468,1,0,1,1,0,1
0.02656584,1,1,1,1,0,1
0.02657104,1,0,1,1,0,1
0.0265722,1,1,1,1,0,1
0.02657436,1,0,1,1,0,1
0.02657552,1,1,1,1,0,1
0.02658068,1,0,1,1,0,1
0.026582,1,1,1,1,0,1
0.0265842,1,0,1,1,0,1
0.0265852,1,1,1,1,0,1
0.02659036,1,0,1,1,0,1
0.02659168,1,1,1,1,0,1
0.02659384,1,0,1,1,0,1
0.02659484,1,1,1,1,0,1
0.0266,1,0,1,1,0,1
0.02660136,1,1,1,1,0,1
0.02660352,1,0,1,1,0,1
0.02660452,1,1,1,1,0,1
0.02660968,1,0,1,1,0,1
0.026611,1,1,1,1,0,1
0.0266132,1,0,1,1,0,1
0.02661436,1,1,1,1,0,1
0.02661952,1,0,1,1,0,1
0.02662068,1,1,1,1,0,1
0.02662284,1,0,1,1,0,1
0.026624,1,1,1,1,0,1
0.0266292,1,0,1,1,0,1
0.02663052,1,1,1,1,0,1
0.02663268,1,0,1,1,0,1
0.02663368,1,1,1,1,0,1
0.02663884,1,0,1,1,0,1
0.0266402,1,1,1,1,0,1
0.02664236,1,0,1,1,0,1
0.02664336,1,1,1,1,0,1
0.02664852,1,0,1,1,0,1
0.02664984,1,1,1,1,0,1
0.026652,1,0,1,1,0,1
0.026653,1,1,1,1,0,1
0.02665816,1,0,1,1,0,1
0.02665952,1,1,1,1,0,1
0.02666168,1,0,1,1,0,1
0.02666284,1,1,1,1,0,1
0.026668,1,0,1,1,0,1
0.02666916,1,1,1,1,0,1
0.02667136,1,0,1,1,0,1
0.02667252,1,1,1,1,0,1
0.02667768,1,0,1,1,0,1
0.026679,1,1,1,1,0,1
0.02668116,1,0,1,1,0,1
0.02668216,1,1,1,1,0,1
0.02668736,1,0,1,1,0,1
0.02668868,1,1,1,1,0,1
0.02669084,1,0,1,1,0,1
0.02669184,1,1,1,1,0,1
0.026697,1,0,1,1,0,1
0.02669836,1,1,1,1,0,1
0.02670052,1,0,1,1,0,1
0.02670152,1,1,1,1,0,1
0.02670668,1,0,1,1,0,1
0.026708,1,1,1,1,0,1
0.02671016,1,0,1,1,0,1
0.02671132,1,1,1,1,0,1
0.02671652,1,0,1,1,0,1
0.02671768,1,1,1,1,0,1
0.02671984,1,0,1,1,0,1
0.026721,1,1,1,1,0,1
0.02672616,1,0,1,1,0,1
0.02672732,1,1,1,1,0,1
0.02672952,1,0,1,1,0,1
0.02673068,1,1,1,1,0,1
0.02673584,1,0,1,1,0,1
0.02673716,1,1,1,1,0,1
0.02673932,1,0,1,1,0,1
0.02674032,1,1,1,1,0,1
0.02674552,1,0,1,1,0,1
0.02674684,1,1,1,1,0,1
0.026749,1,0,1,1,0,1
0.02675,1,1,1,1,0,1
0.02675516,1,0,1,1,0,1
0.02675652,1,1,1,1,0,1
0.02675868,1,0,1,1,0,1
0.02675968,1,1,1,1,0,1
0.02676484,1,0,1,1,0,1
0.02676616,1,1,1,1,0,1
0.02676832,1,0,1,1,0,1
0.02676952,1,1,1,1,0,1
0.02677468,1,0,1,1,0,1
0.02677584,1,1,1,1,0,1
0.026778,1,0,1,1,0,1
0.02677916,1,1,1,1,0,1
0.02678432,1,0,1,1,0,1
0.02678568,1,1,1,1,0,1
0.02678784,1,0,1,1,0,1
0.02678884,1,1,1,1,0,1
0.026794,1,0,1,1,0,1
0.02679532,1,1,1,1,0,1
0.02679748,1,0,1,1,0,1
0.02679848,1,1,1,1,0,1
0.02680368,1,0,1,1,0,1
0.026805,1,1,1,1,0,1
0.02680716,1,0,1,1,0,1
0.02680816,1,1,1,1,0,1
0.02681332,1,0,1,1,0,1
0.02681468,1,1,1,1,0,1
0.02681684,1,0,1,1,0,1
0.026818,1,1,1,1,0,1
0.02682316,1,0,1,1,0,1
0.02682432,1,1,1,1,0,1
0.02682648,1,0,1,1,0,1
0.02682768,1,1,1,1,0,1
0.02683284,1,0,1,1,0,1
0.02683416,1,1,1,1,0,1
0.02683632,1,0,1,1,0,1
0.02683732,1,1,1,1,0,1
0.02684248,1,0,1,1,0,1
0.02684384,1,1,1,1,0,1
0.026846,1,0,1,1,0,1
0.026847,1,1,1,1,0,1
0.02685216,1,0,1,1,0,1
0.02685348,1,1,1,1,0,1
0.02685564,1,0,1,1,0,1
0.02685664,1,1,1,1,0,1
0.02686184,1,0,1,1,0,1
0.02686316,1,1,1,1,0,1
0.02686532,1,0,1,1,0,1
0.02686648,1,1,1,1,0,1
0.02687164,1,0,1,1,0,1
0.02687284,1,1,1,1,0,1
0.026875,1,0,1,1,0,1
0.02687616,1,1,1,1,0,1
0.02688132,1,0,1,1,0,1
0.02688264,1,1,1,1,0,1
0.02688484,1,0,1,1,0,1
0.02688584,1,1,1,1,0,1
0.026891,1,0,1,1,0,1
0.02689232,1,1,1,1,0,1
0.02689448,1,0,1,1,0,1
0.02689548,1,1,1,1,0,1
0.02690064,1,0,1,1,0,1
0.026902,1,1,1,1,0,1
0.02690416,1,0,1,1,0,1
0.02690516,1,1,1,1,0,1
0.02691032,1,0,1,1,0,1
0.02691164,1,1,1,1,0,1
0.0269138,1,0,1,1,0,1
0.026915,1,1,1,1,0,1
0.02692016,1,0,1,1,0,1
0.02692132,1,1,1,1,0,1
0.02692348,1,0,1,1,0,1
0.02692464,1,1,1,1,0,1
0.0269298,1,0,1,1,0,1
0.02693116,1,1,1,1,0,1
0.02693332,1,0,1,1,0,1
0.02693432,1,1,1,1,0,1
0.02693948,1,0,1,1,0,1
0.0269408,1,1,1,1,0,1
0.026943,1,0,1,1,0,1
0.026944,1,1,1,1,0,1
0.02694916,1,0,1,1,0,1
0.02695048,1,1,1,1,0,1
0.02695264,1,0,1,1,0,1
0.02695364,1,1,1,1,0,1
0.0269588,1,0,1,1,0,1
0.02696016,1,1,1,1,0,1
0.02696232,1,0,1,1,0,1
0.02696332,1,1,1,1,0,1
0.02696848,1,0,1,1,0,1
0.0269698,1,1,1,1,0,1
0.026972,1,0,1,1,0,1
0.02697316,1,1,1,1,0,1
0.02697832,1,0,1,1,0,1
0.02697948,1,1,1,1,0,1
0.02698164,1,0,1,1,0,1
0.0269828,1,1,1,1,0,1
0.02698796,1,0,1,1,0,1
0.02698932,1,1,1,1,0,1
0.02699148,1,0,1,1,0,1
0.02699248,1,1,1,1,0,1
0.02699764,1,0,1,1,0,1
0.02699896,1,1,1,1,0,1
0.02700116,1,0,1,1,0,1
0.02700216,1,1,1,1,0,1
0.02700732,1,0,1,1,0,1
0.02700864,1,1,1,1,0,1
0.0270108,1,0,1,1,0,1
0.0270118,1,1,1,1,0,1
0.02701696,1,0,1,1,0,1
0.02701832,1,1,1,1,0,1
0.02702048,1,0,1,1,0,1
0.02702164,1,1,1,1,0,1
0.0270268,1,0,1,1,0,1
0.02702796,1,1,1,1,0,1
0.02703016,1,0,1,1,0,1
0.02703132,1,1,1,1,0,1
0.02703648,1,0,1,1,0,1
0.0270378,1,1,1,1,0,1
0.02703996,1,0,1,1,0,1
0.02704096,1,1,1,1,0,1
0.02704612,1,0,1,1,0,1
0.02704748,1,1,1,1,0,1
0.02704964,1,0,1,1,0,1
0.02705064,1,1,1,1,0,1
0.0270558,1,0,1,1,0,1
0.02705712,1,1,1,1,0,1
0.02705932,1,0,1,1,0,1
0.02706032,1,1,1,1,0,1
0.02706548,1,0,1,1,0,1
0.0270668,1,1,1,1,0,1
0.02706896,1,0,1,1,0,1
0.02707012,1,1,1,1,0,1
0.02707532,1,0,1,1,0,1
0.02707648,1,1,1,1,0,1
0.02707864,1,0,1,1,0,1
0.0270798,1,1,1,1,0,1
0.02708496,1,0,1,1,0,1
0.02708632,1,1,1,1,0,1
0.02708848,1,0,1,1,0,1
0.02708948,1,1,1,1,0,1
0.02709464,1,0,1,1,0,1
0.02709596,1,1,1,1,0,1
0.02709812,1,0,1,1,0,1
0.02709912,1,1,1,1,0,1
0.02710432,1,0,1,1,0,1
0.02710564,1,1,1,1,0,1
0.0271078,1,0,1,1,0,1
0.0271088,1,1,1,1,0,1
0.02711396,1,0,1,1,0,1
0.02711528,1,1,1,1,0,1
0.02711748,1,0,1,1,0,1
0.02711864,1,1,1,1,0,1
0.0271238,1,0,1,1,0,1
0.02712496,1,1,1,1,0,1
0.02712712,1,0,1,1,0,1
0.02712828,1,1,1,1,0,1
0.02713348,1,0,1,1,0,1
0.0271348,1,1,1,1,0,1
0.02713696,1,0,1,1,0,1
0.02713796,1,1,1,1,0,1
0.02714312,1,0,1,1,0,1
0.02714448,1,1,1,1,0,1
0.02714664,1,0,1,1,0,1
0.02714764,1,1,1,1,0,1
0.0271528,1,0,1,1,0,1
0.02715412,1,1,1,1,0,1
0.02715628,1,0,1,1,0,1
0.02715728,1,1,1,1,0,1
0.02716248,1,0,1,1,0,1
0.0271638,1,1,1,1,0,1
0.02716596,1,0,1,1,0,1
0.02716696,1,1,1,1,0,1
0.02717212,1,0,1,1,0,1
0.02717348,1,1,1,1,0,1
0.02717564,1,0,1,1,0,1
0.0271768,1,1,1,1,0,1
0.02718196,1,0,1,1,0,1
0.02718312,1,1,1,1,0,1
0.02718528,1,0,1,1,0,1
0.02718644,1,1,1,1,0,1
0.02719164,1,0,1,1,0,1
0.02719296,1,1,1,1,0,1
0.02719512,1,0,1,1,0,1
0.02719612,1,1,1,1,0,1
0.02720128,1,0,1,1,0,1
0.02720264,1,1,1,1,0,1
0.0272048,1,0,1,1,0,1
0.0272058,1,1,1,1,0,1
0.02721096,1,0,1,1,0,1
0.02721228,1,1,1,1,0,1
0.02721444,1,0,1,1,0,1
0.02721544,1,1,1,1,0,1
0.02722064,1,0,1,1,0,1
0.02722196,1,1,1,1,0,1
0.02722412,1,0,1,1,0,1
0.02722528,1,1,1,1,0,1
0.02723044,1,0,1,1,0,1
0.02723164,1,1,1,1,0,1
0.0272338,1,0,1,1,0,1
0.02723496,1,1,1,1,0,1
0.02724012,1,0,1,1,0,1
0.02724144,1,1,1,1,0,1
0.02724364,1,0,1,1,0,1
0.0272446,1,1,1,1,0,1
0.0272498,1,0,1,1,0,1
0.02725112,1,1,1,1,0,1
0.02725328,1,0,1,1,0,1
0.02725428,1,1,1,1,0,1
0.02725944,1,0,1,1,0,1
0.0272608,1,1,1,1,0,1
0.02726296,1,0,1,1,0,1
0.02726396,1,1,1,1,0,1
0.02726912,1,0,1,1,0,1
0.02727044,1,1,1,1,0,1
0.0272726,1,0,1,1,0,1
0.0272738,1,1,1,1,0,1
0.02727896,1,0,1,1,0,1
0.02728012,1,1,1,1,0,1
0.02728228,1,0,1,1,0,1
0.02728344,1,1,1,1,0,1
0.0272886,1,0,1,1,0,1
0.02728996,1,1,1,1,0,1
0.02729212,1,0,1,1,0,1
0.02729312,1,1,1,1,0,1
0.02729828,1,0,1,1,0,1
0.0272996,1,1,1,1,0,1
0.0273018,1,0,1,1,0,1
0.0273028,1,1,1,1,0,1
0.02730796,1,0,1,1,0,1
0.02730928,1,1,1,1,0,1
0.02731144,1,0,1,1,0,1
0.02731244,1,1,1,1,0,1
0.0273176,1,0,1,1,0,1
0.02731896,1,1,1,1,0,1
0.02732112,1,0,1,1,0,1
0.02732228,1,1,1,1,0,1
0.02732744,1,0,1,1,0,1
0.0273286,1,1,1,1,0,1
0.02733076,1,0,1,1,0,1
0.02733196,1,1,1,1,0,1
0.02733712,1,0,1,1,0,1
0.02733844,1,1,1,1,0,1
0.0273406,1,0,1,1,0,1
0.0273416,1,1,1,1,0,1
0.02734676,1,0,1,1,0,1
0.02734812,1,1,1,1,0,1
0.02735028,1,0,1,1,0,1
0.02735128,1,1,1,1,0,1
0.02735644,1,0,1,1,0,1
0.02735776,1,1,1,1,0,1
0.02735996,1,0,1,1,0,1
0.02736096,1,1,1,1,0,1
0.02736612,1,0,1,1,0,1
0.02736744,1,1,1,1,0,1
0.0273696,1,0,1,1,0,1
0.0273706,1,1,1,1,0,1
0.02737576,1,0,1,1,0,1
0.02737712,1,1,1,1,0,1
0.02737928,1,0,1,1,0,1
0.02738044,1,1,1,1,0,1
0.0273856,1,0,1,1,0,1
0.02738676,1,1,1,1,0,1
0.02738892,1,0,1,1,0,1
0.02739012,1,1,1,1,0,1
0.02739528,1,0,1,1,0,1
0.0273966,1,1,1,1,0,1
0.02739876,1,0,1,1,0,1
0.02739976,1,1,1,1,0,1
0.02740492,1,0,1,1,0,1
0.02740628,1,1,1,1,0,1
0.02740844,1,0,1,1,0,1
0.02740944,1,1,1,1,0,1
0.0274146,1,0,1,1,0,1
0.02741592,1,1,1,1,0,1
0.02741812,1,0,1,1,0,1
0.02741912,1,1,1,1,0,1
0.02742428,1,0,1,1,0,1
0.0274256,1,1,1,1,0,1
0.02742776,1,0,1,1,0,1
0.02742892,1,1,1,1,0,1
0.02743412,1,0,1,1,0,1
0.02743528,1,1,1,1,0,1
0.02743744,1,0,1,1,0,1
0.0274386,1,1,1,1,0,1
0.02744376,1,0,1,1,0,1
0.02744508,1,1,1,1,0,1
0.02744728,1,0,1,1,0,1
0.02744828,1,1,1,1,0,1
0.02745344,1,0,1,1,0,1
0.02745476,1,1,1,1,0,1
0.02745692,1,0,1,1,0,1
0.02745792,1,1,1,1,0,1
0.02746308,1,0,1,1,0,1
0.02746444,1,1,1,1,0,1
0.0274666,1,0,1,1,0,1
0.0274676,1,1,1,1,0,1
0.02747276,1,0,1,1,0,1
0.02747408,1,1,1,1,0,1
0.02747628,1,0,1,1,0,1
0.02747744,1,1,1,1,0,1
0.0274826,1,0,1,1,0,1
0.02748376,1,1,1,1,0,1
0.02748592,1,0,1,1,0,1
0.02748708,1,1,1,1,0,1
0.02749228,1,0,1,1,0,1
0.0274936,1,1,1,1,0,1
0.02749576,1,0,1,1,0,1
0.02749676,1,1,1,1,0,1
0.02750192,1,0,1,1,0,1
0.02750324,1,1,1,1,0,1
0.02750544,1,0,1,1,0,1
0.02750644,1,1,1,1,0,1
0.0275116,1,0,1,1,0,1
0.02751292,1,1,1,1,0,1
0.02751508,1,0,1,1,0,1
0.02751608,1,1,1,1,0,1
0.02752124,1,0,1,1,0,1
0.0275226,1,1,1,1,0,1
0.02752476,1,0,1,1,0,1
0.02752592,1,1,1,1,0,1
0.02753108,1,0,1,1,0,1
0.02753224,1,1,1,1,0,1
0.02753444,1,0,1,1,0,1
0.0275356,1,1,1,1,0,1
0.02754076,1,0,1,1,0,1
0.02754208,1,1,1,1,0,1
0.02754424,1,0,1,1,0,1
0.02754524,1,1,1,1,0,1
0.02755044,1,0,1,1,0,1
0.02755176,1,1,1,1,0,1
0.02755392,1,0,1,1,0,1
0.02755492,1,1,1,1,0,1
0.02756008,1,0,1,1,0,1
0.02756144,1,1,1,1,0,1
0.0275636,1,0,1,1,0,1
0.0275646,1,1,1,1,0,1
0.02756976,1,0,1,1,0,1
0.02757108,1,1,1,1,0,1
0.02757324,1,0,1,1,0,1
0.0275744,1,1,1,1,0,1
0.0275796,1,0,1,1,0,1
0.02758076,1,1,1,1,0,1
0.02758292,1,0,1,1,0,1
0.02758408,1,1,1,1,0,1
0.02758924,1,0,1,1,0,1
0.0275904,1,1,1,1,0,1
0.0275926,1,0,1,1,0,1
0.02759376,1,1,1,1,0,1
0.02759892,1,0,1,1,0,1
0.02760024,1,1,1,1,0,1
0.0276024,1,0,1,1,0,1
0.0276034,1,1,1,1,0,1
0.0276086,1,0,1,1,0,1
0.02760992,1,1,1,1,0,1
0.02761208,1,0,1,1,0,1
0.02761308,1,1,1,1,0,1
0.02761824,1,0,1,1,0,1
0.0276196,1,1,1,1,0,1
0.02762176,1,0,1,1,0,1
0.02762276,1,1,1,1,0,1
0.02762792,1,0,1,1,0,1
0.02762924,1,1,1,1,0,1
0.0276314,1,0,1,1,0,1
0.0276326,1,1,1,1,0,1
0.02763776,1,0,1,1,0,1
0.02763892,1,1,1,1,0,1
0.02764108,1,0,1,1,0,1
0.02764224,1,1,1,1,0,1
0.0276474,1,0,1,1,0,1
0.02764876,1,1,1,1,0,1
0.02765092,1,0,1,1,0,1
0.02765192,1,1,1,1,0,1
0.02765708,1,0,1,1,0,1
0.0276584,1,1,1,1,0,1
0.02766056,1,0,1,1,0,1
0.02766156,1,1,1,1,0,1
0.02766676,1,0,1,1,0,1
0.02766808,1,1,1,1,0,1
0.02767024,1,0,1,1,0,1
0.02767124,1,1,1,1,0,1
0.0276764,1,0,1,1,0,1
0.02767776,1,1,1,1,0,1
0.02767992,1,0,1,1,0,1
0.02768108,1,1,1,1,0,1
0.02768624,1,0,1,1,0,1
0.0276874,1,1,1,1,0,1
0.02768956,1,0,1,1,0,1
0.02769076,1,1,1,1,0,1
0.02769592,1,0,1,1,0,1
0.02769724,1,1,1,1,0,1
0.0276994,1,0,1,1,0,1
0.0277004,1,1,1,1,0,1
0.02770556,1,0,1,1,0,1
0.02770692,1,1,1,1,0,1
0.02770908,1,0,1,1,0,1
0.02771008,1,1,1,1,0,1
0.02771524,1,0,1,1,0,1
0.02771656,1,1,1,1,0,1
0.02771872,1,0,1,1,0,1
0.02771972,1,1,1,1,0,1
0.02772492,1,0,1,1,0,1
0.02772624,1,1,1,1,0,1
0.0277284,1,0,1,1,0,1
0.02772956,1,1,1,1,0,1
0.02773472,1,0,1,1,0,1
0.02773592,1,1,1,1,0,1
0.02773808,1,0,1,1,0,1
0.02773924,1,1,1,1,0,1
0.0277444,1,0,1,1,0,1
0.02774572,1,1,1,1,0,1
0.02774792,1,0,1,1,0,1
0.02774892,1,1,1,1,0,1
0.02775408,1,0,1,1,0,1
0.0277554,1,1,1,1,0,1
0.02775756,1,0,1,1,0,1
0.02775856,1,1,1,1,0,1
0.02776372,1,0,1,1,0,1
0.02776508,1,1,1,1,0,1
0.02776724,1,0,1,1,0,1
0.02776824,1,1,1,1,0,1
0.0277734,1,0,1,1,0,1
0.02777472,1,1,1,1,0,1
0.02777688,1,0,1,1,0,1
0.02777808,1,1,1,1,0,1
0.02778324,1,0,1,1,0,1
0.0277844,1,1,1,1,0,1
0.02778656,1,0,1,1,0,1
0.02778772,1,1,1,1,0,1
0.02779288,1,0,1,1,0,1
0.02779424,1,1,1,1,0,1
0.0277964,1,0,1,1,0,1
0.0277974,1,1,1,1,0,1
0.02780256,1,0,1,1,0,1
0.02780388,1,1,1,1,0,1
0.02780608,1,0,1,1,0,1
0.02780708,1,1,1,1,0,1
0.02781224,1,0,1,1,0,1
0.02781356,1,1,1,1,0,1
0.02781572,1,0,1,1,0,1
0.02781672,1,1,1,1,0,1
0.02782188,1,0,1,1,0,1
0.02782324,1,1,1,1,0,1
0.0278254,1,0,1,1,0,1
0.0278264,1,1,1,1,0,1
0.02783156,1,0,1,1,0,1
0.02783288,1,1,1,1,0,1
0.02783508,1,0,1,1,0,1
0.02783624,1,1,1,1,0,1
0.0278414,1,0,1,1,0,1
0.02784256,1,1,1,1,0,1
0.02784472,1,0,1,1,0,1
0.02784588,1,1,1,1,0,1
0.02785104,1,0,1,1,0,1
0.0278524,1,1,1,1,0,1
0.02785456,1,0,1,1,0,1
0.02785556,1,1,1,1,0,1
0.02786072,1,0,1,1,0,1
0.02786204,1,1,1,1,0,1
0.02786424,1,0,1,1,0,1
0.02786524,1,1,1,1,0,1
0.0278704,1,0,1,1,0,1
0.02787172,1,1,1,1,0,1
0.02787388,1,0,1,1,0,1
0.02787488,1,1,1,1,0,1
0.02788004,1,0,1,1,0,1
0.0278814,1,1,1,1,0,1
0.02788356,1,0,1,1,0,1
0.02788472,1,1,1,1,0,1
0.02788988,1,0,1,1,0,1
0.02789104,1,1,1,1,0,1
0.02789324,1,0,1,1,0,1
0.0278944,1,1,1,1,0,1
0.02789956,1,0,1,1,0,1
0.02790088,1,1,1,1,0,1
0.02790304,1,0,1,1,0,1
0.02790404,1,1,1,1,0,1
0.0279092,1,0,1,1,0,1
0.02791056,1,1,1,1,0,1
0.02791272,1,0,1,1,0,1
0.02791372,1,1,1,1,0,1
0.02791888,1,0,1,1,0,1
0.0279202,1,1,1,1,0,1
0.0279224,1,0,1,1,0,1
0.0279234,1,1,1,1,0,1
0.02792856,1,0,1,1,0,1
0.02792988,1,1,1,1,0,1
0.02793204,1,0,1,1,0,1
0.0279332,1,1,1,1,0,1
0.0279384,1,0,1,1,0,1
0.02793956,1,1,1,1,0,1
0.02794172,1,0,1,1,0,1
0.02794288,1,1,1,1,0,1
0.02794804,1,0,1,1,0,1
0.0279494,1,1,1,1,0,1
0.02795156,1,0,1,1,0,1
0.02795256,1,1,1,1,0,1
0.02795772,1,0,1,1,0,1
0.02795904,1,1,1,1,0,1
0.0279612,1,0,1,1,0,1
0.0279622,1,1,1,1,0,1
0.02796736,1,0,1,1,0,1
0.02796872,1,1,1,1,0,1
0.02797088,1,0,1,1,0,1
0.02797188,1,1,1,1,0,1
0.02797704,1,0,1,1,0,1
0.02797836,1,1,1,1,0,1
0.02798056,1,0,1,1,0,1
0.02798172,1,1,1,1,0,1
0.02798688,1,0,1,1,0,1
0.02798804,1,1,1,1,0,1
0.0279902,1,0,1,1,0,1
0.02799136,1,1,1,1,0,1
0.02799656,1,0,1,1,0,1
0.02799788,1,1,1,1,0,1
0.02800004,1,0,1,1,0,1
0.02800104,1,1,1,1,0,1
0.0280062,1,0,1,1,0,1
0.02800756,1,1,1,1,0,1
0.02800972,1,0,1,1,0,1
0.02801072,1,1,1,1,0,1
0.02801588,1,0,1,1,0,1
0.0280172,1,1,1,1,0,1
0.02801936,1,0,1,1,0,1
0.02802036,1,1,1,1,0,1
0.02802556,1,0,1,1,0,1
0.02802688,1,1,1,1,0,1
0.02802904,1,0,1,1,0,1
0.02803004,1,1,1,1,0,1
0.0280352,1,0,1,1,0,1
0.02803656,1,1,1,1,0,1
0.02803872,1,0,1,1,0,1
0.02803988,1,1,1,1,0,1
0.02804504,1,0,1,1,0,1
0.0280462,1,1,1,1,0,1
0.02804836,1,0,1,1,0,1
0.02804952,1,1,1,1,0,1
0.02805472,1,0,1,1,0,1
0.02805604,1,1,1,1,0,1
0.0280582,1,0,1,1,0,1
0.0280592,1,1,1,1,0,1
0.02806436,1,0,1,1,0,1
0.02806572,1,1,1,1,0,1
0.02806788,1,0,1,1,0,1
0.02806888,1,1,1,1,0,1
0.02807404,1,0,1,1,0,1
0.02807536,1,1,1,1,0,1
0.02807752,1,0,1,1,0,1
0.02807852,1,1,1,1,0,1
0.02808372,1,0,1,1,0,1
0.02808504,1,1,1,1,0,1
0.0280872,1,0,1,1,0,1
0.02808836,1,1,1,1,0,1
0.02809352,1,0,1,1,0,1
0.02809472,1,1,1,1,0,1
0.02809688,1,0,1,1,0,1
0.02809804,1,1,1,1,0,1
0.0281032,1,0,1,1,0,1
0.02810452,1,1,1,1,0,1
0.02810668,1,0,1,1,0,1
0.02810768,1,1,1,1,0,1
0.02811288,1,0,1,1,0,1
0.0281142,1,1,1,1,0,1
0.02811636,1,0,1,1,0,1
0.02811736,1,1,1,1,0,1
0.02812252,1,0,1,1,0,1
0.02812388,1,1,1,1,0,1
0.02812604,1,0,1,1,0,1
0.02812704,1,1,1,1,0,1
0.0281322,1,0,1,1,0,1
0.02813352,1,1,1,1,0,1
0.02813568,1,0,1,1,0,1
0.02813688,1,1,1,1,0,1
0.02814204,1,0,1,1,0,1
0.0281432,1,1,1,1,0,1
0.02814536,1,0,1,1,0,1
0.02814652,1,1,1,1,0,1
0.02815168,1,0,1,1,0,1
0.02815304,1,1,1,1,0,1
0.0281552,1,0,1,1,0,1
0.0281562,1,1,1,1,0,1
0.02816136,1,0,1,1,0,1
0.02816268,1,1,1,1,0,1
0.02816488,1,0,1,1,0,1
0.02816584,1,1,1,1,0,1
0.02817104,1,0,1,1,0,1
0.02817236,1,1,1,1,0,1
0.02817452,1,0,1,1,0,1
0.02817552,1,1,1,1,0,1
0.02818068,1,0,1,1,0,1
0.02818204,1,1,1,1,0,1
0.0281842,1,0,1,1,0,1
0.02818536,1,1,1,1,0,1
0.02819052,1,0,1,1,0,1
0.02819168,1,1,1,1,0,1
0.02819384,1,0,1,1,0,1
0.02819504,1,1,1,1,0,1
0.0282002,1,0,1,1,0,1
0.02820152,1,1,1,1,0,1
0.02820368,1,0,1,1,0,1
0.02820468,1,1,1,1,0,1
0.02820984,1,0,1,1,0,1
0.0282112,1,1,1,1,0,1
0.02821336,1,0,1,1,0,1
0.02821436,1,1,1,1,0,1
0.02821952,1,0,1,1,0,1
0.02822084,1,1,1,1,0,1
0.02822304,1,0,1,1,0,1
0.02822404,1,1,1,1,0,1
0.0282292,1,0,1,1,0,1
0.02823052,1,1,1,1,0,1
0.02823268,1,0,1,1,0,1
0.02823368,1,1,1,1,0,1
0.02823884,1,0,1,1,0,1
0.0282402,1,1,1,1,0,1
0.02824236,1,0,1,1,0,1
0.02824352,1,1,1,1,0,1
0.02824868,1,0,1,1,0,1
0.02824984,1,1,1,1,0,1
0.028252,1,0,1,1,0,1
0.0282532,1,1,1,1,0,1
0.02825836,1,0,1,1,0,1
0.02825968,1,1,1,1,0,1
0.02826184,1,0,1,1,0,1
0.02826284,1,1,1,1,0,1
0.028268,1,0,1,1,0,1
0.02826936,1,1,1,1,0,1
0.02827152,1,0,1,1,0,1
0.02827252,1,1,1,1,0,1
0.02827768,1,0,1,1,0,1
0.028279,1,1,1,1,0,1
0.0282812,1,0,1,1,0,1
0.0282822,1,1,1,1,0,1
0.02828736,1,0,1,1,0,1
0.02828868,1,1,1,1,0,1
0.02829084,1,0,1,1,0,1
0.028292,1,1,1,1,0,1
0.02829716,1,0,1,1,0,1
0.02829836,1,1,1,1,0,1
0.02830052,1,0,1,1,0,1
0.02830168,1,1,1,1,0,1
0.02830684,1,0,1,1,0,1
0.02830816,1,1,1,1,0,1
0.02831036,1,0,1,1,0,1
0.02831136,1,1,1,1,0,1
0.02831652,1,0,1,1,0,1
0.02831784,1,1,1,1,0,1
0.02832,1,0,1,1,0,1
0.028321,1,1,1,1,0,1
0.02832616,1,0,1,1,0,1
0.02832752,1,1,1,1,0,1
0.02832968,1,0,1,1,0,1
0.02833068,1,1,1,1,0,1
0.02833584,1,0,1,1,0,1
0.02833716,1,1,1,1,0,1
0.02833936,1,0,1,1,0,1
0.02834052,1,1,1,1,0,1
0.02834568,1,0,1,1,0,1
0.02834684,1,1,1,1,0,1
0.028349,1,0,1,1,0,1
0.02835016,1,1,1,1,0,1
0.02835536,1,0,1,1,0,1
0.02835668,1,1,1,1,0,1
0.02835884,1,0,1,1,0,1
0.02835984,1,1,1,1,0,1
0.028365,1,0,1,1,0,1
0.02836632,1,1,1,1,0,1
0.02836852,1,0,1,1,0,1
0.02836952,1,1,1,1,0,1
0.02837468,1,0,1,1,0,1
0.028376,1,1,1,1,0,1
0.02837816,1,0,1,1,0,1
0.02837916,1,1,1,1,0,1
0.02838432,1,0,1,1,0,1
0.02838568,1,1,1,1,0,1
0.02838784,1,0,1,1,0,1
0.028389,1,1,1,1,0,1
0.02839416,1,0,1,1,0,1
0.02839532,1,1,1,1,0,1
0.02839752,1,0,1,1,0,1
0.02839868,1,1,1,1,0,1
0.02840384,1,0,1,1,0,1
0.02840516,1,1,1,1,0,1
0.02840732,1,0,1,1,0,1
0.02840832,1,1,1,1,0,1
0.02841352,1,0,1,1,0,1
0.02841484,1,1,1,1,0,1
0.028417,1,0,1,1,0,1
0.028418,1,1,1,1,0,1
0.02842316,1,0,1,1,0,1
0.02842452,1,1,1,1,0,1
0.02842668,1,0,1,1,0,1
0.02842768,1,1,1,1,0,1
0.02843284,1,0,1,1,0,1
0.02843416,1,1,1,1,0,1
0.02843632,1,0,1,1,0,1
0.02843748,1,1,1,1,0,1
0.02844268,1,0,1,1,0,1
0.02844384,1,1,1,1,0,1
0.028446,1,0,1,1,0,1
0.02844716,1,1,1,1,0,1
0.02845232,1,0,1,1,0,1
0.02845348,1,1,1,1,0,1
0.02845568,1,0,1,1,0,1
0.02845684,1,1,1,1,0,1
0.028462,1,0,1,1,0,1
0.02846332,1,1,1,1,0,1
0.02846548,1,0,1,1,0,1
0.02846648,1,1,1,1,0,1
0.02847168,1,0,1,1,0,1
0.028473,1,1,1,1,0,1
0.02847516,1,0,1,1,0,1
0.02847616,1,1,1,1,0,1
0.02848132,1,0,1,1,0,1
0.02848268,1,1,1,1,0,1
0.02848484,1,0,1,1,0,1
0.02848584,1,1,1,1,0,1
0.028491,1,0,1,1,0,1
0.02849232,1,1,1,1,0,1
0.02849448,1,0,1,1,0,1
0.02849564,1,1,1,1,0,1
0.02850084,1,0,1,1,0,1
0.028502,1,1,1,1,0,1
0.02850416,1,0,1,1,0,1
0.02850532,1,1,1,1,0,1
0.02851048,1,0,1,1,0,1
0.02851184,1,1,1,1,0,1
0.028514,1,0,1,1,0,1
0.028515,1,1,1,1,0,1
0.02852016,1,0,1,1,0,1
0.02852148,1,1,1,1,0,1
0.02852364,1,0,1,1,0,1
0.02852464,1,1,1,1,0,1
0.02852984,1,0,1,1,0,1
0.02853116,1,1,1,1,0,1
0.02853332,1,0,1,1,0,1
0.02853432,1,1,1,1,0,1
0.02853948,1,0,1,1,0,1
0.02854084,1,1,1,1,0,1
0.028543,1,0,1,1,0,1
0.02854416,1,1,1,1,0,1
0.02854932,1,0,1,1,0,1
0.02855048,1,1,1,1,0,1
0.02855264,1,0,1,1,0,1
0.02855384,1,1,1,1,0,1
0.028559,1,0,1,1,0,1
0.02856032,1,1,1,1,0,1
0.02856248,1,0,1,1,0,1
0.02856348,1,1,1,1,0,1
0.02856864,1,0,1,1,0,1
0.02857,1,1,1,1,0,1
0.02857216,1,0,1,1,0,1
0.02857316,1,1,1,1,0,1
0.02857832,1,0,1,1,0,1
0.02857964,1,1,1,1,0,1
0.0285818,1,0,1,1,0,1
0.0285828,1,1,1,1,0,1
0.028588,1,0,1,1,0,1
0.02858932,1,1,1,1,0,1
0.02859148,1,0,1,1,0,1
0.02859264,1,1,1,1,0,1
0.0285978,1,0,1,1,0,1
0.028599,1,1,1,1,0,1
0.02860116,1,0,1,1,0,1
0.02860232,1,1,1,1,0,1
0.02860748,1,0,1,1,0,1
0.0286088,1,1,1,1,0,1
0.028611,1,0,1,1,0,1
0.028612,1,1,1,1,0,1
0.02861716,1,0,1,1,0,1
0.02861848,1,1,1,1,0,1
0.02862064,1,0,1,1,0,1
0.02862164,1,1,1,1,0,1
0.0286268,1,0,1,1,0,1
0.02862816,1,1,1,1,0,1
0.02863032,1,0,1,1,0,1
0.02863132,1,1,1,1,0,1
0.02863648,1,0,1,1,0,1
0.0286378,1,1,1,1,0,1
0.02863996,1,0,1,1,0,1
0.02864116,1,1,1,1,0,1
0.02864632,1,0,1,1,0,1
0.02864748,1,1,1,1,0,1
0.02864964,1,0,1,1,0,1
0.0286508,1,1,1,1,0,1
0.02865596,1,0,1,1,0,1
0.02865732,1,1,1,1,0,1
0.02865948,1,0,1,1,0,1
0.02866048,1,1,1,1,0,1
0.02866564,1,0,1,1,0,1
0.02866696,1,1,1,1,0,1
0.02866916,1,0,1,1,0,1
0.02867016,1,1,1,1,0,1
0.02867532,1,0,1,1,0,1
0.02867664,1,1,1,1,0,1
0.0286788,1,0,1,1,0,1
0.0286798,1,1,1,1,0,1
0.02868496,1,0,1,1,0,1
0.02868632,1,1,1,1,0,1
0.02868848,1,0,1,1,0,1
0.02868948,1,1,1,1,0,1
0.02869464,1,0,1,1,0,1
0.02869596,1,1,1,1,0,1
0.02869812,1,0,1,1,0,1
0.02869932,1,1,1,1,0,1
0.02870448,1,0,1,1,0,1
0.02870564,1,1,1,1,0,1
0.0287078,1,0,1,1,0,1
0.02870896,1,1,1,1,0,1
0.02871412,1,0,1,1,0,1
0.02871548,1,1,1,1,0,1
0.02871764,1,0,1,1,0,1
0.02871864,1,1,1,1,0,1
0.0287238,1,0,1,1,0,1
0.02872512,1,1,1,1,0,1
0.02872732,1,0,1,1,0,1
0.02872832,1,1,1,1,0,1
0.02873348,1,0,1,1,0,1
0.0287348,1,1,1,1,0,1
0.02873696,1,0,1,1,0,1
0.02873796,1,1,1,1,0,1
0.02874312,1,0,1,1,0,1
0.02874448,1,1,1,1,0,1
0.02874664,1,0,1,1,0,1
0.0287478,1,1,1,1,0,1
0.02875296,1,0,1,1,0,1
0.02875412,1,1,1,1,0,1
0.02875632,1,0,1,1,0,1
0.02875748,1,1,1,1,0,1
0.02876264,1,0,1,1,0,1
0.02876396,1,1,1,1,0,1
0.02876612,1,0,1,1,0,1
0.02876712,1,1,1,1,0,1
0.02877228,1,0,1,1,0,1
0.02877364,1,1,1,1,0,1
0.0287758,1,0,1,1,0,1
0.0287768,1,1,1,1,0,1
0.02878196,1,0,1,1,0,1
0.02878328,1,1,1,1,0,1
0.02878548,1,0,1,1,0,1
0.02878648,1,1,1,1,0,1
0.02879164,1,0,1,1,0,1
0.02879296,1,1,1,1,0,1
0.02879512,1,0,1,1,0,1
0.02879628,1,1,1,1,0,1
0.02880148,1,0,1,1,0,1
0.02880264,1,1,1,1,0,1
0.0288048,1,0,1,1,0,1
0.02880596,1,1,1,1,0,1
0.02881112,1,0,1,1,0,1
0.02881248,1,1,1,1,0,1
0.02881464,1,0,1,1,0,1
0.02881564,1,1,1,1,0,1
0.0288208,1,0,1,1,0,1
0.02882212,1,1,1,1,0,1
0.02882428,1,0,1,1,0,1
0.02882528,1,1,1,1,0,1
0.02883044,1,0,1,1,0,1
0.0288318,1,1,1,1,0,1
0.02883396,1,0,1,1,0,1
0.02883496,1,1,1,1,0,1
0.02884012,1,0,1,1,0,1
0.02884144,1,1,1,1,0,1
0.02884364,1,0,1,1,0,1
0.0288448,1,1,1,1,0,1
0.02884996,1,0,1,1,0,1
0.02885112,1,1,1,1,0,1
0.02885328,1,0,1,1,0,1
0.02885444,1,1,1,1,0,1
0.02885964,1,0,1,1,0,1
0.02886096,1,1,1,1,0,1
0.02886312,1,0,1,1,0,1
0.02886412,1,1,1,1,0,1
0.02886928,1,0,1,1,0,1
0.02887064,1,1,1,1,0,1
0.0288728,1,0,1,1,0,1
0.0288738,1,1,1,1,0,1
0.02887896,1,0,1,1,0,1
0.02888028,1,1,1,1,0,1
0.02888244,1,0,1,1,0,1
0.02888344,1,1,1,1,0,1
0.02888864,1,0,1,1,0,1
0.02888996,1,1,1,1,0,1
0.02889212,1,0,1,1,0,1
0.02889312,1,1,1,1,0,1
0.02889828,1,0,1,1,0,1
0.0288996,1,1,1,1,0,1
0.0289018,1,0,1,1,0,1
0.02890296,1,1,1,1,0,1
0.02890812,1,0,1,1,0,1
0.02890928,1,1,1,1,0,1
0.02891144,1,0,1,1,0,1
0.0289126,1,1,1,1,0,1
0.0289178,1,0,1,1,0,1
0.02891912,1,1,1,1,0,1
0.02892128,1,0,1,1,0,1
0.02892228,1,1,1,1,0,1
0.02892744,1,0,1,1,0,1
0.0289288,1,1,1,1,0,1
0.02893096,1,0,1,1,0,1
0.02893196,1,1,1,1,0,1
0.02893712,1,0,1,1,0,1
0.02893844,1,1,1,1,0,1
0.0289406,1,0,1,1,0,1
0.0289416,1,1,1,1,0,1
0.0289468,1,0,1,1,0,1
0.02894812,1,1,1,1,0,1
0.02895028,1,0,1,1,0,1
0.02895144,1,1,1,1,0,1
0.0289566,1,0,1,1,0,1
0.02895776,1,1,1,1,0,1
0.02895996,1,0,1,1,0,1
0.02896112,1,1,1,1,0,1
0.02896628,1,0,1,1,0,1
0.0289676,1,1,1,1,0,1
0.02896976,1,0,1,1,0,1
0.02897076,1,1,1,1,0,1
0.02897596,1,0,1,1,0,1
0.02897728,1,1,1,1,0,1
0.02897944,1,0,1,1,0,1
0.02898044,1,1,1,1,0,1
0.0289856,1,0,1,1,0,1
0.02898696,1,1,1,1,0,1
0.02898912,1,0,1,1,0,1
0.02899012,1,1,1,1,0,1
0.02899528,1,0,1,1,0,1
0.0289966,1,1,1,1,0,1
0.02899876,1,0,1,1,0,1
0.02899996,1,1,1,1,0,1
0.02900512,1,0,1,1,0,1
0.02900628,1,1,1,1,0,1
0.02900844,1,0,1,1,0,1
0.0290096,1,1,1,1,0,1
0.02901476,1,0,1,1,0,1
0.02901612,1,1,1,1,0,1
0.02901828,1,0,1,1,0,1
0.02901928,1,1,1,1,0,1
0.02902444,1,0,1,1,0,1
0.02902576,1,1,1,1,0,1
0.02902792,1,0,1,1,0,1
0.02902892,1,1,1,1,0,1
0.02903412,1,0,1,1,0,1
0.02903544,1,1,1,1,0,1
0.0290376,1,0,1,1,0,1
0.0290386,1,1,1,1,0,1
0.02904376,1,0,1,1,0,1
0.02904512,1,1,1,1,0,1
0.02904728,1,0,1,1,0,1
0.02904844,1,1,1,1,0,1
0.0290536,1,0,1,1,0,1
0.02905476,1,1,1,1,0,1
0.02905692,1,0,1,1,0,1
0.02905812,1,1,1,1,0,1
0.02906328,1,0,1,1,0,1
0.0290646,1,1,1,1,0,1
0.02906676,1,0,1,1,0,1
0.02906776,1,1,1,1,0,1
0.02907292,1,0,1,1,0,1
0.02907428,1,1,1,1,0,1
0.02907644,1,0,1,1,0,1
0.02907744,1,1,1,1,0,1
0.0290826,1,0,1,1,0,1
0.02908392,1,1,1,1,0,1
0.02908612,1,0,1,1,0,1
0.02908708,1,1,1,1,0,1
0.02909228,1,0,1,1,0,1
0.0290936,1,1,1,1,0,1
0.02909576,1,0,1,1,0,1
0.02909676,1,1,1,1,0,1
0.02910192,1,0,1,1,0,1
0.02910328,1,1,1,1,0,1
0.02910544,1,0,1,1,0,1
0.0291066,1,1,1,1,0,1
0.02911176,1,0,1,1,0,1
0.02911292,1,1,1,1,0,1
0.02911508,1,0,1,1,0,1
0.02911628,1,1,1,1,0,1
0.02912144,1,0,1,1,0,1
0.02912276,1,1,1,1,0,1
0.02912492,1,0,1,1,0,1
0.02912592,1,1,1,1,0,1
0.02913108,1,0,1,1,0,1
0.02913244,1,1,1,1,0,1
0.0291346,1,0,1,1,0,1
0.0291356,1,1,1,1,0,1
0.02914076,1,0,1,1,0,1
0.02914208,1,1,1,1,0,1
0.02914428,1,0,1,1,0,1
0.02914528,1,1,1,1,0,1
0.02915044,1,0,1,1,0,1
0.02915176,1,1,1,1,0,1
0.02915392,1,0,1,1,0,1
0.02915508,1,1,1,1,0,1
0.02916024,1,0,1,1,0,1
0.02916144,1,1,1,1,0,1
0.0291636,1,0,1,1,0,1
0.02916476,1,1,1,1,0,1
0.02916992,1,0,1,1,0,1
0.02917124,1,1,1,1,0,1
0.02917344,1,0,1,1,0,1
0.02917444,1,1,1,1,0,1
0.0291796,1,0,1,1,0,1
0.02918092,1,1,1,1,0,1
0.02918308,1,0,1,1,0,1
0.02918408,1,1,1,1,0,1
0.02918924,1,0,1,1,0,1
0.0291906,1,1,1,1,0,1
0.02919276,1,0,1,1,0,1
0.02919376,1,1,1,1,0,1
0.02919892,1,0,1,1,0,1
0.02920024,1,1,1,1,0,1
0.02920244,1,0,1,1,0,1
0.0292036,1,1,1,1,0,1
0.02920876,1,0,1,1,0,1
0.02920992,1,1,1,1,0,1
0.02921208,1,0,1,1,0,1
0.02921324,1,1,1,1,0,1
0.02921844,1,0,1,1,0,1
0.02921976,1,1,1,1,0,1
0.02922192,1,0,1,1,0,1
0.02922292,1,1,1,1,0,1
0.02922808,1,0,1,1,0,1
0.0292294,1,1,1,1,0,1
0.0292316,1,0,1,1,0,1
0.0292326,1,1,1,1,0,1
0.02923776,1,0,1,1,0,1
0.02923908,1,1,1,1,0,1
0.02924124,1,0,1,1,0,1
0.02924224,1,1,1,1,0,1
0.0292474,1,0,1,1,0,1
0.02924876,1,1,1,1,0,1
0.02925092,1,0,1,1,0,1
0.02925208,1,1,1,1,0,1
0.02925724,1,0,1,1,0,1
0.0292584,1,1,1,1,0,1
0.0292606,1,0,1,1,0,1
0.02926176,1,1,1,1,0,1
0.02926692,1,0,1,1,0,1
0.02926824,1,1,1,1,0,1
0.0292704,1,0,1,1,0,1
0.0292714,1,1,1,1,0,1
0.0292766,1,0,1,1,0,1
0.02927792,1,1,1,1,0,1
0.02928008,1,0,1,1,0,1
0.02928108,1,1,1,1,0,1
0.02928624,1,0,1,1,0,1
0.0292876,1,1,1,1,0,1
0.02928976,1,0,1,1,0,1
0.02929076,1,1,1,1,0,1
0.02929592,1,0,1,1,0,1
0.02929724,1,1,1,1,0,1
0.0292994,1,0,1,1,0,1
0.02930056,1,1,1,1,0,1
0.02930576,1,0,1,1,0,1
0.02930692,1,1,1,1,0,1
0.02930908,1,0,1,1,0,1
0.02931024,1,1,1,1,0,1
0.0293154,1,0,1,1,0,1
0.02931656,1,1,1,1,0,1
0.02931876,1,0,1,1,0,1
0.02931992,1,1,1,1,0,1
0.02932508,1,0,1,1,0,1
0.0293264,1,1,1,1,0,1
0.02932856,1,0,1,1,0,1
0.02932956,1,1,1,1,0,1
0.02933476,1,0,1,1,0,1
0.02933608,1,1,1,1,0,1
0.02933824,1,0,1,1,0,1
0.02933924,1,1,1,1,0,1
0.0293444,1,0,1,1,0,1
0.02934576,1,1,1,1,0,1
0.02934792,1,0,1,1,0,1
0.02934892,1,1,1,1,0,1
0.02935408,1,0,1,1,0,1
0.0293554,1,1,1,1,0,1
0.02935756,1,0,1,1,0,1
0.02935872,1,1,1,1,0,1
0.02936392,1,0,1,1,0,1
0.02936508,1,1,1,1,0,1
0.02936724,1,0,1,1,0,1
0.0293684,1,1,1,1,0,1
0.02937356,1,0,1,1,0,1
0.02937492,1,1,1,1,0,1
0.02937708,1,0,1,1,0,1
0.02937808,1,1,1,1,0,1
0.02938324,1,0,1,1,0,1
0.02938456,1,1,1,1,0,1
0.02938672,1,0,1,1,0,1
0.02938772,1,1,1,1,0,1
0.02939292,1,0,1,1,0,1
0.02939424,1,1,1,1,0,1
0.0293964,1,0,1,1,0,1
0.0293974,1,1,1,1,0,1
0.02940256,1,0,1,1,0,1
0.02940392,1,1,1,1,0,1
0.02940608,1,0,1,1,0,1
0.02940724,1,1,1,1,0,1
0.0294124,1,0,1,1,0,1
0.02941356,1,1,1,1,0,1
0.02941572,1,0,1,1,0,1
0.02941688,1,1,1,1,0,1
0.02942208,1,0,1,1,0,1
0.0294234,1,1,1,1,0,1
0.02942556,1,0,1,1,0,1
0.02942656,1,1,1,1,0,1
0.02943172,1,0,1,1,0,1
0.02943308,1,1,1,1,0,1
0.02943524,1,0,1,1,0,1
0.02943624,1,1,1,1,0,1
0.0294414,1,0,1,1,0,1
0.02944272,1,1,1,1,0,1
0.02944488,1,0,1,1,0,1
0.02944588,1,1,1,1,0,1
0.02945108,1,0,1,1,0,1
0.0294524,1,1,1,1,0,1
0.02945456,1,0,1,1,0,1
0.02945572,1,1,1,1,0,1
0.02946088,1,0,1,1,0,1
0.02946208,1,1,1,1,0,1
0.02946424,1,0,1,1,0,1
0.0294654,1,1,1,1,0,1
0.02947056,1,0,1,1,0,1
0.02947188,1,1,1,1,0,1
0.02947408,1,0,1,1,0,1
0.02947508,1,1,1,1,0,1
0.02948024,1,0,1,1,0,1
0.02948156,1,1,1,1,0,1
0.02948372,1,0,1,1,0,1
0.02948472,1,1,1,1,0,1
0.02948988,1,0,1,1,0,1
0.02949124,1,1,1,1,0,1
0.0294934,1,0,1,1,0,1
0.0294944,1,1,1,1,0,1
0.02949956,1,0,1,1,0,1
0.02950088,1,1,1,1,0,1
0.02950304,1,0,1,1,0,1
0.02950424,1,1,1,1,0,1
0.0295094,1,0,1,1,0,1
0.02951056,1,1,1,1,0,1
0.02951272,1,0,1,1,0,1
0.02951388,1,1,1,1,0,1
0.02951904,1,0,1,1,0,1
0.0295204,1,1,1,1,0,1
0.02952256,1,0,1,1,0,1
0.02952356,1,1,1,1,0,1
0.02952872,1,0,1,1,0,1
0.02953004,1,1,1,1,0,1
0.02953224,1,0,1,1,0,1
0.02953324,1,1,1,1,0,1
0.0295384,1,0,1,1,0,1
0.02953972,1,1,1,1,0,1
0.02954188,1,0,1,1,0,1
0.02954288,1,1,1,1,0,1
0.02954804,1,0,1,1,0,1
0.0295494,1,1,1,1,0,1
0.02955156,1,0,1,1,0,1
0.02955256,1,1,1,1,0,1
0.02955772,1,0,1,1,0,1
0.02955904,1,1,1,1,0,1
0.0295612,1,0,1,1,0,1
0.0295624,1,1,1,1,0,1
0.02956756,1,0,1,1,0,1
0.02956872,1,1,1,1,0,1
0.02957088,1,0,1,1,0,1
0.02957204,1,1,1,1,0,1
0.0295772,1,0,1,1,0,1
0.02957856,1,1,1,1,0,1
0.02958072,1,0,1,1,0,1
0.02958172,1,1,1,1,0,1
0.02958688,1,0,1,1,0,1
0.0295882,1,1,1,1,0,1
0.0295904,1,0,1,1,0,1
0.0295914,1,1,1,1,0,1
0.02959656,1,0,1,1,0,1
0.02959788,1,1,1,1,0,1
0.02960004,1,0,1,1,0,1
0.02960104,1,1,1,1,0,1
0.0296062,1,0,1,1,0,1
0.02960756,1,1,1,1,0,1
0.02960972,1,0,1,1,0,1
0.02961088,1,1,1,1,0,1
0.02961604,1,0,1,1,0,1
0.0296172,1,1,1,1,0,1
0.0296194,1,0,1,1,0,1
0.02962056,1,1,1,1,0,1
0.02962572,1,0,1,1,0,1
0.02962704,1,1,1,1,0,1
0.0296292,1,0,1,1,0,1
0.0296302,1,1,1,1,0,1
0.02963536,1,0,1,1,0,1
0.02963672,1,1,1,1,0,1
0.02963888,1,0,1,1,0,1
0.02963988,1,1,1,1,0,1
0.02964504,1,0,1,1,0,1
0.02964636,1,1,1,1,0,1
0.02964856,1,0,1,1,0,1
0.02964956,1,1,1,1,0,1
0.02965472,1,0,1,1,0,1
0.02965604,1,1,1,1,0,1
0.0296582,1,0,1,1,0,1
0.02965936,1,1,1,1,0,1
0.02966456,1,0,1,1,0,1
0.02966572,1,1,1,1,0,1
0.02966788,1,0,1,1,0,1
0.02966904,1,1,1,1,0,1
0.0296742,1,0,1,1,0,1
0.02967556,1,1,1,1,0,1
0.02967772,1,0,1,1,0,1
0.02967872,1,1,1,1,0,1
0.02968388,1,0,1,1,0,1
0.0296852,1,1,1,1,0,1
0.02968736,1,0,1,1,0,1
0.02968836,1,1,1,1,0,1
0.02969352,1,0,1,1,0,1
0.02969488,1,1,1,1,0,1
0.02969704,1,0,1,1,0,1
0.02969804,1,1,1,1,0,1
0.0297032,1,0,1,1,0,1
0.02970452,1,1,1,1,0,1
0.02970672,1,0,1,1,0,1
0.02970788,1,1,1,1,0,1
0.02971304,1,0,1,1,0,1
0.0297142,1,1,1,1,0,1
0.02971636,1,0,1,1,0,1
0.02971752,1,1,1,1,0,1
0.02972272,1,0,1,1,0,1
0.02972404,1,1,1,1,0,1
0.0297262,1,0,1,1,0,1
0.0297272,1,1,1,1,0,1
0.02973236,1,0,1,1,0,1
0.02973372,1,1,1,1,0,1
0.02973588,1,0,1,1,0,1
0.02973688,1,1,1,1,0,1
0.02974204,1,0,1,1,0,1
0.02974336,1,1,1,1,0,1
0.02974552,1,0,1,1,0,1
0.02974652,1,1,1,1,0,1
0.02975168,1,0,1,1,0,1
0.02975304,1,1,1,1,0,1
0.0297552,1,0,1,1,0,1
0.0297562,1,1,1,1,0,1
0.02976136,1,0,1,1,0,1
0.02976268,1,1,1,1,0,1
0.02976488,1,0,1,1,0,1
0.02976604,1,1,1,1,0,1
0.0297712,1,0,1,1,0,1
0.02977236,1,1,1,1,0,1
0.02977452,1,0,1,1,0,1
0.02977568,1,1,1,1,0,1
0.02978088,1,0,1,1,0,1
0.0297822,1,1,1,1,0,1
0.02978436,1,0,1,1,0,1
0.02978536,1,1,1,1,0,1
0.02979052,1,0,1,1,0,1
0.02979188,1,1,1,1,0,1
0.02979404,1,0,1,1,0,1
0.02979504,1,1,1,1,0,1
0.0298002,1,0,1,1,0,1
0.02980152,1,1,1,1,0,1
0.02980368,1,0,1,1,0,1
0.02980468,1,1,1,1,0,1
0.02980988,1,0,1,1,0,1
0.0298112,1,1,1,1,0,1
0.02981336,1,0,1,1,0,1
0.02981452,1,1,1,1,0,1
0.02981968,1,0,1,1,0,1
0.02982084,1,1,1,1,0,1
0.02982304,1,0,1,1,0,1
0.0298242,1,1,1,1,0,1
0.02982936,1,0,1,1,0,1
0.02983068,1,1,1,1,0,1
0.02983284,1,0,1,1,0,1
0.02983384,1,1,1,1,0,1
0.02983904,1,0,1,1,0,1
0.02984036,1,1,1,1,0,1
0.02984252,1,0,1,1,0,1
0.02984352,1,1,1,1,0,1
0.02984868,1,0,1,1,0,1
0.02985004,1,1,1,1,0,1
0.0298522,1,0,1,1,0,1
0.0298532,1,1,1,1,0,1
0.02985836,1,0,1,1,0,1
0.02985968,1,1,1,1,0,1
0.02986184,1,0,1,1,0,1
0.02986304,1,1,1,1,0,1
0.0298682,1,0,1,1,0,1
0.02986936,1,1,1,1,0,1
0.02987152,1,0,1,1,0,1
0.02987268,1,1,1,1,0,1
0.02987784,1,0,1,1,0,1
0.0298792,1,1,1,1,0,1
0.02988136,1,0,1,1,0,1
0.02988236,1,1,1,1,0,1
0.02988752,1,0,1,1,0,1
0.02988884,1,1,1,1,0,1
0.029891,1,0,1,1,0,1
0.029892,1,1,1,1,0,1
0.0298972,1,0,1,1,0,1
0.02989852,1,1,1,1,0,1
0.02990068,1,0,1,1,0,1
0.02990168,1,1,1,1,0,1
0.02990684,1,0,1,1,0,1
0.0299082,1,1,1,1,0,1
0.02991036,1,0,1,1,0,1
0.02991152,1,1,1,1,0,1
0.02991668,1,0,1,1,0,1
0.02991784,1,1,1,1,0,1
0.02992,1,0,1,1,0,1
0.0299212,1,1,1,1,0,1
0.02992636,1,0,1,1,0,1
0.02992768,1,1,1,1,0,1
0.02992984,1,0,1,1,0,1
0.02993084,1,1,1,1,0,1
0.029936,1,0,1,1,0,1
0.02993736,1,1,1,1,0,1
0.02993952,1,0,1,1,0,1
0.02994052,1,1,1,1,0,1
0.02994568,1,0,1,1,0,1
0.029947,1,1,1,1,0,1
0.02994916,1,0,1,1,0,1
0.02995016,1,1,1,1,0,1
0.02995536,1,0,1,1,0,1
0.02995668,1,1,1,1,0,1
0.02995884,1,0,1,1,0,1
0.02995984,1,1,1,1,0,1
0.029965,1,0,1,1,0,1
0.02996636,1,1,1,1,0,1
0.02996852,1,0,1,1,0,1
0.02996968,1,1,1,1,0,1
0.02997484,1,0,1,1,0,1
0.029976,1,1,1,1,0,1
0.02997816,1,0,1,1,0,1
0.02997936,1,1,1,1,0,1
0.02998452,1,0,1,1,0,1
0.02998584,1,1,1,1,0,1
0.029988,1,0,1,1,0,1
0.029989,1,1,1,1,0,1
0.02999416,1,0,1,1,0,1
0.02999552,1,1,1,1,0,1
0.02999768,1,0,1,1,0,1
0.02999868,1,1,1,1,0,1
0.03000384,1,0,1,1,0,1
0.03000516,1,1,1,1,0,1
0.03000736,1,0,1,1,0,1
0.03000836,1,1,1,1,0,1
0.03001352,1,0,1,1,0,1
0.03001484,1,1,1,1,0,1
0.030017,1,0,1,1,0,1
0.03001816,1,1,1,1,0,1
0.03002332,1,0,1,1,0,1
0.03002452,1,1,1,1,0,1
0.03002668,1,0,1,1,0,1
0.03002784,1,1,1,1,0,1
0.030033,1,0,1,1,0,1
0.03003432,1,1,1,1,0,1
0.03003652,1,0,1,1,0,1
0.03003752,1,1,1,1,0,1
0.03004268,1,0,1,1,0,1
0.030044,1,1,1,1,0,1
0.03004616,1,0,1,1,0,1
0.03004716,1,1,1,1,0,1
0.03005232,1,0,1,1,0,1
0.03005368,1,1,1,1,0,1
0.03005584,1,0,1,1,0,1
0.03005684,1,1,1,1,0,1
0.030062,1,0,1,1,0,1
0.03006332,1,1,1,1,0,1
0.03006552,1,0,1,1,0,1
0.03006668,1,1,1,1,0,1
0.03007184,1,0,1,1,0,1
0.030073,1,1,1,1,0,1
0.03007516,1,0,1,1,0,1
0.03007632,1,1,1,1,0,1
0.03008148,1,0,1,1,0,1
0.03008284,1,1,1,1,0,1
0.030085,1,0,1,1,0,1
0.030086,1,1,1,1,0,1
0.03009116,1,0,1,1,0,1
0.03009248,1,1,1,1,0,1
0.03009468,1,0,1,1,0,1
0.03009568,1,1,1,1,0,1
0.03010084,1,0,1,1,0,1
0.03010216,1,1,1,1,0,1
0.03010432,1,0,1,1,0,1
0.03010532,1,1,1,1,0,1
0.03011048,1,0,1,1,0,1
0.03011184,1,1,1,1,0,1
0.030114,1,0,1,1,0,1
0.03011516,1,1,1,1,0,1
0.03012032,1,0,1,1,0,1
0.03012148,1,1,1,1,0,1
0.03012368,1,0,1,1,0,1
0.03012484,1,1,1,1,0,1
0.03013,1,0,1,1,0,1
0.03013132,1,1,1,1,0,1
0.03013348,1,0,1,1,0,1
0.03013448,1,1,1,1,0,1
0.03013968,1,0,1,1,0,1
0.030141,1,1,1,1,0,1
0.03014316,1,0,1,1,0,1
0.03014416,1,1,1,1,0,1
0.03014932,1,0,1,1,0,1
0.03015064,1,1,1,1,0,1
0.03015284,1,0,1,1,0,1
0.03015384,1,1,1,1,0,1
0.030159,1,0,1,1,0,1
0.03016032,1,1,1,1,0,1
0.03016248,1,0,1,1,0,1
0.03016364,1,1,1,1,0,1
0.03016884,1,0,1,1,0,1
0.03017,1,1,1,1,0,1
0.03017216,1,0,1,1,0,1
0.03017332,1,1,1,1,0,1
0.03017848,1,0,1,1,0,1
0.03017964,1,1,1,1,0,1
0.03018184,1,0,1,1,0,1
0.030183,1,1,1,1,0,1
0.03018816,1,0,1,1,0,1
0.03018948,1,1,1,1,0,1
0.03019164,1,0,1,1,0,1
0.03019264,1,1,1,1,0,1
0.03019784,1,0,1,1,0,1
0.03019916,1,1,1,1,0,1
0.03020132,1,0,1,1,0,1
0.03020232,1,1,1,1,0,1
0.03020748,1,0,1,1,0,1
0.03020884,1,1,1,1,0,1
0.030211,1,0,1,1,0,1
0.030212,1,1,1,1,0,1
0.03021716,1,0,1,1,0,1
0.03021848,1,1,1,1,0,1
0.03022064,1,0,1,1,0,1
0.0302218,1,1,1,1,0,1
0.030227,1,0,1,1,0,1
0.03022816,1,1,1,1,0,1
0.03023032,1,0,1,1,0,1
0.03023148,1,1,1,1,0,1
0.03023664,1,0,1,1,0,1
0.030238,1,1,1,1,0,1
0.03024016,1,0,1,1,0,1
0.03024116,1,1,1,1,0,1
0.03024632,1,0,1,1,0,1
0.03024764,1,1,1,1,0,1
0.0302498,1,0,1,1,0,1
0.0302508,1,1,1,1,0,1
0.030256,1,0,1,1,0,1
0.03025732,1,1,1,1,0,1
0.03025948,1,0,1,1,0,1
0.03026048,1,1,1,1,0,1
0.03026564,1,0,1,1,0,1
0.030267,1,1,1,1,0,1
0.03026916,1,0,1,1,0,1
0.03027032,1,1,1,1,0,1
0.03027548,1,0,1,1,0,1
0.03027664,1,1,1,1,0,1
0.0302788,1,0,1,1,0,1
0.03027996,1,1,1,1,0,1
0.03028516,1,0,1,1,0,1
0.03028648,1,1,1,1,0,1
0.03028864,1,0,1,1,0,1
0.03028964,1,1,1,1,0,1
0.0302948,1,0,1,1,0,1
0.03029616,1,1,1,1,0,1
0.03029832,1,0,1,1,0,1
0.03029932,1,1,1,1,0,1
0.03030448,1,0,1,1,0,1
0.0303058,1,1,1,1,0,1
0.03030796,1,0,1,1,0,1
0.03030896,1,1,1,1,0,1
0.03031416,1,0,1,1,0,1
0.03031548,1,1,1,1,0,1
0.03031764,1,0,1,1,0,1
0.0303188,1,1,1,1,0,1
0.03032396,1,0,1,1,0,1
0.03032516,1,1,1,1,0,1
0.03032732,1,0,1,1,0,1
0.03032848,1,1,1,1,0,1
0.03033364,1,0,1,1,0,1
0.03033496,1,1,1,1,0,1
0.03033716,1,0,1,1,0,1
0.03033816,1,1,1,1,0,1
0.03034332,1,0,1,1,0,1
0.03034464,1,1,1,1,0,1
0.0303468,1,0,1,1,0,1
0.0303478,1,1,1,1,0,1
0.03035296,1,0,1,1,0,1
0.03035432,1,1,1,1,0,1
0.03035648,1,0,1,1,0,1
0.03035748,1,1,1,1,0,1
0.03036264,1,0,1,1,0,1
0.03036396,1,1,1,1,0,1
0.03036612,1,0,1,1,0,1
0.03036732,1,1,1,1,0,1
0.03037248,1,0,1,1,0,1
0.03037364,1,1,1,1,0,1
0.0303758,1,0,1,1,0,1
0.03037696,1,1,1,1,0,1
0.03038212,1,0,1,1,0,1
0.03038348,1,1,1,1,0,1
0.03038564,1,0,1,1,0,1
0.03038664,1,1,1,1,0,1
0.0303918,1,0,1,1,0,1
0.03039312,1,1,1,1,0,1
0.03039532,1,0,1,1,0,1
0.03039632,1,1,1,1,0,1
0.03040148,1,0,1,1,0,1
0.0304028,1,1,1,1,0,1
0.03040496,1,0,1,1,0,1
0.03040596,1,1,1,1,0,1
0.03041112,1,0,1,1,0,1
0.03041248,1,1,1,1,0,1
0.03041464,1,0,1,1,0,1
0.03041564,1,1,1,1,0,1
0.0304208,1,0,1,1,0,1
0.03042212,1,1,1,1,0,1
0.03042428,1,0,1,1,0,1
0.03042548,1,1,1,1,0,1
0.03043064,1,0,1,1,0,1
0.0304318,1,1,1,1,0,1
0.03043396,1,0,1,1,0,1
0.03043512,1,1,1,1,0,1
0.03044028,1,0,1,1,0,1
0.03044164,1,1,1,1,0,1
0.0304438,1,0,1,1,0,1
0.0304448,1,1,1,1,0,1
0.03044996,1,0,1,1,0,1
0.03045128,1,1,1,1,0,1
0.03045348,1,0,1,1,0,1
0.03045448,1,1,1,1,0,1
0.03045964,1,0,1,1,0,1
0.03046096,1,1,1,1,0,1
0.03046312,1,0,1,1,0,1
0.03046412,1,1,1,1,0,1
0.03046928,1,0,1,1,0,1
0.03047064,1,1,1,1,0,1
0.0304728,1,0,1,1,0,1
0.03047396,1,1,1,1,0,1
0.03047912,1,0,1,1,0,1
0.03048028,1,1,1,1,0,1
0.03048244,1,0,1,1,0,1
0.03048364,1,1,1,1,0,1
0.0304888,1,0,1,1,0,1
0.03049012,1,1,1,1,0,1
0.03049228,1,0,1,1,0,1
0.03049328,1,1,1,1,0,1
0.03049844,1,0,1,1,0,1
0.0304998,1,1,1,1,0,1
0.03050196,1,0,1,1,0,1
0.03050296,1,1,1,1,0,1
0.03050812,1,0,1,1,0,1
0.03050944,1,1,1,1,0,1
0.03051164,1,0,1,1,0,1
0.03051264,1,1,1,1,0,1
0.0305178,1,0,1,1,0,1
0.03051912,1,1,1,1,0,1
0.03052128,1,0,1,1,0,1
0.03052244,1,1,1,1,0,1
0.03052764,1,0,1,1,0,1
0.0305288,1,1,1,1,0,1
0.03053096,1,0,1,1,0,1
0.03053212,1,1,1,1,0,1
0.03053728,1,0,1,1,0,1
0.03053864,1,1,1,1,0,1
0.0305408,1,0,1,1,0,1
0.0305418,1,1,1,1,0,1
0.03054696,1,0,1,1,0,1
0.03054828,1,1,1,1,0,1
0.03055044,1,0,1,1,0,1
0.03055144,1,1,1,1,0,1
0.0305566,1,0,1,1,0,1
0.03055796,1,1,1,1,0,1
0.03056012,1,0,1,1,0,1
0.03056112,1,1,1,1,0,1
0.03056628,1,0,1,1,0,1
0.0305676,1,1,1,1,0,1
0.0305698,1,0,1,1,0,1
0.03057096,1,1,1,1,0,1
0.03057612,1,0,1,1,0,1
0.03057728,1,1,1,1,0,1
0.03057944,1,0,1,1,0,1
0.0305806,1,1,1,1,0,1
0.0305858,1,0,1,1,0,1
0.03058712,1,1,1,1,0,1
0.03058928,1,0,1,1,0,1
0.03059028,1,1,1,1,0,1
0.03059544,1,0,1,1,0,1
0.0305968,1,1,1,1,0,1
0.03059896,1,0,1,1,0,1
0.03059996,1,1,1,1,0,1
0.03060512,1,0,1,1,0,1
0.03060644,1,1,1,1,0,1
0.0306086,1,0,1,1,0,1
0.0306096,1,1,1,1,0,1
0.03061476,1,0,1,1,0,1
0.03061612,1,1,1,1,0,1
0.03061828,1,0,1,1,0,1
0.03061928,1,1,1,1,0,1
0.03062444,1,0,1,1,0,1
0.03062576,1,1,1,1,0,1
0.03062796,1,0,1,1,0,1
0.03062912,1,1,1,1,0,1
0.03063428,1,0,1,1,0,1
0.03063544,1,1,1,1,0,1
0.0306376,1,0,1,1,0,1
0.03063876,1,1,1,1,0,1
0.03064396,1,0,1,1,0,1
0.03064528,1,1,1,1,0,1
0.03064744,1,0,1,1,0,1
0.03064844,1,1,1,1,0,1
0.0306536,1,0,1,1,0,1
0.03065496,1,1,1,1,0,1
0.03065712,1,0,1,1,0,1
0.03065812,1,1,1,1,0,1
0.03066328,1,0,1,1,0,1
0.0306646,1,1,1,1,0,1
0.03066676,1,0,1,1,0,1
0.03066776,1,1,1,1,0,1
0.03067292,1,0,1,1,0,1
0.03067428,1,1,1,1,0,1
0.03067644,1,0,1,1,0,1
0.0306776,1,1,1,1,0,1
0.03068276,1,0,1,1,0,1
0.03068392,1,1,1,1,0,1
0.03068612,1,0,1,1,0,1
0.03068728,1,1,1,1,0,1
0.03069244,1,0,1,1,0,1
0.03069376,1,1,1,1,0,1
0.03069592,1,0,1,1,0,1
0.03069692,1,1,1,1,0,1
0.03070212,1,0,1,1,0,1
0.03070344,1,1,1,1,0,1
0.0307056,1,0,1,1,0,1
0.0307066,1,1,1,1,0,1
0.03071176,1,0,1,1,0,1
0.03071312,1,1,1,1,0,1
0.03071528,1,0,1,1,0,1
0.03071628,1,1,1,1,0,1
0.03072144,1,0,1,1,0,1
0.03072276,1,1,1,1,0,1
0.03072492,1,0,1,1,0,1
0.03072612,1,1,1,1,0,1
0.03073128,1,0,1,1,0,1
0.03073244,1,1,1,1,0,1
0.0307346,1,0,1,1,0,1
0.03073576,1,1,1,1,0,1
0.03074092,1,0,1,1,0,1
0.03074228,1,1,1,1,0,1
0.03074444,1,0,1,1,0,1
0.03074544,1,1,1,1,0,1
0.0307506,1,0,1,1,0,1
0.03075192,1,1,1,1,0,1
0.03075408,1,0,1,1,0,1
0.03075508,1,1,1,1,0,1
0.03076028,1,0,1,1,0,1
0.0307616,1,1,1,1,0,1
0.03076376,1,0,1,1,0,1
0.03076476,1,1,1,1,0,1
0.03076992,1,0,1,1,0,1
0.03077128,1,1,1,1,0,1
0.03077344,1,0,1,1,0,1
0.0307746,1,1,1,1,0,1
0.03077976,1,0,1,1,0,1
0.03078092,1,1,1,1,0,1
0.03078308,1,0,1,1,0,1
0.03078428,1,1,1,1,0,1
0.03078944,1,0,1,1,0,1
0.03079076,1,1,1,1,0,1
0.03079292,1,0,1,1,0,1
0.03079392,1,1,1,1,0,1
0.03079908,1,0,1,1,0,1
0.03080044,1,1,1,1,0,1
0.0308026,1,0,1,1,0,1
0.0308036,1,1,1,1,0,1
0.03080876,1,0,1,1,0,1
0.03081008,1,1,1,1,0,1
0.03081224,1,0,1,1,0,1
0.03081324,1,1,1,1,0,1
0.03081844,1,0,1,1,0,1
0.03081976,1,1,1,1,0,1
0.03082192,1,0,1,1,0,1
0.03082292,1,1,1,1,0,1
0.03082808,1,0,1,1,0,1
0.03082944,1,1,1,1,0,1
0.0308316,1,0,1,1,0,1
0.03083276,1,1,1,1,0,1
0.03083792,1,0,1,1,0,1
0.03083908,1,1,1,1,0,1
0.03084124,1,0,1,1,0,1
0.03084244,1,1,1,1,0,1
0.0308476,1,0,1,1,0,1
0.03084892,1,1,1,1,0,1
0.03085108,1,0,1,1,0,1
0.03085208,1,1,1,1,0,1
0.03085724,1,0,1,1,0,1
0.0308586,1,1,1,1,0,1
0.03086076,1,0,1,1,0,1
0.03086176,1,1,1,1,0,1
0.03086692,1,0,1,1,0,1
0.03086824,1,1,1,1,0,1
0.03087044,1,0,1,1,0,1
0.0308714,1,1,1,1,0,1
0.0308766,1,0,1,1,0,1
0.03087792,1,1,1,1,0,1
0.03088008,1,0,1,1,0,1
0.03088124,1,1,1,1,0,1
0.0308864,1,0,1,1,0,1
0.0308876,1,1,1,1,0,1
0.03088976,1,0,1,1,0,1
0.03089092,1,1,1,1,0,1
0.03089608,1,0,1,1,0,1
0.0308974,1,1,1,1,0,1
0.0308996,1,0,1,1,0,1
0.0309006,1,1,1,1,0,1
0.03090576,1,0,1,1,0,1
0.03090708,1,1,1,1,0,1
0.03090924,1,0,1,1,0,1
0.03091024,1,1,1,1,0,1
0.0309154,1,0,1,1,0,1
0.03091676,1,1,1,1,0,1
0.03091892,1,0,1,1,0,1
0.03091992,1,1,1,1,0,1
0.03092508,1,0,1,1,0,1
0.0309264,1,1,1,1,0,1
0.0309286,1,0,1,1,0,1
0.03092976,1,1,1,1,0,1
0.03093492,1,0,1,1,0,1
0.03093608,1,1,1,1,0,1
0.03093824,1,0,1,1,0,1
0.0309394,1,1,1,1,0,1
0.03094456,1,0,1,1,0,1
0.03094592,1,1,1,1,0,1
0.03094808,1,0,1,1,0,1
0.03094908,1,1,1,1,0,1
0.03095424,1,0,1,1,0,1
0.03095556,1,1,1,1,0,1
0.03095776,1,0,1,1,0,1
0.03095876,1,1,1,1,0,1
0.03096392,1,0,1,1,0,1
0.03096524,1,1,1,1,0,1
0.0309674,1,0,1,1,0,1
0.0309684,1,1,1,1,0,1
0.03097356,1,0,1,1,0,1
0.03097492,1,1,1,1,0,1
0.03097708,1,0,1,1,0,1
0.03097824,1,1,1,1,0,1
0.0309834,1,0,1,1,0,1
0.03098456,1,1,1,1,0,1
0.03098676,1,0,1,1,0,1
0.03098792,1,1,1,1,0,1
0.03099308,1,0,1,1,0,1
0.0309944,1,1,1,1,0,1
0.03099656,1,0,1,1,0,1
0.03099756,1,1,1,1,0,1
0.03100272,1,0,1,1,0,1
0.03100408,1,1,1,1,0,1
0.03100624,1,0,1,1,0,1
0.03100724,1,1,1,1,0,1
0.0310124,1,0,1,1,0,1
0.03101372,1,1,1,1,0,1
0.03101592,1,0,1,1,0,1
0.03101692,1,1,1,1,0,1
0.03102208,1,0,1,1,0,1
0.0310234,1,1,1,1,0,1
0.03102556,1,0,1,1,0,1
0.03102656,1,1,1,1,0,1
0.03103172,1,0,1,1,0,1
0.03103308,1,1,1,1,0,1
0.03103524,1,0,1,1,0,1
0.0310364,1,1,1,1,0,1
0.03104156,1,0,1,1,0,1
0.03104272,1,1,1,1,0,1
0.03104492,1,0,1,1,0,1
0.03104608,1,1,1,1,0,1
0.03105124,1,0,1,1,0,1
0.03105256,1,1,1,1,0,1
0.03105472,1,0,1,1,0,1
0.03105572,1,1,1,1,0,1
0.03106092,1,0,1,1,0,1
0.03106224,1,1,1,1,0,1
0.0310644,1,0,1,1,0,1
0.0310654,1,1,1,1,0,1
0.03107056,1,0,1,1,0,1
0.03107188,1,1,1,1,0,1
0.03107408,1,0,1,1,0,1
0.03107508,1,1,1,1,0,1
0.03108024,1,0,1,1,0,1
0.03108156,1,1,1,1,0,1
0.03108372,1,0,1,1,0,1
0.03108488,1,1,1,1,0,1
0.03109008,1,0,1,1,0,1
0.03109124,1,1,1,1,0,1
0.0310934,1,0,1,1,0,1
0.03109456,1,1,1,1,0,1
0.03109972,1,0,1,1,0,1
0.03110108,1,1,1,1,0,1
0.03110324,1,0,1,1,0,1
0.03110424,1,1,1,1,0,1
0.0311094,1,0,1,1,0,1
0.03111072,1,1,1,1,0,1
0.03111288,1,0,1,1,0,1
0.03111388,1,1,1,1,0,1
0.03111908,1,0,1,1,0,1
0.0311204,1,1,1,1,0,1
0.03112256,1,0,1,1,0,1
0.03112356,1,1,1,1,0,1
0.03112872,1,0,1,1,0,1
0.03113008,1,1,1,1,0,1
0.03113224,1,0,1,1,0,1
0.0311334,1,1,1,1,0,1
0.03113856,1,0,1,1,0,1
0.03113972,1,1,1,1,0,1
0.03114188,1,0,1,1,0,1
0.03114304,1,1,1,1,0,1
0.03114824,1,0,1,1,0,1
0.03114956,1,1,1,1,0,1
0.03115172,1,0,1,1,0,1
0.03115272,1,1,1,1,0,1
0.03115788,1,0,1,1,0,1
0.03115924,1,1,1,1,0,1
0.0311614,1,0,1,1,0,1
0.0311624,1,1,1,1,0,1
0.03116756,1,0,1,1,0,1
0.03116888,1,1,1,1,0,1
0.03117104,1,0,1,1,0,1
0.03117204,1,1,1,1,0,1
0.03117724,1,0,1,1,0,1
0.03117856,1,1,1,1,0,1
0.03118072,1,0,1,1,0,1
0.03118188,1,1,1,1,0,1
0.03118704,1,0,1,1,0,1
0.03118824,1,1,1,1,0,1
0.0311904,1,0,1,1,0,1
0.03119156,1,1,1,1,0,1
0.03119672,1,0,1,1,0,1
0.03119804,1,1,1,1,0,1
0.03120024,1,0,1,1,0,1
0.0312012,1,1,1,1,0,1
0.0312064,1,0,1,1,0,1
0.03120772,1,1,1,1,0,1
0.03120988,1,0,1,1,0,1
0.03121088,1,1,1,1,0,1
0.03121604,1,0,1,1,0,1
0.0312174,1,1,1,1,0,1
0.03121956,1,0,1,1,0,1
0.03122056,1,1,1,1,0,1
0.03122572,1,0,1,1,0,1
0.03122704,1,1,1,1,0,1
0.0312292,1,0,1,1,0,1
0.0312304,1,1,1,1,0,1
0.03123556,1,0,1,1,0,1
0.03123672,1,1,1,1,0,1
0.03123888,1,0,1,1,0,1
0.03124004,1,1,1,1,0,1
0.0312452,1,0,1,1,0,1
0.0312464,1,1,1,1,0,1
0.03124856,1,0,1,1,0,1
0.03124972,1,1,1,1,0,1
0.03125488,1,0,1,1,0,1
0.0312562,1,1,1,1,0,1
0.0312584,1,0,1,1,0,1
0.0312594,1,1,1,1,0,1
0.03126456,1,0,1,1,0,1
0.03126588,1,1,1,1,0,1
0.03126804,1,0,1,1,0,1
0.03126904,1,1,1,1,0,1
0.0312742,1,0,1,1,0,1
0.03127556,1,1,1,1,0,1
0.03127772,1,0,1,1,0,1
0.03127872,1,1,1,1,0,1
0.03128388,1,0,1,1,0,1
0.0312852,1,1,1,1,0,1
0.03128736,1,0,1,1,0,1
0.03128856,1,1,1,1,0,1
0.03129372,1,0,1,1,0,1
0.03129488,1,1,1,1,0,1
0.03129704,1,0,1,1,0,1
0.0312982,1,1,1,1,0,1
0.03130336,1,0,1,1,0,1
0.03130472,1,1,1,1,0,1
0.03130688,1,0,1,1,0,1
0.03130788,1,1,1,1,0,1
0.03131304,1,0,1,1,0,1
0.03131436,1,1,1,1,0,1
0.03131656,1,0,1,1,0,1
0.03131756,1,1,1,1,0,1
0.03132272,1,0,1,1,0,1
0.03132404,1,1,1,1,0,1
0.0313262,1,0,1,1,0,1
0.0313272,1,1,1,1,0,1
0.03133236,1,0,1,1,0,1
0.03133372,1,1,1,1,0,1
0.03133588,1,0,1,1,0,1
0.03133704,1,1,1,1,0,1
0.0313422,1,0,1,1,0,1
0.03134336,1,1,1,1,0,1
0.03134552,1,0,1,1,0,1
0.03134672,1,1,1,1,0,1
0.03135188,1,0,1,1,0,1
0.0313532,1,1,1,1,0,1
0.03135536,1,0,1,1,0,1
0.03135636,1,1,1,1,0,1
0.03136152,1,0,1,1,0,1
0.03136288,1,1,1,1,0,1
0.03136504,1,0,1,1,0,1
0.03136604,1,1,1,1,0,1
0.0313712,1,0,1,1,0,1
0.03137252,1,1,1,1,0,1
0.03137472,1,0,1,1,0,1
0.03137572,1,1,1,1,0,1
0.03138088,1,0,1,1,0,1
0.0313822,1,1,1,1,0,1
0.03138436,1,0,1,1,0,1
0.03138552,1,1,1,1,0,1
0.03139072,1,0,1,1,0,1
0.03139188,1,1,1,1,0,1
0.03139404,1,0,1,1,0,1
0.0313952,1,1,1,1,0,1
0.03140036,1,0,1,1,0,1
0.03140168,1,1,1,1,0,1
0.03140388,1,0,1,1,0,1
0.03140488,1,1,1,1,0,1
0.03141004,1,0,1,1,0,1
0.03141136,1,1,1,1,0,1
0.03141352,1,0,1,1,0,1
0.03141452,1,1,1,1,0,1
0.03141968,1,0,1,1,0,1
0.03142104,1,1,1,1,0,1
0.0314232,1,0,1,1,0,1
0.0314242,1,1,1,1,0,1
0.03142936,1,0,1,1,0,1
0.03143068,1,1,1,1,0,1
0.03143288,1,0,1,1,0,1
0.03143404,1,1,1,1,0,1
0.0314392,1,0,1,1,0,1
0.03144036,1,1,1,1,0,1
0.03144252,1,0,1,1,0,1
0.03144368,1,1,1,1,0,1
0.03144888,1,0,1,1,0,1
0.0314502,1,1,1,1,0,1
0.03145236,1,0,1,1,0,1
0.03145336,1,1,1,1,0,1
0.03145852,1,0,1,1,0,1
0.03145988,1,1,1,1,0,1
0.03146204,1,0,1,1,0,1
0.03146304,1,1,1,1,0,1
0.0314682,1,0,1,1,0,1
0.03146952,1,1,1,1,0,1
0.03147168,1,0,1,1,0,1
0.03147268,1,1,1,1,0,1
0.03147784,1,0,1,1,0,1
0.0314792,1,1,1,1,0,1
0.03148136,1,0,1,1,0,1
0.03148236,1,1,1,1,0,1
0.03148752,1,0,1,1,0,1
0.03148884,1,1,1,1,0,1
0.03149104,1,0,1,1,0,1
0.0314922,1,1,1,1,0,1
0.03149736,1,0,1,1,0,1
0.03149852,1,1,1,1,0,1
0.03150068,1,0,1,1,0,1
0.03150184,1,1,1,1,0,1
0.03150704,1,0,1,1,0,1
0.03150836,1,1,1,1,0,1
0.03151052,1,0,1,1,0,1
0.03151152,1,1,1,1,0,1
0.03151668,1,0,1,1,0,1
0.03151804,1,1,1,1,0,1
0.0315202,1,0,1,1,0,1
0.0315212,1,1,1,1,0,1
0.03152636,1,0,1,1,0,1
0.03152768,1,1,1,1,0,1
0.03152984,1,0,1,1,0,1
0.03153084,1,1,1,1,0,1
0.031536,1,0,1,1,0,1
0.03153736,1,1,1,1,0,1
0.03153952,1,0,1,1,0,1
0.03154068,1,1,1,1,0,1
0.03154584,1,0,1,1,0,1
0.031547,1,1,1,1,0,1
0.0315492,1,0,1,1,0,1
0.03155036,1,1,1,1,0,1
0.03155552,1,0,1,1,0,1
0.03155684,1,1,1,1,0,1
0.031559,1,0,1,1,0,1
0.03156,1,1,1,1,0,1
0.0315652,1,0,1,1,0,1
0.03156652,1,1,1,1,0,1
0.03156868,1,0,1,1,0,1
0.03156968,1,1,1,1,0,1
0.03157484,1,0,1,1,0,1
0.0315762,1,1,1,1,0,1
0.03157836,1,0,1,1,0,1
0.03157936,1,1,1,1,0,1
0.03158452,1,0,1,1,0,1
0.03158584,1,1,1,1,0,1
0.031588,1,0,1,1,0,1
0.0315892,1,1,1,1,0,1
0.03159436,1,0,1,1,0,1
0.03159552,1,1,1,1,0,1
0.03159768,1,0,1,1,0,1
0.03159884,1,1,1,1,0,1
0.031604,1,0,1,1,0,1
0.03160536,1,1,1,1,0,1
0.03160752,1,0,1,1,0,1
0.03160852,1,1,1,1,0,1
0.03161368,1,0,1,1,0,1
0.031615,1,1,1,1,0,1
0.03161716,1,0,1,1,0,1
0.03161816,1,1,1,1,0,1
0.03162336,1,0,1,1,0,1
0.03162468,1,1,1,1,0,1
0.03162684,1,0,1,1,0,1
0.03162784,1,1,1,1,0,1
0.031633,1,0,1,1,0,1
0.03163436,1,1,1,1,0,1
0.03163652,1,0,1,1,0,1
0.03163768,1,1,1,1,0,1
0.03164284,1,0,1,1,0,1
0.031644,1,1,1,1,0,1
0.03164616,1,0,1,1,0,1
0.03164736,1,1,1,1,0,1
0.03165252,1,0,1,1,0,1
0.03165384,1,1,1,1,0,1
0.031656,1,0,1,1,0,1
0.031657,1,1,1,1,0,1
0.03166216,1,0,1,1,0,1
0.03166352,1,1,1,1,0,1
0.03166568,1,0,1,1,0,1
0.03166668,1,1,1,1,0,1
0.03167184,1,0,1,1,0,1
0.03167316,1,1,1,1,0,1
0.03167532,1,0,1,1,0,1
0.03167632,1,1,1,1,0,1
0.03168152,1,0,1,1,0,1
0.03168284,1,1,1,1,0,1
0.031685,1,0,1,1,0,1
0.031686,1,1,1,1,0,1
0.03169116,1,0,1,1,0,1
0.03169252,1,1,1,1,0,1
0.03169468,1,0,1,1,0,1
0.03169584,1,1,1,1,0,1
0.031701,1,0,1,1,0,1
0.03170216,1,1,1,1,0,1
0.03170432,1,0,1,1,0,1
0.03170552,1,1,1,1,0,1
0.03171068,1,0,1,1,0,1
0.031712,1,1,1,1,0,1
0.03171416,1,0,1,1,0,1
0.03171516,1,1,1,1,0,1
0.03172032,1,0,1,1,0,1
0.03172168,1,1,1,1,0,1
0.03172384,1,0,1,1,0,1
0.03172484,1,1,1,1,0,1
0.03173,1,0,1,1,0,1
0.03173132,1,1,1,1,0,1
0.03173348,1,0,1,1,0,1
0.03173448,1,1,1,1,0,1
0.03173968,1,0,1,1,0,1
0.031741,1,1,1,1,0,1
0.03174316,1,0,1,1,0,1
0.03174432,1,1,1,1,0,1
0.03174948,1,0,1,1,0,1
0.03175068,1,1,1,1,0,1
0.03175284,1,0,1,1,0,1
0.031754,1,1,1,1,0,1
0.03175916,1,0,1,1,0,1
0.03176048,1,1,1,1,0,1
0.03176268,1,0,1,1,0,1
0.03176368,1,1,1,1,0,1
0.03176884,1,0,1,1,0,1
0.03177016,1,1,1,1,0,1
0.03177232,1,0,1,1,0,1
0.03177332,1,1,1,1,0,1
0.03177848,1,0,1,1,0,1
0.03177984,1,1,1,1,0,1
0.031782,1,0,1,1,0,1
0.031783,1,1,1,1,0,1
0.03178816,1,0,1,1,0,1
0.03178948,1,1,1,1,0,1
0.03179168,1,0,1,1,0,1
0.03179284,1,1,1,1,0,1
0.031798,1,0,1,1,0,1
0.03179916,1,1,1,1,0,1
0.03180132,1,0,1,1,0,1
0.03180248,1,1,1,1,0,1
0.03180764,1,0,1,1,0,1
0.031809,1,1,1,1,0,1
0.03181116,1,0,1,1,0,1
0.03181216,1,1,1,1,0,1
0.03181732,1,0,1,1,0,1
0.03181864,1,1,1,1,0,1
0.03182084,1,0,1,1,0,1
0.03182184,1,1,1,1,0,1
0.031827,1,0,1,1,0,1
0.03182832,1,1,1,1,0,1
0.03183048,1,0,1,1,0,1
0.03183148,1,1,1,1,0,1
0.03183664,1,0,1,1,0,1
0.031838,1,1,1,1,0,1
0.03184016,1,0,1,1,0,1
0.03184132,1,1,1,1,0,1
0.03184648,1,0,1,1,0,1
0.03184764,1,1,1,1,0,1
0.03184984,1,0,1,1,0,1
0.031851,1,1,1,1,0,1
0.03185616,1,0,1,1,0,1
0.03185748,1,1,1,1,0,1
0.03185964,1,0,1,1,0,1
0.03186064,1,1,1,1,0,1
0.0318658,1,0,1,1,0,1
0.03186716,1,1,1,1,0,1
0.03186932,1,0,1,1,0,1
0.03187032,1,1,1,1,0,1
0.03187548,1,0,1,1,0,1
0.0318768,1,1,1,1,0,1
0.031879,1,0,1,1,0,1
0.03188,1,1,1,1,0,1
0.03188516,1,0,1,1,0,1
0.03188648,1,1,1,1,0,1
0.03188864,1,0,1,1,0,1
0.03188964,1,1,1,1,0,1
0.0318948,1,0,1,1,0,1
0.03189616,1,1,1,1,0,1
0.03189832,1,0,1,1,0,1
0.03189948,1,1,1,1,0,1
0.03190464,1,0,1,1,0,1
0.0319058,1,1,1,1,0,1
0.031908,1,0,1,1,0,1
0.03190916,1,1,1,1,0,1
0.03191432,1,0,1,1,0,1
0.03191564,1,1,1,1,0,1
0.0319178,1,0,1,1,0,1
0.0319188,1,1,1,1,0,1
0.031924,1,0,1,1,0,1
0.03192532,1,1,1,1,0,1
0.03192748,1,0,1,1,0,1
0.03192848,1,1,1,1,0,1
0.03193364,1,0,1,1,0,1
0.03193496,1,1,1,1,0,1
0.03193716,1,0,1,1,0,1
0.03193816,1,1,1,1,0,1
0.03194332,1,0,1,1,0,1
0.03194464,1,1,1,1,0,1
0.0319468,1,0,1,1,0,1
0.03194796,1,1,1,1,0,1
0.03195316,1,0,1,1,0,1
0.03195432,1,1,1,1,0,1
0.03195648,1,0,1,1,0,1
0.03195764,1,1,1,1,0,1
0.0319628,1,0,1,1,0,1
0.03196416,1,1,1,1,0,1
0.03196632,1,0,1,1,0,1
0.03196732,1,1,1,1,0,1
0.03197248,1,0,1,1,0,1
0.0319738,1,1,1,1,0,1
0.03197596,1,0,1,1,0,1
0.03197696,1,1,1,1,0,1
0.03198216,1,0,1,1,0,1
0.03198348,1,1,1,1,0,1
0.03198564,1,0,1,1,0,1
0.03198664,1,1,1,1,0,1
0.0319918,1,0,1,1,0,1
0.03199312,1,1,1,1,0,1
0.03199532,1,0,1,1,0,1
0.03199648,1,1,1,1,0,1
0.03200164,1,0,1,1,0,1
0.0320028,1,1,1,1,0,1
0.03200496,1,0,1,1,0,1
0.03200612,1,1,1,1,0,1
0.03201132,1,0,1,1,0,1
0.03201264,1,1,1,1,0,1
0.0320148,1,0,1,1,0,1
0.0320158,1,1,1,1,0,1
0.03202096,1,0,1,1,0,1
0.03202232,1,1,1,1,0,1
0.03202448,1,0,1,1,0,1
0.03202548,1,1,1,1,0,1
0.03203064,1,0,1,1,0,1
0.03203196,1,1,1,1,0,1
0.03203412,1,0,1,1,0,1
0.03203512,1,1,1,1,0,1
0.03204032,1,0,1,1,0,1
0.03204164,1,1,1,1,0,1
0.0320438,1,0,1,1,0,1
0.03204496,1,1,1,1,0,1
0.03205012,1,0,1,1,0,1
0.03205132,1,1,1,1,0,1
0.03205348,1,0,1,1,0,1
0.03205464,1,1,1,1,0,1
0.0320598,1,0,1,1,0,1
0.03206112,1,1,1,1,0,1
0.03206328,1,0,1,1,0,1
0.03206428,1,1,1,1,0,1
0.03206948,1,0,1,1,0,1
0.0320708,1,1,1,1,0,1
0.03207296,1,0,1,1,0,1
0.03207396,1,1,1,1,0,1
0.03207912,1,0,1,1,0,1
0.03208048,1,1,1,1,0,1
0.03208264,1,0,1,1,0,1
0.03208364,1,1,1,1,0,1
0.0320888,1,0,1,1,0,1
0.03209012,1,1,1,1,0,1
0.03209228,1,0,1,1,0,1
0.03209348,1,1,1,1,0,1
0.03209864,1,0,1,1,0,1
0.0320998,1,1,1,1,0,1
0.03210196,1,0,1,1,0,1
0.03210312,1,1,1,1,0,1
0.03210828,1,0,1,1,0,1
0.03210948,1,1,1,1,0,1
0.03211164,1,0,1,1,0,1
0.0321128,1,1,1,1,0,1
0.03211796,1,0,1,1,0,1
0.03211928,1,1,1,1,0,1
0.03212148,1,0,1,1,0,1
0.03212244,1,1,1,1,0,1
0.03212764,1,0,1,1,0,1
0.03212896,1,1,1,1,0,1
0.03213112,1,0,1,1,0,1
0.03213212,1,1,1,1,0,1
0.03213728,1,0,1,1,0,1
0.03213864,1,1,1,1,0,1
0.0321408,1,0,1,1,0,1
0.0321418,1,1,1,1,0,1
0.03214696,1,0,1,1,0,1
0.03214828,1,1,1,1,0,1
0.03215044,1,0,1,1,0,1
0.03215164,1,1,1,1,0,1
0.0321568,1,0,1,1,0,1
0.03215796,1,1,1,1,0,1
0.03216012,1,0,1,1,0,1
0.03216128,1,1,1,1,0,1
0.03216644,1,0,1,1,0,1
0.0321678,1,1,1,1,0,1
0.03216996,1,0,1,1,0,1
0.03217096,1,1,1,1,0,1
0.03217612,1,0,1,1,0,1
0.03217744,1,1,1,1,0,1
0.03217964,1,0,1,1,0,1
0.03218064,1,1,1,1,0,1
0.0321858,1,0,1,1,0,1
0.03218712,1,1,1,1,0,1
0.03218928,1,0,1,1,0,1
0.03219028,1,1,1,1,0,1
0.03219544,1,0,1,1,0,1
0.0321968,1,1,1,1,0,1
0.03219896,1,0,1,1,0,1
0.03220012,1,1,1,1,0,1
0.03220528,1,0,1,1,0,1
0.03220644,1,1,1,1,0,1
0.0322086,1,0,1,1,0,1
0.0322098,1,1,1,1,0,1
0.03221496,1,0,1,1,0,1
0.03221628,1,1,1,1,0,1
0.03221844,1,0,1,1,0,1
0.03221944,1,1,1,1,0,1
0.0322246,1,0,1,1,0,1
0.03222596,1,1,1,1,0,1
0.03222812,1,0,1,1,0,1
0.03222912,1,1,1,1,0,1
0.03223428,1,0,1,1,0,1
0.0322356,1,1,1,1,0,1
0.0322378,1,0,1,1,0,1
0.0322388,1,1,1,1,0,1
0.03224396,1,0,1,1,0,1
0.03224528,1,1,1,1,0,1
0.03224744,1,0,1,1,0,1
0.0322486,1,1,1,1,0,1
0.0322538,1,0,1,1,0,1
0.03225496,1,1,1,1,0,1
0.03225712,1,0,1,1,0,1
0.03225828,1,1,1,1,0,1
0.03226344,1,0,1,1,0,1
0.03226476,1,1,1,1,0,1
0.03226696,1,0,1,1,0,1
0.03226796,1,1,1,1,0,1
0.03227312,1,0,1,1,0,1
0.03227444,1,1,1,1,0,1
0.0322766,1,0,1,1,0,1
0.0322776,1,1,1,1,0,1
0.03228276,1,0,1,1,0,1
0.03228412,1,1,1,1,0,1
0.03228628,1,0,1,1,0,1
0.03228728,1,1,1,1,0,1
0.03229244,1,0,1,1,0,1
0.03229376,1,1,1,1,0,1
0.03229596,1,0,1,1,0,1
0.03229712,1,1,1,1,0,1
0.03230228,1,0,1,1,0,1
0.03230344,1,1,1,1,0,1
0.0323056,1,0,1,1,0,1
0.03230676,1,1,1,1,0,1
0.03231196,1,0,1,1,0,1
0.03231328,1,1,1,1,0,1
0.03231544,1,0,1,1,0,1
0.03231644,1,1,1,1,0,1
0.0323216,1,0,1,1,0,1
0.03232292,1,1,1,1,0,1
0.03232512,1,0,1,1,0,1
0.03232612,1,1,1,1,0,1
0.03233128,1,0,1,1,0,1
0.0323326,1,1,1,1,0,1
0.03233476,1,0,1,1,0,1
0.03233576,1,1,1,1,0,1
0.03234092,1,0,1,1,0,1
0.03234228,1,1,1,1,0,1
0.03234444,1,0,1,1,0,1
0.03234544,1,1,1,1,0,1
0.0323506,1,0,1,1,0,1
0.03235192,1,1,1,1,0,1
0.03235412,1,0,1,1,0,1
0.03235528,1,1,1,1,0,1
0.03236044,1,0,1,1,0,1
0.0323616,1,1,1,1,0,1
0.03236376,1,0,1,1,0,1
0.03236492,1,1,1,1,0,1
0.03237012,1,0,1,1,0,1
0.03237144,1,1,1,1,0,1
0.0323736,1,0,1,1,0,1
0.0323746,1,1,1,1,0,1
0.03237976,1,0,1,1,0,1
0.03238112,1,1,1,1,0,1
0.03238328,1,0,1,1,0,1
0.03238428,1,1,1,1,0,1
0.03238944,1,0,1,1,0,1
0.03239076,1,1,1,1,0,1
0.03239292,1,0,1,1,0,1
0.03239392,1,1,1,1,0,1
0.03239908,1,0,1,1,0,1
0.03240044,1,1,1,1,0,1
0.0324026,1,0,1,1,0,1
0.03240376,1,1,1,1,0,1
0.03240892,1,0,1,1,0,1
0.03241008,1,1,1,1,0,1
0.03241228,1,0,1,1,0,1
0.03241344,1,1,1,1,0,1
0.0324186,1,0,1,1,0,1
0.03241992,1,1,1,1,0,1
0.03242208,1,0,1,1,0,1
0.03242308,1,1,1,1,0,1
0.03242828,1,0,1,1,0,1
0.0324296,1,1,1,1,0,1
0.03243176,1,0,1,1,0,1
0.03243276,1,1,1,1,0,1
0.03243792,1,0,1,1,0,1
0.03243928,1,1,1,1,0,1
0.03244144,1,0,1,1,0,1
0.03244244,1,1,1,1,0,1
0.0324476,1,0,1,1,0,1
0.03244892,1,1,1,1,0,1
0.03245108,1,0,1,1,0,1
0.03245224,1,1,1,1,0,1
0.03245744,1,0,1,1,0,1
0.0324586,1,1,1,1,0,1
0.03246076,1,0,1,1,0,1
0.03246192,1,1,1,1,0,1
0.03246708,1,0,1,1,0,1
0.03246844,1,1,1,1,0,1
0.0324706,1,0,1,1,0,1
0.0324716,1,1,1,1,0,1
0.03247676,1,0,1,1,0,1
0.03247808,1,1,1,1,0,1
0.03248024,1,0,1,1,0,1
0.03248124,1,1,1,1,0,1
0.03248644,1,0,1,1,0,1
0.03248776,1,1,1,1,0,1
0.03248992,1,0,1,1,0,1
0.03249092,1,1,1,1,0,1
0.03249608,1,0,1,1,0,1
0.03249744,1,1,1,1,0,1
0.0324996,1,0,1,1,0,1
0.03250076,1,1,1,1,0,1
0.03250592,1,0,1,1,0,1
0.03250708,1,1,1,1,0,1
0.03250924,1,0,1,1,0,1
0.03251044,1,1,1,1,0,1
0.0325156,1,0,1,1,0,1
0.03251692,1,1,1,1,0,1
0.03251908,1,0,1,1,0,1
0.03252008,1,1,1,1,0,1
0.03252524,1,0,1,1,0,1
0.0325266,1,1,1,1,0,1
0.03252876,1,0,1,1,0,1
0.03252976,1,1,1,1,0,1
0.03253492,1,0,1,1,0,1
0.03253624,1,1,1,1,0,1
0.0325384,1,0,1,1,0,1
0.0325394,1,1,1,1,0,1
0.0325446,1,0,1,1,0,1
0.03254592,1,1,1,1,0,1
0.03254808,1,0,1,1,0,1
0.03254908,1,1,1,1,0,1
0.03255424,1,0,1,1,0,1
0.0325556,1,1,1,1,0,1
0.03255776,1,0,1,1,0,1
0.03255892,1,1,1,1,0,1
0.03256408,1,0,1,1,0,1
0.03256524,1,1,1,1,0,1
0.0325674,1,0,1,1,0,1
0.0325686,1,1,1,1,0,1
0.03257376,1,0,1,1,0,1
0.03257508,1,1,1,1,0,1
0.03257724,1,0,1,1,0,1
0.03257824,1,1,1,1,0,1
0.0325834,1,0,1,1,0,1
0.03258476,1,1,1,1,0,1
0.03258692,1,0,1,1,0,1
0.03258792,1,1,1,1,0,1
0.03259308,1,0,1,1,0,1
0.0325944,1,1,1,1,0,1
0.03259656,1,0,1,1,0,1
0.03259756,1,1,1,1,0,1
0.03260276,1,0,1,1,0,1
0.03260408,1,1,1,1,0,1
0.03260624,1,0,1,1,0,1
0.0326074,1,1,1,1,0,1
0.03261256,1,0,1,1,0,1
0.03261376,1,1,1,1,0,1
0.03261592,1,0,1,1,0,1
0.03261708,1,1,1,1,0,1
0.03262224,1,0,1,1,0,1
0.03262356,1,1,1,1,0,1
0.03262576,1,0,1,1,0,1
0.03262676,1,1,1,1,0,1
0.03263192,1,0,1,1,0,1
0.03263324,1,1,1,1,0,1
0.0326354,1,0,1,1,0,1
0.0326364,1,1,1,1,0,1
0.03264156,1,0,1,1,0,1
0.03264292,1,1,1,1,0,1
0.03264508,1,0,1,1,0,1
0.03264608,1,1,1,1,0,1
0.03265124,1,0,1,1,0,1
0.03265256,1,1,1,1,0,1
0.03265472,1,0,1,1,0,1
0.03265592,1,1,1,1,0,1
0.03266108,1,0,1,1,0,1
0.03266224,1,1,1,1,0,1
0.0326644,1,0,1,1,0,1
0.03266556,1,1,1,1,0,1
0.03267072,1,0,1,1,0,1
0.03267208,1,1,1,1,0,1
0.03267424,1,0,1,1,0,1
0.03267524,1,1,1,1,0,1
0.0326804,1,0,1,1,0,1
0.03268172,1,1,1,1,0,1
0.03268392,1,0,1,1,0,1
0.03268492,1,1,1,1,0,1
0.03269008,1,0,1,1,0,1
0.0326914,1,1,1,1,0,1
0.03269356,1,0,1,1,0,1
0.03269456,1,1,1,1,0,1
0.03269972,1,0,1,1,0,1
0.03270108,1,1,1,1,0,1
0.03270324,1,0,1,1,0,1
0.0327044,1,1,1,1,0,1
0.03270956,1,0,1,1,0,1
0.03271072,1,1,1,1,0,1
0.03271292,1,0,1,1,0,1
0.03271408,1,1,1,1,0,1
0.03271924,1,0,1,1,0,1
0.03272056,1,1,1,1,0,1
0.03272272,1,0,1,1,0,1
0.03272372,1,1,1,1,0,1
0.03272888,1,0,1,1,0,1
0.03273024,1,1,1,1,0,1
0.0327324,1,0,1,1,0,1
0.0327334,1,1,1,1,0,1
0.03273856,1,0,1,1,0,1
0.03273988,1,1,1,1,0,1
0.03274208,1,0,1,1,0,1
0.03274308,1,1,1,1,0,1
0.03274824,1,0,1,1,0,1
0.03274956,1,1,1,1,0,1
0.03275172,1,0,1,1,0,1
0.03275272,1,1,1,1,0,1
0.03275788,1,0,1,1,0,1
0.03275924,1,1,1,1,0,1
0.0327614,1,0,1,1,0,1
0.03276256,1,1,1,1,0,1
0.03276772,1,0,1,1,0,1
0.03276888,1,1,1,1,0,1
0.03277108,1,0,1,1,0,1
0.03277224,1,1,1,1,0,1
0.0327774,1,0,1,1,0,1
0.03277872,1,1,1,1,0,1
0.03278088,1,0,1,1,0,1
0.03278188,1,1,1,1,0,1
0.03278704,1,0,1,1,0,1
0.0327884,1,1,1,1,0,1
0.03279056,1,0,1,1,0,1
0.03279156,1,1,1,1,0,1
0.03279672,1,0,1,1,0,1
0.03279804,1,1,1,1,0,1
0.03280024,1,0,1,1,0,1
0.03280124,1,1,1,1,0,1
0.0328064,1,0,1,1,0,1
0.03280772,1,1,1,1,0,1
0.03280988,1,0,1,1,0,1
0.03281104,1,1,1,1,0,1
0.03281624,1,0,1,1,0,1
0.0328174,1,1,1,1,0,1
0.03281956,1,0,1,1,0,1
0.03282072,1,1,1,1,0,1
0.03282588,1,0,1,1,0,1
0.03282724,1,1,1,1,0,1
0.0328294,1,0,1,1,0,1
0.0328304,1,1,1,1,0,1
0.03283556,1,0,1,1,0,1
0.03283688,1,1,1,1,0,1
0.03283904,1,0,1,1,0,1
0.03284004,1,1,1,1,0,1
0.03284524,1,0,1,1,0,1
0.03284656,1,1,1,1,0,1
0.03284872,1,0,1,1,0,1
0.03284972,1,1,1,1,0,1
0.03285488,1,0,1,1,0,1
0.0328562,1,1,1,1,0,1
0.0328584,1,0,1,1,0,1
0.03285956,1,1,1,1,0,1
0.03286472,1,0,1,1,0,1
0.03286588,1,1,1,1,0,1
0.03286804,1,0,1,1,0,1
0.0328692,1,1,1,1,0,1
0.0328744,1,0,1,1,0,1
0.03287572,1,1,1,1,0,1
0.03287788,1,0,1,1,0,1
0.03287888,1,1,1,1,0,1
0.03288404,1,0,1,1,0,1
0.0328854,1,1,1,1,0,1
0.03288756,1,0,1,1,0,1
0.03288856,1,1,1,1,0,1
0.03289372,1,0,1,1,0,1
0.03289504,1,1,1,1,0,1
0.0328972,1,0,1,1,0,1
0.0328982,1,1,1,1,0,1
0.0329034,1,0,1,1,0,1
0.03290472,1,1,1,1,0,1
0.03290688,1,0,1,1,0,1
0.03290804,1,1,1,1,0,1
0.0329132,1,0,1,1,0,1
0.03291436,1,1,1,1,0,1
0.03291656,1,0,1,1,0,1
0.03291772,1,1,1,1,0,1
0.03292288,1,0,1,1,0,1
0.0329242,1,1,1,1,0,1
0.03292636,1,0,1,1,0,1
0.03292736,1,1,1,1,0,1
0.03293256,1,0,1,1,0,1
0.03293388,1,1,1,1,0,1
0.03293604,1,0,1,1,0,1
0.03293704,1,1,1,1,0,1
0.0329422,1,0,1,1,0,1
0.03294356,1,1,1,1,0,1
0.03294572,1,0,1,1,0,1
0.03294672,1,1,1,1,0,1
0.03295188,1,0,1,1,0,1
0.0329532,1,1,1,1,0,1
0.03295536,1,0,1,1,0,1
0.03295656,1,1,1,1,0,1
0.03296172,1,0,1,1,0,1
0.03296288,1,1,1,1,0,1
0.03296504,1,0,1,1,0,1
0.0329662,1,1,1,1,0,1
0.03297136,1,0,1,1,0,1
0.03297256,1,1,1,1,0,1
0.03297472,1,0,1,1,0,1
0.03297588,1,1,1,1,0,1
0.03298104,1,0,1,1,0,1
0.03298236,1,1,1,1,0,1
0.03298452,1,0,1,1,0,1
0.03298552,1,1,1,1,0,1
0.03299072,1,0,1,1,0,1
0.03299204,1,1,1,1,0,1
0.0329942,1,0,1,1,0,1
0.0329952,1,1,1,1,0,1
0.03300036,1,0,1,1,0,1
0.03300172,1,1,1,1,0,1
0.03300388,1,0,1,1,0,1
0.03300488,1,1,1,1,0,1
0.03301004,1,0,1,1,0,1
0.03301136,1,1,1,1,0,1
0.03301352,1,0,1,1,0,1
0.03301472,1,1,1,1,0,1
0.03301988,1,0,1,1,0,1
0.03302104,1,1,1,1,0,1
0.0330232,1,0,1,1,0,1
0.03302436,1,1,1,1,0,1
0.03302952,1,0,1,1,0,1
0.03303088,1,1,1,1,0,1
0.03303304,1,0,1,1,0,1
0.03303404,1,1,1,1,0,1
0.0330392,1,0,1,1,0,1
0.03304052,1,1,1,1,0,1
0.03304272,1,0,1,1,0,1
0.03304368,1,1,1,1,0,1
0.03304888,1,0,1,1,0,1
0.0330502,1,1,1,1,0,1
0.03305236,1,0,1,1,0,1
0.03305336,1,1,1,1,0,1
0.03305852,1,0,1,1,0,1
0.03305988,1,1,1,1,0,1
0.03306204,1,0,1,1,0,1
0.0330632,1,1,1,1,0,1
0.03306836,1,0,1,1,0,1
0.03306952,1,1,1,1,0,1
0.03307168,1,0,1,1,0,1
0.03307288,1,1,1,1,0,1
0.03307804,1,0,1,1,0,1
0.03307936,1,1,1,1,0,1
0.03308152,1,0,1,1,0,1
0.03308252,1,1,1,1,0,1
0.03308768,1,0,1,1,0,1
0.03308904,1,1,1,1,0,1
0.0330912,1,0,1,1,0,1
0.0330922,1,1,1,1,0,1
0.03309736,1,0,1,1,0,1
0.03309868,1,1,1,1,0,1
0.03310088,1,0,1,1,0,1
0.03310188,1,1,1,1,0,1
0.03310704,1,0,1,1,0,1
0.03310836,1,1,1,1,0,1
0.03311052,1,0,1,1,0,1
0.03311168,1,1,1,1,0,1
0.03311684,1,0,1,1,0,1
0.03311804,1,1,1,1,0,1
0.0331202,1,0,1,1,0,1
0.03312136,1,1,1,1,0,1
0.03312652,1,0,1,1,0,1
0.03312784,1,1,1,1,0,1
0.03313004,1,0,1,1,0,1
0.03313104,1,1,1,1,0,1
0.0331362,1,0,1,1,0,1
0.03313752,1,1,1,1,0,1
0.03313968,1,0,1,1,0,1
0.03314068,1,1,1,1,0,1
0.03314584,1,0,1,1,0,1
0.0331472,1,1,1,1,0,1
0.03314936,1,0,1,1,0,1
0.03315036,1,1,1,1,0,1
0.03315552,1,0,1,1,0,1
0.03315684,1,1,1,1,0,1
0.03315904,1,0,1,1,0,1
0.0331602,1,1,1,1,0,1
0.03316536,1,0,1,1,0,1
0.03316652,1,1,1,1,0,1
0.03316868,1,0,1,1,0,1
0.03316984,1,1,1,1,0,1
0.03317504,1,0,1,1,0,1
0.03317636,1,1,1,1,0,1
0.03317852,1,0,1,1,0,1
0.03317952,1,1,1,1,0,1
0.03318468,1,0,1,1,0,1
0.033186,1,1,1,1,0,1
0.0331882,1,0,1,1,0,1
0.0331892,1,1,1,1,0,1
0.03319436,1,0,1,1,0,1
0.03319568,1,1,1,1,0,1
0.03319784,1,0,1,1,0,1
0.03319884,1,1,1,1,0,1
0.033204,1,0,1,1,0,1
0.03320536,1,1,1,1,0,1
0.03320752,1,0,1,1,0,1
0.03320852,1,1,1,1,0,1
0.03321368,1,0,1,1,0,1
0.033215,1,1,1,1,0,1
0.0332172,1,0,1,1,0,1
0.03321836,1,1,1,1,0,1
0.03322352,1,0,1,1,0,1
0.03322468,1,1,1,1,0,1
0.03322684,1,0,1,1,0,1
0.033228,1,1,1,1,0,1
0.0332332,1,0,1,1,0,1
0.03323452,1,1,1,1,0,1
0.03323668,1,0,1,1,0,1
0.03323768,1,1,1,1,0,1
0.03324284,1,0,1,1,0,1
0.0332442,1,1,1,1,0,1
0.03324636,1,0,1,1,0,1
0.03324736,1,1,1,1,0,1
0.03325252,1,0,1,1,0,1
0.03325384,1,1,1,1,0,1
0.033256,1,0,1,1,0,1
0.033257,1,1,1,1,0,1
0.03326216,1,0,1,1,0,1
0.03326352,1,1,1,1,0,1
0.03326568,1,0,1,1,0,1
0.03326684,1,1,1,1,0,1
0.033272,1,0,1,1,0,1
0.03327316,1,1,1,1,0,1
0.03327536,1,0,1,1,0,1
0.03327652,1,1,1,1,0,1
0.03328168,1,0,1,1,0,1
0.033283,1,1,1,1,0,1
0.03328516,1,0,1,1,0,1
0.03328616,1,1,1,1,0,1
0.03329136,1,0,1,1,0,1
0.03329268,1,1,1,1,0,1
0.03329484,1,0,1,1,0,1
0.03329584,1,1,1,1,0,1
0.033301,1,0,1,1,0,1
0.03330236,1,1,1,1,0,1
0.03330452,1,0,1,1,0,1
0.03330552,1,1,1,1,0,1
0.03331068,1,0,1,1,0,1
0.033312,1,1,1,1,0,1
0.03331416,1,0,1,1,0,1
0.03331532,1,1,1,1,0,1
0.03332052,1,0,1,1,0,1
0.03332168,1,1,1,1,0,1
0.03332384,1,0,1,1,0,1
0.033325,1,1,1,1,0,1
0.03333016,1,0,1,1,0,1
0.03333152,1,1,1,1,0,1
0.03333368,1,0,1,1,0,1
0.03333468,1,1,1,1,0,1
0.03333984,1,0,1,1,0,1
0.03334116,1,1,1,1,0,1
0.03334332,1,0,1,1,0,1
0.03334432,1,1,1,1,0,1
0.03334952,1,0,1,1,0,1
0.03335084,1,1,1,1,0,1
0.033353,1,0,1,1,0,1
0.033354,1,1,1,1,0,1
0.03335916,1,0,1,1,0,1
0.03336052,1,1,1,1,0,1
0.03336268,1,0,1,1,0,1
0.03336384,1,1,1,1,0,1
0.033369,1,0,1,1,0,1
0.03337016,1,1,1,1,0,1
0.03337232,1,0,1,1,0,1
0.03337348,1,1,1,1,0,1
0.03337868,1,0,1,1,0,1
0.03338,1,1,1,1,0,1
0.03338216,1,0,1,1,0,1
0.03338316,1,1,1,1,0,1
0.03338832,1,0,1,1,0,1
0.03338968,1,1,1,1,0,1
0.03339184,1,0,1,1,0,1
0.03339284,1,1,1,1,0,1
0.033398,1,0,1,1,0,1
0.03339932,1,1,1,1,0,1
0.03340148,1,0,1,1,0,1
0.03340248,1,1,1,1,0,1
0.03340768,1,0,1,1,0,1
0.033409,1,1,1,1,0,1
0.03341116,1,0,1,1,0,1
0.03341216,1,1,1,1,0,1
0.03341732,1,0,1,1,0,1
0.03341868,1,1,1,1,0,1
0.03342084,1,0,1,1,0,1
0.033422,1,1,1,1,0,1
0.03342716,1,0,1,1,0,1
0.03342832,1,1,1,1,0,1
0.03343048,1,0,1,1,0,1
0.03343168,1,1,1,1,0,1
0.03343684,1,0,1,1,0,1
0.03343816,1,1,1,1,0,1
0.03344032,1,0,1,1,0,1
0.03344132,1,1,1,1,0,1
0.03344648,1,0,1,1,0,1
0.03344784,1,1,1,1,0,1
0.03345,1,0,1,1,0,1
0.033451,1,1,1,1,0,1
0.03345616,1,0,1,1,0,1
0.03345748,1,1,1,1,0,1
0.03345964,1,0,1,1,0,1
0.03346064,1,1,1,1,0,1
0.03346584,1,0,1,1,0,1
0.03346716,1,1,1,1,0,1
0.03346932,1,0,1,1,0,1
0.03347048,1,1,1,1,0,1
0.03347564,1,0,1,1,0,1
0.03347684,1,1,1,1,0,1
0.033479,1,0,1,1,0,1
0.03348016,1,1,1,1,0,1
0.03348532,1,0,1,1,0,1
0.03348664,1,1,1,1,0,1
0.03348884,1,0,1,1,0,1
0.03348984,1,1,1,1,0,1
0.033495,1,0,1,1,0,1
0.03349632,1,1,1,1,0,1
0.03349848,1,0,1,1,0,1
0.03349948,1,1,1,1,0,1
0.03350464,1,0,1,1,0,1
0.033506,1,1,1,1,0,1
0.03350816,1,0,1,1,0,1
0.03350916,1,1,1,1,0,1
0.03351432,1,0,1,1,0,1
0.03351564,1,1,1,1,0,1
0.0335178,1,0,1,1,0,1
0.033519,1,1,1,1,0,1
0.03352416,1,0,1,1,0,1
0.03352532,1,1,1,1,0,1
0.03352748,1,0,1,1,0,1
0.03352864,1,1,1,1,0,1
0.0335338,1,0,1,1,0,1
0.03353516,1,1,1,1,0,1
0.03353732,1,0,1,1,0,1
0.03353832,1,1,1,1,0,1
0.03354348,1,0,1,1,0,1
0.0335448,1,1,1,1,0,1
0.033547,1,0,1,1,0,1
0.033548,1,1,1,1,0,1
0.03355316,1,0,1,1,0,1
0.03355448,1,1,1,1,0,1
0.03355664,1,0,1,1,0,1
0.03355764,1,1,1,1,0,1
0.0335628,1,0,1,1,0,1
0.03356416,1,1,1,1,0,1
0.03356632,1,0,1,1,0,1
0.03356748,1,1,1,1,0,1
0.03357264,1,0,1,1,0,1
0.0335738,1,1,1,1,0,1
0.03357596,1,0,1,1,0,1
0.03357716,1,1,1,1,0,1
0.03358232,1,0,1,1,0,1
0.03358364,1,1,1,1,0,1
0.0335858,1,0,1,1,0,1
0.0335868,1,1,1,1,0,1
0.03359196,1,0,1,1,0,1
0.03359332,1,1,1,1,0,1
0.03359548,1,0,1,1,0,1
0.03359648,1,1,1,1,0,1
0.03360164,1,0,1,1,0,1
0.03360296,1,1,1,1,0,1
0.03360516,1,0,1,1,0,1
0.03360616,1,1,1,1,0,1
0.03361132,1,0,1,1,0,1
0.03361264,1,1,1,1,0,1
0.0336148,1,0,1,1,0,1
0.0336158,1,1,1,1,0,1
0.03362096,1,0,1,1,0,1
0.03362232,1,1,1,1,0,1
0.03362448,1,0,1,1,0,1
0.03362564,1,1,1,1,0,1
0.0336308,1,0,1,1,0,1
0.03363196,1,1,1,1,0,1
0.03363416,1,0,1,1,0,1
0.03363532,1,1,1,1,0,1
0.03364048,1,0,1,1,0,1
0.0336418,1,1,1,1,0,1
0.03364396,1,0,1,1,0,1
0.03364496,1,1,1,1,0,1
0.03365012,1,0,1,1,0,1
0.03365148,1,1,1,1,0,1
0.03365364,1,0,1,1,0,1
0.03365464,1,1,1,1,0,1
0.0336598,1,0,1,1,0,1
0.03366112,1,1,1,1,0,1
0.03366332,1,0,1,1,0,1
0.03366432,1,1,1,1,0,1
0.03366948,1,0,1,1,0,1
0.0336708,1,1,1,1,0,1
0.03367296,1,0,1,1,0,1
0.03367412,1,1,1,1,0,1
0.03367932,1,0,1,1,0,1
0.03368048,1,1,1,1,0,1
0.03368264,1,0,1,1,0,1
0.0336838,1,1,1,1,0,1
0.03368896,1,0,1,1,0,1
0.03369032,1,1,1,1,0,1
0.03369248,1,0,1,1,0,1
0.03369348,1,1,1,1,0,1
0.03369864,1,0,1,1,0,1
0.03369996,1,1,1,1,0,1
0.03370212,1,0,1,1,0,1
0.03370312,1,1,1,1,0,1
0.03370828,1,0,1,1,0,1
0.03370964,1,1,1,1,0,1
0.0337118,1,0,1,1,0,1
0.0337128,1,1,1,1,0,1
0.03371796,1,0,1,1,0,1
0.03371928,1,1,1,1,0,1
0.03372148,1,0,1,1,0,1
0.03372264,1,1,1,1,0,1
0.0337278,1,0,1,1,0,1
0.03372896,1,1,1,1,0,1
0.03373112,1,0,1,1,0,1
0.03373228,1,1,1,1,0,1
0.03373748,1,0,1,1,0,1
0.0337388,1,1,1,1,0,1
0.03374096,1,0,1,1,0,1
0.03374196,1,1,1,1,0,1
0.03374712,1,0,1,1,0,1
0.03374848,1,1,1,1,0,1
0.03375064,1,0,1,1,0,1
0.03375164,1,1,1,1,0,1
0.0337568,1,0,1,1,0,1
0.03375812,1,1,1,1,0,1
0.03376028,1,0,1,1,0,1
0.03376128,1,1,1,1,0,1
0.03376648,1,0,1,1,0,1
0.0337678,1,1,1,1,0,1
0.03376996,1,0,1,1,0,1
0.03377112,1,1,1,1,0,1
0.03377628,1,0,1,1,0,1
0.03377744,1,1,1,1,0,1
0.03377964,1,0,1,1,0,1
0.0337808,1,1,1,1,0,1
0.03378596,1,0,1,1,0,1
0.03378728,1,1,1,1,0,1
0.03378944,1,0,1,1,0,1
0.03379044,1,1,1,1,0,1
0.03379564,1,0,1,1,0,1
0.03379696,1,1,1,1,0,1
0.03379912,1,0,1,1,0,1
0.03380012,1,1,1,1,0,1
0.03380528,1,0,1,1,0,1
0.03380664,1,1,1,1,0,1
0.0338088,1,0,1,1,0,1
0.0338098,1,1,1,1,0,1
0.03381496,1,0,1,1,0,1
0.03381628,1,1,1,1,0,1
0.03381844,1,0,1,1,0,1
0.03381964,1,1,1,1,0,1
0.0338248,1,0,1,1,0,1
0.03382596,1,1,1,1,0,1
0.03382812,1,0,1,1,0,1
0.03382928,1,1,1,1,0,1
0.03383444,1,0,1,1,0,1
0.03383564,1,1,1,1,0,1
0.0338378,1,0,1,1,0,1
0.03383896,1,1,1,1,0,1
0.03384412,1,0,1,1,0,1
0.03384544,1,1,1,1,0,1
0.0338476,1,0,1,1,0,1
0.0338486,1,1,1,1,0,1
0.0338538,1,0,1,1,0,1
0.03385512,1,1,1,1,0,1
0.03385728,1,0,1,1,0,1
0.03385828,1,1,1,1,0,1
0.03386344,1,0,1,1,0,1
0.0338648,1,1,1,1,0,1
0.03386696,1,0,1,1,0,1
0.03386796,1,1,1,1,0,1
0.03387312,1,0,1,1,0,1
0.03387444,1,1,1,1,0,1
0.0338766,1,0,1,1,0,1
0.0338778,1,1,1,1,0,1
0.03388296,1,0,1,1,0,1
0.03388412,1,1,1,1,0,1
0.03388628,1,0,1,1,0,1
0.03388744,1,1,1,1,0,1
0.0338926,1,0,1,1,0,1
0.03389396,1,1,1,1,0,1
0.03389612,1,0,1,1,0,1
0.03389712,1,1,1,1,0,1
0.03390228,1,0,1,1,0,1
0.0339036,1,1,1,1,0,1
0.03390576,1,0,1,1,0,1
0.03390676,1,1,1,1,0,1
0.03391196,1,0,1,1,0,1
0.03391328,1,1,1,1,0,1
0.03391544,1,0,1,1,0,1
0.03391644,1,1,1,1,0,1
0.0339216,1,0,1,1,0,1
0.03392296,1,1,1,1,0,1
0.03392512,1,0,1,1,0,1
0.03392628,1,1,1,1,0,1
0.03393144,1,0,1,1,0,1
0.0339326,1,1,1,1,0,1
0.03393476,1,0,1,1,0,1
0.03393596,1,1,1,1,0,1
0.03394112,1,0,1,1,0,1
0.03394244,1,1,1,1,0,1
0.0339446,1,0,1,1,0,1
0.0339456,1,1,1,1,0,1
0.03395076,1,0,1,1,0,1
0.03395212,1,1,1,1,0,1
0.03395428,1,0,1,1,0,1
0.03395528,1,1,1,1,0,1
0.03396044,1,0,1,1,0,1
0.03396176,1,1,1,1,0,1
0.03396396,1,0,1,1,0,1
0.03396496,1,1,1,1,0,1
0.03397012,1,0,1,1,0,1
0.03397144,1,1,1,1,0,1
0.0339736,1,0,1,1,0,1
0.03397476,1,1,1,1,0,1
0.03397992,1,0,1,1,0,1
0.03398112,1,1,1,1,0,1
0.03398328,1,0,1,1,0,1
0.03398444,1,1,1,1,0,1
0.0339896,1,0,1,1,0,1
0.03399092,1,1,1,1,0,1
0.03399312,1,0,1,1,0,1
0.03399412,1,1,1,1,0,1
0.03399928,1,0,1,1,0,1
0.0340006,1,1,1,1,0,1
0.03400276,1,0,1,1,0,1
0.03400376,1,1,1,1,0,1
0.03400892,1,0,1,1,0,1
0.03401028,1,1,1,1,0,1
0.03401244,1,0,1,1,0,1
0.03401344,1,1,1,1,0,1
0.0340186,1,0,1,1,0,1
0.03401992,1,1,1,1,0,1
0.03402212,1,0,1,1,0,1
0.03402328,1,1,1,1,0,1
0.03402844,1,0,1,1,0,1
0.0340296,1,1,1,1,0,1
0.03403176,1,0,1,1,0,1
0.03403292,1,1,1,1,0,1
0.03403808,1,0,1,1,0,1
0.03403944,1,1,1,1,0,1
0.0340416,1,0,1,1,0,1
0.0340426,1,1,1,1,0,1
0.03404776,1,0,1,1,0,1
0.03404908,1,1,1,1,0,1
0.03405128,1,0,1,1,0,1
0.03405228,1,1,1,1,0,1
0.03405744,1,0,1,1,0,1
0.03405876,1,1,1,1,0,1
0.03406092,1,0,1,1,0,1
0.03406192,1,1,1,1,0,1
0.03406708,1,0,1,1,0,1
0.03406844,1,1,1,1,0,1
0.0340706,1,0,1,1,0,1
0.0340716,1,1,1,1,0,1
0.03407676,1,0,1,1,0,1
0.03407808,1,1,1,1,0,1
0.03408028,1,0,1,1,0,1
0.03408144,1,1,1,1,0,1
0.0340866,1,0,1,1,0,1
0.03408776,1,1,1,1,0,1
0.03408992,1,0,1,1,0,1
0.03409108,1,1,1,1,0,1
0.03409628,1,0,1,1,0,1
0.0340976,1,1,1,1,0,1
0.03409976,1,0,1,1,0,1
0.03410076,1,1,1,1,0,1
0.03410592,1,0,1,1,0,1
0.03410724,1,1,1,1,0,1
0.03410944,1,0,1,1,0,1
0.03411044,1,1,1,1,0,1
0.0341156,1,0,1,1,0,1
0.03411692,1,1,1,1,0,1
0.03411908,1,0,1,1,0,1
0.03412008,1,1,1,1,0,1
0.03412524,1,0,1,1,0,1
0.0341266,1,1,1,1,0,1
0.03412876,1,0,1,1,0,1
0.03412992,1,1,1,1,0,1
0.03413508,1,0,1,1,0,1
0.03413624,1,1,1,1,0,1
0.03413844,1,0,1,1,0,1
0.0341396,1,1,1,1,0,1
0.03414476,1,0,1,1,0,1
0.03414608,1,1,1,1,0,1
0.03414824,1,0,1,1,0,1
0.03414924,1,1,1,1,0,1
0.03415444,1,0,1,1,0,1
0.03415576,1,1,1,1,0,1
0.03415792,1,0,1,1,0,1
0.03415892,1,1,1,1,0,1
0.03416408,1,0,1,1,0,1
0.03416544,1,1,1,1,0,1
0.0341676,1,0,1,1,0,1
0.0341686,1,1,1,1,0,1
0.03417376,1,0,1,1,0,1
0.03417508,1,1,1,1,0,1
0.03417724,1,0,1,1,0,1
0.0341784,1,1,1,1,0,1
0.0341836,1,0,1,1,0,1
0.03418476,1,1,1,1,0,1
0.03418692,1,0,1,1,0,1
0.03418808,1,1,1,1,0,1
0.03419324,1,0,1,1,0,1
0.0341946,1,1,1,1,0,1
0.03419676,1,0,1,1,0,1
0.03419776,1,1,1,1,0,1
0.03420292,1,0,1,1,0,1
0.03420424,1,1,1,1,0,1
0.0342064,1,0,1,1,0,1
0.0342074,1,1,1,1,0,1
0.0342126,1,0,1,1,0,1
0.03421392,1,1,1,1,0,1
0.03421608,1,0,1,1,0,1
0.03421708,1,1,1,1,0,1
0.03422224,1,0,1,1,0,1
0.0342236,1,1,1,1,0,1
0.03422576,1,0,1,1,0,1
0.03422692,1,1,1,1,0,1
0.03423208,1,0,1,1,0,1
0.03423324,1,1,1,1,0,1
0.0342354,1,0,1,1,0,1
0.03423656,1,1,1,1,0,1
0.03424176,1,0,1,1,0,1
0.03424308,1,1,1,1,0,1
0.03424524,1,0,1,1,0,1
0.03424624,1,1,1,1,0,1
0.0342514,1,0,1,1,0,1
0.03425276,1,1,1,1,0,1
0.03425492,1,0,1,1,0,1
0.03425592,1,1,1,1,0,1
0.03426108,1,0,1,1,0,1
0.0342624,1,1,1,1,0,1
0.03426456,1,0,1,1,0,1
0.03426556,1,1,1,1,0,1
0.03427076,1,0,1,1,0,1
0.03427208,1,1,1,1,0,1
0.03427424,1,0,1,1,0,1
0.03427524,1,1,1,1,0,1
0.0342804,1,0,1,1,0,1
0.03428176,1,1,1,1,0,1
0.03428392,1,0,1,1,0,1
0.03428508,1,1,1,1,0,1
0.03429024,1,0,1,1,0,1
0.0342914,1,1,1,1,0,1
0.03429356,1,0,1,1,0,1
0.03429476,1,1,1,1,0,1
0.03429992,1,0,1,1,0,1
0.03430124,1,1,1,1,0,1
0.0343034,1,0,1,1,0,1
0.0343044,1,1,1,1,0,1
0.03430956,1,0,1,1,0,1
0.03431092,1,1,1,1,0,1
0.03431308,1,0,1,1,0,1
0.03431408,1,1,1,1,0,1
0.03431924,1,0,1,1,0,1
0.03432056,1,1,1,1,0,1
0.03432272,1,0,1,1,0,1
0.03432372,1,1,1,1,0,1
0.03432892,1,0,1,1,0,1
0.03433024,1,1,1,1,0,1
0.0343324,1,0,1,1,0,1
0.03433356,1,1,1,1,0,1
0.03433872,1,0,1,1,0,1
0.03433992,1,1,1,1,0,1
0.03434208,1,0,1,1,0,1
0.03434324,1,1,1,1,0,1
0.0343484,1,0,1,1,0,1
0.03434972,1,1,1,1,0,1
0.03435192,1,0,1,1,0,1
0.03435292,1,1,1,1,0,1
0.03435808,1,0,1,1,0,1
0.0343594,1,1,1,1,0,1
0.03436156,1,0,1,1,0,1
0.03436256,1,1,1,1,0,1
0.03436772,1,0,1,1,0,1
0.03436908,1,1,1,1,0,1
0.03437124,1,0,1,1,0,1
0.03437224,1,1,1,1,0,1
0.0343774,1,0,1,1,0,1
0.03437872,1,1,1,1,0,1
0.03438088,1,0,1,1,0,1
0.03438208,1,1,1,1,0,1
0.03438724,1,0,1,1,0,1
0.0343884,1,1,1,1,0,1
0.03439056,1,0,1,1,0,1
0.03439172,1,1,1,1,0,1
0.03439688,1,0,1,1,0,1
0.03439824,1,1,1,1,0,1
0.0344004,1,0,1,1,0,1
0.0344014,1,1,1,1,0,1
0.03440656,1,0,1,1,0,1
0.03440788,1,1,1,1,0,1
0.03441008,1,0,1,1,0,1
0.03441108,1,1,1,1,0,1
0.03441624,1,0,1,1,0,1
0.03441756,1,1,1,1,0,1
0.03441972,1,0,1,1,0,1
0.03442072,1,1,1,1,0,1
0.03442588,1,0,1,1,0,1
0.03442724,1,1,1,1,0,1
0.0344294,1,0,1,1,0,1
0.03443056,1,1,1,1,0,1
0.03443572,1,0,1,1,0,1
0.03443688,1,1,1,1,0,1
0.03443904,1,0,1,1,0,1
0.03444024,1,1,1,1,0,1
0.0344454,1,0,1,1,0,1
0.03444672,1,1,1,1,0,1
0.03444888,1,0,1,1,0,1
0.03444988,1,1,1,1,0,1
0.03445504,1,0,1,1,0,1
0.0344564,1,1,1,1,0,1
0.03445856,1,0,1,1,0,1
0.03445956,1,1,1,1,0,1
0.03446472,1,0,1,1,0,1
0.03446604,1,1,1,1,0,1
0.03446824,1,0,1,1,0,1
0.03446924,1,1,1,1,0,1
0.0344744,1,0,1,1,0,1
0.03447572,1,1,1,1,0,1
0.03447788,1,0,1,1,0,1
0.03447888,1,1,1,1,0,1
0.03448404,1,0,1,1,0,1
0.0344854,1,1,1,1,0,1
0.03448756,1,0,1,1,0,1
0.03448872,1,1,1,1,0,1
0.03449388,1,0,1,1,0,1
0.03449504,1,1,1,1,0,1
0.03449724,1,0,1,1,0,1
0.0344984,1,1,1,1,0,1
0.03450356,1,0,1,1,0,1
0.03450488,1,1,1,1,0,1
0.03450704,1,0,1,1,0,1
0.03450804,1,1,1,1,0,1
0.0345132,1,0,1,1,0,1
0.03451456,1,1,1,1,0,1
0.03451672,1,0,1,1,0,1
0.03451772,1,1,1,1,0,1
0.03452288,1,0,1,1,0,1
0.0345242,1,1,1,1,0,1
0.0345264,1,0,1,1,0,1
0.0345274,1,1,1,1,0,1
0.03453256,1,0,1,1,0,1
0.03453388,1,1,1,1,0,1
0.03453604,1,0,1,1,0,1
0.0345372,1,1,1,1,0,1
0.0345424,1,0,1,1,0,1
0.03454356,1,1,1,1,0,1
0.03454572,1,0,1,1,0,1
0.03454688,1,1,1,1,0,1
0.03455204,1,0,1,1,0,1
0.0345534,1,1,1,1,0,1
0.03455556,1,0,1,1,0,1
0.03455656,1,1,1,1,0,1
0.03456172,1,0,1,1,0,1
0.03456304,1,1,1,1,0,1
0.0345652,1,0,1,1,0,1
0.0345662,1,1,1,1,0,1
0.03457136,1,0,1,1,0,1
0.03457272,1,1,1,1,0,1
0.03457488,1,0,1,1,0,1
0.03457588,1,1,1,1,0,1
0.03458104,1,0,1,1,0,1
0.03458236,1,1,1,1,0,1
0.03458456,1,0,1,1,0,1
0.03458572,1,1,1,1,0,1
0.03459088,1,0,1,1,0,1
0.03459204,1,1,1,1,0,1
0.0345942,1,0,1,1,0,1
0.03459536,1,1,1,1,0,1
0.03460056,1,0,1,1,0,1
0.03460188,1,1,1,1,0,1
0.03460404,1,0,1,1,0,1
0.03460504,1,1,1,1,0,1
0.0346102,1,0,1,1,0,1
0.03461156,1,1,1,1,0,1
0.03461372,1,0,1,1,0,1
0.03461472,1,1,1,1,0,1
0.03461988,1,0,1,1,0,1
0.0346212,1,1,1,1,0,1
0.03462336,1,0,1,1,0,1
0.03462436,1,1,1,1,0,1
0.03462952,1,0,1,1,0,1
0.03463088,1,1,1,1,0,1
0.03463304,1,0,1,1,0,1
0.0346342,1,1,1,1,0,1
0.03463936,1,0,1,1,0,1
0.03464052,1,1,1,1,0,1
0.03464272,1,0,1,1,0,1
0.03464388,1,1,1,1,0,1
0.03464904,1,0,1,1,0,1
0.03465036,1,1,1,1,0,1
0.03465252,1,0,1,1,0,1
0.03465352,1,1,1,1,0,1
0.03465872,1,0,1,1,0,1
0.03466004,1,1,1,1,0,1
0.0346622,1,0,1,1,0,1
0.0346632,1,1,1,1,0,1
0.03466836,1,0,1,1,0,1
0.03466972,1,1,1,1,0,1
0.03467188,1,0,1,1,0,1
0.03467288,1,1,1,1,0,1
0.03467804,1,0,1,1,0,1
0.03467936,1,1,1,1,0,1
0.03468152,1,0,1,1,0,1
0.03468272,1,1,1,1,0,1
0.03468788,1,0,1,1,0,1
0.03468904,1,1,1,1,0,1
0.0346912,1,0,1,1,0,1
0.03469236,1,1,1,1,0,1
0.03469752,1,0,1,1,0,1
0.03469868,1,1,1,1,0,1
0.03470088,1,0,1,1,0,1
0.03470204,1,1,1,1,0,1
0.0347072,1,0,1,1,0,1
0.03470852,1,1,1,1,0,1
0.03471068,1,0,1,1,0,1
0.03471168,1,1,1,1,0,1
0.03471688,1,0,1,1,0,1
0.0347182,1,1,1,1,0,1
0.03472036,1,0,1,1,0,1
0.03472136,1,1,1,1,0,1
0.03472652,1,0,1,1,0,1
0.03472788,1,1,1,1,0,1
0.03473004,1,0,1,1,0,1
0.03473104,1,1,1,1,0,1
0.0347362,1,0,1,1,0,1
0.03473752,1,1,1,1,0,1
0.03473968,1,0,1,1,0,1
0.03474088,1,1,1,1,0,1
0.03474604,1,0,1,1,0,1
0.0347472,1,1,1,1,0,1
0.03474936,1,0,1,1,0,1
0.03475052,1,1,1,1,0,1
0.03475568,1,0,1,1,0,1
0.03475704,1,1,1,1,0,1
0.0347592,1,0,1,1,0,1
0.0347602,1,1,1,1,0,1
0.03476536,1,0,1,1,0,1
0.03476668,1,1,1,1,0,1
0.03476884,1,0,1,1,0,1
0.03476984,1,1,1,1,0,1
0.03477504,1,0,1,1,0,1
0.03477636,1,1,1,1,0,1
0.03477852,1,0,1,1,0,1
0.03477952,1,1,1,1,0,1
0.03478468,1,0,1,1,0,1
0.03478604,1,1,1,1,0,1
0.0347882,1,0,1,1,0,1
0.03478936,1,1,1,1,0,1
0.03479452,1,0,1,1,0,1
0.03479568,1,1,1,1,0,1
0.03479784,1,0,1,1,0,1
0.03479904,1,1,1,1,0,1
0.0348042,1,0,1,1,0,1
0.03480552,1,1,1,1,0,1
0.03480768,1,0,1,1,0,1
0.03480868,1,1,1,1,0,1
0.03481384,1,0,1,1,0,1
0.0348152,1,1,1,1,0,1
0.03481736,1,0,1,1,0,1
0.03481836,1,1,1,1,0,1
0.03482352,1,0,1,1,0,1
0.03482484,1,1,1,1,0,1
0.03482704,1,0,1,1,0,1
0.034828,1,1,1,1,0,1
0.0348332,1,0,1,1,0,1
0.03483452,1,1,1,1,0,1
0.03483668,1,0,1,1,0,1
0.03483784,1,1,1,1,0,1
0.034843,1,0,1,1,0,1
0.0348442,1,1,1,1,0,1
0.03484636,1,0,1,1,0,1
0.03484752,1,1,1,1,0,1
0.03485268,1,0,1,1,0,1
0.034854,1,1,1,1,0,1
0.0348562,1,0,1,1,0,1
0.0348572,1,1,1,1,0,1
0.03486236,1,0,1,1,0,1
0.03486368,1,1,1,1,0,1
0.03486584,1,0,1,1,0,1
0.03486684,1,1,1,1,0,1
0.034872,1,0,1,1,0,1
0.03487336,1,1,1,1,0,1
0.03487552,1,0,1,1,0,1
0.03487652,1,1,1,1,0,1
0.03488168,1,0,1,1,0,1
0.034883,1,1,1,1,0,1
0.0348852,1,0,1,1,0,1
0.03488636,1,1,1,1,0,1
0.03489152,1,0,1,1,0,1
0.03489268,1,1,1,1,0,1
0.03489484,1,0,1,1,0,1
0.034896,1,1,1,1,0,1
0.03490116,1,0,1,1,0,1
0.03490252,1,1,1,1,0,1
0.03490468,1,0,1,1,0,1
0.03490568,1,1,1,1,0,1
0.03491084,1,0,1,1,0,1
0.03491216,1,1,1,1,0,1
0.03491436,1,0,1,1,0,1
0.03491536,1,1,1,1,0,1
0.03492052,1,0,1,1,0,1
0.03492184,1,1,1,1,0,1
0.034924,1,0,1,1,0,1
0.034925,1,1,1,1,0,1
0.03493016,1,0,1,1,0,1
0.03493152,1,1,1,1,0,1
0.03493368,1,0,1,1,0,1
0.03493468,1,1,1,1,0,1
0.03493984,1,0,1,1,0,1
0.03494116,1,1,1,1,0,1
0.03494336,1,0,1,1,0,1
0.03494452,1,1,1,1,0,1
0.03494968,1,0,1,1,0,1
0.03495084,1,1,1,1,0,1
0.034953,1,0,1,1,0,1
0.03495416,1,1,1,1,0,1
0.03495932,1,0,1,1,0,1
0.03496068,1,1,1,1,0,1
0.03496284,1,0,1,1,0,1
0.03496384,1,1,1,1,0,1
0.034969,1,0,1,1,0,1
0.03497032,1,1,1,1,0,1
0.03497252,1,0,1,1,0,1
0.03497352,1,1,1,1,0,1
0.03497868,1,0,1,1,0,1
0.03498,1,1,1,1,0,1
0.03498216,1,0,1,1,0,1
0.03498316,1,1,1,1,0,1
0.03498832,1,0,1,1,0,1
0.03498968,1,1,1,1,0,1
0.03499184,1,0,1,1,0,1
0.034993,1,1,1,1,0,1
0.03499816,1,0,1,1,0,1
0.03499932,1,1,1,1,0,1
0.03500152,1,0,1,1,0,1
0.03500268,1,1,1,1,0,1
0.03500784,1,0,1,1,0,1
0.03500916,1,1,1,1,0,1
0.03501132,1,0,1,1,0,1
0.03501232,1,1,1,1,0,1
0.03501752,1,0,1,1,0,1
0.03501884,1,1,1,1,0,1
0.035021,1,0,1,1,0,1
0.035022,1,1,1,1,0,1
0.03502716,1,0,1,1,0,1
0.03502848,1,1,1,1,0,1
0.03503068,1,0,1,1,0,1
0.03503168,1,1,1,1,0,1
0.03503684,1,0,1,1,0,1
0.03503816,1,1,1,1,0,1
0.03504032,1,0,1,1,0,1
0.03504148,1,1,1,1,0,1
0.03504668,1,0,1,1,0,1
0.03504784,1,1,1,1,0,1
0.03505,1,0,1,1,0,1
0.03505116,1,1,1,1,0,1
0.03505632,1,0,1,1,0,1
0.03505768,1,1,1,1,0,1
0.03505984,1,0,1,1,0,1
0.03506084,1,1,1,1,0,1
0.035066,1,0,1,1,0,1
0.03506732,1,1,1,1,0,1
0.03506948,1,0,1,1,0,1
0.03507048,1,1,1,1,0,1
0.03507568,1,0,1,1,0,1
0.035077,1,1,1,1,0,1
0.03507916,1,0,1,1,0,1
0.03508016,1,1,1,1,0,1
0.03508532,1,0,1,1,0,1
0.03508668,1,1,1,1,0,1
0.03508884,1,0,1,1,0,1
0.03509,1,1,1,1,0,1
0.03509516,1,0,1,1,0,1
0.03509632,1,1,1,1,0,1
0.03509848,1,0,1,1,0,1
0.03509964,1,1,1,1,0,1
0.03510484,1,0,1,1,0,1
0.03510616,1,1,1,1,0,1
0.03510832,1,0,1,1,0,1
0.03510932,1,1,1,1,0,1
0.03511448,1,0,1,1,0,1
0.03511584,1,1,1,1,0,1
0.035118,1,0,1,1,0,1
0.035119,1,1,1,1,0,1
0.03512416,1,0,1,1,0,1
0.03512548,1,1,1,1,0,1
0.03512764,1,0,1,1,0,1
0.03512864,1,1,1,1,0,1
0.03513384,1,0,1,1,0,1
0.03513516,1,1,1,1,0,1
0.03513732,1,0,1,1,0,1
0.03513832,1,1,1,1,0,1
0.03514348,1,0,1,1,0,1
0.03514484,1,1,1,1,0,1
0.035147,1,0,1,1,0,1
0.03514816,1,1,1,1,0,1
0.03515332,1,0,1,1,0,1
0.03515448,1,1,1,1,0,1
0.03515664,1,0,1,1,0,1
0.0351578,1,1,1,1,0,1
0.035163,1,0,1,1,0,1
0.03516432,1,1,1,1,0,1
0.03516648,1,0,1,1,0,1
0.03516748,1,1,1,1,0,1
0.03517264,1,0,1,1,0,1
0.035174,1,1,1,1,0,1
0.03517616,1,0,1,1,0,1
0.03517716,1,1,1,1,0,1
0.03518232,1,0,1,1,0,1
0.03518364,1,1,1,1,0,1
0.0351858,1,0,1,1,0,1
0.0351868,1,1,1,1,0,1
0.035192,1,0,1,1,0,1
0.03519332,1,1,1,1,0,1
0.03519548,1,0,1,1,0,1
0.03519664,1,1,1,1,0,1
0.0352018,1,0,1,1,0,1
0.035203,1,1,1,1,0,1
0.03520516,1,0,1,1,0,1
0.03520632,1,1,1,1,0,1
0.03521148,1,0,1,1,0,1
0.0352128,1,1,1,1,0,1
0.035215,1,0,1,1,0,1
0.035216,1,1,1,1,0,1
0.03522116,1,0,1,1,0,1
0.03522248,1,1,1,1,0,1
0.03522464,1,0,1,1,0,1
0.03522564,1,1,1,1,0,1
0.0352308,1,0,1,1,0,1
0.03523216,1,1,1,1,0,1
0.03523432,1,0,1,1,0,1
0.03523532,1,1,1,1,0,1
0.03524048,1,0,1,1,0,1
0.0352418,1,1,1,1,0,1
0.03524396,1,0,1,1,0,1
0.03524516,1,1,1,1,0,1
0.03525032,1,0,1,1,0,1
0.03525148,1,1,1,1,0,1
0.03525364,1,0,1,1,0,1
0.0352548,1,1,1,1,0,1
0.03525996,1,0,1,1,0,1
0.03526132,1,1,1,1,0,1
0.03526348,1,0,1,1,0,1
0.03526448,1,1,1,1,0,1
0.03526964,1,0,1,1,0,1
0.03527096,1,1,1,1,0,1
0.03527316,1,0,1,1,0,1
0.03527416,1,1,1,1,0,1
0.03527932,1,0,1,1,0,1
0.03528064,1,1,1,1,0,1
0.0352828,1,0,1,1,0,1
0.0352838,1,1,1,1,0,1
0.03528896,1,0,1,1,0,1
0.03529032,1,1,1,1,0,1
0.03529248,1,0,1,1,0,1
0.03529364,1,1,1,1,0,1
0.0352988,1,0,1,1,0,1
0.03529996,1,1,1,1,0,1
0.03530212,1,0,1,1,0,1
0.03530332,1,1,1,1,0,1
0.03530848,1,0,1,1,0,1
0.0353098,1,1,1,1,0,1
0.03531196,1,0,1,1,0,1
0.03531296,1,1,1,1,0,1
0.03531812,1,0,1,1,0,1
0.03531948,1,1,1,1,0,1
0.03532164,1,0,1,1,0,1
0.03532264,1,1,1,1,0,1
0.0353278,1,0,1,1,0,1
0.03532912,1,1,1,1,0,1
0.03533132,1,0,1,1,0,1
0.03533232,1,1,1,1,0,1
0.03533748,1,0,1,1,0,1
0.0353388,1,1,1,1,0,1
0.03534096,1,0,1,1,0,1
0.03534196,1,1,1,1,0,1
0.03534712,1,0,1,1,0,1
0.03534848,1,1,1,1,0,1
0.03535064,1,0,1,1,0,1
0.0353518,1,1,1,1,0,1
0.03535696,1,0,1,1,0,1
0.03535812,1,1,1,1,0,1
0.03536028,1,0,1,1,0,1
0.03536148,1,1,1,1,0,1
0.03536664,1,0,1,1,0,1
0.03536796,1,1,1,1,0,1
0.03537012,1,0,1,1,0,1
0.03537112,1,1,1,1,0,1
0.03537628,1,0,1,1,0,1
0.03537764,1,1,1,1,0,1
0.0353798,1,0,1,1,0,1
0.0353808,1,1,1,1,0,1
0.03538596,1,0,1,1,0,1
0.03538728,1,1,1,1,0,1
0.03538948,1,0,1,1,0,1
0.03539048,1,1,1,1,0,1
0.03539564,1,0,1,1,0,1
0.03539696,1,1,1,1,0,1
0.03539912,1,0,1,1,0,1
0.03540028,1,1,1,1,0,1
0.03540548,1,0,1,1,0,1
0.03540664,1,1,1,1,0,1
0.0354088,1,0,1,1,0,1
0.03540996,1,1,1,1,0,1
0.03541512,1,0,1,1,0,1
0.03541648,1,1,1,1,0,1
0.03541864,1,0,1,1,0,1
0.03541964,1,1,1,1,0,1
0.0354248,1,0,1,1,0,1
0.03542612,1,1,1,1,0,1
0.03542828,1,0,1,1,0,1
0.03542928,1,1,1,1,0,1
0.03543444,1,0,1,1,0,1
0.0354358,1,1,1,1,0,1
0.03543796,1,0,1,1,0,1
0.03543896,1,1,1,1,0,1
0.03544412,1,0,1,1,0,1
0.03544544,1,1,1,1,0,1
0.03544764,1,0,1,1,0,1
0.0354488,1,1,1,1,0,1
0.03545396,1,0,1,1,0,1
0.03545512,1,1,1,1,0,1
0.03545728,1,0,1,1,0,1
0.03545844,1,1,1,1,0,1
0.03546364,1,0,1,1,0,1
0.03546496,1,1,1,1,0,1
0.03546712,1,0,1,1,0,1
0.03546812,1,1,1,1,0,1
0.03547328,1,0,1,1,0,1
0.03547464,1,1,1,1,0,1
0.0354768,1,0,1,1,0,1
0.0354778,1,1,1,1,0,1
0.03548296,1,0,1,1,0,1
0.03548428,1,1,1,1,0,1
0.03548644,1,0,1,1,0,1
0.03548744,1,1,1,1,0,1
0.0354926,1,0,1,1,0,1
0.03549396,1,1,1,1,0,1
0.03549612,1,0,1,1,0,1
0.03549728,1,1,1,1,0,1
0.03550244,1,0,1,1,0,1
0.0355036,1,1,1,1,0,1
0.0355058,1,0,1,1,0,1
0.03550696,1,1,1,1,0,1
0.03551212,1,0,1,1,0,1
0.03551344,1,1,1,1,0,1
0.0355156,1,0,1,1,0,1
0.0355166,1,1,1,1,0,1
0.0355218,1,0,1,1,0,1
0.03552312,1,1,1,1,0,1
0.03552528,1,0,1,1,0,1
0.03552628,1,1,1,1,0,1
0.03553144,1,0,1,1,0,1
0.0355328,1,1,1,1,0,1
0.03553496,1,0,1,1,0,1
0.03553596,1,1,1,1,0,1
0.03554112,1,0,1,1,0,1
0.03554244,1,1,1,1,0,1
0.0355446,1,0,1,1,0,1
0.0355458,1,1,1,1,0,1
0.03555096,1,0,1,1,0,1
0.03555212,1,1,1,1,0,1
0.03555428,1,0,1,1,0,1
0.03555544,1,1,1,1,0,1
0.0355606,1,0,1,1,0,1
0.03556176,1,1,1,1,0,1
0.03556396,1,0,1,1,0,1
0.03556512,1,1,1,1,0,1
0.03557028,1,0,1,1,0,1
0.0355716,1,1,1,1,0,1
0.03557376,1,0,1,1,0,1
0.03557476,1,1,1,1,0,1
0.03557996,1,0,1,1,0,1
0.03558128,1,1,1,1,0,1
0.03558344,1,0,1,1,0,1
0.03558444,1,1,1,1,0,1
0.0355896,1,0,1,1,0,1
0.03559096,1,1,1,1,0,1
0.03559312,1,0,1,1,0,1
0.03559412,1,1,1,1,0,1
0.03559928,1,0,1,1,0,1
0.0356006,1,1,1,1,0,1
0.03560276,1,0,1,1,0,1
0.03560396,1,1,1,1,0,1
0.03560912,1,0,1,1,0,1
0.03561028,1,1,1,1,0,1
0.03561244,1,0,1,1,0,1
0.0356136,1,1,1,1,0,1
0.03561876,1,0,1,1,0,1
0.03562012,1,1,1,1,0,1
0.03562228,1,0,1,1,0,1
0.03562328,1,1,1,1,0,1
0.03562844,1,0,1,1,0,1
0.03562976,1,1,1,1,0,1
0.03563192,1,0,1,1,0,1
0.03563292,1,1,1,1,0,1
0.03563812,1,0,1,1,0,1
0.03563944,1,1,1,1,0,1
0.0356416,1,0,1,1,0,1
0.0356426,1,1,1,1,0,1
0.03564776,1,0,1,1,0,1
0.03564912,1,1,1,1,0,1
0.03565128,1,0,1,1,0,1
0.03565244,1,1,1,1,0,1
0.0356576,1,0,1,1,0,1
0.03565876,1,1,1,1,0,1
0.03566092,1,0,1,1,0,1
0.03566212,1,1,1,1,0,1
0.03566728,1,0,1,1,0,1
0.0356686,1,1,1,1,0,1
0.03567076,1,0,1,1,0,1
0.03567176,1,1,1,1,0,1
0.03567692,1,0,1,1,0,1
0.03567828,1,1,1,1,0,1
0.03568044,1,0,1,1,0,1
0.03568144,1,1,1,1,0,1
0.0356866,1,0,1,1,0,1
0.03568792,1,1,1,1,0,1
0.03569008,1,0,1,1,0,1
0.03569108,1,1,1,1,0,1
0.03569628,1,0,1,1,0,1
0.0356976,1,1,1,1,0,1
0.03569976,1,0,1,1,0,1
0.03570092,1,1,1,1,0,1
0.03570608,1,0,1,1,0,1
0.03570728,1,1,1,1,0,1
0.03570944,1,0,1,1,0,1
0.0357106,1,1,1,1,0,1
0.03571576,1,0,1,1,0,1
0.03571708,1,1,1,1,0,1
0.03571928,1,0,1,1,0,1
0.03572028,1,1,1,1,0,1
0.03572544,1,0,1,1,0,1
0.03572676,1,1,1,1,0,1
0.03572892,1,0,1,1,0,1
0.03572992,1,1,1,1,0,1
0.03573508,1,0,1,1,0,1
0.03573644,1,1,1,1,0,1
0.0357386,1,0,1,1,0,1
0.0357396,1,1,1,1,0,1
0.03574476,1,0,1,1,0,1
0.03574608,1,1,1,1,0,1
0.03574828,1,0,1,1,0,1
0.03574944,1,1,1,1,0,1
0.0357546,1,0,1,1,0,1
0.03575576,1,1,1,1,0,1
0.03575792,1,0,1,1,0,1
0.03575908,1,1,1,1,0,1
0.03576424,1,0,1,1,0,1
0.0357656,1,1,1,1,0,1
0.03576776,1,0,1,1,0,1
0.03576876,1,1,1,1,0,1
0.03577392,1,0,1,1,0,1
0.03577524,1,1,1,1,0,1
0.03577744,1,0,1,1,0,1
0.03577844,1,1,1,1,0,1
0.0357836,1,0,1,1,0,1
0.03578492,1,1,1,1,0,1
0.03578708,1,0,1,1,0,1
0.03578808,1,1,1,1,0,1
0.03579324,1,0,1,1,0,1
0.0357946,1,1,1,1,0,1
0.03579676,1,0,1,1,0,1
0.03579776,1,1,1,1,0,1
0.03580292,1,0,1,1,0,1
0.03580424,1,1,1,1,0,1
0.03580644,1,0,1,1,0,1
0.0358076,1,1,1,1,0,1
0.03581276,1,0,1,1,0,1
0.03581392,1,1,1,1,0,1
0.03581608,1,0,1,1,0,1
0.03581724,1,1,1,1,0,1
0.0358224,1,0,1,1,0,1
0.03582376,1,1,1,1,0,1
0.03582592,1,0,1,1,0,1
0.03582692,1,1,1,1,0,1
0.03583208,1,0,1,1,0,1
0.0358334,1,1,1,1,0,1
0.0358356,1,0,1,1,0,1
0.0358366,1,1,1,1,0,1
0.03584176,1,0,1,1,0,1
0.03584308,1,1,1,1,0,1
0.03584524,1,0,1,1,0,1
0.03584624,1,1,1,1,0,1
0.0358514,1,0,1,1,0,1
0.03585276,1,1,1,1,0,1
0.03585492,1,0,1,1,0,1
0.03585608,1,1,1,1,0,1
0.03586124,1,0,1,1,0,1
0.0358624,1,1,1,1,0,1
0.0358646,1,0,1,1,0,1
0.03586576,1,1,1,1,0,1
0.03587092,1,0,1,1,0,1
0.03587224,1,1,1,1,0,1
0.0358744,1,0,1,1,0,1
0.0358754,1,1,1,1,0,1
0.0358806,1,0,1,1,0,1
0.03588192,1,1,1,1,0,1
0.03588408,1,0,1,1,0,1
0.03588508,1,1,1,1,0,1
0.03589024,1,0,1,1,0,1
0.03589156,1,1,1,1,0,1
0.03589376,1,0,1,1,0,1
0.03589476,1,1,1,1,0,1
0.03589992,1,0,1,1,0,1
0.03590124,1,1,1,1,0,1
0.0359034,1,0,1,1,0,1
0.03590456,1,1,1,1,0,1
0.03590976,1,0,1,1,0,1
0.03591092,1,1,1,1,0,1
0.03591308,1,0,1,1,0,1
0.03591424,1,1,1,1,0,1
0.0359194,1,0,1,1,0,1
0.03592076,1,1,1,1,0,1
0.03592292,1,0,1,1,0,1
0.03592392,1,1,1,1,0,1
0.03592908,1,0,1,1,0,1
0.0359304,1,1,1,1,0,1
0.03593256,1,0,1,1,0,1
0.03593356,1,1,1,1,0,1
0.03593876,1,0,1,1,0,1
0.03594008,1,1,1,1,0,1
0.03594224,1,0,1,1,0,1
0.03594324,1,1,1,1,0,1
0.0359484,1,0,1,1,0,1
0.03594972,1,1,1,1,0,1
0.03595192,1,0,1,1,0,1
0.03595308,1,1,1,1,0,1
0.03595824,1,0,1,1,0,1
0.0359594,1,1,1,1,0,1
0.03596156,1,0,1,1,0,1
0.03596272,1,1,1,1,0,1
0.03596792,1,0,1,1,0,1
0.03596924,1,1,1,1,0,1
0.0359714,1,0,1,1,0,1
0.0359724,1,1,1,1,0,1
0.03597756,1,0,1,1,0,1
0.03597892,1,1,1,1,0,1
0.03598108,1,0,1,1,0,1
0.03598208,1,1,1,1,0,1
0.03598724,1,0,1,1,0,1
0.03598856,1,1,1,1,0,1
0.03599072,1,0,1,1,0,1
0.03599172,1,1,1,1,0,1
0.03599692,1,0,1,1,0,1
0.03599824,1,1,1,1,0,1
0.0360004,1,0,1,1,0,1
0.0360014,1,1,1,1,0,1
0.03600656,1,0,1,1,0,1
0.03600792,1,1,1,1,0,1
0.03601008,1,0,1,1,0,1
0.03601124,1,1,1,1,0,1
0.0360164,1,0,1,1,0,1
0.03601756,1,1,1,1,0,1
0.03601972,1,0,1,1,0,1
0.03602088,1,1,1,1,0,1
0.03602608,1,0,1,1,0,1
0.0360274,1,1,1,1,0,1
0.03602956,1,0,1,1,0,1
0.03603056,1,1,1,1,0,1
0.03603572,1,0,1,1,0,1
0.03603708,1,1,1,1,0,1
0.03603924,1,0,1,1,0,1
0.03604024,1,1,1,1,0,1
0.0360454,1,0,1,1,0,1
0.03604672,1,1,1,1,0,1
0.03604888,1,0,1,1,0,1
0.03604988,1,1,1,1,0,1
0.03605508,1,0,1,1,0,1
0.0360564,1,1,1,1,0,1
0.03605856,1,0,1,1,0,1
0.03605972,1,1,1,1,0,1
0.03606488,1,0,1,1,0,1
0.03606608,1,1,1,1,0,1
0.03606824,1,0,1,1,0,1
0.0360694,1,1,1,1,0,1
0.03607456,1,0,1,1,0,1
0.03607588,1,1,1,1,0,1
0.03607804,1,0,1,1,0,1
0.03607904,1,1,1,1,0,1
0.03608424,1,0,1,1,0,1
0.03608556,1,1,1,1,0,1
0.03608772,1,0,1,1,0,1
0.03608872,1,1,1,1,0,1
0.03609388,1,0,1,1,0,1
0.03609524,1,1,1,1,0,1
0.0360974,1,0,1,1,0,1
0.0360984,1,1,1,1,0,1
0.03610356,1,0,1,1,0,1
0.03610488,1,1,1,1,0,1
0.03610704,1,0,1,1,0,1
0.03610824,1,1,1,1,0,1
0.0361134,1,0,1,1,0,1
0.03611456,1,1,1,1,0,1
0.03611672,1,0,1,1,0,1
0.03611788,1,1,1,1,0,1
0.03612304,1,0,1,1,0,1
0.0361244,1,1,1,1,0,1
0.03612656,1,0,1,1,0,1
0.03612756,1,1,1,1,0,1
0.03613272,1,0,1,1,0,1
0.03613404,1,1,1,1,0,1
0.03613624,1,0,1,1,0,1
0.03613724,1,1,1,1,0,1
0.0361424,1,0,1,1,0,1
0.03614372,1,1,1,1,0,1
0.03614588,1,0,1,1,0,1
0.03614688,1,1,1,1,0,1
0.03615204,1,0,1,1,0,1
0.0361534,1,1,1,1,0,1
0.03615556,1,0,1,1,0,1
0.03615672,1,1,1,1,0,1
0.03616188,1,0,1,1,0,1
0.03616304,1,1,1,1,0,1
0.0361652,1,0,1,1,0,1
0.0361664,1,1,1,1,0,1
0.03617156,1,0,1,1,0,1
0.03617288,1,1,1,1,0,1
0.03617504,1,0,1,1,0,1
0.03617604,1,1,1,1,0,1
0.0361812,1,0,1,1,0,1
0.03618256,1,1,1,1,0,1
0.03618472,1,0,1,1,0,1
0.03618572,1,1,1,1,0,1
0.03619088,1,0,1,1,0,1
0.0361922,1,1,1,1,0,1
0.0361944,1,0,1,1,0,1
0.0361954,1,1,1,1,0,1
0.03620056,1,0,1,1,0,1
0.03620188,1,1,1,1,0,1
0.03620404,1,0,1,1,0,1
0.03620504,1,1,1,1,0,1
0.0362102,1,0,1,1,0,1
0.03621156,1,1,1,1,0,1
0.03621372,1,0,1,1,0,1
0.03621488,1,1,1,1,0,1
0.03622004,1,0,1,1,0,1
0.0362212,1,1,1,1,0,1
0.03622336,1,0,1,1,0,1
0.03622456,1,1,1,1,0,1
0.03622972,1,0,1,1,0,1
0.03623104,1,1,1,1,0,1
0.0362332,1,0,1,1,0,1
0.0362342,1,1,1,1,0,1
0.03623936,1,0,1,1,0,1
0.03624072,1,1,1,1,0,1
0.03624288,1,0,1,1,0,1
0.03624388,1,1,1,1,0,1
0.03624904,1,0,1,1,0,1
0.03625036,1,1,1,1,0,1
0.03625256,1,0,1,1,0,1
0.03625356,1,1,1,1,0,1
0.03625872,1,0,1,1,0,1
0.03626004,1,1,1,1,0,1
0.0362622,1,0,1,1,0,1
0.03626336,1,1,1,1,0,1
0.03626856,1,0,1,1,0,1
0.03626972,1,1,1,1,0,1
0.03627188,1,0,1,1,0,1
0.03627304,1,1,1,1,0,1
0.0362782,1,0,1,1,0,1
0.03627952,1,1,1,1,0,1
0.03628172,1,0,1,1,0,1
0.03628272,1,1,1,1,0,1
0.03628788,1,0,1,1,0,1
0.0362892,1,1,1,1,0,1
0.03629136,1,0,1,1,0,1
0.03629236,1,1,1,1,0,1
0.03629752,1,0,1,1,0,1
0.03629888,1,1,1,1,0,1
0.03630104,1,0,1,1,0,1
0.03630204,1,1,1,1,0,1
0.0363072,1,0,1,1,0,1
0.03630852,1,1,1,1,0,1
0.03631072,1,0,1,1,0,1
0.03631188,1,1,1,1,0,1
0.03631704,1,0,1,1,0,1
0.0363182,1,1,1,1,0,1
0.03632036,1,0,1,1,0,1
0.03632152,1,1,1,1,0,1
0.03632672,1,0,1,1,0,1
0.03632804,1,1,1,1,0,1
0.0363302,1,0,1,1,0,1
0.0363312,1,1,1,1,0,1
0.03633636,1,0,1,1,0,1
0.03633772,1,1,1,1,0,1
0.03633988,1,0,1,1,0,1
0.03634088,1,1,1,1,0,1
0.03634604,1,0,1,1,0,1
0.03634736,1,1,1,1,0,1
0.03634952,1,0,1,1,0,1
0.03635052,1,1,1,1,0,1
0.03635568,1,0,1,1,0,1
0.03635704,1,1,1,1,0,1
0.0363592,1,0,1,1,0,1
0.03636036,1,1,1,1,0,1
0.03636552,1,0,1,1,0,1
0.03636668,1,1,1,1,0,1
0.03636888,1,0,1,1,0,1
0.03637004,1,1,1,1,0,1
0.0363752,1,0,1,1,0,1
0.03637652,1,1,1,1,0,1
0.03637868,1,0,1,1,0,1
0.03637968,1,1,1,1,0,1
0.03638488,1,0,1,1,0,1
0.0363862,1,1,1,1,0,1
0.03638836,1,0,1,1,0,1
0.03638936,1,1,1,1,0,1
0.03639452,1,0,1,1,0,1
0.03639588,1,1,1,1,0,1
0.03639804,1,0,1,1,0,1
0.03639904,1,1,1,1,0,1
0.0364042,1,0,1,1,0,1
0.03640552,1,1,1,1,0,1
0.03640768,1,0,1,1,0,1
0.03640884,1,1,1,1,0,1
0.03641404,1,0,1,1,0,1
0.0364152,1,1,1,1,0,1
0.03641736,1,0,1,1,0,1
0.03641852,1,1,1,1,0,1
0.03642368,1,0,1,1,0,1
0.03642484,1,1,1,1,0,1
0.03642704,1,0,1,1,0,1
0.0364282,1,1,1,1,0,1
0.03643336,1,0,1,1,0,1
0.03643468,1,1,1,1,0,1
0.03643684,1,0,1,1,0,1
0.03643784,1,1,1,1,0,1
0.03644304,1,0,1,1,0,1
0.03644436,1,1,1,1,0,1
0.03644652,1,0,1,1,0,1
0.03644752,1,1,1,1,0,1
0.03645268,1,0,1,1,0,1
0.03645404,1,1,1,1,0,1
0.0364562,1,0,1,1,0,1
0.0364572,1,1,1,1,0,1
0.03646236,1,0,1,1,0,1
0.03646368,1,1,1,1,0,1
0.03646584,1,0,1,1,0,1
0.03646704,1,1,1,1,0,1
0.0364722,1,0,1,1,0,1
0.03647336,1,1,1,1,0,1
0.03647552,1,0,1,1,0,1
0.03647668,1,1,1,1,0,1
0.03648184,1,0,1,1,0,1
0.0364832,1,1,1,1,0,1
0.03648536,1,0,1,1,0,1
0.03648636,1,1,1,1,0,1
0.03649152,1,0,1,1,0,1
0.03649284,1,1,1,1,0,1
0.036495,1,0,1,1,0,1
0.036496,1,1,1,1,0,1
0.0365012,1,0,1,1,0,1
0.03650252,1,1,1,1,0,1
0.03650468,1,0,1,1,0,1
0.03650568,1,1,1,1,0,1
0.03651084,1,0,1,1,0,1
0.0365122,1,1,1,1,0,1
0.03651436,1,0,1,1,0,1
0.03651552,1,1,1,1,0,1
0.03652068,1,0,1,1,0,1
0.03652184,1,1,1,1,0,1
0.036524,1,0,1,1,0,1
0.0365252,1,1,1,1,0,1
0.03653036,1,0,1,1,0,1
0.03653168,1,1,1,1,0,1
0.03653384,1,0,1,1,0,1
0.03653484,1,1,1,1,0,1
0.03654,1,0,1,1,0,1
0.03654136,1,1,1,1,0,1
0.03654352,1,0,1,1,0,1
0.03654452,1,1,1,1,0,1
0.03654968,1,0,1,1,0,1
0.036551,1,1,1,1,0,1
0.03655316,1,0,1,1,0,1
0.03655416,1,1,1,1,0,1
0.03655936,1,0,1,1,0,1
0.03656068,1,1,1,1,0,1
0.03656284,1,0,1,1,0,1
0.036564,1,1,1,1,0,1
0.03656916,1,0,1,1,0,1
0.03657036,1,1,1,1,0,1
0.03657252,1,0,1,1,0,1
0.03657368,1,1,1,1,0,1
0.03657884,1,0,1,1,0,1
0.03658016,1,1,1,1,0,1
0.03658236,1,0,1,1,0,1
0.03658336,1,1,1,1,0,1
0.03658852,1,0,1,1,0,1
0.03658984,1,1,1,1,0,1
0.036592,1,0,1,1,0,1
0.036593,1,1,1,1,0,1
0.03659816,1,0,1,1,0,1
0.03659952,1,1,1,1,0,1
0.03660168,1,0,1,1,0,1
0.03660268,1,1,1,1,0,1
0.03660784,1,0,1,1,0,1
0.03660916,1,1,1,1,0,1
0.03661132,1,0,1,1,0,1
0.03661252,1,1,1,1,0,1
0.03661768,1,0,1,1,0,1
0.03661884,1,1,1,1,0,1
0.036621,1,0,1,1,0,1
0.03662216,1,1,1,1,0,1
0.03662732,1,0,1,1,0,1
0.03662868,1,1,1,1,0,1
0.03663084,1,0,1,1,0,1
0.03663184,1,1,1,1,0,1
0.036637,1,0,1,1,0,1
0.03663832,1,1,1,1,0,1
0.03664052,1,0,1,1,0,1
0.03664152,1,1,1,1,0,1
0.03664668,1,0,1,1,0,1
0.036648,1,1,1,1,0,1
0.03665016,1,0,1,1,0,1
0.03665116,1,1,1,1,0,1
0.03665632,1,0,1,1,0,1
0.03665768,1,1,1,1,0,1
0.03665984,1,0,1,1,0,1
0.03666084,1,1,1,1,0,1
0.036666,1,0,1,1,0,1
0.03666732,1,1,1,1,0,1
0.03666952,1,0,1,1,0,1
0.03667068,1,1,1,1,0,1
0.03667584,1,0,1,1,0,1
0.036677,1,1,1,1,0,1
0.03667916,1,0,1,1,0,1
0.03668032,1,1,1,1,0,1
0.03668548,1,0,1,1,0,1
0.03668684,1,1,1,1,0,1
0.036689,1,0,1,1,0,1
0.03669,1,1,1,1,0,1
0.03669516,1,0,1,1,0,1
0.03669648,1,1,1,1,0,1
0.03669868,1,0,1,1,0,1
0.03669968,1,1,1,1,0,1
0.03670484,1,0,1,1,0,1
0.03670616,1,1,1,1,0,1
0.03670832,1,0,1,1,0,1
0.03670932,1,1,1,1,0,1
0.03671448,1,0,1,1,0,1
0.03671584,1,1,1,1,0,1
0.036718,1,0,1,1,0,1
0.03671916,1,1,1,1,0,1
0.03672432,1,0,1,1,0,1
0.03672548,1,1,1,1,0,1
0.03672768,1,0,1,1,0,1
0.03672884,1,1,1,1,0,1
0.036734,1,0,1,1,0,1
0.03673532,1,1,1,1,0,1
0.03673748,1,0,1,1,0,1
0.03673848,1,1,1,1,0,1
0.03674364,1,0,1,1,0,1
0.036745,1,1,1,1,0,1
0.03674716,1,0,1,1,0,1
0.03674816,1,1,1,1,0,1
0.03675332,1,0,1,1,0,1
0.03675464,1,1,1,1,0,1
0.03675684,1,0,1,1,0,1
0.03675784,1,1,1,1,0,1
0.036763,1,0,1,1,0,1
0.03676432,1,1,1,1,0,1
0.03676648,1,0,1,1,0,1
0.03676764,1,1,1,1,0,1
0.03677284,1,0,1,1,0,1
0.036774,1,1,1,1,0,1
0.03677616,1,0,1,1,0,1
0.03677732,1,1,1,1,0,1
0.03678248,1,0,1,1,0,1
0.03678384,1,1,1,1,0,1
0.036786,1,0,1,1,0,1
0.036787,1,1,1,1,0,1
0.03679216,1,0,1,1,0,1
0.03679348,1,1,1,1,0,1
0.03679564,1,0,1,1,0,1
0.03679664,1,1,1,1,0,1
0.0368018,1,0,1,1,0,1
0.03680316,1,1,1,1,0,1
0.03680532,1,0,1,1,0,1
0.03680632,1,1,1,1,0,1
0.03681148,1,0,1,1,0,1
0.0368128,1,1,1,1,0,1
0.036815,1,0,1,1,0,1
0.03681616,1,1,1,1,0,1
0.03682132,1,0,1,1,0,1
0.03682248,1,1,1,1,0,1
0.03682464,1,0,1,1,0,1
0.0368258,1,1,1,1,0,1
0.036831,1,0,1,1,0,1
0.03683232,1,1,1,1,0,1
0.03683448,1,0,1,1,0,1
0.03683548,1,1,1,1,0,1
0.03684064,1,0,1,1,0,1
0.036842,1,1,1,1,0,1
0.03684416,1,0,1,1,0,1
0.03684516,1,1,1,1,0,1
0.03685032,1,0,1,1,0,1
0.03685164,1,1,1,1,0,1
0.0368538,1,0,1,1,0,1
0.0368548,1,1,1,1,0,1
0.03686,1,0,1,1,0,1
0.03686132,1,1,1,1,0,1
0.03686348,1,0,1,1,0,1
0.03686448,1,1,1,1,0,1
0.03686964,1,0,1,1,0,1
0.03687096,1,1,1,1,0,1
0.03687316,1,0,1,1,0,1
0.03687432,1,1,1,1,0,1
0.03687948,1,0,1,1,0,1
0.03688064,1,1,1,1,0,1
0.0368828,1,0,1,1,0,1
0.03688396,1,1,1,1,0,1
0.03688916,1,0,1,1,0,1
0.03689048,1,1,1,1,0,1
0.03689264,1,0,1,1,0,1
0.03689364,1,1,1,1,0,1
0.0368988,1,0,1,1,0,1
0.03690016,1,1,1,1,0,1
0.03690232,1,0,1,1,0,1
0.03690332,1,1,1,1,0,1
0.03690848,1,0,1,1,0,1
0.0369098,1,1,1,1,0,1
0.03691196,1,0,1,1,0,1
0.03691296,1,1,1,1,0,1
0.03691816,1,0,1,1,0,1
0.03691948,1,1,1,1,0,1
0.03692164,1,0,1,1,0,1
0.0369228,1,1,1,1,0,1
0.03692796,1,0,1,1,0,1
0.03692916,1,1,1,1,0,1
0.03693132,1,0,1,1,0,1
0.03693248,1,1,1,1,0,1
0.03693764,1,0,1,1,0,1
0.03693896,1,1,1,1,0,1
0.03694112,1,0,1,1,0,1
0.03694212,1,1,1,1,0,1
0.03694732,1,0,1,1,0,1
0.03694864,1,1,1,1,0,1
0.0369508,1,0,1,1,0,1
0.0369518,1,1,1,1,0,1
0.03695696,1,0,1,1,0,1
0.03695832,1,1,1,1,0,1
0.03696048,1,0,1,1,0,1
0.03696148,1,1,1,1,0,1
0.03696664,1,0,1,1,0,1
0.03696796,1,1,1,1,0,1
0.03697012,1,0,1,1,0,1
0.03697132,1,1,1,1,0,1
0.03697648,1,0,1,1,0,1
0.03697764,1,1,1,1,0,1
0.0369798,1,0,1,1,0,1
0.03698096,1,1,1,1,0,1
0.03698612,1,0,1,1,0,1
0.03698748,1,1,1,1,0,1
0.03698964,1,0,1,1,0,1
0.03699064,1,1,1,1,0,1
0.0369958,1,0,1,1,0,1
0.03699712,1,1,1,1,0,1
0.03699932,1,0,1,1,0,1
0.03700028,1,1,1,1,0,1
0.03700548,1,0,1,1,0,1
0.0370068,1,1,1,1,0,1
0.03700896,1,0,1,1,0,1
0.03700996,1,1,1,1,0,1
0.03701512,1,0,1,1,0,1
0.03701648,1,1,1,1,0,1
0.03701864,1,0,1,1,0,1
0.0370198,1,1,1,1,0,1
0.03702496,1,0,1,1,0,1
0.03702612,1,1,1,1,0,1
0.03702828,1,0,1,1,0,1
0.03702948,1,1,1,1,0,1
0.03703464,1,0,1,1,0,1
0.03703596,1,1,1,1,0,1
0.03703812,1,0,1,1,0,1
0.03703912,1,1,1,1,0,1
0.03704428,1,0,1,1,0,1
0.03704564,1,1,1,1,0,1
0.0370478,1,0,1,1,0,1
0.0370488,1,1,1,1,0,1
0.03705396,1,0,1,1,0,1
0.03705528,1,1,1,1,0,1
0.03705748,1,0,1,1,0,1
0.03705848,1,1,1,1,0,1
0.03706364,1,0,1,1,0,1
0.03706496,1,1,1,1,0,1
0.03706712,1,0,1,1,0,1
0.03706812,1,1,1,1,0,1
0.03707328,1,0,1,1,0,1
0.03707464,1,1,1,1,0,1
0.0370768,1,0,1,1,0,1
0.03707796,1,1,1,1,0,1
0.03708312,1,0,1,1,0,1
0.03708428,1,1,1,1,0,1
0.03708644,1,0,1,1,0,1
0.03708764,1,1,1,1,0,1
0.0370928,1,0,1,1,0,1
0.03709412,1,1,1,1,0,1
0.03709628,1,0,1,1,0,1
0.03709728,1,1,1,1,0,1
0.03710244,1,0,1,1,0,1
0.0371038,1,1,1,1,0,1
0.03710596,1,0,1,1,0,1
0.03710696,1,1,1,1,0,1
0.03711212,1,0,1,1,0,1
0.03711344,1,1,1,1,0,1
0.03711564,1,0,1,1,0,1
0.03711664,1,1,1,1,0,1
0.0371218,1,0,1,1,0,1
0.03712312,1,1,1,1,0,1
0.03712528,1,0,1,1,0,1
0.03712644,1,1,1,1,0,1
0.0371316,1,0,1,1,0,1
0.0371328,1,1,1,1,0,1
0.03713496,1,0,1,1,0,1
0.03713612,1,1,1,1,0,1
0.03714128,1,0,1,1,0,1
0.0371426,1,1,1,1,0,1
0.0371448,1,0,1,1,0,1
0.0371458,1,1,1,1,0,1
0.03715096,1,0,1,1,0,1
0.03715228,1,1,1,1,0,1
0.03715444,1,0,1,1,0,1
0.03715544,1,1,1,1,0,1
0.0371606,1,0,1,1,0,1
0.03716196,1,1,1,1,0,1
0.03716412,1,0,1,1,0,1
0.03716512,1,1,1,1,0,1
0.03717028,1,0,1,1,0,1
0.0371716,1,1,1,1,0,1
0.0371738,1,0,1,1,0,1
0.03717496,1,1,1,1,0,1
0.03718012,1,0,1,1,0,1
0.03718128,1,1,1,1,0,1
0.03718344,1,0,1,1,0,1
0.0371846,1,1,1,1,0,1
0.0371898,1,0,1,1,0,1
0.03719112,1,1,1,1,0,1
0.03719328,1,0,1,1,0,1
0.03719428,1,1,1,1,0,1
0.03719944,1,0,1,1,0,1
0.03720076,1,1,1,1,0,1
0.03720296,1,0,1,1,0,1
0.03720396,1,1,1,1,0,1
0.03720912,1,0,1,1,0,1
0.03721044,1,1,1,1,0,1
0.0372126,1,0,1,1,0,1
0.0372136,1,1,1,1,0,1
0.03721876,1,0,1,1,0,1
0.03722012,1,1,1,1,0,1
0.03722228,1,0,1,1,0,1
0.03722344,1,1,1,1,0,1
0.0372286,1,0,1,1,0,1
0.03722976,1,1,1,1,0,1
0.03723196,1,0,1,1,0,1
0.03723312,1,1,1,1,0,1
0.03723828,1,0,1,1,0,1
0.0372396,1,1,1,1,0,1
0.03724176,1,0,1,1,0,1
0.03724276,1,1,1,1,0,1
0.03724796,1,0,1,1,0,1
0.03724928,1,1,1,1,0,1
0.03725144,1,0,1,1,0,1
0.03725244,1,1,1,1,0,1
0.0372576,1,0,1,1,0,1
0.03725896,1,1,1,1,0,1
0.03726112,1,0,1,1,0,1
0.03726212,1,1,1,1,0,1
0.03726728,1,0,1,1,0,1
0.0372686,1,1,1,1,0,1
0.03727076,1,0,1,1,0,1
0.03727192,1,1,1,1,0,1
0.03727712,1,0,1,1,0,1
0.03727828,1,1,1,1,0,1
0.03728044,1,0,1,1,0,1
0.0372816,1,1,1,1,0,1
0.03728676,1,0,1,1,0,1
0.03728792,1,1,1,1,0,1
0.03729012,1,0,1,1,0,1
0.03729128,1,1,1,1,0,1
0.03729644,1,0,1,1,0,1
0.03729776,1,1,1,1,0,1
0.03729992,1,0,1,1,0,1
0.03730092,1,1,1,1,0,1
0.03730612,1,0,1,1,0,1
0.03730744,1,1,1,1,0,1
0.0373096,1,0,1,1,0,1
0.0373106,1,1,1,1,0,1
0.03731576,1,0,1,1,0,1
0.03731712,1,1,1,1,0,1
0.03731928,1,0,1,1,0,1
0.03732028,1,1,1,1,0,1
0.03732544,1,0,1,1,0,1
0.03732676,1,1,1,1,0,1
0.03732892,1,0,1,1,0,1
0.03733008,1,1,1,1,0,1
0.03733528,1,0,1,1,0,1
0.03733644,1,1,1,1,0,1
0.0373386,1,0,1,1,0,1
0.03733976,1,1,1,1,0,1
0.03734492,1,0,1,1,0,1
0.03734628,1,1,1,1,0,1
0.03734844,1,0,1,1,0,1
0.03734944,1,1,1,1,0,1
0.0373546,1,0,1,1,0,1
0.03735592,1,1,1,1,0,1
0.03735808,1,0,1,1,0,1
0.03735908,1,1,1,1,0,1
0.03736428,1,0,1,1,0,1
0.0373656,1,1,1,1,0,1
0.03736776,1,0,1,1,0,1
0.03736876,1,1,1,1,0,1
0.03737392,1,0,1,1,0,1
0.03737528,1,1,1,1,0,1
0.03737744,1,0,1,1,0,1
0.0373786,1,1,1,1,0,1
0.03738376,1,0,1,1,0,1
0.03738492,1,1,1,1,0,1
0.03738708,1,0,1,1,0,1
0.03738828,1,1,1,1,0,1
0.03739344,1,0,1,1,0,1
0.03739476,1,1,1,1,0,1
0.03739692,1,0,1,1,0,1
0.03739792,1,1,1,1,0,1
0.03740308,1,0,1,1,0,1
0.03740444,1,1,1,1,0,1
0.0374066,1,0,1,1,0,1
0.0374076,1,1,1,1,0,1
0.03741276,1,0,1,1,0,1
0.03741408,1,1,1,1,0,1
0.03741624,1,0,1,1,0,1
0.03741724,1,1,1,1,0,1
0.03742244,1,0,1,1,0,1
0.03742376,1,1,1,1,0,1
0.03742592,1,0,1,1,0,1
0.03742708,1,1,1,1,0,1
0.03743224,1,0,1,1,0,1
0.03743344,1,1,1,1,0,1
0.0374356,1,0,1,1,0,1
0.03743676,1,1,1,1,0,1
0.03744192,1,0,1,1,0,1
0.03744324,1,1,1,1,0,1
0.03744544,1,0,1,1,0,1
0.03744644,1,1,1,1,0,1
0.0374516,1,0,1,1,0,1
0.03745292,1,1,1,1,0,1
0.03745508,1,0,1,1,0,1
0.03745608,1,1,1,1,0,1
0.03746124,1,0,1,1,0,1
0.0374626,1,1,1,1,0,1
0.03746476,1,0,1,1,0,1
0.03746576,1,1,1,1,0,1
0.03747092,1,0,1,1,0,1
0.03747224,1,1,1,1,0,1
0.0374744,1,0,1,1,0,1
0.0374756,1,1,1,1,0,1
0.03748076,1,0,1,1,0,1
0.03748192,1,1,1,1,0,1
0.03748408,1,0,1,1,0,1
0.03748524,1,1,1,1,0,1
0.0374904,1,0,1,1,0,1
0.03749176,1,1,1,1,0,1
0.03749392,1,0,1,1,0,1
0.03749492,1,1,1,1,0,1
0.03750008,1,0,1,1,0,1
0.0375014,1,1,1,1,0,1
0.0375036,1,0,1,1,0,1
0.0375046,1,1,1,1,0,1
0.03750976,1,0,1,1,0,1
0.03751108,1,1,1,1,0,1
0.03751324,1,0,1,1,0,1
0.03751424,1,1,1,1,0,1
0.0375194,1,0,1,1,0,1
0.03752076,1,1,1,1,0,1
0.03752292,1,0,1,1,0,1
0.03752392,1,1,1,1,0,1
0.03752908,1,0,1,1,0,1
0.0375304,1,1,1,1,0,1
0.03753256,1,0,1,1,0,1
0.03753376,1,1,1,1,0,1
0.03753892,1,0,1,1,0,1
0.03754008,1,1,1,1,0,1
0.03754224,1,0,1,1,0,1
0.0375434,1,1,1,1,0,1
0.03754856,1,0,1,1,0,1
0.03754992,1,1,1,1,0,1
0.03755208,1,0,1,1,0,1
0.03755308,1,1,1,1,0,1
0.03755824,1,0,1,1,0,1
0.03755956,1,1,1,1,0,1
0.03756176,1,0,1,1,0,1
0.03756276,1,1,1,1,0,1
0.03756792,1,0,1,1,0,1
0.03756924,1,1,1,1,0,1
0.0375714,1,0,1,1,0,1
0.0375724,1,1,1,1,0,1
0.03757756,1,0,1,1,0,1
0.03757892,1,1,1,1,0,1
0.03758108,1,0,1,1,0,1
0.03758224,1,1,1,1,0,1
0.0375874,1,0,1,1,0,1
0.03758856,1,1,1,1,0,1
0.03759076,1,0,1,1,0,1
0.03759192,1,1,1,1,0,1
0.03759708,1,0,1,1,0,1
0.0375984,1,1,1,1,0,1
0.03760056,1,0,1,1,0,1
0.03760156,1,1,1,1,0,1
0.03760672,1,0,1,1,0,1
0.03760808,1,1,1,1,0,1
0.03761024,1,0,1,1,0,1
0.03761124,1,1,1,1,0,1
0.0376164,1,0,1,1,0,1
0.03761772,1,1,1,1,0,1
0.03761992,1,0,1,1,0,1
0.03762092,1,1,1,1,0,1
0.03762608,1,0,1,1,0,1
0.0376274,1,1,1,1,0,1
0.03762956,1,0,1,1,0,1
0.03763072,1,1,1,1,0,1
0.03763592,1,0,1,1,0,1
0.03763708,1,1,1,1,0,1
0.03763924,1,0,1,1,0,1
0.0376404,1,1,1,1,0,1
0.03764556,1,0,1,1,0,1
0.03764692,1,1,1,1,0,1
0.03764908,1,0,1,1,0,1
0.03765008,1,1,1,1,0,1
0.03765524,1,0,1,1,0,1
0.03765656,1,1,1,1,0,1
0.03765872,1,0,1,1,0,1
0.03765972,1,1,1,1,0,1
0.03766488,1,0,1,1,0,1
0.03766624,1,1,1,1,0,1
0.0376684,1,0,1,1,0,1
0.0376694,1,1,1,1,0,1
0.03767456,1,0,1,1,0,1
0.03767588,1,1,1,1,0,1
0.03767808,1,0,1,1,0,1
0.03767924,1,1,1,1,0,1
0.0376844,1,0,1,1,0,1
0.03768556,1,1,1,1,0,1
0.03768772,1,0,1,1,0,1
0.03768888,1,1,1,1,0,1
0.03769408,1,0,1,1,0,1
0.0376954,1,1,1,1,0,1
0.03769756,1,0,1,1,0,1
0.03769856,1,1,1,1,0,1
0.03770372,1,0,1,1,0,1
0.03770508,1,1,1,1,0,1
0.03770724,1,0,1,1,0,1
0.03770824,1,1,1,1,0,1
0.0377134,1,0,1,1,0,1
0.03771472,1,1,1,1,0,1
0.03771688,1,0,1,1,0,1
0.03771788,1,1,1,1,0,1
0.03772308,1,0,1,1,0,1
0.0377244,1,1,1,1,0,1
0.03772656,1,0,1,1,0,1
0.03772756,1,1,1,1,0,1
0.03773272,1,0,1,1,0,1
0.03773404,1,1,1,1,0,1
0.03773624,1,0,1,1,0,1
0.0377374,1,1,1,1,0,1
0.03774256,1,0,1,1,0,1
0.03774372,1,1,1,1,0,1
0.03774588,1,0,1,1,0,1
0.03774704,1,1,1,1,0,1
0.03775224,1,0,1,1,0,1
0.03775356,1,1,1,1,0,1
0.03775572,1,0,1,1,0,1
0.03775672,1,1,1,1,0,1
0.03776188,1,0,1,1,0,1
0.03776324,1,1,1,1,0,1
0.0377654,1,0,1,1,0,1
0.0377664,1,1,1,1,0,1
0.03777156,1,0,1,1,0,1
0.03777288,1,1,1,1,0,1
0.03777504,1,0,1,1,0,1
0.03777604,1,1,1,1,0,1
0.03778124,1,0,1,1,0,1
0.03778256,1,1,1,1,0,1
0.03778472,1,0,1,1,0,1
0.03778588,1,1,1,1,0,1
0.03779104,1,0,1,1,0,1
0.0377922,1,1,1,1,0,1
0.0377944,1,0,1,1,0,1
0.03779556,1,1,1,1,0,1
0.03780072,1,0,1,1,0,1
0.03780204,1,1,1,1,0,1
0.0378042,1,0,1,1,0,1
0.0378052,1,1,1,1,0,1
0.0378104,1,0,1,1,0,1
0.03781172,1,1,1,1,0,1
0.03781388,1,0,1,1,0,1
0.03781488,1,1,1,1,0,1
0.03782004,1,0,1,1,0,1
0.0378214,1,1,1,1,0,1
0.03782356,1,0,1,1,0,1
0.03782456,1,1,1,1,0,1
0.03782972,1,0,1,1,0,1
0.03783104,1,1,1,1,0,1
0.0378332,1,0,1,1,0,1
0.0378344,1,1,1,1,0,1
0.03783956,1,0,1,1,0,1
0.03784072,1,1,1,1,0,1
0.03784288,1,0,1,1,0,1
0.03784404,1,1,1,1,0,1
0.0378492,1,0,1,1,0,1
0.03785056,1,1,1,1,0,1
0.03785272,1,0,1,1,0,1
0.03785372,1,1,1,1,0,1
0.03785888,1,0,1,1,0,1
0.0378602,1,1,1,1,0,1
0.03786236,1,0,1,1,0,1
0.03786336,1,1,1,1,0,1
0.03786856,1,0,1,1,0,1
0.03786988,1,1,1,1,0,1
0.03787204,1,0,1,1,0,1
0.03787304,1,1,1,1,0,1
0.0378782,1,0,1,1,0,1
0.03787956,1,1,1,1,0,1
0.03788172,1,0,1,1,0,1
0.03788288,1,1,1,1,0,1
0.03788804,1,0,1,1,0,1
0.0378892,1,1,1,1,0,1
0.03789136,1,0,1,1,0,1
0.03789256,1,1,1,1,0,1
0.03789772,1,0,1,1,0,1
0.03789904,1,1,1,1,0,1
0.0379012,1,0,1,1,0,1
0.0379022,1,1,1,1,0,1
0.03790736,1,0,1,1,0,1
0.03790872,1,1,1,1,0,1
0.03791088,1,0,1,1,0,1
0.03791188,1,1,1,1,0,1
0.03791704,1,0,1,1,0,1
0.03791836,1,1,1,1,0,1
0.03792052,1,0,1,1,0,1
0.03792152,1,1,1,1,0,1
0.03792672,1,0,1,1,0,1
0.03792804,1,1,1,1,0,1
0.0379302,1,0,1,1,0,1
0.0379312,1,1,1,1,0,1
0.03793636,1,0,1,1,0,1
0.03793772,1,1,1,1,0,1
0.03793988,1,0,1,1,0,1
0.03794104,1,1,1,1,0,1
0.0379462,1,0,1,1,0,1
0.03794736,1,1,1,1,0,1
0.03794952,1,0,1,1,0,1
0.03795072,1,1,1,1,0,1
0.03795588,1,0,1,1,0,1
0.0379572,1,1,1,1,0,1
0.03795936,1,0,1,1,0,1
0.03796036,1,1,1,1,0,1
0.03796552,1,0,1,1,0,1
0.03796688,1,1,1,1,0,1
0.03796904,1,0,1,1,0,1
0.03797004,1,1,1,1,0,1
0.0379752,1,0,1,1,0,1
0.03797652,1,1,1,1,0,1
0.03797872,1,0,1,1,0,1
0.03797972,1,1,1,1,0,1
0.03798488,1,0,1,1,0,1
0.0379862,1,1,1,1,0,1
0.03798836,1,0,1,1,0,1
0.03798952,1,1,1,1,0,1
0.03799468,1,0,1,1,0,1
0.03799588,1,1,1,1,0,1
0.03799804,1,0,1,1,0,1
0.0379992,1,1,1,1,0,1
0.03800436,1,0,1,1,0,1
0.03800568,1,1,1,1,0,1
0.03800788,1,0,1,1,0,1
0.03800888,1,1,1,1,0,1
0.03801404,1,0,1,1,0,1
0.03801536,1,1,1,1,0,1
0.03801752,1,0,1,1,0,1
0.03801852,1,1,1,1,0,1
0.03802368,1,0,1,1,0,1
0.03802504,1,1,1,1,0,1
0.0380272,1,0,1,1,0,1
0.0380282,1,1,1,1,0,1
0.03803336,1,0,1,1,0,1
0.03803468,1,1,1,1,0,1
0.03803688,1,0,1,1,0,1
0.03803804,1,1,1,1,0,1
0.0380432,1,0,1,1,0,1
0.03804436,1,1,1,1,0,1
0.03804652,1,0,1,1,0,1
0.03804768,1,1,1,1,0,1
0.03805288,1,0,1,1,0,1
0.0380542,1,1,1,1,0,1
0.03805636,1,0,1,1,0,1
0.03805736,1,1,1,1,0,1
0.03806252,1,0,1,1,0,1
0.03806384,1,1,1,1,0,1
0.03806604,1,0,1,1,0,1
0.03806704,1,1,1,1,0,1
0.0380722,1,0,1,1,0,1
0.03807352,1,1,1,1,0,1
0.03807568,1,0,1,1,0,1
0.03807668,1,1,1,1,0,1
0.03808184,1,0,1,1,0,1
0.0380832,1,1,1,1,0,1
0.03808536,1,0,1,1,0,1
0.03808652,1,1,1,1,0,1
0.03809168,1,0,1,1,0,1
0.03809284,1,1,1,1,0,1
0.03809504,1,0,1,1,0,1
0.0380962,1,1,1,1,0,1
0.03810136,1,0,1,1,0,1
0.03810268,1,1,1,1,0,1
0.03810484,1,0,1,1,0,1
0.03810584,1,1,1,1,0,1
0.03811104,1,0,1,1,0,1
0.03811236,1,1,1,1,0,1
0.03811452,1,0,1,1,0,1
0.03811552,1,1,1,1,0,1
0.03812068,1,0,1,1,0,1
0.03812204,1,1,1,1,0,1
0.0381242,1,0,1,1,0,1
0.0381252,1,1,1,1,0,1
0.03813036,1,0,1,1,0,1
0.03813168,1,1,1,1,0,1
0.03813384,1,0,1,1,0,1
0.038135,1,1,1,1,0,1
0.0381402,1,0,1,1,0,1
0.03814136,1,1,1,1,0,1
0.03814352,1,0,1,1,0,1
0.03814468,1,1,1,1,0,1
0.03814984,1,0,1,1,0,1
0.038151,1,1,1,1,0,1
0.0381532,1,0,1,1,0,1
0.03815436,1,1,1,1,0,1
0.03815952,1,0,1,1,0,1
0.03816084,1,1,1,1,0,1
0.038163,1,0,1,1,0,1
0.038164,1,1,1,1,0,1
0.0381692,1,0,1,1,0,1
0.03817052,1,1,1,1,0,1
0.03817268,1,0,1,1,0,1
0.03817368,1,1,1,1,0,1
0.03817884,1,0,1,1,0,1
0.0381802,1,1,1,1,0,1
0.03818236,1,0,1,1,0,1
0.03818336,1,1,1,1,0,1
0.03818852,1,0,1,1,0,1
0.03818984,1,1,1,1,0,1
0.038192,1,0,1,1,0,1
0.03819316,1,1,1,1,0,1
0.03819836,1,0,1,1,0,1
0.03819952,1,1,1,1,0,1
0.03820168,1,0,1,1,0,1
0.03820284,1,1,1,1,0,1
0.038208,1,0,1,1,0,1
0.03820936,1,1,1,1,0,1
0.03821152,1,0,1,1,0,1
0.03821252,1,1,1,1,0,1
0.03821768,1,0,1,1,0,1
0.038219,1,1,1,1,0,1
0.03822116,1,0,1,1,0,1
0.03822216,1,1,1,1,0,1
0.03822736,1,0,1,1,0,1
0.03822868,1,1,1,1,0,1
0.03823084,1,0,1,1,0,1
0.03823184,1,1,1,1,0,1
0.038237,1,0,1,1,0,1
0.03823836,1,1,1,1,0,1
0.03824052,1,0,1,1,0,1
0.03824168,1,1,1,1,0,1
0.03824684,1,0,1,1,0,1
0.038248,1,1,1,1,0,1
0.03825016,1,0,1,1,0,1
0.03825132,1,1,1,1,0,1
0.03825652,1,0,1,1,0,1
0.03825784,1,1,1,1,0,1
0.03826,1,0,1,1,0,1
0.038261,1,1,1,1,0,1
0.03826616,1,0,1,1,0,1
0.03826752,1,1,1,1,0,1
0.03826968,1,0,1,1,0,1
0.03827068,1,1,1,1,0,1
0.03827584,1,0,1,1,0,1
0.03827716,1,1,1,1,0,1
0.03827932,1,0,1,1,0,1
0.03828032,1,1,1,1,0,1
0.03828552,1,0,1,1,0,1
0.03828684,1,1,1,1,0,1
0.038289,1,0,1,1,0,1
0.03829016,1,1,1,1,0,1
0.03829532,1,0,1,1,0,1
0.03829652,1,1,1,1,0,1
0.03829868,1,0,1,1,0,1
0.03829984,1,1,1,1,0,1
0.038305,1,0,1,1,0,1
0.03830632,1,1,1,1,0,1
0.03830852,1,0,1,1,0,1
0.03830952,1,1,1,1,0,1
0.03831468,1,0,1,1,0,1
0.038316,1,1,1,1,0,1
0.03831816,1,0,1,1,0,1
0.03831916,1,1,1,1,0,1
0.03832432,1,0,1,1,0,1
0.03832568,1,1,1,1,0,1
0.03832784,1,0,1,1,0,1
0.03832884,1,1,1,1,0,1
0.038334,1,0,1,1,0,1
0.03833532,1,1,1,1,0,1
0.03833748,1,0,1,1,0,1
0.03833868,1,1,1,1,0,1
0.03834384,1,0,1,1,0,1
0.038345,1,1,1,1,0,1
0.03834716,1,0,1,1,0,1
0.03834832,1,1,1,1,0,1
0.03835348,1,0,1,1,0,1
0.03835484,1,1,1,1,0,1
0.038357,1,0,1,1,0,1
0.038358,1,1,1,1,0,1
0.03836316,1,0,1,1,0,1
0.03836448,1,1,1,1,0,1
0.03836668,1,0,1,1,0,1
0.03836768,1,1,1,1,0,1
0.03837284,1,0,1,1,0,1
0.03837416,1,1,1,1,0,1
0.03837632,1,0,1,1,0,1
0.03837732,1,1,1,1,0,1
0.03838248,1,0,1,1,0,1
0.03838384,1,1,1,1,0,1
0.038386,1,0,1,1,0,1
0.038387,1,1,1,1,0,1
0.03839216,1,0,1,1,0,1
0.03839348,1,1,1,1,0,1
0.03839564,1,0,1,1,0,1
0.03839684,1,1,1,1,0,1
0.038402,1,0,1,1,0,1
0.03840316,1,1,1,1,0,1
0.03840532,1,0,1,1,0,1
0.03840648,1,1,1,1,0,1
0.03841164,1,0,1,1,0,1
0.038413,1,1,1,1,0,1
0.03841516,1,0,1,1,0,1
0.03841616,1,1,1,1,0,1
0.03842132,1,0,1,1,0,1
0.03842264,1,1,1,1,0,1
0.03842484,1,0,1,1,0,1
0.03842584,1,1,1,1,0,1
0.038431,1,0,1,1,0,1
0.03843232,1,1,1,1,0,1
0.03843448,1,0,1,1,0,1
0.03843548,1,1,1,1,0,1
0.03844064,1,0,1,1,0,1
0.038442,1,1,1,1,0,1
0.03844416,1,0,1,1,0,1
0.03844532,1,1,1,1,0,1
0.03845048,1,0,1,1,0,1
0.03845164,1,1,1,1,0,1
0.0384538,1,0,1,1,0,1
0.038455,1,1,1,1,0,1
0.03846016,1,0,1,1,0,1
0.03846148,1,1,1,1,0,1
0.03846364,1,0,1,1,0,1
0.03846464,1,1,1,1,0,1
0.0384698,1,0,1,1,0,1
0.03847116,1,1,1,1,0,1
0.03847332,1,0,1,1,0,1
0.03847432,1,1,1,1,0,1
0.03847948,1,0,1,1,0,1
0.0384808,1,1,1,1,0,1
0.038483,1,0,1,1,0,1
0.038484,1,1,1,1,0,1
0.03848916,1,0,1,1,0,1
0.03849048,1,1,1,1,0,1
0.03849264,1,0,1,1,0,1
0.0384938,1,1,1,1,0,1
0.038499,1,0,1,1,0,1
0.03850016,1,1,1,1,0,1
0.03850232,1,0,1,1,0,1
0.03850348,1,1,1,1,0,1
0.03850864,1,0,1,1,0,1
0.03851,1,1,1,1,0,1
0.03851216,1,0,1,1,0,1
0.03851316,1,1,1,1,0,1
0.03851832,1,0,1,1,0,1
0.03851964,1,1,1,1,0,1
0.0385218,1,0,1,1,0,1
0.0385228,1,1,1,1,0,1
0.03852796,1,0,1,1,0,1
0.03852932,1,1,1,1,0,1
0.03853148,1,0,1,1,0,1
0.03853248,1,1,1,1,0,1
0.03853764,1,0,1,1,0,1
0.03853896,1,1,1,1,0,1
0.03854116,1,0,1,1,0,1
0.03854232,1,1,1,1,0,1
0.03854748,1,0,1,1,0,1
0.03854864,1,1,1,1,0,1
0.0385508,1,0,1,1,0,1
0.03855196,1,1,1,1,0,1
0.03855716,1,0,1,1,0,1
0.03855848,1,1,1,1,0,1
0.03856064,1,0,1,1,0,1
0.03856164,1,1,1,1,0,1
0.0385668,1,0,1,1,0,1
0.03856816,1,1,1,1,0,1
0.03857032,1,0,1,1,0,1
0.03857132,1,1,1,1,0,1
0.03857648,1,0,1,1,0,1
0.0385778,1,1,1,1,0,1
0.03857996,1,0,1,1,0,1
0.03858096,1,1,1,1,0,1
0.03858612,1,0,1,1,0,1
0.03858748,1,1,1,1,0,1
0.03858964,1,0,1,1,0,1
0.03859064,1,1,1,1,0,1
0.0385958,1,0,1,1,0,1
0.03859712,1,1,1,1,0,1
0.03859932,1,0,1,1,0,1
0.03860048,1,1,1,1,0,1
0.03860564,1,0,1,1,0,1
0.0386068,1,1,1,1,0,1
0.03860896,1,0,1,1,0,1
0.03861012,1,1,1,1,0,1
0.03861532,1,0,1,1,0,1
0.03861664,1,1,1,1,0,1
0.0386188,1,0,1,1,0,1
0.0386198,1,1,1,1,0,1
0.03862496,1,0,1,1,0,1
0.03862632,1,1,1,1,0,1
0.03862848,1,0,1,1,0,1
0.03862948,1,1,1,1,0,1
0.03863464,1,0,1,1,0,1
0.03863596,1,1,1,1,0,1
0.03863812,1,0,1,1,0,1
0.03863912,1,1,1,1,0,1
0.03864432,1,0,1,1,0,1
0.03864564,1,1,1,1,0,1
0.0386478,1,0,1,1,0,1
0.03864896,1,1,1,1,0,1
0.03865412,1,0,1,1,0,1
0.03865528,1,1,1,1,0,1
0.03865748,1,0,1,1,0,1
0.03865864,1,1,1,1,0,1
0.0386638,1,0,1,1,0,1
0.03866512,1,1,1,1,0,1
0.03866728,1,0,1,1,0,1
0.03866828,1,1,1,1,0,1
0.03867348,1,0,1,1,0,1
0.0386748,1,1,1,1,0,1
0.03867696,1,0,1,1,0,1
0.03867796,1,1,1,1,0,1
0.03868312,1,0,1,1,0,1
0.03868448,1,1,1,1,0,1
0.03868664,1,0,1,1,0,1
0.03868764,1,1,1,1,0,1
0.0386928,1,0,1,1,0,1
0.03869412,1,1,1,1,0,1
0.03869628,1,0,1,1,0,1
0.03869748,1,1,1,1,0,1
0.03870264,1,0,1,1,0,1
0.0387038,1,1,1,1,0,1
0.03870596,1,0,1,1,0,1
0.03870712,1,1,1,1,0,1
0.03871228,1,0,1,1,0,1
0.03871364,1,1,1,1,0,1
0.0387158,1,0,1,1,0,1
0.0387168,1,1,1,1,0,1
0.03872196,1,0,1,1,0,1
0.03872328,1,1,1,1,0,1
0.03872544,1,0,1,1,0,1
0.03872644,1,1,1,1,0,1
0.03873164,1,0,1,1,0,1
0.03873296,1,1,1,1,0,1
0.03873512,1,0,1,1,0,1
0.03873612,1,1,1,1,0,1
0.03874128,1,0,1,1,0,1
0.03874264,1,1,1,1,0,1
0.0387448,1,0,1,1,0,1
0.03874596,1,1,1,1,0,1
0.03875112,1,0,1,1,0,1
0.03875228,1,1,1,1,0,1
0.03875444,1,0,1,1,0,1
0.03875564,1,1,1,1,0,1
0.0387608,1,0,1,1,0,1
0.03876212,1,1,1,1,0,1
0.03876428,1,0,1,1,0,1
0.03876528,1,1,1,1,0,1
0.03877044,1,0,1,1,0,1
0.0387718,1,1,1,1,0,1
0.03877396,1,0,1,1,0,1
0.03877496,1,1,1,1,0,1
0.03878012,1,0,1,1,0,1
0.03878144,1,1,1,1,0,1
0.0387836,1,0,1,1,0,1
0.0387846,1,1,1,1,0,1
0.0387898,1,0,1,1,0,1
0.03879112,1,1,1,1,0,1
0.03879328,1,0,1,1,0,1
0.03879428,1,1,1,1,0,1
0.03879944,1,0,1,1,0,1
0.0388008,1,1,1,1,0,1
0.03880296,1,0,1,1,0,1
0.03880412,1,1,1,1,0,1
0.03880928,1,0,1,1,0,1
0.03881044,1,1,1,1,0,1
0.0388126,1,0,1,1,0,1
0.0388138,1,1,1,1,0,1
0.03881896,1,0,1,1,0,1
0.03882028,1,1,1,1,0,1
0.03882244,1,0,1,1,0,1
0.03882344,1,1,1,1,0,1
0.0388286,1,0,1,1,0,1
0.03882996,1,1,1,1,0,1
0.03883212,1,0,1,1,0,1
0.03883312,1,1,1,1,0,1
0.03883828,1,0,1,1,0,1
0.0388396,1,1,1,1,0,1
0.0388418,1,0,1,1,0,1
0.03884276,1,1,1,1,0,1
0.03884796,1,0,1,1,0,1
0.03884928,1,1,1,1,0,1
0.03885144,1,0,1,1,0,1
0.0388526,1,1,1,1,0,1
0.03885776,1,0,1,1,0,1
0.03885896,1,1,1,1,0,1
0.03886112,1,0,1,1,0,1
0.03886228,1,1,1,1,0,1
0.03886744,1,0,1,1,0,1
0.03886876,1,1,1,1,0,1
0.03887096,1,0,1,1,0,1
0.03887196,1,1,1,1,0,1
0.03887712,1,0,1,1,0,1
0.03887844,1,1,1,1,0,1
0.0388806,1,0,1,1,0,1
0.0388816,1,1,1,1,0,1
0.03888676,1,0,1,1,0,1
0.03888812,1,1,1,1,0,1
0.03889028,1,0,1,1,0,1
0.03889128,1,1,1,1,0,1
0.03889644,1,0,1,1,0,1
0.03889776,1,1,1,1,0,1
0.03889996,1,0,1,1,0,1
0.03890112,1,1,1,1,0,1
0.03890628,1,0,1,1,0,1
0.03890744,1,1,1,1,0,1
0.0389096,1,0,1,1,0,1
0.03891076,1,1,1,1,0,1
0.03891592,1,0,1,1,0,1
0.03891728,1,1,1,1,0,1
0.03891944,1,0,1,1,0,1
0.03892044,1,1,1,1,0,1
0.0389256,1,0,1,1,0,1
0.03892692,1,1,1,1,0,1
0.03892912,1,0,1,1,0,1
0.03893012,1,1,1,1,0,1
0.03893528,1,0,1,1,0,1
0.0389366,1,1,1,1,0,1
0.03893876,1,0,1,1,0,1
0.03893976,1,1,1,1,0,1
0.03894492,1,0,1,1,0,1
0.03894628,1,1,1,1,0,1
0.03894844,1,0,1,1,0,1
0.0389496,1,1,1,1,0,1
0.03895476,1,0,1,1,0,1
0.03895592,1,1,1,1,0,1
0.03895812,1,0,1,1,0,1
0.03895928,1,1,1,1,0,1
0.03896444,1,0,1,1,0,1
0.03896576,1,1,1,1,0,1
0.03896792,1,0,1,1,0,1
0.03896892,1,1,1,1,0,1
0.03897412,1,0,1,1,0,1
0.03897544,1,1,1,1,0,1
0.0389776,1,0,1,1,0,1
0.0389786,1,1,1,1,0,1
0.03898376,1,0,1,1,0,1
0.03898508,1,1,1,1,0,1
0.03898728,1,0,1,1,0,1
0.03898828,1,1,1,1,0,1
0.03899344,1,0,1,1,0,1
0.03899476,1,1,1,1,0,1
0.03899692,1,0,1,1,0,1
0.03899808,1,1,1,1,0,1
0.03900328,1,0,1,1,0,1
0.03900444,1,1,1,1,0,1
0.0390066,1,0,1,1,0,1
0.03900776,1,1,1,1,0,1
0.03901292,1,0,1,1,0,1
0.03901408,1,1,1,1,0,1
0.03901628,1,0,1,1,0,1
0.03901744,1,1,1,1,0,1
0.0390226,1,0,1,1,0,1
0.03902392,1,1,1,1,0,1
0.03902608,1,0,1,1,0,1
0.03902708,1,1,1,1,0,1
0.03903228,1,0,1,1,0,1
0.0390336,1,1,1,1,0,1
0.03903576,1,0,1,1,0,1
0.03903676,1,1,1,1,0,1
0.03904192,1,0,1,1,0,1
0.03904324,1,1,1,1,0,1
0.03904544,1,0,1,1,0,1
0.03904644,1,1,1,1,0,1
0.0390516,1,0,1,1,0,1
0.03905292,1,1,1,1,0,1
0.03905508,1,0,1,1,0,1
0.03905624,1,1,1,1,0,1
0.03906144,1,0,1,1,0,1
0.0390626,1,1,1,1,0,1
0.03906476,1,0,1,1,0,1
0.03906592,1,1,1,1,0,1
0.03907108,1,0,1,1,0,1
0.03907244,1,1,1,1,0,1
0.0390746,1,0,1,1,0,1
0.0390756,1,1,1,1,0,1
0.03908076,1,0,1,1,0,1
0.03908208,1,1,1,1,0,1
0.03908424,1,0,1,1,0,1
0.03908524,1,1,1,1,0,1
0.03909044,1,0,1,1,0,1
0.03909176,1,1,1,1,0,1
0.03909392,1,0,1,1,0,1
0.03909492,1,1,1,1,0,1
0.03910008,1,0,1,1,0,1
0.03910144,1,1,1,1,0,1
0.0391036,1,0,1,1,0,1
0.03910476,1,1,1,1,0,1
0.03910992,1,0,1,1,0,1
0.03911108,1,1,1,1,0,1
0.03911324,1,0,1,1,0,1
0.0391144,1,1,1,1,0,1
0.0391196,1,0,1,1,0,1
0.03912092,1,1,1,1,0,1
0.03912308,1,0,1,1,0,1
0.03912408,1,1,1,1,0,1
0.03912924,1,0,1,1,0,1
0.0391306,1,1,1,1,0,1
0.03913276,1,0,1,1,0,1
0.03913376,1,1,1,1,0,1
0.03913892,1,0,1,1,0,1
0.03914024,1,1,1,1,0,1
0.0391424,1,0,1,1,0,1
0.0391434,1,1,1,1,0,1
0.0391486,1,0,1,1,0,1
0.03914992,1,1,1,1,0,1
0.03915208,1,0,1,1,0,1
0.03915324,1,1,1,1,0,1
0.0391584,1,0,1,1,0,1
0.0391596,1,1,1,1,0,1
0.03916176,1,0,1,1,0,1
0.03916292,1,1,1,1,0,1
0.03916808,1,0,1,1,0,1
0.0391694,1,1,1,1,0,1
0.0391716,1,0,1,1,0,1
0.03917256,1,1,1,1,0,1
0.03917776,1,0,1,1,0,1
0.03917908,1,1,1,1,0,1
0.03918124,1,0,1,1,0,1
0.03918224,1,1,1,1,0,1
0.0391874,1,0,1,1,0,1
0.03918876,1,1,1,1,0,1
0.03919092,1,0,1,1,0,1
0.03919192,1,1,1,1,0,1
0.03919708,1,0,1,1,0,1
0.0391984,1,1,1,1,0,1
0.03920056,1,0,1,1,0,1
0.03920176,1,1,1,1,0,1
0.03920692,1,0,1,1,0,1
0.03920808,1,1,1,1,0,1
0.03921024,1,0,1,1,0,1
0.0392114,1,1,1,1,0,1
0.03921656,1,0,1,1,0,1
0.03921792,1,1,1,1,0,1
0.03922008,1,0,1,1,0,1
0.03922108,1,1,1,1,0,1
0.03922624,1,0,1,1,0,1
0.03922756,1,1,1,1,0,1
0.03922976,1,0,1,1,0,1
0.03923076,1,1,1,1,0,1
0.03923592,1,0,1,1,0,1
0.03923724,1,1,1,1,0,1
0.0392394,1,0,1,1,0,1
0.0392404,1,1,1,1,0,1
0.03924556,1,0,1,1,0,1
0.03924692,1,1,1,1,0,1
0.03924908,1,0,1,1,0,1
0.03925008,1,1,1,1,0,1
0.03925524,1,0,1,1,0,1
0.03925656,1,1,1,1,0,1
0.03925872,1,0,1,1,0,1
0.03925992,1,1,1,1,0,1
0.03926508,1,0,1,1,0,1
0.03926624,1,1,1,1,0,1
0.0392684,1,0,1,1,0,1
0.03926956,1,1,1,1,0,1
0.03927472,1,0,1,1,0,1
0.03927608,1,1,1,1,0,1
0.03927824,1,0,1,1,0,1
0.03927924,1,1,1,1,0,1
0.0392844,1,0,1,1,0,1
0.03928572,1,1,1,1,0,1
0.03928792,1,0,1,1,0,1
0.03928892,1,1,1,1,0,1
0.03929408,1,0,1,1,0,1
0.0392954,1,1,1,1,0,1
0.03929756,1,0,1,1,0,1
0.03929856,1,1,1,1,0,1
0.03930372,1,0,1,1,0,1
0.03930508,1,1,1,1,0,1
0.03930724,1,0,1,1,0,1
0.0393084,1,1,1,1,0,1
0.03931356,1,0,1,1,0,1
0.03931472,1,1,1,1,0,1
0.03931688,1,0,1,1,0,1
0.03931808,1,1,1,1,0,1
0.03932324,1,0,1,1,0,1
0.03932456,1,1,1,1,0,1
0.03932672,1,0,1,1,0,1
0.03932772,1,1,1,1,0,1
0.03933288,1,0,1,1,0,1
0.03933424,1,1,1,1,0,1
0.0393364,1,0,1,1,0,1
0.0393374,1,1,1,1,0,1
0.03934256,1,0,1,1,0,1
0.03934388,1,1,1,1,0,1
0.03934608,1,0,1,1,0,1
0.03934708,1,1,1,1,0,1
0.03935224,1,0,1,1,0,1
0.03935356,1,1,1,1,0,1
0.03935572,1,0,1,1,0,1
0.03935688,1,1,1,1,0,1
0.03936208,1,0,1,1,0,1
0.03936324,1,1,1,1,0,1
0.0393654,1,0,1,1,0,1
0.03936656,1,1,1,1,0,1
0.03937172,1,0,1,1,0,1
0.03937304,1,1,1,1,0,1
0.03937524,1,0,1,1,0,1
0.03937624,1,1,1,1,0,1
0.0393814,1,0,1,1,0,1
0.03938272,1,1,1,1,0,1
0.03938488,1,0,1,1,0,1
0.03938588,1,1,1,1,0,1
0.03939104,1,0,1,1,0,1
0.0393924,1,1,1,1,0,1
0.03939456,1,0,1,1,0,1
0.03939556,1,1,1,1,0,1
0.03940072,1,0,1,1,0,1
0.03940204,1,1,1,1,0,1
0.03940424,1,0,1,1,0,1
0.0394054,1,1,1,1,0,1
0.03941056,1,0,1,1,0,1
0.03941172,1,1,1,1,0,1
0.03941388,1,0,1,1,0,1
0.03941504,1,1,1,1,0,1
0.03942024,1,0,1,1,0,1
0.03942156,1,1,1,1,0,1
0.03942372,1,0,1,1,0,1
0.03942472,1,1,1,1,0,1
0.03942988,1,0,1,1,0,1
0.03943124,1,1,1,1,0,1
0.0394334,1,0,1,1,0,1
0.0394344,1,1,1,1,0,1
0.03943956,1,0,1,1,0,1
0.03944088,1,1,1,1,0,1
0.03944304,1,0,1,1,0,1
0.03944404,1,1,1,1,0,1
0.0394492,1,0,1,1,0,1
0.03945056,1,1,1,1,0,1
0.03945272,1,0,1,1,0,1
0.03945372,1,1,1,1,0,1
0.03945888,1,0,1,1,0,1
0.0394602,1,1,1,1,0,1
0.0394624,1,0,1,1,0,1
0.03946356,1,1,1,1,0,1
0.03946872,1,0,1,1,0,1
0.03946988,1,1,1,1,0,1
0.03947204,1,0,1,1,0,1
0.0394732,1,1,1,1,0,1
0.0394784,1,0,1,1,0,1
0.03947972,1,1,1,1,0,1
0.03948188,1,0,1,1,0,1
0.03948288,1,1,1,1,0,1
0.03948804,1,0,1,1,0,1
0.0394894,1,1,1,1,0,1
0.03949156,1,0,1,1,0,1
0.03949256,1,1,1,1,0,1
0.03949772,1,0,1,1,0,1
0.03949904,1,1,1,1,0,1
0.0395012,1,0,1,1,0,1
0.0395022,1,1,1,1,0,1
0.03950736,1,0,1,1,0,1
0.03950872,1,1,1,1,0,1
0.03951088,1,0,1,1,0,1
0.03951204,1,1,1,1,0,1
0.0395172,1,0,1,1,0,1
0.03951836,1,1,1,1,0,1
0.03952056,1,0,1,1,0,1
0.03952172,1,1,1,1,0,1
0.03952688,1,0,1,1,0,1
0.0395282,1,1,1,1,0,1
0.03953036,1,0,1,1,0,1
0.03953136,1,1,1,1,0,1
0.03953656,1,0,1,1,0,1
0.03953788,1,1,1,1,0,1
0.03954004,1,0,1,1,0,1
0.03954104,1,1,1,1,0,1
0.0395462,1,0,1,1,0,1
0.03954756,1,1,1,1,0,1
0.03954972,1,0,1,1,0,1
0.03955072,1,1,1,1,0,1
0.03955588,1,0,1,1,0,1
0.0395572,1,1,1,1,0,1
0.03955936,1,0,1,1,0,1
0.03956056,1,1,1,1,0,1
0.03956572,1,0,1,1,0,1
0.03956688,1,1,1,1,0,1
0.03956904,1,0,1,1,0,1
0.0395702,1,1,1,1,0,1
0.03957536,1,0,1,1,0,1
0.03957672,1,1,1,1,0,1
0.03957888,1,0,1,1,0,1
0.03957988,1,1,1,1,0,1
0.03958504,1,0,1,1,0,1
0.03958636,1,1,1,1,0,1
0.03958852,1,0,1,1,0,1
0.03958952,1,1,1,1,0,1
0.03959472,1,0,1,1,0,1
0.03959604,1,1,1,1,0,1
0.0395982,1,0,1,1,0,1
0.0395992,1,1,1,1,0,1
0.03960436,1,0,1,1,0,1
0.03960572,1,1,1,1,0,1
0.03960788,1,0,1,1,0,1
0.03960904,1,1,1,1,0,1
0.0396142,1,0,1,1,0,1
0.03961536,1,1,1,1,0,1
0.03961752,1,0,1,1,0,1
0.03961872,1,1,1,1,0,1
0.03962388,1,0,1,1,0,1
0.0396252,1,1,1,1,0,1
0.03962736,1,0,1,1,0,1
0.03962836,1,1,1,1,0,1
0.03963352,1,0,1,1,0,1
0.03963488,1,1,1,1,0,1
0.03963704,1,0,1,1,0,1
0.03963804,1,1,1,1,0,1
0.0396432,1,0,1,1,0,1
0.03964452,1,1,1,1,0,1
0.03964668,1,0,1,1,0,1
0.03964768,1,1,1,1,0,1
0.03965288,1,0,1,1,0,1
0.0396542,1,1,1,1,0,1
0.03965636,1,0,1,1,0,1
0.03965736,1,1,1,1,0,1
0.03966252,1,0,1,1,0,1
0.03966388,1,1,1,1,0,1
0.03966604,1,0,1,1,0,1
0.0396672,1,1,1,1,0,1
0.03967236,1,0,1,1,0,1
0.03967352,1,1,1,1,0,1
0.03967568,1,0,1,1,0,1
0.03967688,1,1,1,1,0,1
0.03968204,1,0,1,1,0,1
0.03968336,1,1,1,1,0,1
0.03968552,1,0,1,1,0,1
0.03968652,1,1,1,1,0,1
0.03969168,1,0,1,1,0,1
0.03969304,1,1,1,1,0,1
0.0396952,1,0,1,1,0,1
0.0396962,1,1,1,1,0,1
0.03970136,1,0,1,1,0,1
0.03970268,1,1,1,1,0,1
0.03970484,1,0,1,1,0,1
0.03970584,1,1,1,1,0,1
0.03971104,1,0,1,1,0,1
0.03971236,1,1,1,1,0,1
0.03971452,1,0,1,1,0,1
0.03971568,1,1,1,1,0,1
0.03972084,1,0,1,1,0,1
0.03972204,1,1,1,1,0,1
0.0397242,1,0,1,1,0,1
0.03972536,1,1,1,1,0,1
0.03973052,1,0,1,1,0,1
0.03973184,1,1,1,1,0,1
0.03973404,1,0,1,1,0,1
0.03973504,1,1,1,1,0,1
0.0397402,1,0,1,1,0,1
0.03974152,1,1,1,1,0,1
0.03974368,1,0,1,1,0,1
0.03974468,1,1,1,1,0,1
0.03974984,1,0,1,1,0,1
0.0397512,1,1,1,1,0,1
0.03975336,1,0,1,1,0,1
0.03975436,1,1,1,1,0,1
0.03975952,1,0,1,1,0,1
0.03976084,1,1,1,1,0,1
0.03976304,1,0,1,1,0,1
0.0397642,1,1,1,1,0,1
0.03976936,1,0,1,1,0,1
0.03977052,1,1,1,1,0,1
0.03977268,1,0,1,1,0,1
0.03977384,1,1,1,1,0,1
0.039779,1,0,1,1,0,1
0.03978036,1,1,1,1,0,1
0.03978252,1,0,1,1,0,1
0.03978352,1,1,1,1,0,1
0.03978868,1,0,1,1,0,1
0.03979,1,1,1,1,0,1
0.0397922,1,0,1,1,0,1
0.0397932,1,1,1,1,0,1
0.03979836,1,0,1,1,0,1
0.03979968,1,1,1,1,0,1
0.03980184,1,0,1,1,0,1
0.03980284,1,1,1,1,0,1
0.039808,1,0,1,1,0,1
0.03980936,1,1,1,1,0,1
0.03981152,1,0,1,1,0,1
0.03981268,1,1,1,1,0,1
0.03981784,1,0,1,1,0,1
0.039819,1,1,1,1,0,1
0.0398212,1,0,1,1,0,1
0.03982236,1,1,1,1,0,1
0.03982752,1,0,1,1,0,1
0.03982884,1,1,1,1,0,1
0.039831,1,0,1,1,0,1
0.039832,1,1,1,1,0,1
0.03983716,1,0,1,1,0,1
0.03983852,1,1,1,1,0,1
0.03984068,1,0,1,1,0,1
0.03984168,1,1,1,1,0,1
0.03984684,1,0,1,1,0,1
0.03984816,1,1,1,1,0,1
0.03985036,1,0,1,1,0,1
0.03985136,1,1,1,1,0,1
0.03985652,1,0,1,1,0,1
0.03985784,1,1,1,1,0,1
0.03986,1,0,1,1,0,1
0.03986116,1,1,1,1,0,1
0.03986636,1,0,1,1,0,1
0.03986752,1,1,1,1,0,1
0.03986968,1,0,1,1,0,1
0.03987084,1,1,1,1,0,1
0.039876,1,0,1,1,0,1
0.03987716,1,1,1,1,0,1
0.03987936,1,0,1,1,0,1
0.03988052,1,1,1,1,0,1
0.03988568,1,0,1,1,0,1
0.039887,1,1,1,1,0,1
0.03988916,1,0,1,1,0,1
0.03989016,1,1,1,1,0,1
0.03989536,1,0,1,1,0,1
0.03989668,1,1,1,1,0,1
0.03989884,1,0,1,1,0,1
0.03989984,1,1,1,1,0,1
0.039905,1,0,1,1,0,1
0.03990632,1,1,1,1,0,1
0.03990852,1,0,1,1,0,1
0.03990952,1,1,1,1,0,1
0.03991468,1,0,1,1,0,1
0.039916,1,1,1,1,0,1
0.03991816,1,0,1,1,0,1
0.03991932,1,1,1,1,0,1
0.03992452,1,0,1,1,0,1
0.03992568,1,1,1,1,0,1
0.03992784,1,0,1,1,0,1
0.039929,1,1,1,1,0,1
0.03993416,1,0,1,1,0,1
0.03993552,1,1,1,1,0,1
0.03993768,1,0,1,1,0,1
0.03993868,1,1,1,1,0,1
0.03994384,1,0,1,1,0,1
0.03994516,1,1,1,1,0,1
0.03994732,1,0,1,1,0,1
0.03994832,1,1,1,1,0,1
0.03995352,1,0,1,1,0,1
0.03995484,1,1,1,1,0,1
0.039957,1,0,1,1,0,1
0.039958,1,1,1,1,0,1
0.03996316,1,0,1,1,0,1
0.03996448,1,1,1,1,0,1
0.03996668,1,0,1,1,0,1
0.03996784,1,1,1,1,0,1
0.039973,1,0,1,1,0,1
0.03997416,1,1,1,1,0,1
0.03997632,1,0,1,1,0,1
0.03997748,1,1,1,1,0,1
0.03998268,1,0,1,1,0,1
0.039984,1,1,1,1,0,1
0.03998616,1,0,1,1,0,1
0.03998716,1,1,1,1,0,1
0.03999232,1,0,1,1,0,1
0.03999368,1,1,1,1,0,1
0.03999584,1,0,1,1,0,1
0.03999684,1,1,1,1,0,1
0.040002,1,0,1,1,0,1
0.04000332,1,1,1,1,0,1
0.04000548,1,0,1,1,0,1
0.04000648,1,1,1,1,0,1
0.04001168,1,0,1,1,0,1
0.040013,1,1,1,1,0,1
0.04001516,1,0,1,1,0,1
0.04001632,1,1,1,1,0,1
0.04002148,1,0,1,1,0,1
0.04002268,1,1,1,1,0,1
0.04002484,1,0,1,1,0,1
0.040026,1,1,1,1,0,1
0.04003116,1,0,1,1,0,1
0.04003248,1,1,1,1,0,1
0.04003464,1,0,1,1,0,1
0.04003564,1,1,1,1,0,1
0.04004084,1,0,1,1,0,1
0.04004216,1,1,1,1,0,1
0.04004432,1,0,1,1,0,1
0.04004532,1,1,1,1,0,1
0.04005048,1,0,1,1,0,1
0.04005184,1,1,1,1,0,1
0.040054,1,0,1,1,0,1
0.040055,1,1,1,1,0,1
0.04006016,1,0,1,1,0,1
0.04006148,1,1,1,1,0,1
0.04006364,1,0,1,1,0,1
0.04006484,1,1,1,1,0,1
0.04007,1,0,1,1,0,1
0.04007116,1,1,1,1,0,1
0.04007332,1,0,1,1,0,1
0.04007448,1,1,1,1,0,1
0.04007964,1,0,1,1,0,1
0.040081,1,1,1,1,0,1
0.04008316,1,0,1,1,0,1
0.04008416,1,1,1,1,0,1
0.04008932,1,0,1,1,0,1
0.04009064,1,1,1,1,0,1
0.04009284,1,0,1,1,0,1
0.0400938,1,1,1,1,0,1
0.040099,1,0,1,1,0,1
0.04010032,1,1,1,1,0,1
0.04010248,1,0,1,1,0,1
0.04010348,1,1,1,1,0,1
0.04010864,1,0,1,1,0,1
0.04011,1,1,1,1,0,1
0.04011216,1,0,1,1,0,1
0.04011316,1,1,1,1,0,1
0.04011832,1,0,1,1,0,1
0.04011964,1,1,1,1,0,1
0.0401218,1,0,1,1,0,1
0.040123,1,1,1,1,0,1
0.04012816,1,0,1,1,0,1
0.04012932,1,1,1,1,0,1
0.04013148,1,0,1,1,0,1
0.04013264,1,1,1,1,0,1
0.0401378,1,0,1,1,0,1
0.04013916,1,1,1,1,0,1
0.04014132,1,0,1,1,0,1
0.04014232,1,1,1,1,0,1
0.04014748,1,0,1,1,0,1
0.0401488,1,1,1,1,0,1
0.040151,1,0,1,1,0,1
0.040152,1,1,1,1,0,1
0.04015716,1,0,1,1,0,1
0.04015848,1,1,1,1,0,1
0.04016064,1,0,1,1,0,1
0.04016164,1,1,1,1,0,1
0.0401668,1,0,1,1,0,1
0.04016816,1,1,1,1,0,1
0.04017032,1,0,1,1,0,1
0.04017148,1,1,1,1,0,1
0.04017664,1,0,1,1,0,1
0.0401778,1,1,1,1,0,1
0.04017996,1,0,1,1,0,1
0.04018116,1,1,1,1,0,1
0.04018632,1,0,1,1,0,1
0.04018764,1,1,1,1,0,1
0.0401898,1,0,1,1,0,1
0.0401908,1,1,1,1,0,1
0.04019596,1,0,1,1,0,1
0.04019732,1,1,1,1,0,1
0.04019948,1,0,1,1,0,1
0.04020048,1,1,1,1,0,1
0.04020564,1,0,1,1,0,1
0.04020696,1,1,1,1,0,1
0.04020916,1,0,1,1,0,1
0.04021016,1,1,1,1,0,1
0.04021532,1,0,1,1,0,1
0.04021664,1,1,1,1,0,1
0.0402188,1,0,1,1,0,1
0.04021996,1,1,1,1,0,1
0.04022512,1,0,1,1,0,1
0.04022632,1,1,1,1,0,1
0.04022848,1,0,1,1,0,1
0.04022964,1,1,1,1,0,1
0.0402348,1,0,1,1,0,1
0.04023612,1,1,1,1,0,1
0.04023832,1,0,1,1,0,1
0.04023932,1,1,1,1,0,1
0.04024448,1,0,1,1,0,1
0.0402458,1,1,1,1,0,1
0.04024796,1,0,1,1,0,1
0.04024896,1,1,1,1,0,1
0.04025412,1,0,1,1,0,1
0.04025548,1,1,1,1,0,1
0.04025764,1,0,1,1,0,1
0.04025864,1,1,1,1,0,1
0.0402638,1,0,1,1,0,1
0.04026512,1,1,1,1,0,1
0.04026732,1,0,1,1,0,1
0.04026848,1,1,1,1,0,1
0.04027364,1,0,1,1,0,1
0.0402748,1,1,1,1,0,1
0.04027696,1,0,1,1,0,1
0.04027812,1,1,1,1,0,1
0.04028332,1,0,1,1,0,1
0.04028464,1,1,1,1,0,1
0.0402868,1,0,1,1,0,1
0.0402878,1,1,1,1,0,1
0.04029296,1,0,1,1,0,1
0.04029428,1,1,1,1,0,1
0.04029648,1,0,1,1,0,1
0.04029748,1,1,1,1,0,1
0.04030264,1,0,1,1,0,1
0.04030396,1,1,1,1,0,1
0.04030612,1,0,1,1,0,1
0.04030712,1,1,1,1,0,1
0.04031228,1,0,1,1,0,1
0.04031364,1,1,1,1,0,1
0.0403158,1,0,1,1,0,1
0.0403168,1,1,1,1,0,1
0.04032196,1,0,1,1,0,1
0.04032328,1,1,1,1,0,1
0.04032548,1,0,1,1,0,1
0.04032664,1,1,1,1,0,1
0.0403318,1,0,1,1,0,1
0.04033296,1,1,1,1,0,1
0.04033512,1,0,1,1,0,1
0.04033628,1,1,1,1,0,1
0.04034148,1,0,1,1,0,1
0.0403428,1,1,1,1,0,1
0.04034496,1,0,1,1,0,1
0.04034596,1,1,1,1,0,1
0.04035112,1,0,1,1,0,1
0.04035248,1,1,1,1,0,1
0.04035464,1,0,1,1,0,1
0.04035564,1,1,1,1,0,1
0.0403608,1,0,1,1,0,1
0.04036212,1,1,1,1,0,1
0.04036428,1,0,1,1,0,1
0.04036528,1,1,1,1,0,1
0.04037044,1,0,1,1,0,1
0.0403718,1,1,1,1,0,1
0.04037396,1,0,1,1,0,1
0.04037512,1,1,1,1,0,1
0.04038028,1,0,1,1,0,1
0.04038144,1,1,1,1,0,1
0.04038364,1,0,1,1,0,1
0.0403848,1,1,1,1,0,1
0.04038996,1,0,1,1,0,1
0.04039128,1,1,1,1,0,1
0.04039344,1,0,1,1,0,1
0.04039444,1,1,1,1,0,1
0.04039964,1,0,1,1,0,1
0.04040096,1,1,1,1,0,1
0.04040312,1,0,1,1,0,1
0.04040412,1,1,1,1,0,1
0.04040928,1,0,1,1,0,1
0.04041064,1,1,1,1,0,1
0.0404128,1,0,1,1,0,1
0.0404138,1,1,1,1,0,1
0.04041896,1,0,1,1,0,1
0.04042028,1,1,1,1,0,1
0.04042244,1,0,1,1,0,1
0.0404236,1,1,1,1,0,1
0.0404288,1,0,1,1,0,1
0.04042996,1,1,1,1,0,1
0.04043212,1,0,1,1,0,1
0.04043328,1,1,1,1,0,1
0.04043844,1,0,1,1,0,1
0.0404398,1,1,1,1,0,1
0.04044196,1,0,1,1,0,1
0.04044296,1,1,1,1,0,1
0.04044812,1,0,1,1,0,1
0.04044944,1,1,1,1,0,1
0.0404516,1,0,1,1,0,1
0.0404526,1,1,1,1,0,1
0.0404578,1,0,1,1,0,1
0.04045912,1,1,1,1,0,1
0.04046128,1,0,1,1,0,1
0.04046228,1,1,1,1,0,1
0.04046744,1,0,1,1,0,1
0.0404688,1,1,1,1,0,1
0.04047096,1,0,1,1,0,1
0.04047212,1,1,1,1,0,1
0.04047728,1,0,1,1,0,1
0.04047844,1,1,1,1,0,1
0.0404806,1,0,1,1,0,1
0.0404818,1,1,1,1,0,1
0.04048696,1,0,1,1,0,1
0.04048828,1,1,1,1,0,1
0.04049044,1,0,1,1,0,1
0.04049144,1,1,1,1,0,1
0.0404966,1,0,1,1,0,1
0.04049796,1,1,1,1,0,1
0.04050012,1,0,1,1,0,1
0.04050112,1,1,1,1,0,1
0.04050628,1,0,1,1,0,1
0.0405076,1,1,1,1,0,1
0.04050976,1,0,1,1,0,1
0.04051076,1,1,1,1,0,1
0.04051596,1,0,1,1,0,1
0.04051728,1,1,1,1,0,1
0.04051944,1,0,1,1,0,1
0.04052044,1,1,1,1,0,1
0.0405256,1,0,1,1,0,1
0.04052696,1,1,1,1,0,1
0.04052912,1,0,1,1,0,1
0.04053028,1,1,1,1,0,1
0.04053544,1,0,1,1,0,1
0.0405366,1,1,1,1,0,1
0.04053876,1,0,1,1,0,1
0.04053996,1,1,1,1,0,1
0.04054512,1,0,1,1,0,1
0.04054644,1,1,1,1,0,1
0.0405486,1,0,1,1,0,1
0.0405496,1,1,1,1,0,1
0.04055476,1,0,1,1,0,1
0.04055612,1,1,1,1,0,1
0.04055828,1,0,1,1,0,1
0.04055928,1,1,1,1,0,1
0.04056444,1,0,1,1,0,1
0.04056576,1,1,1,1,0,1
0.04056792,1,0,1,1,0,1
0.04056892,1,1,1,1,0,1
0.04057412,1,0,1,1,0,1
0.04057544,1,1,1,1,0,1
0.0405776,1,0,1,1,0,1
0.04057876,1,1,1,1,0,1
0.04058392,1,0,1,1,0,1
0.04058512,1,1,1,1,0,1
0.04058728,1,0,1,1,0,1
0.04058844,1,1,1,1,0,1
0.0405936,1,0,1,1,0,1
0.04059492,1,1,1,1,0,1
0.04059712,1,0,1,1,0,1
0.04059812,1,1,1,1,0,1
0.04060328,1,0,1,1,0,1
0.0406046,1,1,1,1,0,1
0.04060676,1,0,1,1,0,1
0.04060776,1,1,1,1,0,1
0.04061292,1,0,1,1,0,1
0.04061428,1,1,1,1,0,1
0.04061644,1,0,1,1,0,1
0.04061744,1,1,1,1,0,1
0.0406226,1,0,1,1,0,1
0.04062392,1,1,1,1,0,1
0.04062608,1,0,1,1,0,1
0.04062728,1,1,1,1,0,1
0.04063244,1,0,1,1,0,1
0.0406336,1,1,1,1,0,1
0.04063576,1,0,1,1,0,1
0.04063692,1,1,1,1,0,1
0.04064208,1,0,1,1,0,1
0.04064344,1,1,1,1,0,1
0.0406456,1,0,1,1,0,1
0.0406466,1,1,1,1,0,1
0.04065176,1,0,1,1,0,1
0.04065308,1,1,1,1,0,1
0.04065528,1,0,1,1,0,1
0.04065628,1,1,1,1,0,1
0.04066144,1,0,1,1,0,1
0.04066276,1,1,1,1,0,1
0.04066492,1,0,1,1,0,1
0.04066592,1,1,1,1,0,1
0.04067108,1,0,1,1,0,1
0.04067244,1,1,1,1,0,1
0.0406746,1,0,1,1,0,1
0.04067576,1,1,1,1,0,1
0.04068092,1,0,1,1,0,1
0.04068208,1,1,1,1,0,1
0.04068428,1,0,1,1,0,1
0.04068544,1,1,1,1,0,1
0.0406906,1,0,1,1,0,1
0.04069192,1,1,1,1,0,1
0.04069408,1,0,1,1,0,1
0.04069508,1,1,1,1,0,1
0.04070024,1,0,1,1,0,1
0.0407016,1,1,1,1,0,1
0.04070376,1,0,1,1,0,1
0.04070476,1,1,1,1,0,1
0.04070992,1,0,1,1,0,1
0.04071124,1,1,1,1,0,1
0.04071344,1,0,1,1,0,1
0.04071444,1,1,1,1,0,1
0.0407196,1,0,1,1,0,1
0.04072092,1,1,1,1,0,1
0.04072308,1,0,1,1,0,1
0.04072424,1,1,1,1,0,1
0.04072944,1,0,1,1,0,1
0.0407306,1,1,1,1,0,1
0.04073276,1,0,1,1,0,1
0.04073392,1,1,1,1,0,1
0.04073908,1,0,1,1,0,1
0.04074024,1,1,1,1,0,1
0.04074244,1,0,1,1,0,1
0.0407436,1,1,1,1,0,1
0.04074876,1,0,1,1,0,1
0.04075008,1,1,1,1,0,1
0.04075224,1,0,1,1,0,1
0.04075324,1,1,1,1,0,1
0.0407584,1,0,1,1,0,1
0.04075976,1,1,1,1,0,1
0.04076192,1,0,1,1,0,1
0.04076292,1,1,1,1,0,1
0.04076808,1,0,1,1,0,1
0.0407694,1,1,1,1,0,1
0.0407716,1,0,1,1,0,1
0.0407726,1,1,1,1,0,1
0.04077776,1,0,1,1,0,1
0.04077908,1,1,1,1,0,1
0.04078124,1,0,1,1,0,1
0.0407824,1,1,1,1,0,1
0.0407876,1,0,1,1,0,1
0.04078876,1,1,1,1,0,1
0.04079092,1,0,1,1,0,1
0.04079208,1,1,1,1,0,1
0.04079724,1,0,1,1,0,1
0.0407986,1,1,1,1,0,1
0.04080076,1,0,1,1,0,1
0.04080176,1,1,1,1,0,1
0.04080692,1,0,1,1,0,1
0.04080824,1,1,1,1,0,1
0.0408104,1,0,1,1,0,1
0.0408114,1,1,1,1,0,1
0.04081656,1,0,1,1,0,1
0.04081792,1,1,1,1,0,1
0.04082008,1,0,1,1,0,1
0.04082108,1,1,1,1,0,1
0.04082624,1,0,1,1,0,1
0.04082756,1,1,1,1,0,1
0.04082976,1,0,1,1,0,1
0.04083092,1,1,1,1,0,1
0.04083608,1,0,1,1,0,1
0.04083724,1,1,1,1,0,1
0.0408394,1,0,1,1,0,1
0.04084056,1,1,1,1,0,1
0.04084576,1,0,1,1,0,1
0.04084708,1,1,1,1,0,1
0.04084924,1,0,1,1,0,1
0.04085024,1,1,1,1,0,1
0.0408554,1,0,1,1,0,1
0.04085676,1,1,1,1,0,1
0.04085892,1,0,1,1,0,1
0.04085992,1,1,1,1,0,1
0.04086508,1,0,1,1,0,1
0.0408664,1,1,1,1,0,1
0.04086856,1,0,1,1,0,1
0.04086956,1,1,1,1,0,1
0.04087476,1,0,1,1,0,1
0.04087608,1,1,1,1,0,1
0.04087824,1,0,1,1,0,1
0.0408794,1,1,1,1,0,1
0.04088456,1,0,1,1,0,1
0.04088572,1,1,1,1,0,1
0.04088792,1,0,1,1,0,1
0.04088908,1,1,1,1,0,1
0.04089424,1,0,1,1,0,1
0.04089556,1,1,1,1,0,1
0.04089772,1,0,1,1,0,1
0.04089872,1,1,1,1,0,1
0.04090392,1,0,1,1,0,1
0.04090524,1,1,1,1,0,1
0.0409074,1,0,1,1,0,1
0.0409084,1,1,1,1,0,1
0.04091356,1,0,1,1,0,1
0.04091492,1,1,1,1,0,1
0.04091708,1,0,1,1,0,1
0.04091808,1,1,1,1,0,1
0.04092324,1,0,1,1,0,1
0.04092456,1,1,1,1,0,1
0.04092672,1,0,1,1,0,1
0.04092792,1,1,1,1,0,1
0.04093308,1,0,1,1,0,1
0.04093424,1,1,1,1,0,1
0.0409364,1,0,1,1,0,1
0.04093756,1,1,1,1,0,1
0.04094272,1,0,1,1,0,1
0.04094408,1,1,1,1,0,1
0.04094624,1,0,1,1,0,1
0.04094724,1,1,1,1,0,1
0.0409524,1,0,1,1,0,1
0.04095372,1,1,1,1,0,1
0.04095588,1,0,1,1,0,1
0.04095688,1,1,1,1,0,1
0.04096208,1,0,1,1,0,1
0.0409634,1,1,1,1,0,1
0.04096556,1,0,1,1,0,1
0.04096656,1,1,1,1,0,1
0.04097172,1,0,1,1,0,1
0.04097308,1,1,1,1,0,1
0.04097524,1,0,1,1,0,1
0.04097624,1,1,1,1,0,1
0.0409814,1,0,1,1,0,1
0.04098272,1,1,1,1,0,1
0.04098488,1,0,1,1,0,1
0.04098608,1,1,1,1,0,1
0.04099124,1,0,1,1,0,1
0.0409924,1,1,1,1,0,1
0.04099456,1,0,1,1,0,1
0.04099572,1,1,1,1,0,1
0.04100088,1,0,1,1,0,1
0.04100224,1,1,1,1,0,1
0.0410044,1,0,1,1,0,1
0.0410054,1,1,1,1,0,1
0.04101056,1,0,1,1,0,1
0.04101188,1,1,1,1,0,1
0.04101408,1,0,1,1,0,1
0.04101504,1,1,1,1,0,1
0.04102024,1,0,1,1,0,1
0.04102156,1,1,1,1,0,1
0.04102372,1,0,1,1,0,1
0.04102472,1,1,1,1,0,1
0.04102988,1,0,1,1,0,1
0.04103124,1,1,1,1,0,1
0.0410334,1,0,1,1,0,1
0.04103456,1,1,1,1,0,1
0.04103972,1,0,1,1,0,1
0.04104088,1,1,1,1,0,1
0.04104304,1,0,1,1,0,1
0.04104424,1,1,1,1,0,1
0.0410494,1,0,1,1,0,1
0.04105072,1,1,1,1,0,1
0.04105288,1,0,1,1,0,1
0.04105388,1,1,1,1,0,1
0.04105904,1,0,1,1,0,1
0.0410604,1,1,1,1,0,1
0.04106256,1,0,1,1,0,1
0.04106356,1,1,1,1,0,1
0.04106872,1,0,1,1,0,1
0.04107004,1,1,1,1,0,1
0.04107224,1,0,1,1,0,1
0.04107324,1,1,1,1,0,1
0.0410784,1,0,1,1,0,1
0.04107972,1,1,1,1,0,1
0.04108188,1,0,1,1,0,1
0.04108304,1,1,1,1,0,1
0.0410882,1,0,1,1,0,1
0.0410894,1,1,1,1,0,1
0.04109156,1,0,1,1,0,1
0.04109272,1,1,1,1,0,1
0.04109788,1,0,1,1,0,1
0.0410992,1,1,1,1,0,1
0.0411014,1,0,1,1,0,1
0.0411024,1,1,1,1,0,1
0.04110756,1,0,1,1,0,1
0.04110888,1,1,1,1,0,1
0.04111104,1,0,1,1,0,1
0.04111204,1,1,1,1,0,1
0.0411172,1,0,1,1,0,1
0.04111856,1,1,1,1,0,1
0.04112072,1,0,1,1,0,1
0.04112172,1,1,1,1,0,1
0.04112688,1,0,1,1,0,1
0.0411282,1,1,1,1,0,1
0.0411304,1,0,1,1,0,1
0.04113156,1,1,1,1,0,1
0.04113672,1,0,1,1,0,1
0.04113788,1,1,1,1,0,1
0.04114004,1,0,1,1,0,1
0.0411412,1,1,1,1,0,1
0.04114636,1,0,1,1,0,1
0.04114772,1,1,1,1,0,1
0.04114988,1,0,1,1,0,1
0.04115088,1,1,1,1,0,1
0.04115604,1,0,1,1,0,1
0.04115736,1,1,1,1,0,1
0.04115956,1,0,1,1,0,1
0.04116056,1,1,1,1,0,1
0.04116572,1,0,1,1,0,1
0.04116704,1,1,1,1,0,1
0.0411692,1,0,1,1,0,1
0.0411702,1,1,1,1,0,1
0.04117536,1,0,1,1,0,1
0.04117672,1,1,1,1,0,1
0.04117888,1,0,1,1,0,1
0.04117988,1,1,1,1,0,1
0.04118504,1,0,1,1,0,1
0.04118636,1,1,1,1,0,1
0.04118856,1,0,1,1,0,1
0.04118972,1,1,1,1,0,1
0.04119488,1,0,1,1,0,1
0.04119604,1,1,1,1,0,1
0.0411982,1,0,1,1,0,1
0.04119936,1,1,1,1,0,1
0.04120456,1,0,1,1,0,1
0.04120588,1,1,1,1,0,1
0.04120804,1,0,1,1,0,1
0.04120904,1,1,1,1,0,1
0.0412142,1,0,1,1,0,1
0.04121552,1,1,1,1,0,1
0.04121772,1,0,1,1,0,1
0.04121872,1,1,1,1,0,1
0.04122388,1,0,1,1,0,1
0.0412252,1,1,1,1,0,1
0.04122736,1,0,1,1,0,1
0.04122836,1,1,1,1,0,1
0.04123352,1,0,1,1,0,1
0.04123488,1,1,1,1,0,1
0.04123704,1,0,1,1,0,1
0.0412382,1,1,1,1,0,1
0.04124336,1,0,1,1,0,1
0.04124452,1,1,1,1,0,1
0.04124672,1,0,1,1,0,1
0.04124788,1,1,1,1,0,1
0.04125304,1,0,1,1,0,1
0.04125436,1,1,1,1,0,1
0.04125652,1,0,1,1,0,1
0.04125752,1,1,1,1,0,1
0.04126272,1,0,1,1,0,1
0.04126404,1,1,1,1,0,1
0.0412662,1,0,1,1,0,1
0.0412672,1,1,1,1,0,1
0.04127236,1,0,1,1,0,1
0.04127372,1,1,1,1,0,1
0.04127588,1,0,1,1,0,1
0.04127688,1,1,1,1,0,1
0.04128204,1,0,1,1,0,1
0.04128336,1,1,1,1,0,1
0.04128552,1,0,1,1,0,1
0.04128668,1,1,1,1,0,1
0.04129188,1,0,1,1,0,1
0.04129304,1,1,1,1,0,1
0.0412952,1,0,1,1,0,1
0.04129636,1,1,1,1,0,1
0.04130152,1,0,1,1,0,1
0.04130288,1,1,1,1,0,1
0.04130504,1,0,1,1,0,1
0.04130604,1,1,1,1,0,1
0.0413112,1,0,1,1,0,1
0.04131252,1,1,1,1,0,1
0.04131468,1,0,1,1,0,1
0.04131568,1,1,1,1,0,1
0.04132088,1,0,1,1,0,1
0.0413222,1,1,1,1,0,1
0.04132436,1,0,1,1,0,1
0.04132536,1,1,1,1,0,1
0.04133052,1,0,1,1,0,1
0.04133188,1,1,1,1,0,1
0.04133404,1,0,1,1,0,1
0.0413352,1,1,1,1,0,1
0.04134036,1,0,1,1,0,1
0.04134152,1,1,1,1,0,1
0.04134368,1,0,1,1,0,1
0.04134484,1,1,1,1,0,1
0.04135004,1,0,1,1,0,1
0.04135136,1,1,1,1,0,1
0.04135352,1,0,1,1,0,1
0.04135452,1,1,1,1,0,1
0.04135968,1,0,1,1,0,1
0.04136104,1,1,1,1,0,1
0.0413632,1,0,1,1,0,1
0.0413642,1,1,1,1,0,1
0.04136936,1,0,1,1,0,1
0.04137068,1,1,1,1,0,1
0.04137284,1,0,1,1,0,1
0.04137384,1,1,1,1,0,1
0.04137904,1,0,1,1,0,1
0.04138036,1,1,1,1,0,1
0.04138252,1,0,1,1,0,1
0.04138352,1,1,1,1,0,1
0.04138868,1,0,1,1,0,1
0.04139004,1,1,1,1,0,1
0.0413922,1,0,1,1,0,1
0.04139336,1,1,1,1,0,1
0.04139852,1,0,1,1,0,1
0.04139968,1,1,1,1,0,1
0.04140184,1,0,1,1,0,1
0.04140304,1,1,1,1,0,1
0.0414082,1,0,1,1,0,1
0.04140952,1,1,1,1,0,1
0.04141168,1,0,1,1,0,1
0.04141268,1,1,1,1,0,1
0.04141784,1,0,1,1,0,1
0.0414192,1,1,1,1,0,1
0.04142136,1,0,1,1,0,1
0.04142236,1,1,1,1,0,1
0.04142752,1,0,1,1,0,1
0.04142884,1,1,1,1,0,1
0.041431,1,0,1,1,0,1
0.041432,1,1,1,1,0,1
0.0414372,1,0,1,1,0,1
0.04143852,1,1,1,1,0,1
0.04144068,1,0,1,1,0,1
0.04144184,1,1,1,1,0,1
0.041447,1,0,1,1,0,1
0.0414482,1,1,1,1,0,1
0.04145036,1,0,1,1,0,1
0.04145152,1,1,1,1,0,1
0.04145668,1,0,1,1,0,1
0.041458,1,1,1,1,0,1
0.0414602,1,0,1,1,0,1
0.0414612,1,1,1,1,0,1
0.04146636,1,0,1,1,0,1
0.04146768,1,1,1,1,0,1
0.04146984,1,0,1,1,0,1
0.04147084,1,1,1,1,0,1
0.041476,1,0,1,1,0,1
0.04147736,1,1,1,1,0,1
0.04147952,1,0,1,1,0,1
0.04148052,1,1,1,1,0,1
0.04148568,1,0,1,1,0,1
0.041487,1,1,1,1,0,1
0.04148916,1,0,1,1,0,1
0.04149036,1,1,1,1,0,1
0.04149552,1,0,1,1,0,1
0.04149668,1,1,1,1,0,1
0.04149884,1,0,1,1,0,1
0.0415,1,1,1,1,0,1
0.04150516,1,0,1,1,0,1
0.04150652,1,1,1,1,0,1
0.04150868,1,0,1,1,0,1
0.04150968,1,1,1,1,0,1
0.04151484,1,0,1,1,0,1
0.04151616,1,1,1,1,0,1
0.04151836,1,0,1,1,0,1
0.04151936,1,1,1,1,0,1
0.04152452,1,0,1,1,0,1
0.04152584,1,1,1,1,0,1
0.041528,1,0,1,1,0,1
0.041529,1,1,1,1,0,1
0.04153416,1,0,1,1,0,1
0.04153552,1,1,1,1,0,1
0.04153768,1,0,1,1,0,1
0.04153884,1,1,1,1,0,1
0.041544,1,0,1,1,0,1
0.04154516,1,1,1,1,0,1
0.04154732,1,0,1,1,0,1
0.04154852,1,1,1,1,0,1
0.04155368,1,0,1,1,0,1
0.041555,1,1,1,1,0,1
0.04155716,1,0,1,1,0,1
0.04155816,1,1,1,1,0,1
0.04156332,1,0,1,1,0,1
0.04156468,1,1,1,1,0,1
0.04156684,1,0,1,1,0,1
0.04156784,1,1,1,1,0,1
0.041573,1,0,1,1,0,1
0.04157432,1,1,1,1,0,1
0.04157652,1,0,1,1,0,1
0.04157752,1,1,1,1,0,1
0.04158268,1,0,1,1,0,1
0.041584,1,1,1,1,0,1
0.04158616,1,0,1,1,0,1
0.04158732,1,1,1,1,0,1
0.04159252,1,0,1,1,0,1
0.04159368,1,1,1,1,0,1
0.04159584,1,0,1,1,0,1
0.041597,1,1,1,1,0,1
0.04160216,1,0,1,1,0,1
0.04160332,1,1,1,1,0,1
0.04160552,1,0,1,1,0,1
0.04160668,1,1,1,1,0,1
0.04161184,1,0,1,1,0,1
0.04161316,1,1,1,1,0,1
0.04161532,1,0,1,1,0,1
0.04161632,1,1,1,1,0,1
0.04162148,1,0,1,1,0,1
0.04162284,1,1,1,1,0,1
0.041625,1,0,1,1,0,1
0.041626,1,1,1,1,0,1
0.04163116,1,0,1,1,0,1
0.04163248,1,1,1,1,0,1
0.04163468,1,0,1,1,0,1
0.04163568,1,1,1,1,0,1
0.04164084,1,0,1,1,0,1
0.04164216,1,1,1,1,0,1
0.04164432,1,0,1,1,0,1
0.04164548,1,1,1,1,0,1
0.04165068,1,0,1,1,0,1
0.04165184,1,1,1,1,0,1
0.041654,1,0,1,1,0,1
0.04165516,1,1,1,1,0,1
0.04166032,1,0,1,1,0,1
0.04166168,1,1,1,1,0,1
0.04166384,1,0,1,1,0,1
0.04166484,1,1,1,1,0,1
0.04167,1,0,1,1,0,1
0.04167132,1,1,1,1,0,1
0.04167348,1,0,1,1,0,1
0.04167448,1,1,1,1,0,1
0.04167964,1,0,1,1,0,1
0.041681,1,1,1,1,0,1
0.04168316,1,0,1,1,0,1
0.04168416,1,1,1,1,0,1
0.04168932,1,0,1,1,0,1
0.04169064,1,1,1,1,0,1
0.04169284,1,0,1,1,0,1
0.041694,1,1,1,1,0,1
0.04169916,1,0,1,1,0,1
0.04170032,1,1,1,1,0,1
0.04170248,1,0,1,1,0,1
0.04170364,1,1,1,1,0,1
0.04170884,1,0,1,1,0,1
0.04171016,1,1,1,1,0,1
0.04171232,1,0,1,1,0,1
0.04171332,1,1,1,1,0,1
0.04171848,1,0,1,1,0,1
0.04171984,1,1,1,1,0,1
0.041722,1,0,1,1,0,1
0.041723,1,1,1,1,0,1
0.04172816,1,0,1,1,0,1
0.04172948,1,1,1,1,0,1
0.04173164,1,0,1,1,0,1
0.04173264,1,1,1,1,0,1
0.04173784,1,0,1,1,0,1
0.04173916,1,1,1,1,0,1
0.04174132,1,0,1,1,0,1
0.04174248,1,1,1,1,0,1
0.04174764,1,0,1,1,0,1
0.0417488,1,1,1,1,0,1
0.041751,1,0,1,1,0,1
0.04175216,1,1,1,1,0,1
0.04175732,1,0,1,1,0,1
0.04175864,1,1,1,1,0,1
0.0417608,1,0,1,1,0,1
0.0417618,1,1,1,1,0,1
0.041767,1,0,1,1,0,1
0.04176832,1,1,1,1,0,1
0.04177048,1,0,1,1,0,1
0.04177148,1,1,1,1,0,1
0.04177664,1,0,1,1,0,1
0.041778,1,1,1,1,0,1
0.04178016,1,0,1,1,0,1
0.04178116,1,1,1,1,0,1
0.04178632,1,0,1,1,0,1
0.04178764,1,1,1,1,0,1
0.0417898,1,0,1,1,0,1
0.041791,1,1,1,1,0,1
0.04179616,1,0,1,1,0,1
0.04179732,1,1,1,1,0,1
0.04179948,1,0,1,1,0,1
0.04180064,1,1,1,1,0,1
0.0418058,1,0,1,1,0,1
0.04180716,1,1,1,1,0,1
0.04180932,1,0,1,1,0,1
0.04181032,1,1,1,1,0,1
0.04181548,1,0,1,1,0,1
0.0418168,1,1,1,1,0,1
0.04181896,1,0,1,1,0,1
0.04181996,1,1,1,1,0,1
0.04182516,1,0,1,1,0,1
0.04182648,1,1,1,1,0,1
0.04182864,1,0,1,1,0,1
0.04182964,1,1,1,1,0,1
0.0418348,1,0,1,1,0,1
0.04183616,1,1,1,1,0,1
0.04183832,1,0,1,1,0,1
0.04183932,1,1,1,1,0,1
0.04184448,1,0,1,1,0,1
0.0418458,1,1,1,1,0,1
0.04184796,1,0,1,1,0,1
0.04184916,1,1,1,1,0,1
0.04185432,1,0,1,1,0,1
0.04185548,1,1,1,1,0,1
0.04185764,1,0,1,1,0,1
0.0418588,1,1,1,1,0,1
0.04186396,1,0,1,1,0,1
0.04186532,1,1,1,1,0,1
0.04186748,1,0,1,1,0,1
0.04186848,1,1,1,1,0,1
0.04187364,1,0,1,1,0,1
0.04187496,1,1,1,1,0,1
0.04187712,1,0,1,1,0,1
0.04187812,1,1,1,1,0,1
0.04188332,1,0,1,1,0,1
0.04188464,1,1,1,1,0,1
0.0418868,1,0,1,1,0,1
0.0418878,1,1,1,1,0,1
0.04189296,1,0,1,1,0,1
0.04189432,1,1,1,1,0,1
0.04189648,1,0,1,1,0,1
0.04189764,1,1,1,1,0,1
0.0419028,1,0,1,1,0,1
0.04190396,1,1,1,1,0,1
0.04190612,1,0,1,1,0,1
0.04190732,1,1,1,1,0,1
0.04191248,1,0,1,1,0,1
0.0419138,1,1,1,1,0,1
0.04191596,1,0,1,1,0,1
0.04191696,1,1,1,1,0,1
0.04192212,1,0,1,1,0,1
0.04192348,1,1,1,1,0,1
0.04192564,1,0,1,1,0,1
0.04192664,1,1,1,1,0,1
0.0419318,1,0,1,1,0,1
0.04193312,1,1,1,1,0,1
0.04193532,1,0,1,1,0,1
0.04193628,1,1,1,1,0,1
0.04194148,1,0,1,1,0,1
0.0419428,1,1,1,1,0,1
0.04194496,1,0,1,1,0,1
0.04194612,1,1,1,1,0,1
0.04195128,1,0,1,1,0,1
0.04195248,1,1,1,1,0,1
0.04195464,1,0,1,1,0,1
0.0419558,1,1,1,1,0,1
0.04196096,1,0,1,1,0,1
0.04196228,1,1,1,1,0,1
0.04196448,1,0,1,1,0,1
0.04196548,1,1,1,1,0,1
0.04197064,1,0,1,1,0,1
0.04197196,1,1,1,1,0,1
0.04197412,1,0,1,1,0,1
0.04197512,1,1,1,1,0,1
0.04198028,1,0,1,1,0,1
0.04198164,1,1,1,1,0,1
0.0419838,1,0,1,1,0,1
0.0419848,1,1,1,1,0,1
0.04198996,1,0,1,1,0,1
0.04199128,1,1,1,1,0,1
0.04199348,1,0,1,1,0,1
0.04199464,1,1,1,1,0,1
0.0419998,1,0,1,1,0,1
0.04200096,1,1,1,1,0,1
0.04200312,1,0,1,1,0,1
0.04200428,1,1,1,1,0,1
0.04200944,1,0,1,1,0,1
0.0420108,1,1,1,1,0,1
0.04201296,1,0,1,1,0,1
0.04201396,1,1,1,1,0,1
0.04201912,1,0,1,1,0,1
0.04202044,1,1,1,1,0,1
0.04202264,1,0,1,1,0,1
0.04202364,1,1,1,1,0,1
0.0420288,1,0,1,1,0,1
0.04203012,1,1,1,1,0,1
0.04203228,1,0,1,1,0,1
0.04203328,1,1,1,1,0,1
0.04203844,1,0,1,1,0,1
0.0420398,1,1,1,1,0,1
0.04204196,1,0,1,1,0,1
0.04204296,1,1,1,1,0,1
0.04204812,1,0,1,1,0,1
0.04204944,1,1,1,1,0,1
0.04205164,1,0,1,1,0,1
0.0420528,1,1,1,1,0,1
0.04205796,1,0,1,1,0,1
0.04205912,1,1,1,1,0,1
0.04206128,1,0,1,1,0,1
0.04206244,1,1,1,1,0,1
0.04206764,1,0,1,1,0,1
0.04206896,1,1,1,1,0,1
0.04207112,1,0,1,1,0,1
0.04207212,1,1,1,1,0,1
0.04207728,1,0,1,1,0,1
0.0420786,1,1,1,1,0,1
0.0420808,1,0,1,1,0,1
0.0420818,1,1,1,1,0,1
0.04208696,1,0,1,1,0,1
0.04208828,1,1,1,1,0,1
0.04209044,1,0,1,1,0,1
0.04209144,1,1,1,1,0,1
0.0420966,1,0,1,1,0,1
0.04209796,1,1,1,1,0,1
0.04210012,1,0,1,1,0,1
0.04210128,1,1,1,1,0,1
0.04210644,1,0,1,1,0,1
0.0421076,1,1,1,1,0,1
0.0421098,1,0,1,1,0,1
0.04211096,1,1,1,1,0,1
0.04211612,1,0,1,1,0,1
0.04211744,1,1,1,1,0,1
0.0421196,1,0,1,1,0,1
0.0421206,1,1,1,1,0,1
0.0421258,1,0,1,1,0,1
0.04212712,1,1,1,1,0,1
0.04212928,1,0,1,1,0,1
0.04213028,1,1,1,1,0,1
0.04213544,1,0,1,1,0,1
0.04213676,1,1,1,1,0,1
0.04213896,1,0,1,1,0,1
0.04213996,1,1,1,1,0,1
0.04214512,1,0,1,1,0,1
0.04214644,1,1,1,1,0,1
0.0421486,1,0,1,1,0,1
0.04214976,1,1,1,1,0,1
0.04215496,1,0,1,1,0,1
0.04215612,1,1,1,1,0,1
0.04215828,1,0,1,1,0,1
0.04215944,1,1,1,1,0,1
0.0421646,1,0,1,1,0,1
0.04216596,1,1,1,1,0,1
0.04216812,1,0,1,1,0,1
0.04216912,1,1,1,1,0,1
0.04217428,1,0,1,1,0,1
0.0421756,1,1,1,1,0,1
0.04217776,1,0,1,1,0,1
0.04217876,1,1,1,1,0,1
0.04218396,1,0,1,1,0,1
0.04218528,1,1,1,1,0,1
0.04218744,1,0,1,1,0,1
0.04218844,1,1,1,1,0,1
0.0421936,1,0,1,1,0,1
0.04219496,1,1,1,1,0,1
0.04219712,1,0,1,1,0,1
0.04219828,1,1,1,1,0,1
0.04220344,1,0,1,1,0,1
0.0422046,1,1,1,1,0,1
0.04220676,1,0,1,1,0,1
0.04220792,1,1,1,1,0,1
0.04221312,1,0,1,1,0,1
0.04221444,1,1,1,1,0,1
0.0422166,1,0,1,1,0,1
0.0422176,1,1,1,1,0,1
0.04222276,1,0,1,1,0,1
0.04222412,1,1,1,1,0,1
0.04222628,1,0,1,1,0,1
0.04222728,1,1,1,1,0,1
0.04223244,1,0,1,1,0,1
0.04223376,1,1,1,1,0,1
0.04223592,1,0,1,1,0,1
0.04223692,1,1,1,1,0,1
0.04224212,1,0,1,1,0,1
0.04224344,1,1,1,1,0,1
0.0422456,1,0,1,1,0,1
0.0422466,1,1,1,1,0,1
0.04225176,1,0,1,1,0,1
0.04225312,1,1,1,1,0,1
0.04225528,1,0,1,1,0,1
0.04225644,1,1,1,1,0,1
0.0422616,1,0,1,1,0,1
0.04226276,1,1,1,1,0,1
0.04226492,1,0,1,1,0,1
0.04226608,1,1,1,1,0,1
0.04227128,1,0,1,1,0,1
0.0422726,1,1,1,1,0,1
0.04227476,1,0,1,1,0,1
0.04227576,1,1,1,1,0,1
0.04228092,1,0,1,1,0,1
0.04228228,1,1,1,1,0,1
0.04228444,1,0,1,1,0,1
0.04228544,1,1,1,1,0,1
0.0422906,1,0,1,1,0,1
0.04229192,1,1,1,1,0,1
0.04229408,1,0,1,1,0,1
0.04229508,1,1,1,1,0,1
0.04230028,1,0,1,1,0,1
0.0423016,1,1,1,1,0,1
0.04230376,1,0,1,1,0,1
0.04230492,1,1,1,1,0,1
0.04231008,1,0,1,1,0,1
0.04231128,1,1,1,1,0,1
0.04231344,1,0,1,1,0,1
0.0423146,1,1,1,1,0,1
0.04231976,1,0,1,1,0,1
0.04232108,1,1,1,1,0,1
0.04232328,1,0,1,1,0,1
0.04232428,1,1,1,1,0,1
0.04232944,1,0,1,1,0,1
0.04233076,1,1,1,1,0,1
0.04233292,1,0,1,1,0,1
0.04233392,1,1,1,1,0,1
0.04233908,1,0,1,1,0,1
0.04234044,1,1,1,1,0,1
0.0423426,1,0,1,1,0,1
0.0423436,1,1,1,1,0,1
0.04234876,1,0,1,1,0,1
0.04235008,1,1,1,1,0,1
0.04235224,1,0,1,1,0,1
0.04235344,1,1,1,1,0,1
0.0423586,1,0,1,1,0,1
0.04235976,1,1,1,1,0,1
0.04236192,1,0,1,1,0,1
0.04236308,1,1,1,1,0,1
0.04236824,1,0,1,1,0,1
0.0423696,1,1,1,1,0,1
0.04237176,1,0,1,1,0,1
0.04237276,1,1,1,1,0,1
0.04237792,1,0,1,1,0,1
0.04237924,1,1,1,1,0,1
0.04238144,1,0,1,1,0,1
0.04238244,1,1,1,1,0,1
0.0423876,1,0,1,1,0,1
0.04238892,1,1,1,1,0,1
0.04239108,1,0,1,1,0,1
0.04239208,1,1,1,1,0,1
0.04239724,1,0,1,1,0,1
0.0423986,1,1,1,1,0,1
0.04240076,1,0,1,1,0,1
0.04240192,1,1,1,1,0,1
0.04240708,1,0,1,1,0,1
0.04240824,1,1,1,1,0,1
0.0424104,1,0,1,1,0,1
0.0424116,1,1,1,1,0,1
0.04241676,1,0,1,1,0,1
0.04241808,1,1,1,1,0,1
0.04242024,1,0,1,1,0,1
0.04242124,1,1,1,1,0,1
0.0424264,1,0,1,1,0,1
0.04242776,1,1,1,1,0,1
0.04242992,1,0,1,1,0,1
0.04243092,1,1,1,1,0,1
0.04243608,1,0,1,1,0,1
0.0424374,1,1,1,1,0,1
0.0424396,1,0,1,1,0,1
0.0424406,1,1,1,1,0,1
0.04244576,1,0,1,1,0,1
0.04244708,1,1,1,1,0,1
0.04244924,1,0,1,1,0,1
0.0424504,1,1,1,1,0,1
0.0424556,1,0,1,1,0,1
0.04245676,1,1,1,1,0,1
0.04245892,1,0,1,1,0,1
0.04246008,1,1,1,1,0,1
0.04246524,1,0,1,1,0,1
0.0424664,1,1,1,1,0,1
0.04246856,1,0,1,1,0,1
0.04246976,1,1,1,1,0,1
0.04247492,1,0,1,1,0,1
0.04247624,1,1,1,1,0,1
0.0424784,1,0,1,1,0,1
0.0424794,1,1,1,1,0,1
0.04248456,1,0,1,1,0,1
0.04248592,1,1,1,1,0,1
0.04248808,1,0,1,1,0,1
0.04248908,1,1,1,1,0,1
0.04249424,1,0,1,1,0,1
0.04249556,1,1,1,1,0,1
0.04249776,1,0,1,1,0,1
0.04249876,1,1,1,1,0,1
0.04250392,1,0,1,1,0,1
0.04250524,1,1,1,1,0,1
0.0425074,1,0,1,1,0,1
0.04250856,1,1,1,1,0,1
0.04251376,1,0,1,1,0,1
0.04251492,1,1,1,1,0,1
0.04251708,1,0,1,1,0,1
0.04251824,1,1,1,1,0,1
0.0425234,1,0,1,1,0,1
0.04252476,1,1,1,1,0,1
0.04252692,1,0,1,1,0,1
0.04252792,1,1,1,1,0,1
0.04253308,1,0,1,1,0,1
0.0425344,1,1,1,1,0,1
0.04253656,1,0,1,1,0,1
0.04253756,1,1,1,1,0,1
0.04254272,1,0,1,1,0,1
0.04254408,1,1,1,1,0,1
0.04254624,1,0,1,1,0,1
0.04254724,1,1,1,1,0,1
0.0425524,1,0,1,1,0,1
0.04255372,1,1,1,1,0,1
0.04255592,1,0,1,1,0,1
0.04255708,1,1,1,1,0,1
0.04256224,1,0,1,1,0,1
0.0425634,1,1,1,1,0,1
0.04256556,1,0,1,1,0,1
0.04256672,1,1,1,1,0,1
0.04257192,1,0,1,1,0,1
0.04257324,1,1,1,1,0,1
0.0425754,1,0,1,1,0,1
0.0425764,1,1,1,1,0,1
0.04258156,1,0,1,1,0,1
0.04258292,1,1,1,1,0,1
0.04258508,1,0,1,1,0,1
0.04258608,1,1,1,1,0,1
0.04259124,1,0,1,1,0,1
0.04259256,1,1,1,1,0,1
0.04259472,1,0,1,1,0,1
0.04259572,1,1,1,1,0,1
0.04260088,1,0,1,1,0,1
0.04260224,1,1,1,1,0,1
0.0426044,1,0,1,1,0,1
0.04260556,1,1,1,1,0,1
0.04261072,1,0,1,1,0,1
0.04261188,1,1,1,1,0,1
0.04261408,1,0,1,1,0,1
0.04261524,1,1,1,1,0,1
0.0426204,1,0,1,1,0,1
0.04262172,1,1,1,1,0,1
0.04262388,1,0,1,1,0,1
0.04262488,1,1,1,1,0,1
0.04263008,1,0,1,1,0,1
0.0426314,1,1,1,1,0,1
0.04263356,1,0,1,1,0,1
0.04263456,1,1,1,1,0,1
0.04263972,1,0,1,1,0,1
0.04264108,1,1,1,1,0,1
0.04264324,1,0,1,1,0,1
0.04264424,1,1,1,1,0,1
0.0426494,1,0,1,1,0,1
0.04265072,1,1,1,1,0,1
0.04265288,1,0,1,1,0,1
0.04265408,1,1,1,1,0,1
0.04265924,1,0,1,1,0,1
0.0426604,1,1,1,1,0,1
0.04266256,1,0,1,1,0,1
0.04266372,1,1,1,1,0,1
0.04266888,1,0,1,1,0,1
0.04267024,1,1,1,1,0,1
0.0426724,1,0,1,1,0,1
0.0426734,1,1,1,1,0,1
0.04267856,1,0,1,1,0,1
0.04267988,1,1,1,1,0,1
0.04268204,1,0,1,1,0,1
0.04268304,1,1,1,1,0,1
0.04268824,1,0,1,1,0,1
0.04268956,1,1,1,1,0,1
0.04269172,1,0,1,1,0,1
0.04269272,1,1,1,1,0,1
0.04269788,1,0,1,1,0,1
0.04269924,1,1,1,1,0,1
0.0427014,1,0,1,1,0,1
0.0427024,1,1,1,1,0,1
0.04270756,1,0,1,1,0,1
0.04270888,1,1,1,1,0,1
0.04271104,1,0,1,1,0,1
0.04271224,1,1,1,1,0,1
0.0427174,1,0,1,1,0,1
0.04271856,1,1,1,1,0,1
0.04272072,1,0,1,1,0,1
0.04272188,1,1,1,1,0,1
0.04272704,1,0,1,1,0,1
0.0427284,1,1,1,1,0,1
0.04273056,1,0,1,1,0,1
0.04273156,1,1,1,1,0,1
0.04273672,1,0,1,1,0,1
0.04273804,1,1,1,1,0,1
0.0427402,1,0,1,1,0,1
0.0427412,1,1,1,1,0,1
0.0427464,1,0,1,1,0,1
0.04274772,1,1,1,1,0,1
0.04274988,1,0,1,1,0,1
0.04275088,1,1,1,1,0,1
0.04275604,1,0,1,1,0,1
0.0427574,1,1,1,1,0,1
0.04275956,1,0,1,1,0,1
0.04276072,1,1,1,1,0,1
0.04276588,1,0,1,1,0,1
0.04276704,1,1,1,1,0,1
0.0427692,1,0,1,1,0,1
0.0427704,1,1,1,1,0,1
0.04277556,1,0,1,1,0,1
0.04277688,1,1,1,1,0,1
0.04277904,1,0,1,1,0,1
0.04278004,1,1,1,1,0,1
0.0427852,1,0,1,1,0,1
0.04278656,1,1,1,1,0,1
0.04278872,1,0,1,1,0,1
0.04278972,1,1,1,1,0,1
0.04279488,1,0,1,1,0,1
0.0427962,1,1,1,1,0,1
0.04279836,1,0,1,1,0,1
0.04279936,1,1,1,1,0,1
0.04280456,1,0,1,1,0,1
0.04280588,1,1,1,1,0,1
0.04280804,1,0,1,1,0,1
0.0428092,1,1,1,1,0,1
0.04281436,1,0,1,1,0,1
0.04281556,1,1,1,1,0,1
0.04281772,1,0,1,1,0,1
0.04281888,1,1,1,1,0,1
0.04282404,1,0,1,1,0,1
0.04282536,1,1,1,1,0,1
0.04282756,1,0,1,1,0,1
0.04282856,1,1,1,1,0,1
0.04283372,1,0,1,1,0,1
0.04283504,1,1,1,1,0,1
0.0428372,1,0,1,1,0,1
0.0428382,1,1,1,1,0,1
0.04284336,1,0,1,1,0,1
0.04284472,1,1,1,1,0,1
0.04284688,1,0,1,1,0,1
0.04284788,1,1,1,1,0,1
0.04285304,1,0,1,1,0,1
0.04285436,1,1,1,1,0,1
0.04285656,1,0,1,1,0,1
0.04285772,1,1,1,1,0,1
0.04286288,1,0,1,1,0,1
0.04286404,1,1,1,1,0,1
0.0428662,1,0,1,1,0,1
0.04286736,1,1,1,1,0,1
0.04287252,1,0,1,1,0,1
0.04287388,1,1,1,1,0,1
0.04287604,1,0,1,1,0,1
0.04287704,1,1,1,1,0,1
0.0428822,1,0,1,1,0,1
0.04288352,1,1,1,1,0,1
0.04288572,1,0,1,1,0,1
0.04288672,1,1,1,1,0,1
0.04289188,1,0,1,1,0,1
0.0428932,1,1,1,1,0,1
0.04289536,1,0,1,1,0,1
0.04289636,1,1,1,1,0,1
0.04290152,1,0,1,1,0,1
0.04290288,1,1,1,1,0,1
0.04290504,1,0,1,1,0,1
0.04290604,1,1,1,1,0,1
0.0429112,1,0,1,1,0,1
0.04291252,1,1,1,1,0,1
0.04291472,1,0,1,1,0,1
0.04291588,1,1,1,1,0,1
0.04292104,1,0,1,1,0,1
0.0429222,1,1,1,1,0,1
0.04292436,1,0,1,1,0,1
0.04292552,1,1,1,1,0,1
0.04293068,1,0,1,1,0,1
0.04293204,1,1,1,1,0,1
0.0429342,1,0,1,1,0,1
0.0429352,1,1,1,1,0,1
0.04294036,1,0,1,1,0,1
0.04294168,1,1,1,1,0,1
0.04294388,1,0,1,1,0,1
0.04294488,1,1,1,1,0,1
0.04295004,1,0,1,1,0,1
0.04295136,1,1,1,1,0,1
0.04295352,1,0,1,1,0,1
0.04295452,1,1,1,1,0,1
0.04295968,1,0,1,1,0,1
0.04296104,1,1,1,1,0,1
0.0429632,1,0,1,1,0,1
0.04296436,1,1,1,1,0,1
0.04296952,1,0,1,1,0,1
0.04297068,1,1,1,1,0,1
0.04297288,1,0,1,1,0,1
0.04297404,1,1,1,1,0,1
0.0429792,1,0,1,1,0,1
0.04298052,1,1,1,1,0,1
0.04298268,1,0,1,1,0,1
0.04298368,1,1,1,1,0,1
0.04298884,1,0,1,1,0,1
0.0429902,1,1,1,1,0,1
0.04299236,1,0,1,1,0,1
0.04299336,1,1,1,1,0,1
0.04299852,1,0,1,1,0,1
0.04299984,1,1,1,1,0,1
0.04300204,1,0,1,1,0,1
0.04300304,1,1,1,1,0,1
0.0430082,1,0,1,1,0,1
0.04300952,1,1,1,1,0,1
0.04301168,1,0,1,1,0,1
0.04301284,1,1,1,1,0,1
0.04301804,1,0,1,1,0,1
0.0430192,1,1,1,1,0,1
0.04302136,1,0,1,1,0,1
0.04302252,1,1,1,1,0,1
0.04302768,1,0,1,1,0,1
0.04302904,1,1,1,1,0,1
0.0430312,1,0,1,1,0,1
0.0430322,1,1,1,1,0,1
0.04303736,1,0,1,1,0,1
0.04303868,1,1,1,1,0,1
0.04304084,1,0,1,1,0,1
0.04304184,1,1,1,1,0,1
0.04304704,1,0,1,1,0,1
0.04304836,1,1,1,1,0,1
0.04305052,1,0,1,1,0,1
0.04305152,1,1,1,1,0,1
0.04305668,1,0,1,1,0,1
0.043058,1,1,1,1,0,1
0.0430602,1,0,1,1,0,1
0.04306136,1,1,1,1,0,1
0.04306652,1,0,1,1,0,1
0.04306768,1,1,1,1,0,1
0.04306984,1,0,1,1,0,1
0.043071,1,1,1,1,0,1
0.0430762,1,0,1,1,0,1
0.04307752,1,1,1,1,0,1
0.04307968,1,0,1,1,0,1
0.04308068,1,1,1,1,0,1
0.04308584,1,0,1,1,0,1
0.0430872,1,1,1,1,0,1
0.04308936,1,0,1,1,0,1
0.04309036,1,1,1,1,0,1
0.04309552,1,0,1,1,0,1
0.04309684,1,1,1,1,0,1
0.043099,1,0,1,1,0,1
0.0431,1,1,1,1,0,1
0.0431052,1,0,1,1,0,1
0.04310652,1,1,1,1,0,1
0.04310868,1,0,1,1,0,1
0.04310968,1,1,1,1,0,1
0.04311484,1,0,1,1,0,1
0.0431162,1,1,1,1,0,1
0.04311836,1,0,1,1,0,1
0.04311952,1,1,1,1,0,1
0.04312468,1,0,1,1,0,1
0.04312584,1,1,1,1,0,1
0.043128,1,0,1,1,0,1
0.04312916,1,1,1,1,0,1
0.04313436,1,0,1,1,0,1
0.04313568,1,1,1,1,0,1
0.04313784,1,0,1,1,0,1
0.04313884,1,1,1,1,0,1
0.043144,1,0,1,1,0,1
0.04314536,1,1,1,1,0,1
0.04314752,1,0,1,1,0,1
0.04314852,1,1,1,1,0,1
0.04315368,1,0,1,1,0,1
0.043155,1,1,1,1,0,1
0.04315716,1,0,1,1,0,1
0.04315816,1,1,1,1,0,1
0.04316336,1,0,1,1,0,1
0.04316468,1,1,1,1,0,1
0.04316684,1,0,1,1,0,1
0.043168,1,1,1,1,0,1
0.04317316,1,0,1,1,0,1
0.04317436,1,1,1,1,0,1
0.04317652,1,0,1,1,0,1
0.04317768,1,1,1,1,0,1
0.04318284,1,0,1,1,0,1
0.04318416,1,1,1,1,0,1
0.04318636,1,0,1,1,0,1
0.04318732,1,1,1,1,0,1
0.04319252,1,0,1,1,0,1
0.04319384,1,1,1,1,0,1
0.043196,1,0,1,1,0,1
0.043197,1,1,1,1,0,1
0.04320216,1,0,1,1,0,1
0.04320352,1,1,1,1,0,1
0.04320568,1,0,1,1,0,1
0.04320668,1,1,1,1,0,1
0.04321184,1,0,1,1,0,1
0.04321316,1,1,1,1,0,1
0.04321532,1,0,1,1,0,1
0.04321652,1,1,1,1,0,1
0.04322168,1,0,1,1,0,1
0.04322284,1,1,1,1,0,1
0.043225,1,0,1,1,0,1
0.04322616,1,1,1,1,0,1
0.04323132,1,0,1,1,0,1
0.04323268,1,1,1,1,0,1
0.04323484,1,0,1,1,0,1
0.04323584,1,1,1,1,0,1
0.043241,1,0,1,1,0,1
0.04324232,1,1,1,1,0,1
0.04324452,1,0,1,1,0,1
0.04324552,1,1,1,1,0,1
0.04325068,1,0,1,1,0,1
0.043252,1,1,1,1,0,1
0.04325416,1,0,1,1,0,1
0.04325516,1,1,1,1,0,1
0.04326032,1,0,1,1,0,1
0.04326168,1,1,1,1,0,1
0.04326384,1,0,1,1,0,1
0.043265,1,1,1,1,0,1
0.04327016,1,0,1,1,0,1
0.04327132,1,1,1,1,0,1
0.04327348,1,0,1,1,0,1
0.04327468,1,1,1,1,0,1
0.04327984,1,0,1,1,0,1
0.04328116,1,1,1,1,0,1
0.04328332,1,0,1,1,0,1
0.04328432,1,1,1,1,0,1
0.04328948,1,0,1,1,0,1
0.04329084,1,1,1,1,0,1
0.043293,1,0,1,1,0,1
0.043294,1,1,1,1,0,1
0.04329916,1,0,1,1,0,1
0.04330048,1,1,1,1,0,1
0.04330268,1,0,1,1,0,1
0.04330368,1,1,1,1,0,1
0.04330884,1,0,1,1,0,1
0.04331016,1,1,1,1,0,1
0.04331232,1,0,1,1,0,1
0.04331348,1,1,1,1,0,1
0.04331864,1,0,1,1,0,1
0.04331984,1,1,1,1,0,1
0.043322,1,0,1,1,0,1
0.04332316,1,1,1,1,0,1
0.04332832,1,0,1,1,0,1
0.04332948,1,1,1,1,0,1
0.04333164,1,0,1,1,0,1
0.04333284,1,1,1,1,0,1
0.043338,1,0,1,1,0,1
0.04333932,1,1,1,1,0,1
0.04334148,1,0,1,1,0,1
0.04334248,1,1,1,1,0,1
0.04334764,1,0,1,1,0,1
0.043349,1,1,1,1,0,1
0.04335116,1,0,1,1,0,1
0.04335216,1,1,1,1,0,1
0.04335732,1,0,1,1,0,1
0.04335864,1,1,1,1,0,1
0.04336084,1,0,1,1,0,1
0.04336184,1,1,1,1,0,1
0.043367,1,0,1,1,0,1
0.04336832,1,1,1,1,0,1
0.04337048,1,0,1,1,0,1
0.04337164,1,1,1,1,0,1
0.04337684,1,0,1,1,0,1
0.043378,1,1,1,1,0,1
0.04338016,1,0,1,1,0,1
0.04338132,1,1,1,1,0,1
0.04338648,1,0,1,1,0,1
0.0433878,1,1,1,1,0,1
0.04339,1,0,1,1,0,1
0.043391,1,1,1,1,0,1
0.04339616,1,0,1,1,0,1
0.04339748,1,1,1,1,0,1
0.04339964,1,0,1,1,0,1
0.04340064,1,1,1,1,0,1
0.0434058,1,0,1,1,0,1
0.04340716,1,1,1,1,0,1
0.04340932,1,0,1,1,0,1
0.04341032,1,1,1,1,0,1
0.04341548,1,0,1,1,0,1
0.0434168,1,1,1,1,0,1
0.043419,1,0,1,1,0,1
0.04342016,1,1,1,1,0,1
0.04342532,1,0,1,1,0,1
0.04342648,1,1,1,1,0,1
0.04342864,1,0,1,1,0,1
0.0434298,1,1,1,1,0,1
0.043435,1,0,1,1,0,1
0.04343632,1,1,1,1,0,1
0.04343848,1,0,1,1,0,1
0.04343948,1,1,1,1,0,1
0.04344464,1,0,1,1,0,1
0.043446,1,1,1,1,0,1
0.04344816,1,0,1,1,0,1
0.04344916,1,1,1,1,0,1
0.04345432,1,0,1,1,0,1
0.04345564,1,1,1,1,0,1
0.0434578,1,0,1,1,0,1
0.0434588,1,1,1,1,0,1
0.04346396,1,0,1,1,0,1
0.04346532,1,1,1,1,0,1
0.04346748,1,0,1,1,0,1
0.04346864,1,1,1,1,0,1
0.0434738,1,0,1,1,0,1
0.04347496,1,1,1,1,0,1
0.04347716,1,0,1,1,0,1
0.04347832,1,1,1,1,0,1
0.04348348,1,0,1,1,0,1
0.0434848,1,1,1,1,0,1
0.04348696,1,0,1,1,0,1
0.04348796,1,1,1,1,0,1
0.04349316,1,0,1,1,0,1
0.04349448,1,1,1,1,0,1
0.04349664,1,0,1,1,0,1
0.04349764,1,1,1,1,0,1
0.0435028,1,0,1,1,0,1
0.04350416,1,1,1,1,0,1
0.04350632,1,0,1,1,0,1
0.04350732,1,1,1,1,0,1
0.04351248,1,0,1,1,0,1
0.0435138,1,1,1,1,0,1
0.04351596,1,0,1,1,0,1
0.04351712,1,1,1,1,0,1
0.04352232,1,0,1,1,0,1
0.04352348,1,1,1,1,0,1
0.04352564,1,0,1,1,0,1
0.0435268,1,1,1,1,0,1
0.04353196,1,0,1,1,0,1
0.04353332,1,1,1,1,0,1
0.04353548,1,0,1,1,0,1
0.04353648,1,1,1,1,0,1
0.04354164,1,0,1,1,0,1
0.04354296,1,1,1,1,0,1
0.04354512,1,0,1,1,0,1
0.04354612,1,1,1,1,0,1
0.04355132,1,0,1,1,0,1
0.04355264,1,1,1,1,0,1
0.0435548,1,0,1,1,0,1
0.0435558,1,1,1,1,0,1
0.04356096,1,0,1,1,0,1
0.04356232,1,1,1,1,0,1
0.04356448,1,0,1,1,0,1
0.04356548,1,1,1,1,0,1
0.04357064,1,0,1,1,0,1
0.04357196,1,1,1,1,0,1
0.04357412,1,0,1,1,0,1
0.04357532,1,1,1,1,0,1
0.04358048,1,0,1,1,0,1
0.04358164,1,1,1,1,0,1
0.0435838,1,0,1,1,0,1
0.04358496,1,1,1,1,0,1
0.04359012,1,0,1,1,0,1
0.04359148,1,1,1,1,0,1
0.04359364,1,0,1,1,0,1
0.04359464,1,1,1,1,0,1
0.0435998,1,0,1,1,0,1
0.04360112,1,1,1,1,0,1
0.04360328,1,0,1,1,0,1
0.04360428,1,1,1,1,0,1
0.04360948,1,0,1,1,0,1
0.0436108,1,1,1,1,0,1
0.04361296,1,0,1,1,0,1
0.04361396,1,1,1,1,0,1
0.04361912,1,0,1,1,0,1
0.04362048,1,1,1,1,0,1
0.04362264,1,0,1,1,0,1
0.0436238,1,1,1,1,0,1
0.04362896,1,0,1,1,0,1
0.04363012,1,1,1,1,0,1
0.04363228,1,0,1,1,0,1
0.04363348,1,1,1,1,0,1
0.04363864,1,0,1,1,0,1
0.04363996,1,1,1,1,0,1
0.04364212,1,0,1,1,0,1
0.04364312,1,1,1,1,0,1
0.04364828,1,0,1,1,0,1
0.04364964,1,1,1,1,0,1
0.0436518,1,0,1,1,0,1
0.0436528,1,1,1,1,0,1
0.04365796,1,0,1,1,0,1
0.04365928,1,1,1,1,0,1
0.04366144,1,0,1,1,0,1
0.04366244,1,1,1,1,0,1
0.04366764,1,0,1,1,0,1
0.04366896,1,1,1,1,0,1
0.04367112,1,0,1,1,0,1
0.04367228,1,1,1,1,0,1
0.04367744,1,0,1,1,0,1
0.04367864,1,1,1,1,0,1
0.0436808,1,0,1,1,0,1
0.04368196,1,1,1,1,0,1
0.04368712,1,0,1,1,0,1
0.04368844,1,1,1,1,0,1
0.04369064,1,0,1,1,0,1
0.04369164,1,1,1,1,0,1
0.0436968,1,0,1,1,0,1
0.04369812,1,1,1,1,0,1
0.04370028,1,0,1,1,0,1
0.04370128,1,1,1,1,0,1
0.04370644,1,0,1,1,0,1
0.0437078,1,1,1,1,0,1
0.04370996,1,0,1,1,0,1
0.04371096,1,1,1,1,0,1
0.04371612,1,0,1,1,0,1
0.04371744,1,1,1,1,0,1
0.0437196,1,0,1,1,0,1
0.0437208,1,1,1,1,0,1
0.04372596,1,0,1,1,0,1
0.04372712,1,1,1,1,0,1
0.04372928,1,0,1,1,0,1
0.04373044,1,1,1,1,0,1
0.0437356,1,0,1,1,0,1
0.04373696,1,1,1,1,0,1
0.04373912,1,0,1,1,0,1
0.04374012,1,1,1,1,0,1
0.04374528,1,0,1,1,0,1
0.0437466,1,1,1,1,0,1
0.0437488,1,0,1,1,0,1
0.0437498,1,1,1,1,0,1
0.04375496,1,0,1,1,0,1
0.04375628,1,1,1,1,0,1
0.04375844,1,0,1,1,0,1
0.04375944,1,1,1,1,0,1
0.0437646,1,0,1,1,0,1
0.04376596,1,1,1,1,0,1
0.04376812,1,0,1,1,0,1
0.04376912,1,1,1,1,0,1
0.04377428,1,0,1,1,0,1
0.0437756,1,1,1,1,0,1
0.04377776,1,0,1,1,0,1
0.04377896,1,1,1,1,0,1
0.04378412,1,0,1,1,0,1
0.04378528,1,1,1,1,0,1
0.04378744,1,0,1,1,0,1
0.0437886,1,1,1,1,0,1
0.04379376,1,0,1,1,0,1
0.04379512,1,1,1,1,0,1
0.04379728,1,0,1,1,0,1
0.04379828,1,1,1,1,0,1
0.04380344,1,0,1,1,0,1
0.04380476,1,1,1,1,0,1
0.04380696,1,0,1,1,0,1
0.04380796,1,1,1,1,0,1
0.04381312,1,0,1,1,0,1
0.04381444,1,1,1,1,0,1
0.0438166,1,0,1,1,0,1
0.0438176,1,1,1,1,0,1
0.04382276,1,0,1,1,0,1
0.04382412,1,1,1,1,0,1
0.04382628,1,0,1,1,0,1
0.04382744,1,1,1,1,0,1
0.0438326,1,0,1,1,0,1
0.04383376,1,1,1,1,0,1
0.04383596,1,0,1,1,0,1
0.04383712,1,1,1,1,0,1
0.04384228,1,0,1,1,0,1
0.0438436,1,1,1,1,0,1
0.04384576,1,0,1,1,0,1
0.04384676,1,1,1,1,0,1
0.04385192,1,0,1,1,0,1
0.04385328,1,1,1,1,0,1
0.04385544,1,0,1,1,0,1
0.04385644,1,1,1,1,0,1
0.0438616,1,0,1,1,0,1
0.04386292,1,1,1,1,0,1
0.04386512,1,0,1,1,0,1
0.04386612,1,1,1,1,0,1
0.04387128,1,0,1,1,0,1
0.0438726,1,1,1,1,0,1
0.04387476,1,0,1,1,0,1
0.04387592,1,1,1,1,0,1
0.04388112,1,0,1,1,0,1
0.04388228,1,1,1,1,0,1
0.04388444,1,0,1,1,0,1
0.0438856,1,1,1,1,0,1
0.04389076,1,0,1,1,0,1
0.04389212,1,1,1,1,0,1
0.04389428,1,0,1,1,0,1
0.04389528,1,1,1,1,0,1
0.04390044,1,0,1,1,0,1
0.04390176,1,1,1,1,0,1
0.04390392,1,0,1,1,0,1
0.04390492,1,1,1,1,0,1
0.04391008,1,0,1,1,0,1
0.04391144,1,1,1,1,0,1
0.0439136,1,0,1,1,0,1
0.0439146,1,1,1,1,0,1
0.04391976,1,0,1,1,0,1
0.04392108,1,1,1,1,0,1
0.04392328,1,0,1,1,0,1
0.04392444,1,1,1,1,0,1
0.0439296,1,0,1,1,0,1
0.04393076,1,1,1,1,0,1
0.04393292,1,0,1,1,0,1
0.04393408,1,1,1,1,0,1
0.04393928,1,0,1,1,0,1
0.0439406,1,1,1,1,0,1
0.04394276,1,0,1,1,0,1
0.04394376,1,1,1,1,0,1
0.04394892,1,0,1,1,0,1
0.04395028,1,1,1,1,0,1
0.04395244,1,0,1,1,0,1
0.04395344,1,1,1,1,0,1
0.0439586,1,0,1,1,0,1
0.04395992,1,1,1,1,0,1
0.04396208,1,0,1,1,0,1
0.04396308,1,1,1,1,0,1
0.04396828,1,0,1,1,0,1
0.0439696,1,1,1,1,0,1
0.04397176,1,0,1,1,0,1
0.04397276,1,1,1,1,0,1
0.04397792,1,0,1,1,0,1
0.04397924,1,1,1,1,0,1
0.04398144,1,0,1,1,0,1
0.0439826,1,1,1,1,0,1
0.04398776,1,0,1,1,0,1
0.04398892,1,1,1,1,0,1
0.04399108,1,0,1,1,0,1
0.04399224,1,1,1,1,0,1
0.04399744,1,0,1,1,0,1
0.04399876,1,1,1,1,0,1
0.04400092,1,0,1,1,0,1
0.04400192,1,1,1,1,0,1
0.04400708,1,0,1,1,0,1
0.04400844,1,1,1,1,0,1
0.0440106,1,0,1,1,0,1
0.0440116,1,1,1,1,0,1
0.04401676,1,0,1,1,0,1
0.04401808,1,1,1,1,0,1
0.04402024,1,0,1,1,0,1
0.04402124,1,1,1,1,0,1
0.04402644,1,0,1,1,0,1
0.04402776,1,1,1,1,0,1
0.04402992,1,0,1,1,0,1
0.04403108,1,1,1,1,0,1
0.04403624,1,0,1,1,0,1
0.04403744,1,1,1,1,0,1
0.0440396,1,0,1,1,0,1
0.04404076,1,1,1,1,0,1
0.04404592,1,0,1,1,0,1
0.04404724,1,1,1,1,0,1
0.0440494,1,0,1,1,0,1
0.0440504,1,1,1,1,0,1
0.0440556,1,0,1,1,0,1
0.04405692,1,1,1,1,0,1
0.04405908,1,0,1,1,0,1
0.04406008,1,1,1,1,0,1
0.04406524,1,0,1,1,0,1
0.0440666,1,1,1,1,0,1
0.04406876,1,0,1,1,0,1
0.04406976,1,1,1,1,0,1
0.04407492,1,0,1,1,0,1
0.04407624,1,1,1,1,0,1
0.0440784,1,0,1,1,0,1
0.0440796,1,1,1,1,0,1
0.04408476,1,0,1,1,0,1
0.04408592,1,1,1,1,0,1
0.04408808,1,0,1,1,0,1
0.04408924,1,1,1,1,0,1
0.0440944,1,0,1,1,0,1
0.04409576,1,1,1,1,0,1
0.04409792,1,0,1,1,0,1
0.04409892,1,1,1,1,0,1
0.04410408,1,0,1,1,0,1
0.0441054,1,1,1,1,0,1
0.04410756,1,0,1,1,0,1
0.04410856,1,1,1,1,0,1
0.04411376,1,0,1,1,0,1
0.04411508,1,1,1,1,0,1
0.04411724,1,0,1,1,0,1
0.04411824,1,1,1,1,0,1
0.0441234,1,0,1,1,0,1
0.04412476,1,1,1,1,0,1
0.04412692,1,0,1,1,0,1
0.04412808,1,1,1,1,0,1
0.04413324,1,0,1,1,0,1
0.0441344,1,1,1,1,0,1
0.04413656,1,0,1,1,0,1
0.04413776,1,1,1,1,0,1
0.04414292,1,0,1,1,0,1
0.04414424,1,1,1,1,0,1
0.0441464,1,0,1,1,0,1
0.0441474,1,1,1,1,0,1
0.04415256,1,0,1,1,0,1
0.04415392,1,1,1,1,0,1
0.04415608,1,0,1,1,0,1
0.04415708,1,1,1,1,0,1
0.04416224,1,0,1,1,0,1
0.04416356,1,1,1,1,0,1
0.04416576,1,0,1,1,0,1
0.04416676,1,1,1,1,0,1
0.04417192,1,0,1,1,0,1
0.04417324,1,1,1,1,0,1
0.0441754,1,0,1,1,0,1
0.04417656,1,1,1,1,0,1
0.04418172,1,0,1,1,0,1
0.04418292,1,1,1,1,0,1
0.04418508,1,0,1,1,0,1
0.04418624,1,1,1,1,0,1
0.0441914,1,0,1,1,0,1
0.04419256,1,1,1,1,0,1
0.04419472,1,0,1,1,0,1
0.04419592,1,1,1,1,0,1
0.04420108,1,0,1,1,0,1
0.0442024,1,1,1,1,0,1
0.04420456,1,0,1,1,0,1
0.04420556,1,1,1,1,0,1
0.04421072,1,0,1,1,0,1
0.04421208,1,1,1,1,0,1
0.04421424,1,0,1,1,0,1
0.04421524,1,1,1,1,0,1
0.0442204,1,0,1,1,0,1
0.04422172,1,1,1,1,0,1
0.04422392,1,0,1,1,0,1
0.04422492,1,1,1,1,0,1
0.04423008,1,0,1,1,0,1
0.0442314,1,1,1,1,0,1
0.04423356,1,0,1,1,0,1
0.04423472,1,1,1,1,0,1
0.04423988,1,0,1,1,0,1
0.04424108,1,1,1,1,0,1
0.04424324,1,0,1,1,0,1
0.0442444,1,1,1,1,0,1
0.04424956,1,0,1,1,0,1
0.04425088,1,1,1,1,0,1
0.04425308,1,0,1,1,0,1
0.04425408,1,1,1,1,0,1
0.04425924,1,0,1,1,0,1
0.04426056,1,1,1,1,0,1
0.04426272,1,0,1,1,0,1
0.04426372,1,1,1,1,0,1
0.04426888,1,0,1,1,0,1
0.04427024,1,1,1,1,0,1
0.0442724,1,0,1,1,0,1
0.0442734,1,1,1,1,0,1
0.04427856,1,0,1,1,0,1
0.04427988,1,1,1,1,0,1
0.04428208,1,0,1,1,0,1
0.04428324,1,1,1,1,0,1
0.0442884,1,0,1,1,0,1
0.04428956,1,1,1,1,0,1
0.04429172,1,0,1,1,0,1
0.04429288,1,1,1,1,0,1
0.04429808,1,0,1,1,0,1
0.0442994,1,1,1,1,0,1
0.04430156,1,0,1,1,0,1
0.04430256,1,1,1,1,0,1
0.04430772,1,0,1,1,0,1
0.04430904,1,1,1,1,0,1
0.04431124,1,0,1,1,0,1
0.04431224,1,1,1,1,0,1
0.0443174,1,0,1,1,0,1
0.04431872,1,1,1,1,0,1
0.04432088,1,0,1,1,0,1
0.04432188,1,1,1,1,0,1
0.04432704,1,0,1,1,0,1
0.0443284,1,1,1,1,0,1
0.04433056,1,0,1,1,0,1
0.04433172,1,1,1,1,0,1
0.04433688,1,0,1,1,0,1
0.04433804,1,1,1,1,0,1
0.04434024,1,0,1,1,0,1
0.0443414,1,1,1,1,0,1
0.04434656,1,0,1,1,0,1
0.04434788,1,1,1,1,0,1
0.04435004,1,0,1,1,0,1
0.04435104,1,1,1,1,0,1
0.04435624,1,0,1,1,0,1
0.04435756,1,1,1,1,0,1
0.04435972,1,0,1,1,0,1
0.04436072,1,1,1,1,0,1
0.04436588,1,0,1,1,0,1
0.04436724,1,1,1,1,0,1
0.0443694,1,0,1,1,0,1
0.0443704,1,1,1,1,0,1
0.04437556,1,0,1,1,0,1
0.04437688,1,1,1,1,0,1
0.04437904,1,0,1,1,0,1
0.0443802,1,1,1,1,0,1
0.0443854,1,0,1,1,0,1
0.04438656,1,1,1,1,0,1
0.04438872,1,0,1,1,0,1
0.04438988,1,1,1,1,0,1
0.04439504,1,0,1,1,0,1
0.0443964,1,1,1,1,0,1
0.04439856,1,0,1,1,0,1
0.04439956,1,1,1,1,0,1
0.04440472,1,0,1,1,0,1
0.04440604,1,1,1,1,0,1
0.0444082,1,0,1,1,0,1
0.0444092,1,1,1,1,0,1
0.0444144,1,0,1,1,0,1
0.04441572,1,1,1,1,0,1
0.04441788,1,0,1,1,0,1
0.04441888,1,1,1,1,0,1
0.04442404,1,0,1,1,0,1
0.0444254,1,1,1,1,0,1
0.04442756,1,0,1,1,0,1
0.04442856,1,1,1,1,0,1
0.04443372,1,0,1,1,0,1
0.04443504,1,1,1,1,0,1
0.0444372,1,0,1,1,0,1
0.04443836,1,1,1,1,0,1
0.04444356,1,0,1,1,0,1
0.04444472,1,1,1,1,0,1
0.04444688,1,0,1,1,0,1
0.04444804,1,1,1,1,0,1
0.0444532,1,0,1,1,0,1
0.04445456,1,1,1,1,0,1
0.04445672,1,0,1,1,0,1
0.04445772,1,1,1,1,0,1
0.04446288,1,0,1,1,0,1
0.0444642,1,1,1,1,0,1
0.04446636,1,0,1,1,0,1
0.04446736,1,1,1,1,0,1
0.04447256,1,0,1,1,0,1
0.04447388,1,1,1,1,0,1
0.04447604,1,0,1,1,0,1
0.04447704,1,1,1,1,0,1
0.0444822,1,0,1,1,0,1
0.04448356,1,1,1,1,0,1
0.04448572,1,0,1,1,0,1
0.04448688,1,1,1,1,0,1
0.04449204,1,0,1,1,0,1
0.0444932,1,1,1,1,0,1
0.04449536,1,0,1,1,0,1
0.04449652,1,1,1,1,0,1
0.04450172,1,0,1,1,0,1
0.04450304,1,1,1,1,0,1
0.0445052,1,0,1,1,0,1
0.0445062,1,1,1,1,0,1
0.04451136,1,0,1,1,0,1
0.04451272,1,1,1,1,0,1
0.04451488,1,0,1,1,0,1
0.04451588,1,1,1,1,0,1
0.04452104,1,0,1,1,0,1
0.04452236,1,1,1,1,0,1
0.04452452,1,0,1,1,0,1
0.04452552,1,1,1,1,0,1
0.04453072,1,0,1,1,0,1
0.04453204,1,1,1,1,0,1
0.0445342,1,0,1,1,0,1
0.04453536,1,1,1,1,0,1
0.04454052,1,0,1,1,0,1
0.04454172,1,1,1,1,0,1
0.04454388,1,0,1,1,0,1
0.04454504,1,1,1,1,0,1
0.0445502,1,0,1,1,0,1
0.04455152,1,1,1,1,0,1
0.04455372,1,0,1,1,0,1
0.04455472,1,1,1,1,0,1
0.04455988,1,0,1,1,0,1
0.0445612,1,1,1,1,0,1
0.04456336,1,0,1,1,0,1
0.04456436,1,1,1,1,0,1
0.04456952,1,0,1,1,0,1
0.04457088,1,1,1,1,0,1
0.04457304,1,0,1,1,0,1
0.04457404,1,1,1,1,0,1
0.0445792,1,0,1,1,0,1
0.04458052,1,1,1,1,0,1
0.04458268,1,0,1,1,0,1
0.04458388,1,1,1,1,0,1
0.04458904,1,0,1,1,0,1
0.0445902,1,1,1,1,0,1
0.04459236,1,0,1,1,0,1
0.04459352,1,1,1,1,0,1
0.04459868,1,0,1,1,0,1
0.04460004,1,1,1,1,0,1
0.0446022,1,0,1,1,0,1
0.0446032,1,1,1,1,0,1
0.04460836,1,0,1,1,0,1
0.04460968,1,1,1,1,0,1
0.04461188,1,0,1,1,0,1
0.04461288,1,1,1,1,0,1
0.04461804,1,0,1,1,0,1
0.04461936,1,1,1,1,0,1
0.04462152,1,0,1,1,0,1
0.04462252,1,1,1,1,0,1
0.04462768,1,0,1,1,0,1
0.04462904,1,1,1,1,0,1
0.0446312,1,0,1,1,0,1
0.0446322,1,1,1,1,0,1
0.04463736,1,0,1,1,0,1
0.04463868,1,1,1,1,0,1
0.04464084,1,0,1,1,0,1
0.04464204,1,1,1,1,0,1
0.0446472,1,0,1,1,0,1
0.04464836,1,1,1,1,0,1
0.04465052,1,0,1,1,0,1
0.04465168,1,1,1,1,0,1
0.04465684,1,0,1,1,0,1
0.0446582,1,1,1,1,0,1
0.04466036,1,0,1,1,0,1
0.04466136,1,1,1,1,0,1
0.04466652,1,0,1,1,0,1
0.04466784,1,1,1,1,0,1
0.04467004,1,0,1,1,0,1
0.04467104,1,1,1,1,0,1
0.0446762,1,0,1,1,0,1
0.04467752,1,1,1,1,0,1
0.04467968,1,0,1,1,0,1
0.04468068,1,1,1,1,0,1
0.04468584,1,0,1,1,0,1
0.0446872,1,1,1,1,0,1
0.04468936,1,0,1,1,0,1
0.04469052,1,1,1,1,0,1
0.04469568,1,0,1,1,0,1
0.04469684,1,1,1,1,0,1
0.04469904,1,0,1,1,0,1
0.0447002,1,1,1,1,0,1
0.04470536,1,0,1,1,0,1
0.04470668,1,1,1,1,0,1
0.04470884,1,0,1,1,0,1
0.04470984,1,1,1,1,0,1
0.044715,1,0,1,1,0,1
0.04471636,1,1,1,1,0,1
0.04471852,1,0,1,1,0,1
0.04471952,1,1,1,1,0,1
0.04472468,1,0,1,1,0,1
0.044726,1,1,1,1,0,1
0.0447282,1,0,1,1,0,1
0.0447292,1,1,1,1,0,1
0.04473436,1,0,1,1,0,1
0.04473568,1,1,1,1,0,1
0.04473784,1,0,1,1,0,1
0.044739,1,1,1,1,0,1
0.0447442,1,0,1,1,0,1
0.04474536,1,1,1,1,0,1
0.04474752,1,0,1,1,0,1
0.04474868,1,1,1,1,0,1
0.04475384,1,0,1,1,0,1
0.0447552,1,1,1,1,0,1
0.04475736,1,0,1,1,0,1
0.04475836,1,1,1,1,0,1
0.04476352,1,0,1,1,0,1
0.04476484,1,1,1,1,0,1
0.044767,1,0,1,1,0,1
0.044768,1,1,1,1,0,1
0.04477316,1,0,1,1,0,1
0.04477452,1,1,1,1,0,1
0.04477668,1,0,1,1,0,1
0.04477768,1,1,1,1,0,1
0.04478284,1,0,1,1,0,1
0.04478416,1,1,1,1,0,1
0.04478636,1,0,1,1,0,1
0.04478752,1,1,1,1,0,1
0.04479268,1,0,1,1,0,1
0.04479384,1,1,1,1,0,1
0.044796,1,0,1,1,0,1
0.04479716,1,1,1,1,0,1
0.04480236,1,0,1,1,0,1
0.04480368,1,1,1,1,0,1
0.04480584,1,0,1,1,0,1
0.04480684,1,1,1,1,0,1
0.044812,1,0,1,1,0,1
0.04481336,1,1,1,1,0,1
0.04481552,1,0,1,1,0,1
0.04481652,1,1,1,1,0,1
0.04482168,1,0,1,1,0,1
0.044823,1,1,1,1,0,1
0.04482516,1,0,1,1,0,1
0.04482616,1,1,1,1,0,1
0.04483132,1,0,1,1,0,1
0.04483268,1,1,1,1,0,1
0.04483484,1,0,1,1,0,1
0.04483584,1,1,1,1,0,1
0.044841,1,0,1,1,0,1
0.04484232,1,1,1,1,0,1
0.04484452,1,0,1,1,0,1
0.04484568,1,1,1,1,0,1
0.04485084,1,0,1,1,0,1
0.044852,1,1,1,1,0,1
0.04485416,1,0,1,1,0,1
0.04485532,1,1,1,1,0,1
0.04486052,1,0,1,1,0,1
0.04486184,1,1,1,1,0,1
0.044864,1,0,1,1,0,1
0.044865,1,1,1,1,0,1
0.04487016,1,0,1,1,0,1
0.04487152,1,1,1,1,0,1
0.04487368,1,0,1,1,0,1
0.04487468,1,1,1,1,0,1
0.04487984,1,0,1,1,0,1
0.04488116,1,1,1,1,0,1
0.04488332,1,0,1,1,0,1
0.04488432,1,1,1,1,0,1
0.04488952,1,0,1,1,0,1
0.04489084,1,1,1,1,0,1
0.044893,1,0,1,1,0,1
0.04489416,1,1,1,1,0,1
0.04489932,1,0,1,1,0,1
0.04490048,1,1,1,1,0,1
0.04490268,1,0,1,1,0,1
0.04490384,1,1,1,1,0,1
0.044909,1,0,1,1,0,1
0.04491032,1,1,1,1,0,1
0.04491248,1,0,1,1,0,1
0.04491348,1,1,1,1,0,1
0.04491868,1,0,1,1,0,1
0.04492,1,1,1,1,0,1
0.04492216,1,0,1,1,0,1
0.04492316,1,1,1,1,0,1
0.04492832,1,0,1,1,0,1
0.04492968,1,1,1,1,0,1
0.04493184,1,0,1,1,0,1
0.04493284,1,1,1,1,0,1
0.044938,1,0,1,1,0,1
0.04493932,1,1,1,1,0,1
0.04494148,1,0,1,1,0,1
0.04494268,1,1,1,1,0,1
0.04494784,1,0,1,1,0,1
0.044949,1,1,1,1,0,1
0.04495116,1,0,1,1,0,1
0.04495232,1,1,1,1,0,1
0.04495748,1,0,1,1,0,1
0.04495884,1,1,1,1,0,1
0.044961,1,0,1,1,0,1
0.044962,1,1,1,1,0,1
0.04496716,1,0,1,1,0,1
0.04496848,1,1,1,1,0,1
0.04497064,1,0,1,1,0,1
0.04497164,1,1,1,1,0,1
0.04497684,1,0,1,1,0,1
0.04497816,1,1,1,1,0,1
0.04498032,1,0,1,1,0,1
0.04498132,1,1,1,1,0,1
0.04498648,1,0,1,1,0,1
0.04498784,1,1,1,1,0,1
0.04499,1,0,1,1,0,1
0.04499116,1,1,1,1,0,1
0.04499632,1,0,1,1,0,1
0.04499748,1,1,1,1,0,1
0.04499964,1,0,1,1,0,1
0.04500084,1,1,1,1,0,1
0.045006,1,0,1,1,0,1
0.04500732,1,1,1,1,0,1
0.04500948,1,0,1,1,0,1
0.04501048,1,1,1,1,0,1
0.04501564,1,0,1,1,0,1
0.045017,1,1,1,1,0,1
0.04501916,1,0,1,1,0,1
0.04502016,1,1,1,1,0,1
0.04502532,1,0,1,1,0,1
0.04502664,1,1,1,1,0,1
0.0450288,1,0,1,1,0,1
0.0450298,1,1,1,1,0,1
0.045035,1,0,1,1,0,1
0.04503632,1,1,1,1,0,1
0.04503848,1,0,1,1,0,1
0.04503964,1,1,1,1,0,1
0.0450448,1,0,1,1,0,1
0.045046,1,1,1,1,0,1
0.04504816,1,0,1,1,0,1
0.04504932,1,1,1,1,0,1
0.04505448,1,0,1,1,0,1
0.04505564,1,1,1,1,0,1
0.0450578,1,0,1,1,0,1
0.045059,1,1,1,1,0,1
0.04506416,1,0,1,1,0,1
0.04506548,1,1,1,1,0,1
0.04506764,1,0,1,1,0,1
0.04506864,1,1,1,1,0,1
0.0450738,1,0,1,1,0,1
0.04507516,1,1,1,1,0,1
0.04507732,1,0,1,1,0,1
0.04507832,1,1,1,1,0,1
0.04508348,1,0,1,1,0,1
0.0450848,1,1,1,1,0,1
0.045087,1,0,1,1,0,1
0.04508796,1,1,1,1,0,1
0.04509316,1,0,1,1,0,1
0.04509448,1,1,1,1,0,1
0.04509664,1,0,1,1,0,1
0.0450978,1,1,1,1,0,1
0.04510296,1,0,1,1,0,1
0.04510416,1,1,1,1,0,1
0.04510632,1,0,1,1,0,1
0.04510748,1,1,1,1,0,1
0.04511264,1,0,1,1,0,1
0.04511396,1,1,1,1,0,1
0.04511616,1,0,1,1,0,1
0.04511716,1,1,1,1,0,1
0.04512232,1,0,1,1,0,1
0.04512364,1,1,1,1,0,1
0.0451258,1,0,1,1,0,1
0.0451268,1,1,1,1,0,1
0.04513196,1,0,1,1,0,1
0.04513332,1,1,1,1,0,1
0.04513548,1,0,1,1,0,1
0.04513648,1,1,1,1,0,1
0.04514164,1,0,1,1,0,1
0.04514296,1,1,1,1,0,1
0.04514516,1,0,1,1,0,1
0.04514632,1,1,1,1,0,1
0.04515148,1,0,1,1,0,1
0.04515264,1,1,1,1,0,1
0.0451548,1,0,1,1,0,1
0.04515596,1,1,1,1,0,1
0.04516112,1,0,1,1,0,1
0.04516248,1,1,1,1,0,1
0.04516464,1,0,1,1,0,1
0.04516564,1,1,1,1,0,1
0.0451708,1,0,1,1,0,1
0.04517212,1,1,1,1,0,1
0.04517432,1,0,1,1,0,1
0.04517532,1,1,1,1,0,1
0.04518048,1,0,1,1,0,1
0.0451818,1,1,1,1,0,1
0.04518396,1,0,1,1,0,1
0.04518496,1,1,1,1,0,1
0.04519012,1,0,1,1,0,1
0.04519148,1,1,1,1,0,1
0.04519364,1,0,1,1,0,1
0.0451948,1,1,1,1,0,1
0.04519996,1,0,1,1,0,1
0.04520112,1,1,1,1,0,1
0.04520332,1,0,1,1,0,1
0.04520448,1,1,1,1,0,1
0.04520964,1,0,1,1,0,1
0.04521096,1,1,1,1,0,1
0.04521312,1,0,1,1,0,1
0.04521412,1,1,1,1,0,1
0.04521932,1,0,1,1,0,1
0.04522064,1,1,1,1,0,1
0.0452228,1,0,1,1,0,1
0.0452238,1,1,1,1,0,1
0.04522896,1,0,1,1,0,1
0.04523028,1,1,1,1,0,1
0.04523248,1,0,1,1,0,1
0.04523348,1,1,1,1,0,1
0.04523864,1,0,1,1,0,1
0.04523996,1,1,1,1,0,1
0.04524212,1,0,1,1,0,1
0.04524328,1,1,1,1,0,1
0.04524848,1,0,1,1,0,1
0.04524964,1,1,1,1,0,1
0.0452518,1,0,1,1,0,1
0.04525296,1,1,1,1,0,1
0.04525812,1,0,1,1,0,1
0.04525948,1,1,1,1,0,1
0.04526164,1,0,1,1,0,1
0.04526264,1,1,1,1,0,1
0.0452678,1,0,1,1,0,1
0.04526912,1,1,1,1,0,1
0.04527128,1,0,1,1,0,1
0.04527228,1,1,1,1,0,1
0.04527748,1,0,1,1,0,1
0.0452788,1,1,1,1,0,1
0.04528096,1,0,1,1,0,1
0.04528196,1,1,1,1,0,1
0.04528712,1,0,1,1,0,1
0.04528844,1,1,1,1,0,1
0.04529064,1,0,1,1,0,1
0.04529164,1,1,1,1,0,1
0.0452968,1,0,1,1,0,1
0.04529812,1,1,1,1,0,1
0.04530028,1,0,1,1,0,1
0.04530144,1,1,1,1,0,1
0.04530664,1,0,1,1,0,1
0.0453078,1,1,1,1,0,1
0.04530996,1,0,1,1,0,1
0.04531112,1,1,1,1,0,1
0.04531628,1,0,1,1,0,1
0.04531764,1,1,1,1,0,1
0.0453198,1,0,1,1,0,1
0.0453208,1,1,1,1,0,1
0.04532596,1,0,1,1,0,1
0.04532728,1,1,1,1,0,1
0.04532944,1,0,1,1,0,1
0.04533044,1,1,1,1,0,1
0.04533564,1,0,1,1,0,1
0.04533696,1,1,1,1,0,1
0.04533912,1,0,1,1,0,1
0.04534012,1,1,1,1,0,1
0.04534528,1,0,1,1,0,1
0.04534664,1,1,1,1,0,1
0.0453488,1,0,1,1,0,1
0.04534996,1,1,1,1,0,1
0.04535512,1,0,1,1,0,1
0.04535628,1,1,1,1,0,1
0.04535844,1,0,1,1,0,1
0.0453596,1,1,1,1,0,1
0.0453648,1,0,1,1,0,1
0.04536612,1,1,1,1,0,1
0.04536828,1,0,1,1,0,1
0.04536928,1,1,1,1,0,1
0.04537444,1,0,1,1,0,1
0.0453758,1,1,1,1,0,1
0.04537796,1,0,1,1,0,1
0.04537896,1,1,1,1,0,1
0.04538412,1,0,1,1,0,1
0.04538544,1,1,1,1,0,1
0.0453876,1,0,1,1,0,1
0.0453886,1,1,1,1,0,1
0.0453938,1,0,1,1,0,1
0.04539512,1,1,1,1,0,1
0.04539728,1,0,1,1,0,1
0.04539844,1,1,1,1,0,1
0.0454036,1,0,1,1,0,1
0.0454048,1,1,1,1,0,1
0.04540696,1,0,1,1,0,1
0.04540812,1,1,1,1,0,1
0.04541328,1,0,1,1,0,1
0.0454146,1,1,1,1,0,1
0.0454168,1,0,1,1,0,1
0.04541776,1,1,1,1,0,1
0.04542296,1,0,1,1,0,1
0.04542428,1,1,1,1,0,1
0.04542644,1,0,1,1,0,1
0.04542744,1,1,1,1,0,1
0.0454326,1,0,1,1,0,1
0.04543396,1,1,1,1,0,1
0.04543612,1,0,1,1,0,1
0.04543712,1,1,1,1,0,1
0.04544228,1,0,1,1,0,1
0.0454436,1,1,1,1,0,1
0.04544576,1,0,1,1,0,1
0.04544696,1,1,1,1,0,1
0.04545212,1,0,1,1,0,1
0.04545328,1,1,1,1,0,1
0.04545544,1,0,1,1,0,1
0.0454566,1,1,1,1,0,1
0.04546176,1,0,1,1,0,1
0.04546312,1,1,1,1,0,1
0.04546528,1,0,1,1,0,1
0.04546628,1,1,1,1,0,1
0.04547144,1,0,1,1,0,1
0.04547276,1,1,1,1,0,1
0.04547496,1,0,1,1,0,1
0.04547596,1,1,1,1,0,1
0.04548112,1,0,1,1,0,1
0.04548244,1,1,1,1,0,1
0.0454846,1,0,1,1,0,1
0.0454856,1,1,1,1,0,1
0.04549076,1,0,1,1,0,1
0.04549212,1,1,1,1,0,1
0.04549428,1,0,1,1,0,1
0.04549528,1,1,1,1,0,1
0.04550044,1,0,1,1,0,1
0.04550176,1,1,1,1,0,1
0.04550392,1,0,1,1,0,1
0.04550512,1,1,1,1,0,1
0.04551028,1,0,1,1,0,1
0.04551144,1,1,1,1,0,1
0.0455136,1,0,1,1,0,1
0.04551476,1,1,1,1,0,1
0.04551992,1,0,1,1,0,1
0.04552128,1,1,1,1,0,1
0.04552344,1,0,1,1,0,1
0.04552444,1,1,1,1,0,1
0.0455296,1,0,1,1,0,1
0.04553092,1,1,1,1,0,1
0.04553312,1,0,1,1,0,1
0.04553412,1,1,1,1,0,1
0.04553928,1,0,1,1,0,1
0.0455406,1,1,1,1,0,1
0.04554276,1,0,1,1,0,1
0.04554376,1,1,1,1,0,1
0.04554892,1,0,1,1,0,1
0.04555028,1,1,1,1,0,1
0.04555244,1,0,1,1,0,1
0.0455536,1,1,1,1,0,1
0.04555876,1,0,1,1,0,1
0.04555992,1,1,1,1,0,1
0.04556208,1,0,1,1,0,1
0.04556328,1,1,1,1,0,1
0.04556844,1,0,1,1,0,1
0.04556976,1,1,1,1,0,1
0.04557192,1,0,1,1,0,1
0.04557292,1,1,1,1,0,1
0.04557808,1,0,1,1,0,1
0.04557944,1,1,1,1,0,1
0.0455816,1,0,1,1,0,1
0.0455826,1,1,1,1,0,1
0.04558776,1,0,1,1,0,1
0.04558908,1,1,1,1,0,1
0.04559128,1,0,1,1,0,1
0.04559228,1,1,1,1,0,1
0.04559744,1,0,1,1,0,1
0.04559876,1,1,1,1,0,1
0.04560092,1,0,1,1,0,1
0.04560208,1,1,1,1,0,1
0.04560728,1,0,1,1,0,1
0.04560844,1,1,1,1,0,1
0.0456106,1,0,1,1,0,1
0.04561176,1,1,1,1,0,1
0.04561692,1,0,1,1,0,1
0.04561824,1,1,1,1,0,1
0.04562044,1,0,1,1,0,1
0.04562144,1,1,1,1,0,1
0.0456266,1,0,1,1,0,1
0.04562792,1,1,1,1,0,1
0.04563008,1,0,1,1,0,1
0.04563108,1,1,1,1,0,1
0.04563624,1,0,1,1,0,1
0.0456376,1,1,1,1,0,1
0.04563976,1,0,1,1,0,1
0.04564076,1,1,1,1,0,1
0.04564592,1,0,1,1,0,1
0.04564724,1,1,1,1,0,1
0.04564944,1,0,1,1,0,1
0.0456506,1,1,1,1,0,1
0.04565576,1,0,1,1,0,1
0.04565692,1,1,1,1,0,1
0.04565908,1,0,1,1,0,1
0.04566024,1,1,1,1,0,1
0.04566544,1,0,1,1,0,1
0.04566676,1,1,1,1,0,1
0.04566892,1,0,1,1,0,1
0.04566992,1,1,1,1,0,1
0.04567508,1,0,1,1,0,1
0.04567644,1,1,1,1,0,1
0.0456786,1,0,1,1,0,1
0.0456796,1,1,1,1,0,1
0.04568476,1,0,1,1,0,1
0.04568608,1,1,1,1,0,1
0.04568824,1,0,1,1,0,1
0.04568924,1,1,1,1,0,1
0.0456944,1,0,1,1,0,1
0.04569576,1,1,1,1,0,1
0.04569792,1,0,1,1,0,1
0.04569892,1,1,1,1,0,1
0.04570408,1,0,1,1,0,1
0.0457054,1,1,1,1,0,1
0.0457076,1,0,1,1,0,1
0.04570876,1,1,1,1,0,1
0.04571392,1,0,1,1,0,1
0.04571508,1,1,1,1,0,1
0.04571724,1,0,1,1,0,1
0.0457184,1,1,1,1,0,1
0.0457236,1,0,1,1,0,1
0.04572492,1,1,1,1,0,1
0.04572708,1,0,1,1,0,1
0.04572808,1,1,1,1,0,1
0.04573324,1,0,1,1,0,1
0.0457346,1,1,1,1,0,1
0.04573676,1,0,1,1,0,1
0.04573776,1,1,1,1,0,1
0.04574292,1,0,1,1,0,1
0.04574424,1,1,1,1,0,1
0.0457464,1,0,1,1,0,1
0.0457474,1,1,1,1,0,1
0.04575256,1,0,1,1,0,1
0.04575392,1,1,1,1,0,1
0.04575608,1,0,1,1,0,1
0.04575724,1,1,1,1,0,1
0.0457624,1,0,1,1,0,1
0.04576356,1,1,1,1,0,1
0.04576576,1,0,1,1,0,1
0.04576692,1,1,1,1,0,1
0.04577208,1,0,1,1,0,1
0.0457734,1,1,1,1,0,1
0.04577556,1,0,1,1,0,1
0.04577656,1,1,1,1,0,1
0.04578176,1,0,1,1,0,1
0.04578308,1,1,1,1,0,1
0.04578524,1,0,1,1,0,1
0.04578624,1,1,1,1,0,1
0.0457914,1,0,1,1,0,1
0.04579276,1,1,1,1,0,1
0.04579492,1,0,1,1,0,1
0.04579592,1,1,1,1,0,1
0.04580108,1,0,1,1,0,1
0.0458024,1,1,1,1,0,1
0.04580456,1,0,1,1,0,1
0.04580576,1,1,1,1,0,1
0.04581092,1,0,1,1,0,1
0.04581208,1,1,1,1,0,1
0.04581424,1,0,1,1,0,1
0.0458154,1,1,1,1,0,1
0.04582056,1,0,1,1,0,1
0.04582192,1,1,1,1,0,1
0.04582408,1,0,1,1,0,1
0.04582508,1,1,1,1,0,1
0.04583024,1,0,1,1,0,1
0.04583156,1,1,1,1,0,1
0.04583372,1,0,1,1,0,1
0.04583472,1,1,1,1,0,1
0.04583992,1,0,1,1,0,1
0.04584124,1,1,1,1,0,1
0.0458434,1,0,1,1,0,1
0.0458444,1,1,1,1,0,1
0.04584956,1,0,1,1,0,1
0.04585092,1,1,1,1,0,1
0.04585308,1,0,1,1,0,1
0.04585424,1,1,1,1,0,1
0.0458594,1,0,1,1,0,1
0.04586056,1,1,1,1,0,1
0.04586272,1,0,1,1,0,1
0.04586392,1,1,1,1,0,1
0.04586908,1,0,1,1,0,1
0.0458704,1,1,1,1,0,1
0.04587256,1,0,1,1,0,1
0.04587356,1,1,1,1,0,1
0.04587872,1,0,1,1,0,1
0.04588008,1,1,1,1,0,1
0.04588224,1,0,1,1,0,1
0.04588324,1,1,1,1,0,1
0.0458884,1,0,1,1,0,1
0.04588972,1,1,1,1,0,1
0.04589188,1,0,1,1,0,1
0.04589288,1,1,1,1,0,1
0.04589808,1,0,1,1,0,1
0.0458994,1,1,1,1,0,1
0.04590156,1,0,1,1,0,1
0.04590272,1,1,1,1,0,1
0.04590788,1,0,1,1,0,1
0.04590908,1,1,1,1,0,1
0.04591124,1,0,1,1,0,1
0.0459124,1,1,1,1,0,1
0.04591756,1,0,1,1,0,1
0.04591872,1,1,1,1,0,1
0.04592088,1,0,1,1,0,1
0.04592208,1,1,1,1,0,1
0.04592724,1,0,1,1,0,1
0.04592856,1,1,1,1,0,1
0.04593072,1,0,1,1,0,1
0.04593172,1,1,1,1,0,1
0.04593688,1,0,1,1,0,1
0.04593824,1,1,1,1,0,1
0.0459404,1,0,1,1,0,1
0.0459414,1,1,1,1,0,1
0.04594656,1,0,1,1,0,1
0.04594788,1,1,1,1,0,1
0.04595004,1,0,1,1,0,1
0.04595104,1,1,1,1,0,1
0.04595624,1,0,1,1,0,1
0.04595756,1,1,1,1,0,1
0.04595972,1,0,1,1,0,1
0.04596088,1,1,1,1,0,1
0.04596604,1,0,1,1,0,1
0.04596724,1,1,1,1,0,1
0.0459694,1,0,1,1,0,1
0.04597056,1,1,1,1,0,1
0.04597572,1,0,1,1,0,1
0.04597704,1,1,1,1,0,1
0.04597924,1,0,1,1,0,1
0.04598024,1,1,1,1,0,1
0.0459854,1,0,1,1,0,1
0.04598672,1,1,1,1,0,1
0.04598888,1,0,1,1,0,1
0.04598988,1,1,1,1,0,1
0.04599504,1,0,1,1,0,1
0.0459964,1,1,1,1,0,1
0.04599856,1,0,1,1,0,1
0.04599956,1,1,1,1,0,1
0.04600472,1,0,1,1,0,1
0.04600604,1,1,1,1,0,1
0.04600824,1,0,1,1,0,1
0.0460094,1,1,1,1,0,1
0.04601456,1,0,1,1,0,1
0.04601572,1,1,1,1,0,1
0.04601788,1,0,1,1,0,1
0.04601904,1,1,1,1,0,1
0.0460242,1,0,1,1,0,1
0.04602556,1,1,1,1,0,1
0.04602772,1,0,1,1,0,1
0.04602872,1,1,1,1,0,1
0.04603388,1,0,1,1,0,1
0.0460352,1,1,1,1,0,1
0.0460374,1,0,1,1,0,1
0.0460384,1,1,1,1,0,1
0.04604356,1,0,1,1,0,1
0.04604488,1,1,1,1,0,1
0.04604704,1,0,1,1,0,1
0.04604804,1,1,1,1,0,1
0.0460532,1,0,1,1,0,1
0.04605456,1,1,1,1,0,1
0.04605672,1,0,1,1,0,1
0.04605788,1,1,1,1,0,1
0.04606304,1,0,1,1,0,1
0.0460642,1,1,1,1,0,1
0.0460664,1,0,1,1,0,1
0.04606756,1,1,1,1,0,1
0.04607272,1,0,1,1,0,1
0.04607404,1,1,1,1,0,1
0.0460762,1,0,1,1,0,1
0.0460772,1,1,1,1,0,1
0.04608236,1,0,1,1,0,1
0.04608372,1,1,1,1,0,1
0.04608588,1,0,1,1,0,1
0.04608688,1,1,1,1,0,1
0.04609204,1,0,1,1,0,1
0.04609336,1,1,1,1,0,1
0.04609556,1,0,1,1,0,1
0.04609656,1,1,1,1,0,1
0.04610172,1,0,1,1,0,1
0.04610304,1,1,1,1,0,1
0.0461052,1,0,1,1,0,1
0.04610636,1,1,1,1,0,1
0.04611156,1,0,1,1,0,1
0.04611272,1,1,1,1,0,1
0.04611488,1,0,1,1,0,1
0.04611604,1,1,1,1,0,1
0.0461212,1,0,1,1,0,1
0.04612256,1,1,1,1,0,1
0.04612472,1,0,1,1,0,1
0.04612572,1,1,1,1,0,1
0.04613088,1,0,1,1,0,1
0.0461322,1,1,1,1,0,1
0.04613436,1,0,1,1,0,1
0.04613536,1,1,1,1,0,1
0.04614056,1,0,1,1,0,1
0.04614188,1,1,1,1,0,1
0.04614404,1,0,1,1,0,1
0.04614504,1,1,1,1,0,1
0.0461502,1,0,1,1,0,1
0.04615152,1,1,1,1,0,1
0.04615372,1,0,1,1,0,1
0.04615472,1,1,1,1,0,1
0.04615988,1,0,1,1,0,1
0.0461612,1,1,1,1,0,1
0.04616336,1,0,1,1,0,1
0.04616452,1,1,1,1,0,1
0.04616972,1,0,1,1,0,1
0.04617088,1,1,1,1,0,1
0.04617304,1,0,1,1,0,1
0.0461742,1,1,1,1,0,1
0.04617936,1,0,1,1,0,1
0.04618072,1,1,1,1,0,1
0.04618288,1,0,1,1,0,1
0.04618388,1,1,1,1,0,1
0.04618904,1,0,1,1,0,1
0.04619036,1,1,1,1,0,1
0.04619252,1,0,1,1,0,1
0.04619352,1,1,1,1,0,1
0.04619872,1,0,1,1,0,1
0.04620004,1,1,1,1,0,1
0.0462022,1,0,1,1,0,1
0.0462032,1,1,1,1,0,1
0.04620836,1,0,1,1,0,1
0.04620968,1,1,1,1,0,1
0.04621188,1,0,1,1,0,1
0.04621304,1,1,1,1,0,1
0.0462182,1,0,1,1,0,1
0.04621936,1,1,1,1,0,1
0.04622152,1,0,1,1,0,1
0.04622268,1,1,1,1,0,1
0.04622788,1,0,1,1,0,1
0.0462292,1,1,1,1,0,1
0.04623136,1,0,1,1,0,1
0.04623236,1,1,1,1,0,1
0.04623752,1,0,1,1,0,1
0.04623888,1,1,1,1,0,1
0.04624104,1,0,1,1,0,1
0.04624204,1,1,1,1,0,1
0.0462472,1,0,1,1,0,1
0.04624852,1,1,1,1,0,1
0.04625068,1,0,1,1,0,1
0.04625168,1,1,1,1,0,1
0.04625688,1,0,1,1,0,1
0.0462582,1,1,1,1,0,1
0.04626036,1,0,1,1,0,1
0.04626152,1,1,1,1,0,1
0.04626668,1,0,1,1,0,1
0.04626788,1,1,1,1,0,1
0.04627004,1,0,1,1,0,1
0.0462712,1,1,1,1,0,1
0.04627636,1,0,1,1,0,1
0.04627768,1,1,1,1,0,1
0.04627984,1,0,1,1,0,1
0.04628084,1,1,1,1,0,1
0.04628604,1,0,1,1,0,1
0.04628736,1,1,1,1,0,1
0.04628952,1,0,1,1,0,1
0.04629052,1,1,1,1,0,1
0.04629568,1,0,1,1,0,1
0.04629704,1,1,1,1,0,1
0.0462992,1,0,1,1,0,1
0.0463002,1,1,1,1,0,1
0.04630536,1,0,1,1,0,1
0.04630668,1,1,1,1,0,1
0.04630884,1,0,1,1,0,1
0.04631004,1,1,1,1,0,1
0.0463152,1,0,1,1,0,1
0.04631636,1,1,1,1,0,1
0.04631852,1,0,1,1,0,1
0.04631968,1,1,1,1,0,1
0.04632484,1,0,1,1,0,1
0.0463262,1,1,1,1,0,1
0.04632836,1,0,1,1,0,1
0.04632936,1,1,1,1,0,1
0.04633452,1,0,1,1,0,1
0.04633584,1,1,1,1,0,1
0.04633804,1,0,1,1,0,1
0.046339,1,1,1,1,0,1
0.0463442,1,0,1,1,0,1
0.04634552,1,1,1,1,0,1
0.04634768,1,0,1,1,0,1
0.04634868,1,1,1,1,0,1
0.04635384,1,0,1,1,0,1
0.0463552,1,1,1,1,0,1
0.04635736,1,0,1,1,0,1
0.04635836,1,1,1,1,0,1
0.04636352,1,0,1,1,0,1
0.04636484,1,1,1,1,0,1
0.046367,1,0,1,1,0,1
0.0463682,1,1,1,1,0,1
0.04637336,1,0,1,1,0,1
0.04637452,1,1,1,1,0,1
0.04637668,1,0,1,1,0,1
0.04637784,1,1,1,1,0,1
0.046383,1,0,1,1,0,1
0.04638436,1,1,1,1,0,1
0.04638652,1,0,1,1,0,1
0.04638752,1,1,1,1,0,1
0.04639268,1,0,1,1,0,1
0.046394,1,1,1,1,0,1
0.0463962,1,0,1,1,0,1
0.0463972,1,1,1,1,0,1
0.04640236,1,0,1,1,0,1
0.04640368,1,1,1,1,0,1
0.04640584,1,0,1,1,0,1
0.04640684,1,1,1,1,0,1
0.046412,1,0,1,1,0,1
0.04641336,1,1,1,1,0,1
0.04641552,1,0,1,1,0,1
0.04641668,1,1,1,1,0,1
0.04642184,1,0,1,1,0,1
0.046423,1,1,1,1,0,1
0.04642516,1,0,1,1,0,1
0.04642636,1,1,1,1,0,1
0.04643152,1,0,1,1,0,1
0.04643284,1,1,1,1,0,1
0.046435,1,0,1,1,0,1
0.046436,1,1,1,1,0,1
0.04644116,1,0,1,1,0,1
0.04644252,1,1,1,1,0,1
0.04644468,1,0,1,1,0,1
0.04644568,1,1,1,1,0,1
0.04645084,1,0,1,1,0,1
0.04645216,1,1,1,1,0,1
0.04645436,1,0,1,1,0,1
0.04645536,1,1,1,1,0,1
0.04646052,1,0,1,1,0,1
0.04646184,1,1,1,1,0,1
0.046464,1,0,1,1,0,1
0.04646516,1,1,1,1,0,1
0.04647036,1,0,1,1,0,1
0.04647152,1,1,1,1,0,1
0.04647368,1,0,1,1,0,1
0.04647484,1,1,1,1,0,1
0.04648,1,0,1,1,0,1
0.04648132,1,1,1,1,0,1
0.04648352,1,0,1,1,0,1
0.04648452,1,1,1,1,0,1
0.04648968,1,0,1,1,0,1
0.046491,1,1,1,1,0,1
0.04649316,1,0,1,1,0,1
0.04649416,1,1,1,1,0,1
0.04649932,1,0,1,1,0,1
0.04650068,1,1,1,1,0,1
0.04650284,1,0,1,1,0,1
0.04650384,1,1,1,1,0,1
0.046509,1,0,1,1,0,1
0.04651032,1,1,1,1,0,1
0.04651252,1,0,1,1,0,1
0.04651368,1,1,1,1,0,1
0.04651884,1,0,1,1,0,1
0.04652,1,1,1,1,0,1
0.04652216,1,0,1,1,0,1
0.04652332,1,1,1,1,0,1
0.04652852,1,0,1,1,0,1
0.04652984,1,1,1,1,0,1
0.046532,1,0,1,1,0,1
0.046533,1,1,1,1,0,1
0.04653816,1,0,1,1,0,1
0.04653948,1,1,1,1,0,1
0.04654168,1,0,1,1,0,1
0.04654268,1,1,1,1,0,1
0.04654784,1,0,1,1,0,1
0.04654916,1,1,1,1,0,1
0.04655132,1,0,1,1,0,1
0.04655232,1,1,1,1,0,1
0.04655748,1,0,1,1,0,1
0.04655884,1,1,1,1,0,1
0.046561,1,0,1,1,0,1
0.046562,1,1,1,1,0,1
0.04656716,1,0,1,1,0,1
0.04656848,1,1,1,1,0,1
0.04657068,1,0,1,1,0,1
0.04657184,1,1,1,1,0,1
0.046577,1,0,1,1,0,1
0.04657816,1,1,1,1,0,1
0.04658032,1,0,1,1,0,1
0.04658148,1,1,1,1,0,1
0.04658668,1,0,1,1,0,1
0.046588,1,1,1,1,0,1
0.04659016,1,0,1,1,0,1
0.04659116,1,1,1,1,0,1
0.04659632,1,0,1,1,0,1
0.04659768,1,1,1,1,0,1
0.04659984,1,0,1,1,0,1
0.04660084,1,1,1,1,0,1
0.046606,1,0,1,1,0,1
0.04660732,1,1,1,1,0,1
0.04660948,1,0,1,1,0,1
0.04661048,1,1,1,1,0,1
0.04661564,1,0,1,1,0,1
0.046617,1,1,1,1,0,1
0.04661916,1,0,1,1,0,1
0.04662032,1,1,1,1,0,1
0.04662548,1,0,1,1,0,1
0.04662664,1,1,1,1,0,1
0.04662884,1,0,1,1,0,1
0.04663,1,1,1,1,0,1
0.04663516,1,0,1,1,0,1
0.04663648,1,1,1,1,0,1
0.04663864,1,0,1,1,0,1
0.04663964,1,1,1,1,0,1
0.04664484,1,0,1,1,0,1
0.04664616,1,1,1,1,0,1
0.04664832,1,0,1,1,0,1
0.04664932,1,1,1,1,0,1
0.04665448,1,0,1,1,0,1
0.04665584,1,1,1,1,0,1
0.046658,1,0,1,1,0,1
0.046659,1,1,1,1,0,1
0.04666416,1,0,1,1,0,1
0.04666548,1,1,1,1,0,1
0.04666764,1,0,1,1,0,1
0.0466688,1,1,1,1,0,1
0.046674,1,0,1,1,0,1
0.04667516,1,1,1,1,0,1
0.04667732,1,0,1,1,0,1
0.04667848,1,1,1,1,0,1
0.04668364,1,0,1,1,0,1
0.046685,1,1,1,1,0,1
0.04668716,1,0,1,1,0,1
0.04668816,1,1,1,1,0,1
0.04669332,1,0,1,1,0,1
0.04669464,1,1,1,1,0,1
0.0466968,1,0,1,1,0,1
0.0466978,1,1,1,1,0,1
0.046703,1,0,1,1,0,1
0.04670432,1,1,1,1,0,1
0.04670648,1,0,1,1,0,1
0.04670748,1,1,1,1,0,1
0.04671264,1,0,1,1,0,1
0.046714,1,1,1,1,0,1
0.04671616,1,0,1,1,0,1
0.04671732,1,1,1,1,0,1
0.04672248,1,0,1,1,0,1
0.04672364,1,1,1,1,0,1
0.0467258,1,0,1,1,0,1
0.046727,1,1,1,1,0,1
0.04673216,1,0,1,1,0,1
0.04673348,1,1,1,1,0,1
0.04673564,1,0,1,1,0,1
0.04673664,1,1,1,1,0,1
0.0467418,1,0,1,1,0,1
0.04674316,1,1,1,1,0,1
0.04674532,1,0,1,1,0,1
0.04674632,1,1,1,1,0,1
0.04675148,1,0,1,1,0,1
0.0467528,1,1,1,1,0,1
0.04675496,1,0,1,1,0,1
0.04675596,1,1,1,1,0,1
0.04676116,1,0,1,1,0,1
0.04676248,1,1,1,1,0,1
0.04676464,1,0,1,1,0,1
0.0467658,1,1,1,1,0,1
0.04677096,1,0,1,1,0,1
0.04677216,1,1,1,1,0,1
0.04677432,1,0,1,1,0,1
0.04677548,1,1,1,1,0,1
0.04678064,1,0,1,1,0,1
0.0467818,1,1,1,1,0,1
0.04678396,1,0,1,1,0,1
0.04678516,1,1,1,1,0,1
0.04679032,1,0,1,1,0,1
0.04679164,1,1,1,1,0,1
0.0467938,1,0,1,1,0,1
0.0467948,1,1,1,1,0,1
0.04679996,1,0,1,1,0,1
0.04680132,1,1,1,1,0,1
0.04680348,1,0,1,1,0,1
0.04680448,1,1,1,1,0,1
0.04680964,1,0,1,1,0,1
0.04681096,1,1,1,1,0,1
0.04681312,1,0,1,1,0,1
0.04681412,1,1,1,1,0,1
0.04681932,1,0,1,1,0,1
0.04682064,1,1,1,1,0,1
0.0468228,1,0,1,1,0,1
0.04682396,1,1,1,1,0,1
0.04682912,1,0,1,1,0,1
0.04683032,1,1,1,1,0,1
0.04683248,1,0,1,1,0,1
0.04683364,1,1,1,1,0,1
0.0468388,1,0,1,1,0,1
0.04684012,1,1,1,1,0,1
0.04684232,1,0,1,1,0,1
0.04684332,1,1,1,1,0,1
0.04684848,1,0,1,1,0,1
0.0468498,1,1,1,1,0,1
0.04685196,1,0,1,1,0,1
0.04685296,1,1,1,1,0,1
0.04685812,1,0,1,1,0,1
0.04685948,1,1,1,1,0,1
0.04686164,1,0,1,1,0,1
0.04686264,1,1,1,1,0,1
0.0468678,1,0,1,1,0,1
0.04686912,1,1,1,1,0,1
0.04687128,1,0,1,1,0,1
0.04687248,1,1,1,1,0,1
0.04687764,1,0,1,1,0,1
0.0468788,1,1,1,1,0,1
0.04688096,1,0,1,1,0,1
0.04688212,1,1,1,1,0,1
0.04688728,1,0,1,1,0,1
0.04688864,1,1,1,1,0,1
0.0468908,1,0,1,1,0,1
0.0468918,1,1,1,1,0,1
0.04689696,1,0,1,1,0,1
0.04689828,1,1,1,1,0,1
0.04690048,1,0,1,1,0,1
0.04690148,1,1,1,1,0,1
0.04690664,1,0,1,1,0,1
0.04690796,1,1,1,1,0,1
0.04691012,1,0,1,1,0,1
0.04691112,1,1,1,1,0,1
0.04691628,1,0,1,1,0,1
0.04691764,1,1,1,1,0,1
0.0469198,1,0,1,1,0,1
0.04692096,1,1,1,1,0,1
0.04692612,1,0,1,1,0,1
0.04692728,1,1,1,1,0,1
0.04692948,1,0,1,1,0,1
0.04693064,1,1,1,1,0,1
0.0469358,1,0,1,1,0,1
0.04693712,1,1,1,1,0,1
0.04693928,1,0,1,1,0,1
0.04694028,1,1,1,1,0,1
0.04694544,1,0,1,1,0,1
0.0469468,1,1,1,1,0,1
0.04694896,1,0,1,1,0,1
0.04694996,1,1,1,1,0,1
0.04695512,1,0,1,1,0,1
0.04695644,1,1,1,1,0,1
0.04695864,1,0,1,1,0,1
0.04695964,1,1,1,1,0,1
0.0469648,1,0,1,1,0,1
0.04696612,1,1,1,1,0,1
0.04696828,1,0,1,1,0,1
0.04696944,1,1,1,1,0,1
0.04697464,1,0,1,1,0,1
0.0469758,1,1,1,1,0,1
0.04697796,1,0,1,1,0,1
0.04697912,1,1,1,1,0,1
0.04698428,1,0,1,1,0,1
0.04698564,1,1,1,1,0,1
0.0469878,1,0,1,1,0,1
0.0469888,1,1,1,1,0,1
0.04699396,1,0,1,1,0,1
0.04699528,1,1,1,1,0,1
0.04699744,1,0,1,1,0,1
0.04699844,1,1,1,1,0,1
0.0470036,1,0,1,1,0,1
0.04700496,1,1,1,1,0,1
0.04700712,1,0,1,1,0,1
0.04700812,1,1,1,1,0,1
0.04701328,1,0,1,1,0,1
0.0470146,1,1,1,1,0,1
0.0470168,1,0,1,1,0,1
0.0470178,1,1,1,1,0,1
0.04702296,1,0,1,1,0,1
0.04702428,1,1,1,1,0,1
0.04702644,1,0,1,1,0,1
0.0470276,1,1,1,1,0,1
0.0470328,1,0,1,1,0,1
0.04703396,1,1,1,1,0,1
0.04703612,1,0,1,1,0,1
0.04703728,1,1,1,1,0,1
0.04704244,1,0,1,1,0,1
0.0470438,1,1,1,1,0,1
0.04704596,1,0,1,1,0,1
0.04704696,1,1,1,1,0,1
0.04705212,1,0,1,1,0,1
0.04705344,1,1,1,1,0,1
0.0470556,1,0,1,1,0,1
0.0470566,1,1,1,1,0,1
0.0470618,1,0,1,1,0,1
0.04706312,1,1,1,1,0,1
0.04706528,1,0,1,1,0,1
0.04706628,1,1,1,1,0,1
0.04707144,1,0,1,1,0,1
0.04707276,1,1,1,1,0,1
0.04707496,1,0,1,1,0,1
0.04707612,1,1,1,1,0,1
0.04708128,1,0,1,1,0,1
0.04708244,1,1,1,1,0,1
0.0470846,1,0,1,1,0,1
0.04708576,1,1,1,1,0,1
0.04709096,1,0,1,1,0,1
0.04709228,1,1,1,1,0,1
0.04709444,1,0,1,1,0,1
0.04709544,1,1,1,1,0,1
0.0471006,1,0,1,1,0,1
0.04710196,1,1,1,1,0,1
0.04710412,1,0,1,1,0,1
0.04710512,1,1,1,1,0,1
0.04711028,1,0,1,1,0,1
0.0471116,1,1,1,1,0,1
0.04711376,1,0,1,1,0,1
0.04711476,1,1,1,1,0,1
0.04711996,1,0,1,1,0,1
0.04712128,1,1,1,1,0,1
0.04712344,1,0,1,1,0,1
0.0471246,1,1,1,1,0,1
0.04712976,1,0,1,1,0,1
0.04713092,1,1,1,1,0,1
0.04713312,1,0,1,1,0,1
0.04713428,1,1,1,1,0,1
0.04713944,1,0,1,1,0,1
0.04714076,1,1,1,1,0,1
0.04714292,1,0,1,1,0,1
0.04714392,1,1,1,1,0,1
0.04714912,1,0,1,1,0,1
0.04715044,1,1,1,1,0,1
0.0471526,1,0,1,1,0,1
0.0471536,1,1,1,1,0,1
0.04715876,1,0,1,1,0,1
0.04716012,1,1,1,1,0,1
0.04716228,1,0,1,1,0,1
0.04716328,1,1,1,1,0,1
0.04716844,1,0,1,1,0,1
0.04716976,1,1,1,1,0,1
0.04717192,1,0,1,1,0,1
0.04717312,1,1,1,1,0,1
0.04717828,1,0,1,1,0,1
0.04717944,1,1,1,1,0,1
0.0471816,1,0,1,1,0,1
0.04718276,1,1,1,1,0,1
0.04718792,1,0,1,1,0,1
0.04718928,1,1,1,1,0,1
0.04719144,1,0,1,1,0,1
0.04719244,1,1,1,1,0,1
0.0471976,1,0,1,1,0,1
0.04719892,1,1,1,1,0,1
0.04720108,1,0,1,1,0,1
0.04720208,1,1,1,1,0,1
0.04720728,1,0,1,1,0,1
0.0472086,1,1,1,1,0,1
0.04721076,1,0,1,1,0,1
0.04721176,1,1,1,1,0,1
0.04721692,1,0,1,1,0,1
0.04721828,1,1,1,1,0,1
0.04722044,1,0,1,1,0,1
0.04722144,1,1,1,1,0,1
0.0472266,1,0,1,1,0,1
0.04722792,1,1,1,1,0,1
0.04723008,1,0,1,1,0,1
0.04723128,1,1,1,1,0,1
0.04723644,1,0,1,1,0,1
0.0472376,1,1,1,1,0,1
0.04723976,1,0,1,1,0,1
0.04724092,1,1,1,1,0,1
0.04724608,1,0,1,1,0,1
0.04724744,1,1,1,1,0,1
0.0472496,1,0,1,1,0,1
0.0472506,1,1,1,1,0,1
0.04725576,1,0,1,1,0,1
0.04725708,1,1,1,1,0,1
0.04725928,1,0,1,1,0,1
0.04726024,1,1,1,1,0,1
0.04726544,1,0,1,1,0,1
0.04726676,1,1,1,1,0,1
0.04726892,1,0,1,1,0,1
0.04726992,1,1,1,1,0,1
0.04727508,1,0,1,1,0,1
0.04727644,1,1,1,1,0,1
0.0472786,1,0,1,1,0,1
0.04727976,1,1,1,1,0,1
0.04728492,1,0,1,1,0,1
0.04728608,1,1,1,1,0,1
0.04728824,1,0,1,1,0,1
0.04728944,1,1,1,1,0,1
0.0472946,1,0,1,1,0,1
0.04729592,1,1,1,1,0,1
0.04729808,1,0,1,1,0,1
0.04729908,1,1,1,1,0,1
0.04730424,1,0,1,1,0,1
0.0473056,1,1,1,1,0,1
0.04730776,1,0,1,1,0,1
0.04730876,1,1,1,1,0,1
0.04731392,1,0,1,1,0,1
0.04731524,1,1,1,1,0,1
0.04731744,1,0,1,1,0,1
0.04731844,1,1,1,1,0,1
0.0473236,1,0,1,1,0,1
0.04732492,1,1,1,1,0,1
0.04732708,1,0,1,1,0,1
0.04732824,1,1,1,1,0,1
0.0473334,1,0,1,1,0,1
0.0473346,1,1,1,1,0,1
0.04733676,1,0,1,1,0,1
0.04733792,1,1,1,1,0,1
0.04734308,1,0,1,1,0,1
0.0473444,1,1,1,1,0,1
0.0473466,1,0,1,1,0,1
0.0473476,1,1,1,1,0,1
0.04735276,1,0,1,1,0,1
0.04735408,1,1,1,1,0,1
0.04735624,1,0,1,1,0,1
0.04735724,1,1,1,1,0,1
0.0473624,1,0,1,1,0,1
0.04736376,1,1,1,1,0,1
0.04736592,1,0,1,1,0,1
0.04736692,1,1,1,1,0,1
0.04737208,1,0,1,1,0,1
0.0473734,1,1,1,1,0,1
0.0473756,1,0,1,1,0,1
0.04737676,1,1,1,1,0,1
0.04738192,1,0,1,1,0,1
0.04738308,1,1,1,1,0,1
0.04738524,1,0,1,1,0,1
0.0473864,1,1,1,1,0,1
0.04739156,1,0,1,1,0,1
0.04739292,1,1,1,1,0,1
0.04739508,1,0,1,1,0,1
0.04739608,1,1,1,1,0,1
0.04740124,1,0,1,1,0,1
0.04740256,1,1,1,1,0,1
0.04740476,1,0,1,1,0,1
0.04740576,1,1,1,1,0,1
0.04741092,1,0,1,1,0,1
0.04741224,1,1,1,1,0,1
0.0474144,1,0,1,1,0,1
0.0474154,1,1,1,1,0,1
0.04742056,1,0,1,1,0,1
0.04742192,1,1,1,1,0,1
0.04742408,1,0,1,1,0,1
0.04742508,1,1,1,1,0,1
0.04743024,1,0,1,1,0,1
0.04743156,1,1,1,1,0,1
0.04743376,1,0,1,1,0,1
0.04743492,1,1,1,1,0,1
0.04744008,1,0,1,1,0,1
0.04744124,1,1,1,1,0,1
0.0474434,1,0,1,1,0,1
0.04744456,1,1,1,1,0,1
0.04744976,1,0,1,1,0,1
0.04745108,1,1,1,1,0,1
0.04745324,1,0,1,1,0,1
0.04745424,1,1,1,1,0,1
0.0474594,1,0,1,1,0,1
0.04746072,1,1,1,1,0,1
0.04746292,1,0,1,1,0,1
0.04746392,1,1,1,1,0,1
0.04746908,1,0,1,1,0,1
0.0474704,1,1,1,1,0,1
0.04747256,1,0,1,1,0,1
0.04747356,1,1,1,1,0,1
0.04747872,1,0,1,1,0,1
0.04748008,1,1,1,1,0,1
0.04748224,1,0,1,1,0,1
0.0474834,1,1,1,1,0,1
0.04748856,1,0,1,1,0,1
0.04748972,1,1,1,1,0,1
0.04749192,1,0,1,1,0,1
0.04749308,1,1,1,1,0,1
0.04749824,1,0,1,1,0,1
0.04749956,1,1,1,1,0,1
0.04750172,1,0,1,1,0,1
0.04750272,1,1,1,1,0,1
0.04750792,1,0,1,1,0,1
0.04750924,1,1,1,1,0,1
0.0475114,1,0,1,1,0,1
0.0475124,1,1,1,1,0,1
0.04751756,1,0,1,1,0,1
0.04751892,1,1,1,1,0,1
0.04752108,1,0,1,1,0,1
0.04752208,1,1,1,1,0,1
0.04752724,1,0,1,1,0,1
0.04752856,1,1,1,1,0,1
0.04753072,1,0,1,1,0,1
0.04753188,1,1,1,1,0,1
0.04753708,1,0,1,1,0,1
0.04753824,1,1,1,1,0,1
0.0475404,1,0,1,1,0,1
0.04754156,1,1,1,1,0,1
0.04754672,1,0,1,1,0,1
0.04754808,1,1,1,1,0,1
0.04755024,1,0,1,1,0,1
0.04755124,1,1,1,1,0,1
0.0475564,1,0,1,1,0,1
0.04755772,1,1,1,1,0,1
0.04755988,1,0,1,1,0,1
0.04756088,1,1,1,1,0,1
0.04756608,1,0,1,1,0,1
0.0475674,1,1,1,1,0,1
0.04756956,1,0,1,1,0,1
0.04757056,1,1,1,1,0,1
0.04757572,1,0,1,1,0,1
0.04757708,1,1,1,1,0,1
0.04757924,1,0,1,1,0,1
0.0475804,1,1,1,1,0,1
0.04758556,1,0,1,1,0,1
0.04758672,1,1,1,1,0,1
0.04758888,1,0,1,1,0,1
0.04759004,1,1,1,1,0,1
0.04759524,1,0,1,1,0,1
0.04759656,1,1,1,1,0,1
0.04759872,1,0,1,1,0,1
0.04759972,1,1,1,1,0,1
0.04760488,1,0,1,1,0,1
0.04760624,1,1,1,1,0,1
0.0476084,1,0,1,1,0,1
0.0476094,1,1,1,1,0,1
0.04761456,1,0,1,1,0,1
0.04761588,1,1,1,1,0,1
0.04761804,1,0,1,1,0,1
0.04761904,1,1,1,1,0,1
0.04762424,1,0,1,1,0,1
0.04762556,1,1,1,1,0,1
0.04762772,1,0,1,1,0,1
0.04762888,1,1,1,1,0,1
0.04763404,1,0,1,1,0,1
0.04763524,1,1,1,1,0,1
0.0476374,1,0,1,1,0,1
0.04763856,1,1,1,1,0,1
0.04764372,1,0,1,1,0,1
0.04764488,1,1,1,1,0,1
0.04764704,1,0,1,1,0,1
0.04764824,1,1,1,1,0,1
0.0476534,1,0,1,1,0,1
0.04765472,1,1,1,1,0,1
0.04765688,1,0,1,1,0,1
0.04765788,1,1,1,1,0,1
0.04766304,1,0,1,1,0,1
0.0476644,1,1,1,1,0,1
0.04766656,1,0,1,1,0,1
0.04766756,1,1,1,1,0,1
0.04767272,1,0,1,1,0,1
0.04767404,1,1,1,1,0,1
0.0476762,1,0,1,1,0,1
0.0476772,1,1,1,1,0,1
0.0476824,1,0,1,1,0,1
0.04768372,1,1,1,1,0,1
0.04768588,1,0,1,1,0,1
0.04768704,1,1,1,1,0,1
0.0476922,1,0,1,1,0,1
0.0476934,1,1,1,1,0,1
0.04769556,1,0,1,1,0,1
0.04769672,1,1,1,1,0,1
0.04770188,1,0,1,1,0,1
0.0477032,1,1,1,1,0,1
0.0477054,1,0,1,1,0,1
0.0477064,1,1,1,1,0,1
0.04771156,1,0,1,1,0,1
0.04771288,1,1,1,1,0,1
0.04771504,1,0,1,1,0,1
0.04771604,1,1,1,1,0,1
0.0477212,1,0,1,1,0,1
0.04772256,1,1,1,1,0,1
0.04772472,1,0,1,1,0,1
0.04772572,1,1,1,1,0,1
0.04773088,1,0,1,1,0,1
0.0477322,1,1,1,1,0,1
0.04773436,1,0,1,1,0,1
0.04773556,1,1,1,1,0,1
0.04774072,1,0,1,1,0,1
0.04774188,1,1,1,1,0,1
0.04774404,1,0,1,1,0,1
0.0477452,1,1,1,1,0,1
0.04775036,1,0,1,1,0,1
0.04775172,1,1,1,1,0,1
0.04775388,1,0,1,1,0,1
0.04775488,1,1,1,1,0,1
0.04776004,1,0,1,1,0,1
0.04776136,1,1,1,1,0,1
0.04776356,1,0,1,1,0,1
0.04776456,1,1,1,1,0,1
0.04776972,1,0,1,1,0,1
0.04777104,1,1,1,1,0,1
0.0477732,1,0,1,1,0,1
0.0477742,1,1,1,1,0,1
0.04777936,1,0,1,1,0,1
0.04778072,1,1,1,1,0,1
0.04778288,1,0,1,1,0,1
0.04778404,1,1,1,1,0,1
0.0477892,1,0,1,1,0,1
0.04779036,1,1,1,1,0,1
0.04779252,1,0,1,1,0,1
0.04779372,1,1,1,1,0,1
0.04779888,1,0,1,1,0,1
0.0478002,1,1,1,1,0,1
0.04780236,1,0,1,1,0,1
0.04780336,1,1,1,1,0,1
0.04780852,1,0,1,1,0,1
0.04780988,1,1,1,1,0,1
0.04781204,1,0,1,1,0,1
0.04781304,1,1,1,1,0,1
0.0478182,1,0,1,1,0,1
0.04781952,1,1,1,1,0,1
0.04782172,1,0,1,1,0,1
0.04782272,1,1,1,1,0,1
0.04782788,1,0,1,1,0,1
0.0478292,1,1,1,1,0,1
0.04783136,1,0,1,1,0,1
0.04783252,1,1,1,1,0,1
0.04783772,1,0,1,1,0,1
0.04783888,1,1,1,1,0,1
0.04784104,1,0,1,1,0,1
0.0478422,1,1,1,1,0,1
0.04784736,1,0,1,1,0,1
0.04784872,1,1,1,1,0,1
0.04785088,1,0,1,1,0,1
0.04785188,1,1,1,1,0,1
0.04785704,1,0,1,1,0,1
0.04785836,1,1,1,1,0,1
0.04786052,1,0,1,1,0,1
0.04786152,1,1,1,1,0,1
0.04786668,1,0,1,1,0,1
0.04786804,1,1,1,1,0,1
0.0478702,1,0,1,1,0,1
0.0478712,1,1,1,1,0,1
0.04787636,1,0,1,1,0,1
0.04787768,1,1,1,1,0,1
0.04787988,1,0,1,1,0,1
0.04788088,1,1,1,1,0,1
0.04788604,1,0,1,1,0,1
0.04788736,1,1,1,1,0,1
0.04788952,1,0,1,1,0,1
0.04789068,1,1,1,1,0,1
0.04789588,1,0,1,1,0,1
0.04789704,1,1,1,1,0,1
0.0478992,1,0,1,1,0,1
0.04790036,1,1,1,1,0,1
0.04790552,1,0,1,1,0,1
0.04790688,1,1,1,1,0,1
0.04790904,1,0,1,1,0,1
0.04791004,1,1,1,1,0,1
0.0479152,1,0,1,1,0,1
0.04791652,1,1,1,1,0,1
0.04791868,1,0,1,1,0,1
0.04791968,1,1,1,1,0,1
0.04792484,1,0,1,1,0,1
0.0479262,1,1,1,1,0,1
0.04792836,1,0,1,1,0,1
0.04792936,1,1,1,1,0,1
0.04793452,1,0,1,1,0,1
0.04793584,1,1,1,1,0,1
0.04793804,1,0,1,1,0,1
0.0479392,1,1,1,1,0,1
0.04794436,1,0,1,1,0,1
0.04794552,1,1,1,1,0,1
0.04794768,1,0,1,1,0,1
0.04794884,1,1,1,1,0,1
0.04795404,1,0,1,1,0,1
0.04795536,1,1,1,1,0,1
0.04795752,1,0,1,1,0,1
0.04795852,1,1,1,1,0,1
0.04796368,1,0,1,1,0,1
0.04796504,1,1,1,1,0,1
0.0479672,1,0,1,1,0,1
0.0479682,1,1,1,1,0,1
0.04797336,1,0,1,1,0,1
0.04797468,1,1,1,1,0,1
0.04797684,1,0,1,1,0,1
0.04797784,1,1,1,1,0,1
0.047983,1,0,1,1,0,1
0.04798436,1,1,1,1,0,1
0.04798652,1,0,1,1,0,1
0.04798768,1,1,1,1,0,1
0.04799284,1,0,1,1,0,1
0.047994,1,1,1,1,0,1
0.0479962,1,0,1,1,0,1
0.04799736,1,1,1,1,0,1
0.04800252,1,0,1,1,0,1
0.04800384,1,1,1,1,0,1
0.048006,1,0,1,1,0,1
0.048007,1,1,1,1,0,1
0.0480122,1,0,1,1,0,1
0.04801352,1,1,1,1,0,1
0.04801568,1,0,1,1,0,1
0.04801668,1,1,1,1,0,1
0.04802184,1,0,1,1,0,1
0.0480232,1,1,1,1,0,1
0.04802536,1,0,1,1,0,1
0.04802636,1,1,1,1,0,1
0.04803152,1,0,1,1,0,1
0.04803284,1,1,1,1,0,1
0.048035,1,0,1,1,0,1
0.0480362,1,1,1,1,0,1
0.04804136,1,0,1,1,0,1
0.04804252,1,1,1,1,0,1
0.04804468,1,0,1,1,0,1
0.04804584,1,1,1,1,0,1
0.048051,1,0,1,1,0,1
0.04805236,1,1,1,1,0,1
0.04805452,1,0,1,1,0,1
0.04805552,1,1,1,1,0,1
0.04806068,1,0,1,1,0,1
0.048062,1,1,1,1,0,1
0.04806416,1,0,1,1,0,1
0.04806516,1,1,1,1,0,1
0.04807036,1,0,1,1,0,1
0.04807168,1,1,1,1,0,1
0.04807384,1,0,1,1,0,1
0.04807484,1,1,1,1,0,1
0.04808,1,0,1,1,0,1
0.04808136,1,1,1,1,0,1
0.04808352,1,0,1,1,0,1
0.04808452,1,1,1,1,0,1
0.04808968,1,0,1,1,0,1
0.048091,1,1,1,1,0,1
0.04809316,1,0,1,1,0,1
0.04809436,1,1,1,1,0,1
0.04809952,1,0,1,1,0,1
0.04810068,1,1,1,1,0,1
0.04810284,1,0,1,1,0,1
0.048104,1,1,1,1,0,1
0.04810916,1,0,1,1,0,1
0.04811052,1,1,1,1,0,1
0.04811268,1,0,1,1,0,1
0.04811368,1,1,1,1,0,1
0.04811884,1,0,1,1,0,1
0.04812016,1,1,1,1,0,1
0.04812232,1,0,1,1,0,1
0.04812332,1,1,1,1,0,1
0.04812852,1,0,1,1,0,1
0.04812984,1,1,1,1,0,1
0.048132,1,0,1,1,0,1
0.048133,1,1,1,1,0,1
0.04813816,1,0,1,1,0,1
0.04813952,1,1,1,1,0,1
0.04814168,1,0,1,1,0,1
0.04814284,1,1,1,1,0,1
0.048148,1,0,1,1,0,1
0.04814916,1,1,1,1,0,1
0.04815132,1,0,1,1,0,1
0.04815252,1,1,1,1,0,1
0.04815768,1,0,1,1,0,1
0.048159,1,1,1,1,0,1
0.04816116,1,0,1,1,0,1
0.04816216,1,1,1,1,0,1
0.04816732,1,0,1,1,0,1
0.04816868,1,1,1,1,0,1
0.04817084,1,0,1,1,0,1
0.04817184,1,1,1,1,0,1
0.048177,1,0,1,1,0,1
0.04817832,1,1,1,1,0,1
0.04818048,1,0,1,1,0,1
0.04818148,1,1,1,1,0,1
0.04818668,1,0,1,1,0,1
0.048188,1,1,1,1,0,1
0.04819016,1,0,1,1,0,1
0.04819132,1,1,1,1,0,1
0.04819648,1,0,1,1,0,1
0.04819768,1,1,1,1,0,1
0.04819984,1,0,1,1,0,1
0.048201,1,1,1,1,0,1
0.04820616,1,0,1,1,0,1
0.04820748,1,1,1,1,0,1
0.04820968,1,0,1,1,0,1
0.04821068,1,1,1,1,0,1
0.04821584,1,0,1,1,0,1
0.04821716,1,1,1,1,0,1
0.04821932,1,0,1,1,0,1
0.04822032,1,1,1,1,0,1
0.04822548,1,0,1,1,0,1
0.04822684,1,1,1,1,0,1
0.048229,1,0,1,1,0,1
0.04823,1,1,1,1,0,1
0.04823516,1,0,1,1,0,1
0.04823648,1,1,1,1,0,1
0.04823868,1,0,1,1,0,1
0.04823984,1,1,1,1,0,1
0.048245,1,0,1,1,0,1
0.04824616,1,1,1,1,0,1
0.04824832,1,0,1,1,0,1
0.04824948,1,1,1,1,0,1
0.04825464,1,0,1,1,0,1
0.048256,1,1,1,1,0,1
0.04825816,1,0,1,1,0,1
0.04825916,1,1,1,1,0,1
0.04826432,1,0,1,1,0,1
0.04826564,1,1,1,1,0,1
0.04826784,1,0,1,1,0,1
0.04826884,1,1,1,1,0,1
0.048274,1,0,1,1,0,1
0.04827532,1,1,1,1,0,1
0.04827748,1,0,1,1,0,1
0.04827848,1,1,1,1,0,1
0.04828364,1,0,1,1,0,1
0.048285,1,1,1,1,0,1
0.04828716,1,0,1,1,0,1
0.04828816,1,1,1,1,0,1
0.04829332,1,0,1,1,0,1
0.04829464,1,1,1,1,0,1
0.04829684,1,0,1,1,0,1
0.048298,1,1,1,1,0,1
0.04830316,1,0,1,1,0,1
0.04830432,1,1,1,1,0,1
0.04830648,1,0,1,1,0,1
0.04830764,1,1,1,1,0,1
0.0483128,1,0,1,1,0,1
0.04831416,1,1,1,1,0,1
0.04831632,1,0,1,1,0,1
0.04831732,1,1,1,1,0,1
0.04832248,1,0,1,1,0,1
0.0483238,1,1,1,1,0,1
0.048326,1,0,1,1,0,1
0.048327,1,1,1,1,0,1
0.04833216,1,0,1,1,0,1
0.04833348,1,1,1,1,0,1
0.04833564,1,0,1,1,0,1
0.04833664,1,1,1,1,0,1
0.0483418,1,0,1,1,0,1
0.04834316,1,1,1,1,0,1
0.04834532,1,0,1,1,0,1
0.04834648,1,1,1,1,0,1
0.04835164,1,0,1,1,0,1
0.0483528,1,1,1,1,0,1
0.048355,1,0,1,1,0,1
0.04835616,1,1,1,1,0,1
0.04836132,1,0,1,1,0,1
0.04836264,1,1,1,1,0,1
0.0483648,1,0,1,1,0,1
0.0483658,1,1,1,1,0,1
0.048371,1,0,1,1,0,1
0.04837232,1,1,1,1,0,1
0.04837448,1,0,1,1,0,1
0.04837548,1,1,1,1,0,1
0.04838064,1,0,1,1,0,1
0.04838196,1,1,1,1,0,1
0.04838416,1,0,1,1,0,1
0.04838516,1,1,1,1,0,1
0.04839032,1,0,1,1,0,1
0.04839164,1,1,1,1,0,1
0.0483938,1,0,1,1,0,1
0.04839496,1,1,1,1,0,1
0.04840016,1,0,1,1,0,1
0.04840132,1,1,1,1,0,1
0.04840348,1,0,1,1,0,1
0.04840464,1,1,1,1,0,1
0.0484098,1,0,1,1,0,1
0.04841116,1,1,1,1,0,1
0.04841332,1,0,1,1,0,1
0.04841432,1,1,1,1,0,1
0.04841948,1,0,1,1,0,1
0.0484208,1,1,1,1,0,1
0.04842296,1,0,1,1,0,1
0.04842396,1,1,1,1,0,1
0.04842916,1,0,1,1,0,1
0.04843048,1,1,1,1,0,1
0.04843264,1,0,1,1,0,1
0.04843364,1,1,1,1,0,1
0.0484388,1,0,1,1,0,1
0.04844016,1,1,1,1,0,1
0.04844232,1,0,1,1,0,1
0.04844348,1,1,1,1,0,1
0.04844864,1,0,1,1,0,1
0.0484498,1,1,1,1,0,1
0.04845196,1,0,1,1,0,1
0.04845312,1,1,1,1,0,1
0.04845832,1,0,1,1,0,1
0.04845964,1,1,1,1,0,1
0.0484618,1,0,1,1,0,1
0.0484628,1,1,1,1,0,1
0.04846796,1,0,1,1,0,1
0.04846932,1,1,1,1,0,1
0.04847148,1,0,1,1,0,1
0.04847248,1,1,1,1,0,1
0.04847764,1,0,1,1,0,1
0.04847896,1,1,1,1,0,1
0.04848112,1,0,1,1,0,1
0.04848212,1,1,1,1,0,1
0.04848732,1,0,1,1,0,1
0.04848864,1,1,1,1,0,1
0.0484908,1,0,1,1,0,1
0.04849196,1,1,1,1,0,1
0.04849712,1,0,1,1,0,1
0.04849832,1,1,1,1,0,1
0.04850048,1,0,1,1,0,1
0.04850164,1,1,1,1,0,1
0.0485068,1,0,1,1,0,1
0.04850796,1,1,1,1,0,1
0.04851012,1,0,1,1,0,1
0.04851128,1,1,1,1,0,1
0.04851648,1,0,1,1,0,1
0.0485178,1,1,1,1,0,1
0.04851996,1,0,1,1,0,1
0.04852096,1,1,1,1,0,1
0.04852612,1,0,1,1,0,1
0.04852748,1,1,1,1,0,1
0.04852964,1,0,1,1,0,1
0.04853064,1,1,1,1,0,1
0.0485358,1,0,1,1,0,1
0.04853712,1,1,1,1,0,1
0.04853928,1,0,1,1,0,1
0.04854028,1,1,1,1,0,1
0.04854548,1,0,1,1,0,1
0.0485468,1,1,1,1,0,1
0.04854896,1,0,1,1,0,1
0.04855012,1,1,1,1,0,1
0.04855528,1,0,1,1,0,1
0.04855648,1,1,1,1,0,1
0.04855864,1,0,1,1,0,1
0.0485598,1,1,1,1,0,1
0.04856496,1,0,1,1,0,1
0.04856628,1,1,1,1,0,1
0.04856848,1,0,1,1,0,1
0.04856948,1,1,1,1,0,1
0.04857464,1,0,1,1,0,1
0.04857596,1,1,1,1,0,1
0.04857812,1,0,1,1,0,1
0.04857912,1,1,1,1,0,1
0.04858428,1,0,1,1,0,1
0.04858564,1,1,1,1,0,1
0.0485878,1,0,1,1,0,1
0.0485888,1,1,1,1,0,1
0.04859396,1,0,1,1,0,1
0.04859528,1,1,1,1,0,1
0.04859744,1,0,1,1,0,1
0.04859864,1,1,1,1,0,1
0.0486038,1,0,1,1,0,1
0.04860496,1,1,1,1,0,1
0.04860712,1,0,1,1,0,1
0.04860828,1,1,1,1,0,1
0.04861344,1,0,1,1,0,1
0.0486148,1,1,1,1,0,1
0.04861696,1,0,1,1,0,1
0.04861796,1,1,1,1,0,1
0.04862312,1,0,1,1,0,1
0.04862444,1,1,1,1,0,1
0.04862664,1,0,1,1,0,1
0.04862764,1,1,1,1,0,1
0.0486328,1,0,1,1,0,1
0.04863412,1,1,1,1,0,1
0.04863628,1,0,1,1,0,1
0.04863728,1,1,1,1,0,1
0.04864244,1,0,1,1,0,1
0.0486438,1,1,1,1,0,1
0.04864596,1,0,1,1,0,1
0.04864712,1,1,1,1,0,1
0.04865228,1,0,1,1,0,1
0.04865344,1,1,1,1,0,1
0.0486556,1,0,1,1,0,1
0.0486568,1,1,1,1,0,1
0.04866196,1,0,1,1,0,1
0.04866328,1,1,1,1,0,1
0.04866544,1,0,1,1,0,1
0.04866644,1,1,1,1,0,1
0.0486716,1,0,1,1,0,1
0.04867296,1,1,1,1,0,1
0.04867512,1,0,1,1,0,1
0.04867612,1,1,1,1,0,1
0.04868128,1,0,1,1,0,1
0.0486826,1,1,1,1,0,1
0.0486848,1,0,1,1,0,1
0.0486858,1,1,1,1,0,1
0.04869096,1,0,1,1,0,1
0.04869228,1,1,1,1,0,1
0.04869444,1,0,1,1,0,1
0.0486956,1,1,1,1,0,1
0.0487008,1,0,1,1,0,1
0.04870196,1,1,1,1,0,1
0.04870412,1,0,1,1,0,1
0.04870528,1,1,1,1,0,1
0.04871044,1,0,1,1,0,1
0.04871176,1,1,1,1,0,1
0.04871396,1,0,1,1,0,1
0.04871496,1,1,1,1,0,1
0.04872012,1,0,1,1,0,1
0.04872144,1,1,1,1,0,1
0.0487236,1,0,1,1,0,1
0.0487246,1,1,1,1,0,1
0.04872976,1,0,1,1,0,1
0.04873112,1,1,1,1,0,1
0.04873328,1,0,1,1,0,1
0.04873428,1,1,1,1,0,1
0.04873944,1,0,1,1,0,1
0.04874076,1,1,1,1,0,1
0.04874296,1,0,1,1,0,1
0.04874396,1,1,1,1,0,1
0.04874912,1,0,1,1,0,1
0.04875044,1,1,1,1,0,1
0.0487526,1,0,1,1,0,1
0.04875376,1,1,1,1,0,1
0.04875896,1,0,1,1,0,1
0.04876012,1,1,1,1,0,1
0.04876228,1,0,1,1,0,1
0.04876344,1,1,1,1,0,1
0.0487686,1,0,1,1,0,1
0.04876992,1,1,1,1,0,1
0.04877212,1,0,1,1,0,1
0.04877312,1,1,1,1,0,1
0.04877828,1,0,1,1,0,1
0.0487796,1,1,1,1,0,1
0.04878176,1,0,1,1,0,1
0.04878276,1,1,1,1,0,1
0.04878792,1,0,1,1,0,1
0.04878928,1,1,1,1,0,1
0.04879144,1,0,1,1,0,1
0.04879244,1,1,1,1,0,1
0.0487976,1,0,1,1,0,1
0.04879892,1,1,1,1,0,1
0.04880112,1,0,1,1,0,1
0.04880228,1,1,1,1,0,1
0.04880744,1,0,1,1,0,1
0.0488086,1,1,1,1,0,1
0.04881076,1,0,1,1,0,1
0.04881192,1,1,1,1,0,1
0.04881712,1,0,1,1,0,1
0.04881844,1,1,1,1,0,1
0.0488206,1,0,1,1,0,1
0.0488216,1,1,1,1,0,1
0.04882676,1,0,1,1,0,1
0.04882812,1,1,1,1,0,1
0.04883028,1,0,1,1,0,1
0.04883128,1,1,1,1,0,1
0.04883644,1,0,1,1,0,1
0.04883776,1,1,1,1,0,1
0.04883992,1,0,1,1,0,1
0.04884092,1,1,1,1,0,1
0.04884608,1,0,1,1,0,1
0.04884744,1,1,1,1,0,1
0.0488496,1,0,1,1,0,1
0.04885076,1,1,1,1,0,1
0.04885592,1,0,1,1,0,1
0.04885708,1,1,1,1,0,1
0.04885928,1,0,1,1,0,1
0.04886044,1,1,1,1,0,1
0.0488656,1,0,1,1,0,1
0.04886692,1,1,1,1,0,1
0.04886908,1,0,1,1,0,1
0.04887008,1,1,1,1,0,1
0.04887528,1,0,1,1,0,1
0.0488766,1,1,1,1,0,1
0.04887876,1,0,1,1,0,1
0.04887976,1,1,1,1,0,1
0.04888492,1,0,1,1,0,1
0.04888628,1,1,1,1,0,1
0.04888844,1,0,1,1,0,1
0.04888944,1,1,1,1,0,1
0.0488946,1,0,1,1,0,1
0.04889592,1,1,1,1,0,1
0.04889808,1,0,1,1,0,1
0.04889924,1,1,1,1,0,1
0.04890444,1,0,1,1,0,1
0.0489056,1,1,1,1,0,1
0.04890776,1,0,1,1,0,1
0.04890892,1,1,1,1,0,1
0.04891408,1,0,1,1,0,1
0.04891544,1,1,1,1,0,1
0.0489176,1,0,1,1,0,1
0.0489186,1,1,1,1,0,1
0.04892376,1,0,1,1,0,1
0.04892508,1,1,1,1,0,1
0.04892724,1,0,1,1,0,1
0.04892824,1,1,1,1,0,1
0.04893344,1,0,1,1,0,1
0.04893476,1,1,1,1,0,1
0.04893692,1,0,1,1,0,1
0.04893792,1,1,1,1,0,1
0.04894308,1,0,1,1,0,1
0.04894444,1,1,1,1,0,1
0.0489466,1,0,1,1,0,1
0.0489476,1,1,1,1,0,1
0.04895276,1,0,1,1,0,1
0.04895408,1,1,1,1,0,1
0.04895624,1,0,1,1,0,1
0.04895744,1,1,1,1,0,1
0.0489626,1,0,1,1,0,1
0.04896376,1,1,1,1,0,1
0.04896592,1,0,1,1,0,1
0.04896708,1,1,1,1,0,1
0.04897224,1,0,1,1,0,1
0.0489736,1,1,1,1,0,1
0.04897576,1,0,1,1,0,1
0.04897676,1,1,1,1,0,1
0.04898192,1,0,1,1,0,1
0.04898324,1,1,1,1,0,1
0.0489854,1,0,1,1,0,1
0.0489864,1,1,1,1,0,1
0.0489916,1,0,1,1,0,1
0.04899292,1,1,1,1,0,1
0.04899508,1,0,1,1,0,1
0.04899608,1,1,1,1,0,1
0.04900124,1,0,1,1,0,1
0.0490026,1,1,1,1,0,1
0.04900476,1,0,1,1,0,1
0.04900592,1,1,1,1,0,1
0.04901108,1,0,1,1,0,1
0.04901224,1,1,1,1,0,1
0.0490144,1,0,1,1,0,1
0.0490156,1,1,1,1,0,1
0.04902076,1,0,1,1,0,1
0.04902208,1,1,1,1,0,1
0.04902424,1,0,1,1,0,1
0.04902524,1,1,1,1,0,1
0.0490304,1,0,1,1,0,1
0.04903176,1,1,1,1,0,1
0.04903392,1,0,1,1,0,1
0.04903492,1,1,1,1,0,1
0.04904008,1,0,1,1,0,1
0.0490414,1,1,1,1,0,1
0.04904356,1,0,1,1,0,1
0.04904456,1,1,1,1,0,1
0.04904976,1,0,1,1,0,1
0.04905108,1,1,1,1,0,1
0.04905324,1,0,1,1,0,1
0.0490544,1,1,1,1,0,1
0.04905956,1,0,1,1,0,1
0.04906076,1,1,1,1,0,1
0.04906292,1,0,1,1,0,1
0.04906408,1,1,1,1,0,1
0.04906924,1,0,1,1,0,1
0.04907056,1,1,1,1,0,1
0.04907276,1,0,1,1,0,1
0.04907376,1,1,1,1,0,1
0.04907892,1,0,1,1,0,1
0.04908024,1,1,1,1,0,1
0.0490824,1,0,1,1,0,1
0.0490834,1,1,1,1,0,1
0.04908856,1,0,1,1,0,1
0.04908992,1,1,1,1,0,1
0.04909208,1,0,1,1,0,1
0.04909308,1,1,1,1,0,1
0.04909824,1,0,1,1,0,1
0.04909956,1,1,1,1,0,1
0.04910172,1,0,1,1,0,1
0.04910292,1,1,1,1,0,1
0.04910808,1,0,1,1,0,1
0.04910924,1,1,1,1,0,1
0.0491114,1,0,1,1,0,1
0.04911256,1,1,1,1,0,1
0.04911772,1,0,1,1,0,1
0.04911908,1,1,1,1,0,1
0.04912124,1,0,1,1,0,1
0.04912224,1,1,1,1,0,1
0.0491274,1,0,1,1,0,1
0.04912872,1,1,1,1,0,1
0.04913092,1,0,1,1,0,1
0.04913192,1,1,1,1,0,1
0.04913708,1,0,1,1,0,1
0.0491384,1,1,1,1,0,1
0.04914056,1,0,1,1,0,1
0.04914156,1,1,1,1,0,1
0.04914672,1,0,1,1,0,1
0.04914808,1,1,1,1,0,1
0.04915024,1,0,1,1,0,1
0.04915124,1,1,1,1,0,1
0.0491564,1,0,1,1,0,1
0.04915772,1,1,1,1,0,1
0.04915992,1,0,1,1,0,1
0.04916108,1,1,1,1,0,1
0.04916624,1,0,1,1,0,1
0.0491674,1,1,1,1,0,1
0.04916956,1,0,1,1,0,1
0.04917072,1,1,1,1,0,1
0.04917588,1,0,1,1,0,1
0.04917724,1,1,1,1,0,1
0.0491794,1,0,1,1,0,1
0.0491804,1,1,1,1,0,1
0.04918556,1,0,1,1,0,1
0.04918688,1,1,1,1,0,1
0.04918908,1,0,1,1,0,1
0.04919008,1,1,1,1,0,1
0.04919524,1,0,1,1,0,1
0.04919656,1,1,1,1,0,1
0.04919872,1,0,1,1,0,1
0.04919972,1,1,1,1,0,1
0.04920488,1,0,1,1,0,1
0.04920624,1,1,1,1,0,1
0.0492084,1,0,1,1,0,1
0.04920956,1,1,1,1,0,1
0.04921472,1,0,1,1,0,1
0.04921588,1,1,1,1,0,1
0.04921808,1,0,1,1,0,1
0.04921924,1,1,1,1,0,1
0.0492244,1,0,1,1,0,1
0.04922572,1,1,1,1,0,1
0.04922788,1,0,1,1,0,1
0.04922888,1,1,1,1,0,1
0.04923404,1,0,1,1,0,1
0.0492354,1,1,1,1,0,1
0.04923756,1,0,1,1,0,1
0.04923856,1,1,1,1,0,1
0.04924372,1,0,1,1,0,1
0.04924504,1,1,1,1,0,1
0.04924724,1,0,1,1,0,1
0.04924824,1,1,1,1,0,1
0.0492534,1,0,1,1,0,1
0.04925472,1,1,1,1,0,1
0.04925688,1,0,1,1,0,1
0.04925804,1,1,1,1,0,1
0.04926324,1,0,1,1,0,1
0.0492644,1,1,1,1,0,1
0.04926656,1,0,1,1,0,1
0.04926772,1,1,1,1,0,1
0.04927288,1,0,1,1,0,1
0.04927424,1,1,1,1,0,1
0.0492764,1,0,1,1,0,1
0.0492774,1,1,1,1,0,1
0.04928256,1,0,1,1,0,1
0.04928388,1,1,1,1,0,1
0.04928604,1,0,1,1,0,1
0.04928704,1,1,1,1,0,1
0.04929224,1,0,1,1,0,1
0.04929356,1,1,1,1,0,1
0.04929572,1,0,1,1,0,1
0.04929672,1,1,1,1,0,1
0.04930188,1,0,1,1,0,1
0.0493032,1,1,1,1,0,1
0.0493054,1,0,1,1,0,1
0.04930656,1,1,1,1,0,1
0.04931172,1,0,1,1,0,1
0.04931288,1,1,1,1,0,1
0.04931504,1,0,1,1,0,1
0.0493162,1,1,1,1,0,1
0.0493214,1,0,1,1,0,1
0.04932272,1,1,1,1,0,1
0.04932488,1,0,1,1,0,1
0.04932588,1,1,1,1,0,1
0.04933104,1,0,1,1,0,1
0.0493324,1,1,1,1,0,1
0.04933456,1,0,1,1,0,1
0.04933556,1,1,1,1,0,1
0.04934072,1,0,1,1,0,1
0.04934204,1,1,1,1,0,1
0.0493442,1,0,1,1,0,1
0.0493452,1,1,1,1,0,1
0.0493504,1,0,1,1,0,1
0.04935172,1,1,1,1,0,1
0.04935388,1,0,1,1,0,1
0.04935504,1,1,1,1,0,1
0.0493602,1,0,1,1,0,1
0.04936136,1,1,1,1,0,1
0.04936356,1,0,1,1,0,1
0.04936472,1,1,1,1,0,1
0.04936988,1,0,1,1,0,1
0.04937104,1,1,1,1,0,1
0.0493732,1,0,1,1,0,1
0.04937436,1,1,1,1,0,1
0.04937956,1,0,1,1,0,1
0.04938088,1,1,1,1,0,1
0.04938304,1,0,1,1,0,1
0.04938404,1,1,1,1,0,1
0.0493892,1,0,1,1,0,1
0.04939056,1,1,1,1,0,1
0.04939272,1,0,1,1,0,1
0.04939372,1,1,1,1,0,1
0.04939888,1,0,1,1,0,1
0.0494002,1,1,1,1,0,1
0.04940236,1,0,1,1,0,1
0.04940336,1,1,1,1,0,1
0.04940856,1,0,1,1,0,1
0.04940988,1,1,1,1,0,1
0.04941204,1,0,1,1,0,1
0.0494132,1,1,1,1,0,1
0.04941836,1,0,1,1,0,1
0.04941956,1,1,1,1,0,1
0.04942172,1,0,1,1,0,1
0.04942288,1,1,1,1,0,1
0.04942804,1,0,1,1,0,1
0.04942936,1,1,1,1,0,1
0.04943152,1,0,1,1,0,1
0.04943252,1,1,1,1,0,1
0.04943772,1,0,1,1,0,1
0.04943904,1,1,1,1,0,1
0.0494412,1,0,1,1,0,1
0.0494422,1,1,1,1,0,1
0.04944736,1,0,1,1,0,1
0.04944872,1,1,1,1,0,1
0.04945088,1,0,1,1,0,1
0.04945188,1,1,1,1,0,1
0.04945704,1,0,1,1,0,1
0.04945836,1,1,1,1,0,1
0.04946052,1,0,1,1,0,1
0.04946172,1,1,1,1,0,1
0.04946688,1,0,1,1,0,1
0.04946804,1,1,1,1,0,1
0.0494702,1,0,1,1,0,1
0.04947136,1,1,1,1,0,1
0.04947652,1,0,1,1,0,1
0.04947788,1,1,1,1,0,1
0.04948004,1,0,1,1,0,1
0.04948104,1,1,1,1,0,1
0.0494862,1,0,1,1,0,1
0.04948752,1,1,1,1,0,1
0.04948972,1,0,1,1,0,1
0.04949068,1,1,1,1,0,1
0.04949588,1,0,1,1,0,1
0.0494972,1,1,1,1,0,1
0.04949936,1,0,1,1,0,1
0.04950036,1,1,1,1,0,1
0.04950552,1,0,1,1,0,1
0.04950688,1,1,1,1,0,1
0.04950904,1,0,1,1,0,1
0.0495102,1,1,1,1,0,1
0.04951536,1,0,1,1,0,1
0.04951652,1,1,1,1,0,1
0.04951868,1,0,1,1,0,1
0.04951988,1,1,1,1,0,1
0.04952504,1,0,1,1,0,1
0.04952636,1,1,1,1,0,1
0.04952852,1,0,1,1,0,1
0.04952952,1,1,1,1,0,1
0.04953468,1,0,1,1,0,1
0.04953604,1,1,1,1,0,1
0.0495382,1,0,1,1,0,1
0.0495392,1,1,1,1,0,1
0.04954436,1,0,1,1,0,1
0.04954568,1,1,1,1,0,1
0.04954788,1,0,1,1,0,1
0.04954888,1,1,1,1,0,1
0.04955404,1,0,1,1,0,1
0.04955536,1,1,1,1,0,1
0.04955752,1,0,1,1,0,1
0.04955868,1,1,1,1,0,1
0.04956384,1,0,1,1,0,1
0.04956504,1,1,1,1,0,1
0.0495672,1,0,1,1,0,1
0.04956836,1,1,1,1,0,1
0.04957352,1,0,1,1,0,1
0.04957484,1,1,1,1,0,1
0.04957704,1,0,1,1,0,1
0.04957804,1,1,1,1,0,1
0.0495832,1,0,1,1,0,1
0.04958452,1,1,1,1,0,1
0.04958668,1,0,1,1,0,1
0.04958768,1,1,1,1,0,1
0.04959284,1,0,1,1,0,1
0.0495942,1,1,1,1,0,1
0.04959636,1,0,1,1,0,1
0.04959736,1,1,1,1,0,1
0.04960252,1,0,1,1,0,1
0.04960384,1,1,1,1,0,1
0.04960604,1,0,1,1,0,1
0.04960704,1,1,1,1,0,1
0.0496122,1,0,1,1,0,1
0.04961352,1,1,1,1,0,1
0.04961568,1,0,1,1,0,1
0.04961684,1,1,1,1,0,1
0.04962204,1,0,1,1,0,1
0.0496232,1,1,1,1,0,1
0.04962536,1,0,1,1,0,1
0.04962652,1,1,1,1,0,1
0.04963168,1,0,1,1,0,1
0.049633,1,1,1,1,0,1
0.0496352,1,0,1,1,0,1
0.0496362,1,1,1,1,0,1
0.04964136,1,0,1,1,0,1
0.04964268,1,1,1,1,0,1
0.04964484,1,0,1,1,0,1
0.04964584,1,1,1,1,0,1
0.049651,1,0,1,1,0,1
0.04965236,1,1,1,1,0,1
0.04965452,1,0,1,1,0,1
0.04965552,1,1,1,1,0,1
0.04966068,1,0,1,1,0,1
0.049662,1,1,1,1,0,1
0.0496642,1,0,1,1,0,1
0.04966536,1,1,1,1,0,1
0.04967052,1,0,1,1,0,1
0.04967168,1,1,1,1,0,1
0.04967384,1,0,1,1,0,1
0.049675,1,1,1,1,0,1
0.0496802,1,0,1,1,0,1
0.04968152,1,1,1,1,0,1
0.04968368,1,0,1,1,0,1
0.04968468,1,1,1,1,0,1
0.04968984,1,0,1,1,0,1
0.04969116,1,1,1,1,0,1
0.04969336,1,0,1,1,0,1
0.04969436,1,1,1,1,0,1
0.04969952,1,0,1,1,0,1
0.04970084,1,1,1,1,0,1
0.049703,1,0,1,1,0,1
0.049704,1,1,1,1,0,1
0.04970916,1,0,1,1,0,1
0.04971052,1,1,1,1,0,1
0.04971268,1,0,1,1,0,1
0.04971384,1,1,1,1,0,1
0.049719,1,0,1,1,0,1
0.04972016,1,1,1,1,0,1
0.04972236,1,0,1,1,0,1
0.04972352,1,1,1,1,0,1
0.04972868,1,0,1,1,0,1
0.04973,1,1,1,1,0,1
0.04973216,1,0,1,1,0,1
0.04973316,1,1,1,1,0,1
0.04973836,1,0,1,1,0,1
0.04973968,1,1,1,1,0,1
0.04974184,1,0,1,1,0,1
0.04974284,1,1,1,1,0,1
0.049748,1,0,1,1,0,1
0.04974936,1,1,1,1,0,1
0.04975152,1,0,1,1,0,1
0.04975252,1,1,1,1,0,1
0.04975768,1,0,1,1,0,1
0.049759,1,1,1,1,0,1
0.04976116,1,0,1,1,0,1
0.04976232,1,1,1,1,0,1
0.04976752,1,0,1,1,0,1
0.04976868,1,1,1,1,0,1
0.04977084,1,0,1,1,0,1
0.049772,1,1,1,1,0,1
0.04977716,1,0,1,1,0,1
0.04977852,1,1,1,1,0,1
0.04978068,1,0,1,1,0,1
0.04978168,1,1,1,1,0,1
0.04978684,1,0,1,1,0,1
0.04978816,1,1,1,1,0,1
0.04979032,1,0,1,1,0,1
0.04979132,1,1,1,1,0,1
0.04979652,1,0,1,1,0,1
0.04979784,1,1,1,1,0,1
0.0498,1,0,1,1,0,1
0.049801,1,1,1,1,0,1
0.04980616,1,0,1,1,0,1
0.04980752,1,1,1,1,0,1
0.04980968,1,0,1,1,0,1
0.04981068,1,1,1,1,0,1
0.04981584,1,0,1,1,0,1
0.04981716,1,1,1,1,0,1
0.04981932,1,0,1,1,0,1
0.04982048,1,1,1,1,0,1
0.04982568,1,0,1,1,0,1
0.04982684,1,1,1,1,0,1
0.049829,1,0,1,1,0,1
0.04983016,1,1,1,1,0,1
0.04983532,1,0,1,1,0,1
0.04983668,1,1,1,1,0,1
0.04983884,1,0,1,1,0,1
0.04983984,1,1,1,1,0,1
0.049845,1,0,1,1,0,1
0.04984632,1,1,1,1,0,1
0.04984848,1,0,1,1,0,1
0.04984948,1,1,1,1,0,1
0.04985468,1,0,1,1,0,1
0.049856,1,1,1,1,0,1
0.04985816,1,0,1,1,0,1
0.04985916,1,1,1,1,0,1
0.04986432,1,0,1,1,0,1
0.04986568,1,1,1,1,0,1
0.04986784,1,0,1,1,0,1
0.049869,1,1,1,1,0,1
0.04987416,1,0,1,1,0,1
0.04987532,1,1,1,1,0,1
0.04987748,1,0,1,1,0,1
0.04987868,1,1,1,1,0,1
0.04988384,1,0,1,1,0,1
0.04988516,1,1,1,1,0,1
0.04988732,1,0,1,1,0,1
0.04988832,1,1,1,1,0,1
0.04989348,1,0,1,1,0,1
0.04989484,1,1,1,1,0,1
0.049897,1,0,1,1,0,1
0.049898,1,1,1,1,0,1
0.04990316,1,0,1,1,0,1
0.04990448,1,1,1,1,0,1
0.04990664,1,0,1,1,0,1
0.04990764,1,1,1,1,0,1
0.04991284,1,0,1,1,0,1
0.04991416,1,1,1,1,0,1
0.04991632,1,0,1,1,0,1
0.04991748,1,1,1,1,0,1
0.04992264,1,0,1,1,0,1
0.04992384,1,1,1,1,0,1
0.049926,1,0,1,1,0,1
0.04992716,1,1,1,1,0,1
0.04993232,1,0,1,1,0,1
0.04993364,1,1,1,1,0,1
0.04993584,1,0,1,1,0,1
0.04993684,1,1,1,1,0,1
0.049942,1,0,1,1,0,1
0.04994332,1,1,1,1,0,1
0.04994548,1,0,1,1,0,1
0.04994648,1,1,1,1,0,1
0.04995164,1,0,1,1,0,1
0.049953,1,1,1,1,0,1
0.04995516,1,0,1,1,0,1
0.04995616,1,1,1,1,0,1
0.04996132,1,0,1,1,0,1
0.04996264,1,1,1,1,0,1
0.0499648,1,0,1,1,0,1
0.049966,1,1,1,1,0,1
0.04997116,1,0,1,1,0,1
0.04997232,1,1,1,1,0,1
0.04997448,1,0,1,1,0,1
0.04997564,1,1,1,1,0,1
0.0499808,1,0,1,1,0,1
0.04998216,1,1,1,1,0,1
0.04998432,1,0,1,1,0,1
0.04998532,1,1,1,1,0,1
0.04999048,1,0,1,1,0,1
0.0499918,1,1,1,1,0,1
0.049994,1,0,1,1,0,1
0.049995,1,1,1,1,0,1
0.05000016,1,0,1,1,0,1
0.05000148,1,1,1,1,0,1
0.05000364,1,0,1,1,0,1
0.05000464,1,1,1,1,0,1
0.0500098,1,0,1,1,0,1
0.05001116,1,1,1,1,0,1
0.05001332,1,0,1,1,0,1
0.05001432,1,1,1,1,0,1
0.05001948,1,0,1,1,0,1
0.0500208,1,1,1,1,0,1
0.05002296,1,0,1,1,0,1
0.05002416,1,1,1,1,0,1
0.05002932,1,0,1,1,0,1
0.05003048,1,1,1,1,0,1
0.05003264,1,0,1,1,0,1
0.0500338,1,1,1,1,0,1
0.05003896,1,0,1,1,0,1
0.05004032,1,1,1,1,0,1
0.05004248,1,0,1,1,0,1
0.05004348,1,1,1,1,0,1
0.05004864,1,0,1,1,0,1
0.05004996,1,1,1,1,0,1
0.05005216,1,0,1,1,0,1
0.05005316,1,1,1,1,0,1
0.05005832,1,0,1,1,0,1
0.05005964,1,1,1,1,0,1
0.0500618,1,0,1,1,0,1
0.0500628,1,1,1,1,0,1
0.05006796,1,0,1,1,0,1
0.05006932,1,1,1,1,0,1
0.05007148,1,0,1,1,0,1
0.05007264,1,1,1,1,0,1
0.0500778,1,0,1,1,0,1
0.05007896,1,1,1,1,0,1
0.05008116,1,0,1,1,0,1
0.05008232,1,1,1,1,0,1
0.05008748,1,0,1,1,0,1
0.0500888,1,1,1,1,0,1
0.05009096,1,0,1,1,0,1
0.05009196,1,1,1,1,0,1
0.05009712,1,0,1,1,0,1
0.05009848,1,1,1,1,0,1
0.05010064,1,0,1,1,0,1
0.05010164,1,1,1,1,0,1
0.0501068,1,0,1,1,0,1
0.05010812,1,1,1,1,0,1
0.05011032,1,0,1,1,0,1
0.05011132,1,1,1,1,0,1
0.05011648,1,0,1,1,0,1
0.0501178,1,1,1,1,0,1
0.05011996,1,0,1,1,0,1
0.05012112,1,1,1,1,0,1
0.05012632,1,0,1,1,0,1
0.05012748,1,1,1,1,0,1
0.05012964,1,0,1,1,0,1
0.0501308,1,1,1,1,0,1
0.05013596,1,0,1,1,0,1
0.05013732,1,1,1,1,0,1
0.05013948,1,0,1,1,0,1
0.05014048,1,1,1,1,0,1
0.05014564,1,0,1,1,0,1
0.05014696,1,1,1,1,0,1
0.05014912,1,0,1,1,0,1
0.05015012,1,1,1,1,0,1
0.05015528,1,0,1,1,0,1
0.05015664,1,1,1,1,0,1
0.0501588,1,0,1,1,0,1
0.0501598,1,1,1,1,0,1
0.05016496,1,0,1,1,0,1
0.05016628,1,1,1,1,0,1
0.05016848,1,0,1,1,0,1
0.05016964,1,1,1,1,0,1
0.0501748,1,0,1,1,0,1
0.05017596,1,1,1,1,0,1
0.05017812,1,0,1,1,0,1
0.05017928,1,1,1,1,0,1
0.05018448,1,0,1,1,0,1
0.0501858,1,1,1,1,0,1
0.05018796,1,0,1,1,0,1
0.05018896,1,1,1,1,0,1
0.05019412,1,0,1,1,0,1
0.05019548,1,1,1,1,0,1
0.05019764,1,0,1,1,0,1
0.05019864,1,1,1,1,0,1
0.0502038,1,0,1,1,0,1
0.05020512,1,1,1,1,0,1
0.05020728,1,0,1,1,0,1
0.05020828,1,1,1,1,0,1
0.05021344,1,0,1,1,0,1
0.0502148,1,1,1,1,0,1
0.05021696,1,0,1,1,0,1
0.05021812,1,1,1,1,0,1
0.05022328,1,0,1,1,0,1
0.05022444,1,1,1,1,0,1
0.05022664,1,0,1,1,0,1
0.0502278,1,1,1,1,0,1
0.05023296,1,0,1,1,0,1
0.05023428,1,1,1,1,0,1
0.05023644,1,0,1,1,0,1
0.05023744,1,1,1,1,0,1
0.05024264,1,0,1,1,0,1
0.05024396,1,1,1,1,0,1
0.05024612,1,0,1,1,0,1
0.05024712,1,1,1,1,0,1
0.05025228,1,0,1,1,0,1
0.05025364,1,1,1,1,0,1
0.0502558,1,0,1,1,0,1
0.0502568,1,1,1,1,0,1
0.05026196,1,0,1,1,0,1
0.05026328,1,1,1,1,0,1
0.05026544,1,0,1,1,0,1
0.05026644,1,1,1,1,0,1
0.05027164,1,0,1,1,0,1
0.05027296,1,1,1,1,0,1
0.05027512,1,0,1,1,0,1
0.05027628,1,1,1,1,0,1
0.05028144,1,0,1,1,0,1
0.0502826,1,1,1,1,0,1
0.0502848,1,0,1,1,0,1
0.05028596,1,1,1,1,0,1
0.05029112,1,0,1,1,0,1
0.05029244,1,1,1,1,0,1
0.0502946,1,0,1,1,0,1
0.0502956,1,1,1,1,0,1
0.0503008,1,0,1,1,0,1
0.05030212,1,1,1,1,0,1
0.05030428,1,0,1,1,0,1
0.05030528,1,1,1,1,0,1
0.05031044,1,0,1,1,0,1
0.0503118,1,1,1,1,0,1
0.05031396,1,0,1,1,0,1
0.05031496,1,1,1,1,0,1
0.05032012,1,0,1,1,0,1
0.05032144,1,1,1,1,0,1
0.0503236,1,0,1,1,0,1
0.0503248,1,1,1,1,0,1
0.05032996,1,0,1,1,0,1
0.05033112,1,1,1,1,0,1
0.05033328,1,0,1,1,0,1
0.05033444,1,1,1,1,0,1
0.0503396,1,0,1,1,0,1
0.05034096,1,1,1,1,0,1
0.05034312,1,0,1,1,0,1
0.05034412,1,1,1,1,0,1
0.05034928,1,0,1,1,0,1
0.0503506,1,1,1,1,0,1
0.05035276,1,0,1,1,0,1
0.05035376,1,1,1,1,0,1
0.05035896,1,0,1,1,0,1
0.05036028,1,1,1,1,0,1
0.05036244,1,0,1,1,0,1
0.05036344,1,1,1,1,0,1
0.0503686,1,0,1,1,0,1
0.05036996,1,1,1,1,0,1
0.05037212,1,0,1,1,0,1
0.05037328,1,1,1,1,0,1
0.05037844,1,0,1,1,0,1
0.0503796,1,1,1,1,0,1
0.05038176,1,0,1,1,0,1
0.05038296,1,1,1,1,0,1
0.05038812,1,0,1,1,0,1
0.05038944,1,1,1,1,0,1
0.0503916,1,0,1,1,0,1
0.0503926,1,1,1,1,0,1
0.05039776,1,0,1,1,0,1
0.05039912,1,1,1,1,0,1
0.05040128,1,0,1,1,0,1
0.05040228,1,1,1,1,0,1
0.05040744,1,0,1,1,0,1
0.05040876,1,1,1,1,0,1
0.05041096,1,0,1,1,0,1
0.05041192,1,1,1,1,0,1
0.05041712,1,0,1,1,0,1
0.05041844,1,1,1,1,0,1
0.0504206,1,0,1,1,0,1
0.05042176,1,1,1,1,0,1
0.05042692,1,0,1,1,0,1
0.05042812,1,1,1,1,0,1
0.05043028,1,0,1,1,0,1
0.05043144,1,1,1,1,0,1
0.0504366,1,0,1,1,0,1
0.05043792,1,1,1,1,0,1
0.05044012,1,0,1,1,0,1
0.05044112,1,1,1,1,0,1
0.05044628,1,0,1,1,0,1
0.0504476,1,1,1,1,0,1
0.05044976,1,0,1,1,0,1
0.05045076,1,1,1,1,0,1
0.05045592,1,0,1,1,0,1
0.05045728,1,1,1,1,0,1
0.05045944,1,0,1,1,0,1
0.05046044,1,1,1,1,0,1
0.0504656,1,0,1,1,0,1
0.05046692,1,1,1,1,0,1
0.05046912,1,0,1,1,0,1
0.05047012,1,1,1,1,0,1
0.05047528,1,0,1,1,0,1
0.0504766,1,1,1,1,0,1
0.05047876,1,0,1,1,0,1
0.05047992,1,1,1,1,0,1
0.05048508,1,0,1,1,0,1
0.05048628,1,1,1,1,0,1
0.05048844,1,0,1,1,0,1
0.0504896,1,1,1,1,0,1
0.05049476,1,0,1,1,0,1
0.05049608,1,1,1,1,0,1
0.05049828,1,0,1,1,0,1
0.05049928,1,1,1,1,0,1
0.05050444,1,0,1,1,0,1
0.05050576,1,1,1,1,0,1
0.05050792,1,0,1,1,0,1
0.05050892,1,1,1,1,0,1
0.05051408,1,0,1,1,0,1
0.05051544,1,1,1,1,0,1
0.0505176,1,0,1,1,0,1
0.0505186,1,1,1,1,0,1
0.05052376,1,0,1,1,0,1
0.05052508,1,1,1,1,0,1
0.05052728,1,0,1,1,0,1
0.05052844,1,1,1,1,0,1
0.0505336,1,0,1,1,0,1
0.05053476,1,1,1,1,0,1
0.05053692,1,0,1,1,0,1
0.05053808,1,1,1,1,0,1
0.05054324,1,0,1,1,0,1
0.0505446,1,1,1,1,0,1
0.05054676,1,0,1,1,0,1
0.05054776,1,1,1,1,0,1
0.05055292,1,0,1,1,0,1
0.05055424,1,1,1,1,0,1
0.05055644,1,0,1,1,0,1
0.05055744,1,1,1,1,0,1
0.0505626,1,0,1,1,0,1
0.05056392,1,1,1,1,0,1
0.05056608,1,0,1,1,0,1
0.05056708,1,1,1,1,0,1
0.05057224,1,0,1,1,0,1
0.0505736,1,1,1,1,0,1
0.05057576,1,0,1,1,0,1
0.05057692,1,1,1,1,0,1
0.05058208,1,0,1,1,0,1
0.05058324,1,1,1,1,0,1
0.05058544,1,0,1,1,0,1
0.0505866,1,1,1,1,0,1
0.05059176,1,0,1,1,0,1
0.05059308,1,1,1,1,0,1
0.05059524,1,0,1,1,0,1
0.05059624,1,1,1,1,0,1
0.05060144,1,0,1,1,0,1
0.05060276,1,1,1,1,0,1
0.05060492,1,0,1,1,0,1
0.05060592,1,1,1,1,0,1
0.05061108,1,0,1,1,0,1
0.0506124,1,1,1,1,0,1
0.0506146,1,0,1,1,0,1
0.0506156,1,1,1,1,0,1
0.05062076,1,0,1,1,0,1
0.05062208,1,1,1,1,0,1
0.05062424,1,0,1,1,0,1
0.0506254,1,1,1,1,0,1
0.0506306,1,0,1,1,0,1
0.05063176,1,1,1,1,0,1
0.05063392,1,0,1,1,0,1
0.05063508,1,1,1,1,0,1
0.05064024,1,0,1,1,0,1
0.0506416,1,1,1,1,0,1
0.05064376,1,0,1,1,0,1
0.05064476,1,1,1,1,0,1
0.05064992,1,0,1,1,0,1
0.05065124,1,1,1,1,0,1
0.0506534,1,0,1,1,0,1
0.0506544,1,1,1,1,0,1
0.0506596,1,0,1,1,0,1
0.05066092,1,1,1,1,0,1
0.05066308,1,0,1,1,0,1
0.05066408,1,1,1,1,0,1
0.05066924,1,0,1,1,0,1
0.0506706,1,1,1,1,0,1
0.05067276,1,0,1,1,0,1
0.05067376,1,1,1,1,0,1
0.05067892,1,0,1,1,0,1
0.05068024,1,1,1,1,0,1
0.0506824,1,0,1,1,0,1
0.05068356,1,1,1,1,0,1
0.05068876,1,0,1,1,0,1
0.05068992,1,1,1,1,0,1
0.05069208,1,0,1,1,0,1
0.05069324,1,1,1,1,0,1
0.0506984,1,0,1,1,0,1
0.05069976,1,1,1,1,0,1
0.05070192,1,0,1,1,0,1
0.05070292,1,1,1,1,0,1
0.05070808,1,0,1,1,0,1
0.0507094,1,1,1,1,0,1
0.05071156,1,0,1,1,0,1
0.05071256,1,1,1,1,0,1
0.05071776,1,0,1,1,0,1
0.05071908,1,1,1,1,0,1
0.05072124,1,0,1,1,0,1
0.05072224,1,1,1,1,0,1
0.0507274,1,0,1,1,0,1
0.05072876,1,1,1,1,0,1
0.05073092,1,0,1,1,0,1
0.05073208,1,1,1,1,0,1
0.05073724,1,0,1,1,0,1
0.0507384,1,1,1,1,0,1
0.05074056,1,0,1,1,0,1
0.05074172,1,1,1,1,0,1
0.05074692,1,0,1,1,0,1
0.05074824,1,1,1,1,0,1
0.0507504,1,0,1,1,0,1
0.0507514,1,1,1,1,0,1
0.05075656,1,0,1,1,0,1
0.05075792,1,1,1,1,0,1
0.05076008,1,0,1,1,0,1
0.05076108,1,1,1,1,0,1
0.05076624,1,0,1,1,0,1
0.05076756,1,1,1,1,0,1
0.05076972,1,0,1,1,0,1
0.05077072,1,1,1,1,0,1
0.05077592,1,0,1,1,0,1
0.05077724,1,1,1,1,0,1
0.0507794,1,0,1,1,0,1
0.05078056,1,1,1,1,0,1
0.05078572,1,0,1,1,0,1
0.05078692,1,1,1,1,0,1
0.05078908,1,0,1,1,0,1
0.05079024,1,1,1,1,0,1
0.0507954,1,0,1,1,0,1
0.05079672,1,1,1,1,0,1
0.05079892,1,0,1,1,0,1
0.05079992,1,1,1,1,0,1
0.05080508,1,0,1,1,0,1
0.0508064,1,1,1,1,0,1
0.05080856,1,0,1,1,0,1
0.05080956,1,1,1,1,0,1
0.05081472,1,0,1,1,0,1
0.05081608,1,1,1,1,0,1
0.05081824,1,0,1,1,0,1
0.05081924,1,1,1,1,0,1
0.0508244,1,0,1,1,0,1
0.05082572,1,1,1,1,0,1
0.05082788,1,0,1,1,0,1
0.05082908,1,1,1,1,0,1
0.05083424,1,0,1,1,0,1
0.0508354,1,1,1,1,0,1
0.05083756,1,0,1,1,0,1
0.05083872,1,1,1,1,0,1
0.05084388,1,0,1,1,0,1
0.05084524,1,1,1,1,0,1
0.0508474,1,0,1,1,0,1
0.0508484,1,1,1,1,0,1
0.05085356,1,0,1,1,0,1
0.05085488,1,1,1,1,0,1
0.05085708,1,0,1,1,0,1
0.05085808,1,1,1,1,0,1
0.05086324,1,0,1,1,0,1
0.05086456,1,1,1,1,0,1
0.05086672,1,0,1,1,0,1
0.05086772,1,1,1,1,0,1
0.05087288,1,0,1,1,0,1
0.05087424,1,1,1,1,0,1
0.0508764,1,0,1,1,0,1
0.05087756,1,1,1,1,0,1
0.05088272,1,0,1,1,0,1
0.05088388,1,1,1,1,0,1
0.05088604,1,0,1,1,0,1
0.05088724,1,1,1,1,0,1
0.0508924,1,0,1,1,0,1
0.05089356,1,1,1,1,0,1
0.05089572,1,0,1,1,0,1
0.05089688,1,1,1,1,0,1
0.05090204,1,0,1,1,0,1
0.0509034,1,1,1,1,0,1
0.05090556,1,0,1,1,0,1
0.05090656,1,1,1,1,0,1
0.05091172,1,0,1,1,0,1
0.05091304,1,1,1,1,0,1
0.05091524,1,0,1,1,0,1
0.05091624,1,1,1,1,0,1
0.0509214,1,0,1,1,0,1
0.05092272,1,1,1,1,0,1
0.05092488,1,0,1,1,0,1
0.05092588,1,1,1,1,0,1
0.05093104,1,0,1,1,0,1
0.0509324,1,1,1,1,0,1
0.05093456,1,0,1,1,0,1
0.05093572,1,1,1,1,0,1
0.05094088,1,0,1,1,0,1
0.05094204,1,1,1,1,0,1
0.0509442,1,0,1,1,0,1
0.0509454,1,1,1,1,0,1
0.05095056,1,0,1,1,0,1
0.05095188,1,1,1,1,0,1
0.05095404,1,0,1,1,0,1
0.05095504,1,1,1,1,0,1
0.0509602,1,0,1,1,0,1
0.05096156,1,1,1,1,0,1
0.05096372,1,0,1,1,0,1
0.05096472,1,1,1,1,0,1
0.05096988,1,0,1,1,0,1
0.0509712,1,1,1,1,0,1
0.0509734,1,0,1,1,0,1
0.0509744,1,1,1,1,0,1
0.05097956,1,0,1,1,0,1
0.05098088,1,1,1,1,0,1
0.05098304,1,0,1,1,0,1
0.0509842,1,1,1,1,0,1
0.0509894,1,0,1,1,0,1
0.05099056,1,1,1,1,0,1
0.05099272,1,0,1,1,0,1
0.05099388,1,1,1,1,0,1
0.05099904,1,0,1,1,0,1
0.05100036,1,1,1,1,0,1
0.05100256,1,0,1,1,0,1
0.05100356,1,1,1,1,0,1
0.05100872,1,0,1,1,0,1
0.05101004,1,1,1,1,0,1
0.0510122,1,0,1,1,0,1
0.0510132,1,1,1,1,0,1
0.05101836,1,0,1,1,0,1
0.05101972,1,1,1,1,0,1
0.05102188,1,0,1,1,0,1
0.05102288,1,1,1,1,0,1
0.05102804,1,0,1,1,0,1
0.05102936,1,1,1,1,0,1
0.05103156,1,0,1,1,0,1
0.05103272,1,1,1,1,0,1
0.05103788,1,0,1,1,0,1
0.05103904,1,1,1,1,0,1
0.0510412,1,0,1,1,0,1
0.05104236,1,1,1,1,0,1
0.05104756,1,0,1,1,0,1
0.05104888,1,1,1,1,0,1
0.05105104,1,0,1,1,0,1
0.05105204,1,1,1,1,0,1
0.0510572,1,0,1,1,0,1
0.05105856,1,1,1,1,0,1
0.05106072,1,0,1,1,0,1
0.05106172,1,1,1,1,0,1
0.05106688,1,0,1,1,0,1
0.0510682,1,1,1,1,0,1
0.05107036,1,0,1,1,0,1
0.05107136,1,1,1,1,0,1
0.05107652,1,0,1,1,0,1
0.05107788,1,1,1,1,0,1
0.05108004,1,0,1,1,0,1
0.0510812,1,1,1,1,0,1
0.05108636,1,0,1,1,0,1
0.05108752,1,1,1,1,0,1
0.05108972,1,0,1,1,0,1
0.05109088,1,1,1,1,0,1
0.05109604,1,0,1,1,0,1
0.05109736,1,1,1,1,0,1
0.05109952,1,0,1,1,0,1
0.05110052,1,1,1,1,0,1
0.05110572,1,0,1,1,0,1
0.05110704,1,1,1,1,0,1
0.0511092,1,0,1,1,0,1
0.0511102,1,1,1,1,0,1
0.05111536,1,0,1,1,0,1
0.05111672,1,1,1,1,0,1
0.05111888,1,0,1,1,0,1
0.05111988,1,1,1,1,0,1
0.05112504,1,0,1,1,0,1
0.05112636,1,1,1,1,0,1
0.05112852,1,0,1,1,0,1
0.05112952,1,1,1,1,0,1
0.05113468,1,0,1,1,0,1
0.05113604,1,1,1,1,0,1
0.0511382,1,0,1,1,0,1
0.05113936,1,1,1,1,0,1
0.05114452,1,0,1,1,0,1
0.05114568,1,1,1,1,0,1
0.05114788,1,0,1,1,0,1
0.05114904,1,1,1,1,0,1
0.0511542,1,0,1,1,0,1
0.05115552,1,1,1,1,0,1
0.05115768,1,0,1,1,0,1
0.05115868,1,1,1,1,0,1
0.05116388,1,0,1,1,0,1
0.0511652,1,1,1,1,0,1
0.05116736,1,0,1,1,0,1
0.05116836,1,1,1,1,0,1
0.05117352,1,0,1,1,0,1
0.05117488,1,1,1,1,0,1
0.05117704,1,0,1,1,0,1
0.05117804,1,1,1,1,0,1
0.0511832,1,0,1,1,0,1
0.05118452,1,1,1,1,0,1
0.05118668,1,0,1,1,0,1
0.05118788,1,1,1,1,0,1
0.05119304,1,0,1,1,0,1
0.0511942,1,1,1,1,0,1
0.05119636,1,0,1,1,0,1
0.05119752,1,1,1,1,0,1
0.05120268,1,0,1,1,0,1
0.05120404,1,1,1,1,0,1
0.0512062,1,0,1,1,0,1
0.0512072,1,1,1,1,0,1
0.05121236,1,0,1,1,0,1
0.05121368,1,1,1,1,0,1
0.05121584,1,0,1,1,0,1
0.05121684,1,1,1,1,0,1
0.05122204,1,0,1,1,0,1
0.05122336,1,1,1,1,0,1
0.05122552,1,0,1,1,0,1
0.05122652,1,1,1,1,0,1
0.05123168,1,0,1,1,0,1
0.05123304,1,1,1,1,0,1
0.0512352,1,0,1,1,0,1
0.05123636,1,1,1,1,0,1
0.05124152,1,0,1,1,0,1
0.05124268,1,1,1,1,0,1
0.05124484,1,0,1,1,0,1
0.05124604,1,1,1,1,0,1
0.0512512,1,0,1,1,0,1
0.05125252,1,1,1,1,0,1
0.05125468,1,0,1,1,0,1
0.05125568,1,1,1,1,0,1
0.05126084,1,0,1,1,0,1
0.0512622,1,1,1,1,0,1
0.05126436,1,0,1,1,0,1
0.05126536,1,1,1,1,0,1
0.05127052,1,0,1,1,0,1
0.05127184,1,1,1,1,0,1
0.051274,1,0,1,1,0,1
0.051275,1,1,1,1,0,1
0.0512802,1,0,1,1,0,1
0.05128152,1,1,1,1,0,1
0.05128368,1,0,1,1,0,1
0.05128484,1,1,1,1,0,1
0.05129,1,0,1,1,0,1
0.0512912,1,1,1,1,0,1
0.05129336,1,0,1,1,0,1
0.05129452,1,1,1,1,0,1
0.05129968,1,0,1,1,0,1
0.051301,1,1,1,1,0,1
0.0513032,1,0,1,1,0,1
0.0513042,1,1,1,1,0,1
0.05130936,1,0,1,1,0,1
0.05131068,1,1,1,1,0,1
0.05131284,1,0,1,1,0,1
0.05131384,1,1,1,1,0,1
0.051319,1,0,1,1,0,1
0.05132036,1,1,1,1,0,1
0.05132252,1,0,1,1,0,1
0.05132352,1,1,1,1,0,1
0.05132868,1,0,1,1,0,1
0.05133,1,1,1,1,0,1
0.0513322,1,0,1,1,0,1
0.05133316,1,1,1,1,0,1
0.05133836,1,0,1,1,0,1
0.05133968,1,1,1,1,0,1
0.05134184,1,0,1,1,0,1
0.051343,1,1,1,1,0,1
0.05134816,1,0,1,1,0,1
0.05134936,1,1,1,1,0,1
0.05135152,1,0,1,1,0,1
0.05135268,1,1,1,1,0,1
0.05135784,1,0,1,1,0,1
0.05135916,1,1,1,1,0,1
0.05136136,1,0,1,1,0,1
0.05136236,1,1,1,1,0,1
0.05136752,1,0,1,1,0,1
0.05136884,1,1,1,1,0,1
0.051371,1,0,1,1,0,1
0.051372,1,1,1,1,0,1
0.05137716,1,0,1,1,0,1
0.05137852,1,1,1,1,0,1
0.05138068,1,0,1,1,0,1
0.05138168,1,1,1,1,0,1
0.05138684,1,0,1,1,0,1
0.05138816,1,1,1,1,0,1
0.05139036,1,0,1,1,0,1
0.05139152,1,1,1,1,0,1
0.05139668,1,0,1,1,0,1
0.05139784,1,1,1,1,0,1
0.0514,1,0,1,1,0,1
0.05140116,1,1,1,1,0,1
0.05140632,1,0,1,1,0,1
0.05140768,1,1,1,1,0,1
0.05140984,1,0,1,1,0,1
0.05141084,1,1,1,1,0,1
0.051416,1,0,1,1,0,1
0.05141732,1,1,1,1,0,1
0.05141952,1,0,1,1,0,1
0.05142052,1,1,1,1,0,1
0.05142568,1,0,1,1,0,1
0.051427,1,1,1,1,0,1
0.05142916,1,0,1,1,0,1
0.05143016,1,1,1,1,0,1
0.05143532,1,0,1,1,0,1
0.05143668,1,1,1,1,0,1
0.05143884,1,0,1,1,0,1
0.05144,1,1,1,1,0,1
0.05144516,1,0,1,1,0,1
0.05144632,1,1,1,1,0,1
0.05144852,1,0,1,1,0,1
0.05144968,1,1,1,1,0,1
0.05145484,1,0,1,1,0,1
0.05145616,1,1,1,1,0,1
0.05145832,1,0,1,1,0,1
0.05145932,1,1,1,1,0,1
0.05146448,1,0,1,1,0,1
0.05146584,1,1,1,1,0,1
0.051468,1,0,1,1,0,1
0.051469,1,1,1,1,0,1
0.05147416,1,0,1,1,0,1
0.05147548,1,1,1,1,0,1
0.05147768,1,0,1,1,0,1
0.05147868,1,1,1,1,0,1
0.05148384,1,0,1,1,0,1
0.05148516,1,1,1,1,0,1
0.05148732,1,0,1,1,0,1
0.05148848,1,1,1,1,0,1
0.05149368,1,0,1,1,0,1
0.05149484,1,1,1,1,0,1
0.051497,1,0,1,1,0,1
0.05149816,1,1,1,1,0,1
0.05150332,1,0,1,1,0,1
0.05150468,1,1,1,1,0,1
0.05150684,1,0,1,1,0,1
0.05150784,1,1,1,1,0,1
0.051513,1,0,1,1,0,1
0.05151432,1,1,1,1,0,1
0.05151648,1,0,1,1,0,1
0.05151748,1,1,1,1,0,1
0.05152268,1,0,1,1,0,1
0.051524,1,1,1,1,0,1
0.05152616,1,0,1,1,0,1
0.05152716,1,1,1,1,0,1
0.05153232,1,0,1,1,0,1
0.05153364,1,1,1,1,0,1
0.05153584,1,0,1,1,0,1
0.05153684,1,1,1,1,0,1
0.051542,1,0,1,1,0,1
0.05154332,1,1,1,1,0,1
0.05154548,1,0,1,1,0,1
0.05154664,1,1,1,1,0,1
0.05155184,1,0,1,1,0,1
0.051553,1,1,1,1,0,1
0.05155516,1,0,1,1,0,1
0.05155632,1,1,1,1,0,1
0.05156148,1,0,1,1,0,1
0.05156284,1,1,1,1,0,1
0.051565,1,0,1,1,0,1
0.051566,1,1,1,1,0,1
0.05157116,1,0,1,1,0,1
0.05157248,1,1,1,1,0,1
0.05157464,1,0,1,1,0,1
0.05157564,1,1,1,1,0,1
0.05158084,1,0,1,1,0,1
0.05158216,1,1,1,1,0,1
0.05158432,1,0,1,1,0,1
0.05158532,1,1,1,1,0,1
0.05159048,1,0,1,1,0,1
0.05159184,1,1,1,1,0,1
0.051594,1,0,1,1,0,1
0.05159516,1,1,1,1,0,1
0.05160032,1,0,1,1,0,1
0.05160148,1,1,1,1,0,1
0.05160364,1,0,1,1,0,1
0.0516048,1,1,1,1,0,1
0.05161,1,0,1,1,0,1
0.05161132,1,1,1,1,0,1
0.05161348,1,0,1,1,0,1
0.05161448,1,1,1,1,0,1
0.05161964,1,0,1,1,0,1
0.051621,1,1,1,1,0,1
0.05162316,1,0,1,1,0,1
0.05162416,1,1,1,1,0,1
0.05162932,1,0,1,1,0,1
0.05163064,1,1,1,1,0,1
0.0516328,1,0,1,1,0,1
0.0516338,1,1,1,1,0,1
0.051639,1,0,1,1,0,1
0.05164032,1,1,1,1,0,1
0.05164248,1,0,1,1,0,1
0.05164364,1,1,1,1,0,1
0.0516488,1,0,1,1,0,1
0.05165,1,1,1,1,0,1
0.05165216,1,0,1,1,0,1
0.05165332,1,1,1,1,0,1
0.05165848,1,0,1,1,0,1
0.0516598,1,1,1,1,0,1
0.05166196,1,0,1,1,0,1
0.05166296,1,1,1,1,0,1
0.05166816,1,0,1,1,0,1
0.05166948,1,1,1,1,0,1
0.05167164,1,0,1,1,0,1
0.05167264,1,1,1,1,0,1
0.0516778,1,0,1,1,0,1
0.05167916,1,1,1,1,0,1
0.05168132,1,0,1,1,0,1
0.05168232,1,1,1,1,0,1
0.05168748,1,0,1,1,0,1
0.0516888,1,1,1,1,0,1
0.05169096,1,0,1,1,0,1
0.05169216,1,1,1,1,0,1
0.05169732,1,0,1,1,0,1
0.05169848,1,1,1,1,0,1
0.05170064,1,0,1,1,0,1
0.0517018,1,1,1,1,0,1
0.05170696,1,0,1,1,0,1
0.05170832,1,1,1,1,0,1
0.05171048,1,0,1,1,0,1
0.05171148,1,1,1,1,0,1
0.05171664,1,0,1,1,0,1
0.05171796,1,1,1,1,0,1
0.05172016,1,0,1,1,0,1
0.05172112,1,1,1,1,0,1
0.05172632,1,0,1,1,0,1
0.05172764,1,1,1,1,0,1
0.0517298,1,0,1,1,0,1
0.0517308,1,1,1,1,0,1
0.05173596,1,0,1,1,0,1
0.05173732,1,1,1,1,0,1
0.05173948,1,0,1,1,0,1
0.05174064,1,1,1,1,0,1
0.0517458,1,0,1,1,0,1
0.05174696,1,1,1,1,0,1
0.05174912,1,0,1,1,0,1
0.05175032,1,1,1,1,0,1
0.05175548,1,0,1,1,0,1
0.05175664,1,1,1,1,0,1
0.0517588,1,0,1,1,0,1
0.05175996,1,1,1,1,0,1
0.05176512,1,0,1,1,0,1
0.05176648,1,1,1,1,0,1
0.05176864,1,0,1,1,0,1
0.05176964,1,1,1,1,0,1
0.0517748,1,0,1,1,0,1
0.05177612,1,1,1,1,0,1
0.05177832,1,0,1,1,0,1
0.05177932,1,1,1,1,0,1
0.05178448,1,0,1,1,0,1
0.0517858,1,1,1,1,0,1
0.05178796,1,0,1,1,0,1
0.05178896,1,1,1,1,0,1
0.05179412,1,0,1,1,0,1
0.05179548,1,1,1,1,0,1
0.05179764,1,0,1,1,0,1
0.0517988,1,1,1,1,0,1
0.05180396,1,0,1,1,0,1
0.05180512,1,1,1,1,0,1
0.05180728,1,0,1,1,0,1
0.05180848,1,1,1,1,0,1
0.05181364,1,0,1,1,0,1
0.05181496,1,1,1,1,0,1
0.05181712,1,0,1,1,0,1
0.05181812,1,1,1,1,0,1
0.05182328,1,0,1,1,0,1
0.05182464,1,1,1,1,0,1
0.0518268,1,0,1,1,0,1
0.0518278,1,1,1,1,0,1
0.05183296,1,0,1,1,0,1
0.05183428,1,1,1,1,0,1
0.05183648,1,0,1,1,0,1
0.05183748,1,1,1,1,0,1
0.05184264,1,0,1,1,0,1
0.05184396,1,1,1,1,0,1
0.05184612,1,0,1,1,0,1
0.05184728,1,1,1,1,0,1
0.05185248,1,0,1,1,0,1
0.05185364,1,1,1,1,0,1
0.0518558,1,0,1,1,0,1
0.05185696,1,1,1,1,0,1
0.05186212,1,0,1,1,0,1
0.05186344,1,1,1,1,0,1
0.05186564,1,0,1,1,0,1
0.05186664,1,1,1,1,0,1
0.0518718,1,0,1,1,0,1
0.05187312,1,1,1,1,0,1
0.05187528,1,0,1,1,0,1
0.05187628,1,1,1,1,0,1
0.05188144,1,0,1,1,0,1
0.0518828,1,1,1,1,0,1
0.05188496,1,0,1,1,0,1
0.05188596,1,1,1,1,0,1
0.05189112,1,0,1,1,0,1
0.05189244,1,1,1,1,0,1
0.05189464,1,0,1,1,0,1
0.0518958,1,1,1,1,0,1
0.05190096,1,0,1,1,0,1
0.05190212,1,1,1,1,0,1
0.05190428,1,0,1,1,0,1
0.05190544,1,1,1,1,0,1
0.05191064,1,0,1,1,0,1
0.05191196,1,1,1,1,0,1
0.05191412,1,0,1,1,0,1
0.05191512,1,1,1,1,0,1
0.05192028,1,0,1,1,0,1
0.0519216,1,1,1,1,0,1
0.0519238,1,0,1,1,0,1
0.0519248,1,1,1,1,0,1
0.05192996,1,0,1,1,0,1
0.05193128,1,1,1,1,0,1
0.05193344,1,0,1,1,0,1
0.05193444,1,1,1,1,0,1
0.0519396,1,0,1,1,0,1
0.05194096,1,1,1,1,0,1
0.05194312,1,0,1,1,0,1
0.05194428,1,1,1,1,0,1
0.05194944,1,0,1,1,0,1
0.0519506,1,1,1,1,0,1
0.0519528,1,0,1,1,0,1
0.05195396,1,1,1,1,0,1
0.05195912,1,0,1,1,0,1
0.05196044,1,1,1,1,0,1
0.0519626,1,0,1,1,0,1
0.0519636,1,1,1,1,0,1
0.0519688,1,0,1,1,0,1
0.05197012,1,1,1,1,0,1
0.05197228,1,0,1,1,0,1
0.05197328,1,1,1,1,0,1
0.05197844,1,0,1,1,0,1
0.0519798,1,1,1,1,0,1
0.05198196,1,0,1,1,0,1
0.05198296,1,1,1,1,0,1
0.05198812,1,0,1,1,0,1
0.05198944,1,1,1,1,0,1
0.0519916,1,0,1,1,0,1
0.0519926,1,1,1,1,0,1
0.05199776,1,0,1,1,0,1
0.05199912,1,1,1,1,0,1
0.05200128,1,0,1,1,0,1
0.05200244,1,1,1,1,0,1
0.0520076,1,0,1,1,0,1
0.05200876,1,1,1,1,0,1
0.05201096,1,0,1,1,0,1
0.05201212,1,1,1,1,0,1
0.05201728,1,0,1,1,0,1
0.0520186,1,1,1,1,0,1
0.05202076,1,0,1,1,0,1
0.05202176,1,1,1,1,0,1
0.05202696,1,0,1,1,0,1
0.05202828,1,1,1,1,0,1
0.05203044,1,0,1,1,0,1
0.05203144,1,1,1,1,0,1
0.0520366,1,0,1,1,0,1
0.05203796,1,1,1,1,0,1
0.05204012,1,0,1,1,0,1
0.05204112,1,1,1,1,0,1
0.05204628,1,0,1,1,0,1
0.0520476,1,1,1,1,0,1
0.05204976,1,0,1,1,0,1
0.05205092,1,1,1,1,0,1
0.05205612,1,0,1,1,0,1
0.05205728,1,1,1,1,0,1
0.05205944,1,0,1,1,0,1
0.0520606,1,1,1,1,0,1
0.05206576,1,0,1,1,0,1
0.05206712,1,1,1,1,0,1
0.05206928,1,0,1,1,0,1
0.05207028,1,1,1,1,0,1
0.05207544,1,0,1,1,0,1
0.05207676,1,1,1,1,0,1
0.05207892,1,0,1,1,0,1
0.05207992,1,1,1,1,0,1
0.05208512,1,0,1,1,0,1
0.05208644,1,1,1,1,0,1
0.0520886,1,0,1,1,0,1
0.0520896,1,1,1,1,0,1
0.05209476,1,0,1,1,0,1
0.05209612,1,1,1,1,0,1
0.05209828,1,0,1,1,0,1
0.05209944,1,1,1,1,0,1
0.0521046,1,0,1,1,0,1
0.05210576,1,1,1,1,0,1
0.05210792,1,0,1,1,0,1
0.05210912,1,1,1,1,0,1
0.05211428,1,0,1,1,0,1
0.0521156,1,1,1,1,0,1
0.05211776,1,0,1,1,0,1
0.05211876,1,1,1,1,0,1
0.05212392,1,0,1,1,0,1
0.05212528,1,1,1,1,0,1
0.05212744,1,0,1,1,0,1
0.05212844,1,1,1,1,0,1
0.0521336,1,0,1,1,0,1
0.05213492,1,1,1,1,0,1
0.05213708,1,0,1,1,0,1
0.05213808,1,1,1,1,0,1
0.05214328,1,0,1,1,0,1
0.0521446,1,1,1,1,0,1
0.05214676,1,0,1,1,0,1
0.05214792,1,1,1,1,0,1
0.05215308,1,0,1,1,0,1
0.05215428,1,1,1,1,0,1
0.05215644,1,0,1,1,0,1
0.0521576,1,1,1,1,0,1
0.05216276,1,0,1,1,0,1
0.05216408,1,1,1,1,0,1
0.05216628,1,0,1,1,0,1
0.05216728,1,1,1,1,0,1
0.05217244,1,0,1,1,0,1
0.05217376,1,1,1,1,0,1
0.05217592,1,0,1,1,0,1
0.05217692,1,1,1,1,0,1
0.05218208,1,0,1,1,0,1
0.05218344,1,1,1,1,0,1
0.0521856,1,0,1,1,0,1
0.0521866,1,1,1,1,0,1
0.05219176,1,0,1,1,0,1
0.05219308,1,1,1,1,0,1
0.05219524,1,0,1,1,0,1
0.05219624,1,1,1,1,0,1
0.05220144,1,0,1,1,0,1
0.05220276,1,1,1,1,0,1
0.05220492,1,0,1,1,0,1
0.05220608,1,1,1,1,0,1
0.05221124,1,0,1,1,0,1
0.05221244,1,1,1,1,0,1
0.0522146,1,0,1,1,0,1
0.05221576,1,1,1,1,0,1
0.05222092,1,0,1,1,0,1
0.05222224,1,1,1,1,0,1
0.05222444,1,0,1,1,0,1
0.05222544,1,1,1,1,0,1
0.0522306,1,0,1,1,0,1
0.05223192,1,1,1,1,0,1
0.05223408,1,0,1,1,0,1
0.05223508,1,1,1,1,0,1
0.05224024,1,0,1,1,0,1
0.0522416,1,1,1,1,0,1
0.05224376,1,0,1,1,0,1
0.05224476,1,1,1,1,0,1
0.05224992,1,0,1,1,0,1
0.05225124,1,1,1,1,0,1
0.0522534,1,0,1,1,0,1
0.0522546,1,1,1,1,0,1
0.05225976,1,0,1,1,0,1
0.05226092,1,1,1,1,0,1
0.05226308,1,0,1,1,0,1
0.05226424,1,1,1,1,0,1
0.0522694,1,0,1,1,0,1
0.05227076,1,1,1,1,0,1
0.05227292,1,0,1,1,0,1
0.05227392,1,1,1,1,0,1
0.05227908,1,0,1,1,0,1
0.0522804,1,1,1,1,0,1
0.0522826,1,0,1,1,0,1
0.0522836,1,1,1,1,0,1
0.05228876,1,0,1,1,0,1
0.05229008,1,1,1,1,0,1
0.05229224,1,0,1,1,0,1
0.05229324,1,1,1,1,0,1
0.0522984,1,0,1,1,0,1
0.05229976,1,1,1,1,0,1
0.05230192,1,0,1,1,0,1
0.05230308,1,1,1,1,0,1
0.05230824,1,0,1,1,0,1
0.0523094,1,1,1,1,0,1
0.0523116,1,0,1,1,0,1
0.05231276,1,1,1,1,0,1
0.05231792,1,0,1,1,0,1
0.05231924,1,1,1,1,0,1
0.0523214,1,0,1,1,0,1
0.0523224,1,1,1,1,0,1
0.05232756,1,0,1,1,0,1
0.05232892,1,1,1,1,0,1
0.05233108,1,0,1,1,0,1
0.05233208,1,1,1,1,0,1
0.05233724,1,0,1,1,0,1
0.05233856,1,1,1,1,0,1
0.05234076,1,0,1,1,0,1
0.05234176,1,1,1,1,0,1
0.05234692,1,0,1,1,0,1
0.05234824,1,1,1,1,0,1
0.0523504,1,0,1,1,0,1
0.05235156,1,1,1,1,0,1
0.05235676,1,0,1,1,0,1
0.05235792,1,1,1,1,0,1
0.05236008,1,0,1,1,0,1
0.05236124,1,1,1,1,0,1
0.0523664,1,0,1,1,0,1
0.05236776,1,1,1,1,0,1
0.05236992,1,0,1,1,0,1
0.05237092,1,1,1,1,0,1
0.05237608,1,0,1,1,0,1
0.0523774,1,1,1,1,0,1
0.05237956,1,0,1,1,0,1
0.05238056,1,1,1,1,0,1
0.05238572,1,0,1,1,0,1
0.05238708,1,1,1,1,0,1
0.05238924,1,0,1,1,0,1
0.05239024,1,1,1,1,0,1
0.0523954,1,0,1,1,0,1
0.05239672,1,1,1,1,0,1
0.05239892,1,0,1,1,0,1
0.05239992,1,1,1,1,0,1
0.05240508,1,0,1,1,0,1
0.0524064,1,1,1,1,0,1
0.05240856,1,0,1,1,0,1
0.05240972,1,1,1,1,0,1
0.05241492,1,0,1,1,0,1
0.05241608,1,1,1,1,0,1
0.05241824,1,0,1,1,0,1
0.0524194,1,1,1,1,0,1
0.05242456,1,0,1,1,0,1
0.05242592,1,1,1,1,0,1
0.05242808,1,0,1,1,0,1
0.05242908,1,1,1,1,0,1
0.05243424,1,0,1,1,0,1
0.05243556,1,1,1,1,0,1
0.05243772,1,0,1,1,0,1
0.05243872,1,1,1,1,0,1
0.05244392,1,0,1,1,0,1
0.05244524,1,1,1,1,0,1
0.0524474,1,0,1,1,0,1
0.0524484,1,1,1,1,0,1
0.05245356,1,0,1,1,0,1
0.05245488,1,1,1,1,0,1
0.05245708,1,0,1,1,0,1
0.05245824,1,1,1,1,0,1
0.0524634,1,0,1,1,0,1
0.05246456,1,1,1,1,0,1
0.05246672,1,0,1,1,0,1
0.05246788,1,1,1,1,0,1
0.05247308,1,0,1,1,0,1
0.0524744,1,1,1,1,0,1
0.05247656,1,0,1,1,0,1
0.05247756,1,1,1,1,0,1
0.05248272,1,0,1,1,0,1
0.05248408,1,1,1,1,0,1
0.05248624,1,0,1,1,0,1
0.05248724,1,1,1,1,0,1
0.0524924,1,0,1,1,0,1
0.05249372,1,1,1,1,0,1
0.05249588,1,0,1,1,0,1
0.05249688,1,1,1,1,0,1
0.05250208,1,0,1,1,0,1
0.0525034,1,1,1,1,0,1
0.05250556,1,0,1,1,0,1
0.05250672,1,1,1,1,0,1
0.05251188,1,0,1,1,0,1
0.05251304,1,1,1,1,0,1
0.05251524,1,0,1,1,0,1
0.0525164,1,1,1,1,0,1
0.05252156,1,0,1,1,0,1
0.05252288,1,1,1,1,0,1
0.05252504,1,0,1,1,0,1
0.05252604,1,1,1,1,0,1
0.05253124,1,0,1,1,0,1
0.05253256,1,1,1,1,0,1
0.05253472,1,0,1,1,0,1
0.05253572,1,1,1,1,0,1
0.05254088,1,0,1,1,0,1
0.05254224,1,1,1,1,0,1
0.0525444,1,0,1,1,0,1
0.0525454,1,1,1,1,0,1
0.05255056,1,0,1,1,0,1
0.05255188,1,1,1,1,0,1
0.05255404,1,0,1,1,0,1
0.05255524,1,1,1,1,0,1
0.0525604,1,0,1,1,0,1
0.05256156,1,1,1,1,0,1
0.05256372,1,0,1,1,0,1
0.05256488,1,1,1,1,0,1
0.05257004,1,0,1,1,0,1
0.0525714,1,1,1,1,0,1
0.05257356,1,0,1,1,0,1
0.05257456,1,1,1,1,0,1
0.05257972,1,0,1,1,0,1
0.05258104,1,1,1,1,0,1
0.0525832,1,0,1,1,0,1
0.0525842,1,1,1,1,0,1
0.0525894,1,0,1,1,0,1
0.05259072,1,1,1,1,0,1
0.05259288,1,0,1,1,0,1
0.05259388,1,1,1,1,0,1
0.05259904,1,0,1,1,0,1
0.0526004,1,1,1,1,0,1
0.05260256,1,0,1,1,0,1
0.05260372,1,1,1,1,0,1
0.05260888,1,0,1,1,0,1
0.05261004,1,1,1,1,0,1
0.0526122,1,0,1,1,0,1
0.0526134,1,1,1,1,0,1
0.05261856,1,0,1,1,0,1
0.05261972,1,1,1,1,0,1
0.05262188,1,0,1,1,0,1
0.05262304,1,1,1,1,0,1
0.0526282,1,0,1,1,0,1
0.05262956,1,1,1,1,0,1
0.05263172,1,0,1,1,0,1
0.05263272,1,1,1,1,0,1
0.05263788,1,0,1,1,0,1
0.0526392,1,1,1,1,0,1
0.0526414,1,0,1,1,0,1
0.05264236,1,1,1,1,0,1
0.05264756,1,0,1,1,0,1
0.05264888,1,1,1,1,0,1
0.05265104,1,0,1,1,0,1
0.05265204,1,1,1,1,0,1
0.0526572,1,0,1,1,0,1
0.05265856,1,1,1,1,0,1
0.05266072,1,0,1,1,0,1
0.05266188,1,1,1,1,0,1
0.05266704,1,0,1,1,0,1
0.0526682,1,1,1,1,0,1
0.05267036,1,0,1,1,0,1
0.05267156,1,1,1,1,0,1
0.05267672,1,0,1,1,0,1
0.05267804,1,1,1,1,0,1
0.0526802,1,0,1,1,0,1
0.0526812,1,1,1,1,0,1
0.05268636,1,0,1,1,0,1
0.05268772,1,1,1,1,0,1
0.05268988,1,0,1,1,0,1
0.05269088,1,1,1,1,0,1
0.05269604,1,0,1,1,0,1
0.05269736,1,1,1,1,0,1
0.05269956,1,0,1,1,0,1
0.05270056,1,1,1,1,0,1
0.05270572,1,0,1,1,0,1
0.05270704,1,1,1,1,0,1
0.0527092,1,0,1,1,0,1
0.05271036,1,1,1,1,0,1
0.05271552,1,0,1,1,0,1
0.05271672,1,1,1,1,0,1
0.05271888,1,0,1,1,0,1
0.05272004,1,1,1,1,0,1
0.0527252,1,0,1,1,0,1
0.05272652,1,1,1,1,0,1
0.05272872,1,0,1,1,0,1
0.05272972,1,1,1,1,0,1
0.05273488,1,0,1,1,0,1
0.0527362,1,1,1,1,0,1
0.05273836,1,0,1,1,0,1
0.05273936,1,1,1,1,0,1
0.05274452,1,0,1,1,0,1
0.05274588,1,1,1,1,0,1
0.05274804,1,0,1,1,0,1
0.05274904,1,1,1,1,0,1
0.0527542,1,0,1,1,0,1
0.05275552,1,1,1,1,0,1
0.05275772,1,0,1,1,0,1
0.05275888,1,1,1,1,0,1
0.05276404,1,0,1,1,0,1
0.0527652,1,1,1,1,0,1
0.05276736,1,0,1,1,0,1
0.05276852,1,1,1,1,0,1
0.05277368,1,0,1,1,0,1
0.05277504,1,1,1,1,0,1
0.0527772,1,0,1,1,0,1
0.0527782,1,1,1,1,0,1
0.05278336,1,0,1,1,0,1
0.05278468,1,1,1,1,0,1
0.05278688,1,0,1,1,0,1
0.05278788,1,1,1,1,0,1
0.05279304,1,0,1,1,0,1
0.05279436,1,1,1,1,0,1
0.05279652,1,0,1,1,0,1
0.05279752,1,1,1,1,0,1
0.05280268,1,0,1,1,0,1
0.05280404,1,1,1,1,0,1
0.0528062,1,0,1,1,0,1
0.05280736,1,1,1,1,0,1
0.05281252,1,0,1,1,0,1
0.05281368,1,1,1,1,0,1
0.05281588,1,0,1,1,0,1
0.05281704,1,1,1,1,0,1
0.0528222,1,0,1,1,0,1
0.05282352,1,1,1,1,0,1
0.05282568,1,0,1,1,0,1
0.05282668,1,1,1,1,0,1
0.05283188,1,0,1,1,0,1
0.0528332,1,1,1,1,0,1
0.05283536,1,0,1,1,0,1
0.05283636,1,1,1,1,0,1
0.05284152,1,0,1,1,0,1
0.05284284,1,1,1,1,0,1
0.05284504,1,0,1,1,0,1
0.05284604,1,1,1,1,0,1
0.0528512,1,0,1,1,0,1
0.05285252,1,1,1,1,0,1
0.05285468,1,0,1,1,0,1
0.05285568,1,1,1,1,0,1
0.05286084,1,0,1,1,0,1
0.0528622,1,1,1,1,0,1
0.05286436,1,0,1,1,0,1
0.05286552,1,1,1,1,0,1
0.05287068,1,0,1,1,0,1
0.05287184,1,1,1,1,0,1
0.05287404,1,0,1,1,0,1
0.0528752,1,1,1,1,0,1
0.05288036,1,0,1,1,0,1
0.05288168,1,1,1,1,0,1
0.05288384,1,0,1,1,0,1
0.05288484,1,1,1,1,0,1
0.05289004,1,0,1,1,0,1
0.05289136,1,1,1,1,0,1
0.05289352,1,0,1,1,0,1
0.05289452,1,1,1,1,0,1
0.05289968,1,0,1,1,0,1
0.05290104,1,1,1,1,0,1
0.0529032,1,0,1,1,0,1
0.0529042,1,1,1,1,0,1
0.05290936,1,0,1,1,0,1
0.05291068,1,1,1,1,0,1
0.05291284,1,0,1,1,0,1
0.052914,1,1,1,1,0,1
0.0529192,1,0,1,1,0,1
0.05292036,1,1,1,1,0,1
0.05292252,1,0,1,1,0,1
0.05292368,1,1,1,1,0,1
0.05292884,1,0,1,1,0,1
0.0529302,1,1,1,1,0,1
0.05293236,1,0,1,1,0,1
0.05293336,1,1,1,1,0,1
0.05293852,1,0,1,1,0,1
0.05293984,1,1,1,1,0,1
0.052942,1,0,1,1,0,1
0.052943,1,1,1,1,0,1
0.0529482,1,0,1,1,0,1
0.05294952,1,1,1,1,0,1
0.05295168,1,0,1,1,0,1
0.05295268,1,1,1,1,0,1
0.05295784,1,0,1,1,0,1
0.0529592,1,1,1,1,0,1
0.05296136,1,0,1,1,0,1
0.05296252,1,1,1,1,0,1
0.05296768,1,0,1,1,0,1
0.05296884,1,1,1,1,0,1
0.052971,1,0,1,1,0,1
0.05297216,1,1,1,1,0,1
0.05297736,1,0,1,1,0,1
0.05297868,1,1,1,1,0,1
0.05298084,1,0,1,1,0,1
0.05298184,1,1,1,1,0,1
0.052987,1,0,1,1,0,1
0.05298836,1,1,1,1,0,1
0.05299052,1,0,1,1,0,1
0.05299152,1,1,1,1,0,1
0.05299668,1,0,1,1,0,1
0.052998,1,1,1,1,0,1
0.05300016,1,0,1,1,0,1
0.05300116,1,1,1,1,0,1
0.05300636,1,0,1,1,0,1
0.05300768,1,1,1,1,0,1
0.05300984,1,0,1,1,0,1
0.053011,1,1,1,1,0,1
0.05301616,1,0,1,1,0,1
0.05301736,1,1,1,1,0,1
0.05301952,1,0,1,1,0,1
0.05302068,1,1,1,1,0,1
0.05302584,1,0,1,1,0,1
0.05302716,1,1,1,1,0,1
0.05302936,1,0,1,1,0,1
0.05303036,1,1,1,1,0,1
0.05303552,1,0,1,1,0,1
0.05303684,1,1,1,1,0,1
0.053039,1,0,1,1,0,1
0.05304,1,1,1,1,0,1
0.05304516,1,0,1,1,0,1
0.05304652,1,1,1,1,0,1
0.05304868,1,0,1,1,0,1
0.05304968,1,1,1,1,0,1
0.05305484,1,0,1,1,0,1
0.05305616,1,1,1,1,0,1
0.05305832,1,0,1,1,0,1
0.05305932,1,1,1,1,0,1
0.05306452,1,0,1,1,0,1
0.05306584,1,1,1,1,0,1
0.053068,1,0,1,1,0,1
0.05306916,1,1,1,1,0,1
0.05307432,1,0,1,1,0,1
0.05307552,1,1,1,1,0,1
0.05307768,1,0,1,1,0,1
0.05307884,1,1,1,1,0,1
0.053084,1,0,1,1,0,1
0.05308532,1,1,1,1,0,1
0.05308752,1,0,1,1,0,1
0.05308852,1,1,1,1,0,1
0.05309368,1,0,1,1,0,1
0.053095,1,1,1,1,0,1
0.05309716,1,0,1,1,0,1
0.05309816,1,1,1,1,0,1
0.05310332,1,0,1,1,0,1
0.05310468,1,1,1,1,0,1
0.05310684,1,0,1,1,0,1
0.05310784,1,1,1,1,0,1
0.053113,1,0,1,1,0,1
0.05311432,1,1,1,1,0,1
0.05311648,1,0,1,1,0,1
0.05311768,1,1,1,1,0,1
0.05312284,1,0,1,1,0,1
0.053124,1,1,1,1,0,1
0.05312616,1,0,1,1,0,1
0.05312732,1,1,1,1,0,1
0.05313248,1,0,1,1,0,1
0.05313384,1,1,1,1,0,1
0.053136,1,0,1,1,0,1
0.053137,1,1,1,1,0,1
0.05314216,1,0,1,1,0,1
0.05314348,1,1,1,1,0,1
0.05314568,1,0,1,1,0,1
0.05314668,1,1,1,1,0,1
0.05315184,1,0,1,1,0,1
0.05315316,1,1,1,1,0,1
0.05315532,1,0,1,1,0,1
0.05315632,1,1,1,1,0,1
0.05316148,1,0,1,1,0,1
0.05316284,1,1,1,1,0,1
0.053165,1,0,1,1,0,1
0.05316616,1,1,1,1,0,1
0.05317132,1,0,1,1,0,1
0.05317248,1,1,1,1,0,1
0.05317464,1,0,1,1,0,1
0.05317584,1,1,1,1,0,1
0.053181,1,0,1,1,0,1
0.05318232,1,1,1,1,0,1
0.05318448,1,0,1,1,0,1
0.05318548,1,1,1,1,0,1
0.05319064,1,0,1,1,0,1
0.053192,1,1,1,1,0,1
0.05319416,1,0,1,1,0,1
0.05319516,1,1,1,1,0,1
0.05320032,1,0,1,1,0,1
0.05320164,1,1,1,1,0,1
0.05320384,1,0,1,1,0,1
0.05320484,1,1,1,1,0,1
0.05321,1,0,1,1,0,1
0.05321132,1,1,1,1,0,1
0.05321348,1,0,1,1,0,1
0.05321464,1,1,1,1,0,1
0.05321984,1,0,1,1,0,1
0.053221,1,1,1,1,0,1
0.05322316,1,0,1,1,0,1
0.05322432,1,1,1,1,0,1
0.05322948,1,0,1,1,0,1
0.0532308,1,1,1,1,0,1
0.053233,1,0,1,1,0,1
0.053234,1,1,1,1,0,1
0.05323916,1,0,1,1,0,1
0.05324048,1,1,1,1,0,1
0.05324264,1,0,1,1,0,1
0.05324364,1,1,1,1,0,1
0.0532488,1,0,1,1,0,1
0.05325016,1,1,1,1,0,1
0.05325232,1,0,1,1,0,1
0.05325332,1,1,1,1,0,1
0.05325848,1,0,1,1,0,1
0.0532598,1,1,1,1,0,1
0.053262,1,0,1,1,0,1
0.053263,1,1,1,1,0,1
0.05326816,1,0,1,1,0,1
0.05326948,1,1,1,1,0,1
0.05327164,1,0,1,1,0,1
0.0532728,1,1,1,1,0,1
0.053278,1,0,1,1,0,1
0.05327916,1,1,1,1,0,1
0.05328132,1,0,1,1,0,1
0.05328248,1,1,1,1,0,1
0.05328764,1,0,1,1,0,1
0.053289,1,1,1,1,0,1
0.05329116,1,0,1,1,0,1
0.05329216,1,1,1,1,0,1
0.05329732,1,0,1,1,0,1
0.05329864,1,1,1,1,0,1
0.0533008,1,0,1,1,0,1
0.0533018,1,1,1,1,0,1
0.05330696,1,0,1,1,0,1
0.05330832,1,1,1,1,0,1
0.05331048,1,0,1,1,0,1
0.05331148,1,1,1,1,0,1
0.05331664,1,0,1,1,0,1
0.05331796,1,1,1,1,0,1
0.05332016,1,0,1,1,0,1
0.05332132,1,1,1,1,0,1
0.05332648,1,0,1,1,0,1
0.05332764,1,1,1,1,0,1
0.0533298,1,0,1,1,0,1
0.05333096,1,1,1,1,0,1
0.05333616,1,0,1,1,0,1
0.05333748,1,1,1,1,0,1
0.05333964,1,0,1,1,0,1
0.05334064,1,1,1,1,0,1
0.0533458,1,0,1,1,0,1
0.05334716,1,1,1,1,0,1
0.05334932,1,0,1,1,0,1
0.05335032,1,1,1,1,0,1
0.05335548,1,0,1,1,0,1
0.0533568,1,1,1,1,0,1
0.05335896,1,0,1,1,0,1
0.05335996,1,1,1,1,0,1
0.05336512,1,0,1,1,0,1
0.05336648,1,1,1,1,0,1
0.05336864,1,0,1,1,0,1
0.0533698,1,1,1,1,0,1
0.05337496,1,0,1,1,0,1
0.05337612,1,1,1,1,0,1
0.05337832,1,0,1,1,0,1
0.05337948,1,1,1,1,0,1
0.05338464,1,0,1,1,0,1
0.05338596,1,1,1,1,0,1
0.05338812,1,0,1,1,0,1
0.05338912,1,1,1,1,0,1
0.05339432,1,0,1,1,0,1
0.05339564,1,1,1,1,0,1
0.0533978,1,0,1,1,0,1
0.0533988,1,1,1,1,0,1
0.05340396,1,0,1,1,0,1
0.05340532,1,1,1,1,0,1
0.05340748,1,0,1,1,0,1
0.05340848,1,1,1,1,0,1
0.05341364,1,0,1,1,0,1
0.05341496,1,1,1,1,0,1
0.05341712,1,0,1,1,0,1
0.05341832,1,1,1,1,0,1
0.05342348,1,0,1,1,0,1
0.05342464,1,1,1,1,0,1
0.0534268,1,0,1,1,0,1
0.05342796,1,1,1,1,0,1
0.05343312,1,0,1,1,0,1
0.05343448,1,1,1,1,0,1
0.05343664,1,0,1,1,0,1
0.05343764,1,1,1,1,0,1
0.0534428,1,0,1,1,0,1
0.05344412,1,1,1,1,0,1
0.05344628,1,0,1,1,0,1
0.05344728,1,1,1,1,0,1
0.05345248,1,0,1,1,0,1
0.0534538,1,1,1,1,0,1
0.05345596,1,0,1,1,0,1
0.05345696,1,1,1,1,0,1
0.05346212,1,0,1,1,0,1
0.05346348,1,1,1,1,0,1
0.05346564,1,0,1,1,0,1
0.0534668,1,1,1,1,0,1
0.05347196,1,0,1,1,0,1
0.05347312,1,1,1,1,0,1
0.05347528,1,0,1,1,0,1
0.05347648,1,1,1,1,0,1
0.05348164,1,0,1,1,0,1
0.0534828,1,1,1,1,0,1
0.05348496,1,0,1,1,0,1
0.05348612,1,1,1,1,0,1
0.05349128,1,0,1,1,0,1
0.05349264,1,1,1,1,0,1
0.0534948,1,0,1,1,0,1
0.0534958,1,1,1,1,0,1
0.05350096,1,0,1,1,0,1
0.05350228,1,1,1,1,0,1
0.05350444,1,0,1,1,0,1
0.05350544,1,1,1,1,0,1
0.05351064,1,0,1,1,0,1
0.05351196,1,1,1,1,0,1
0.05351412,1,0,1,1,0,1
0.05351512,1,1,1,1,0,1
0.05352028,1,0,1,1,0,1
0.05352164,1,1,1,1,0,1
0.0535238,1,0,1,1,0,1
0.05352496,1,1,1,1,0,1
0.05353012,1,0,1,1,0,1
0.05353128,1,1,1,1,0,1
0.05353344,1,0,1,1,0,1
0.05353464,1,1,1,1,0,1
0.0535398,1,0,1,1,0,1
0.05354112,1,1,1,1,0,1
0.05354328,1,0,1,1,0,1
0.05354428,1,1,1,1,0,1
0.05354944,1,0,1,1,0,1
0.0535508,1,1,1,1,0,1
0.05355296,1,0,1,1,0,1
0.05355396,1,1,1,1,0,1
0.05355912,1,0,1,1,0,1
0.05356044,1,1,1,1,0,1
0.0535626,1,0,1,1,0,1
0.0535636,1,1,1,1,0,1
0.0535688,1,0,1,1,0,1
0.05357012,1,1,1,1,0,1
0.05357228,1,0,1,1,0,1
0.05357344,1,1,1,1,0,1
0.0535786,1,0,1,1,0,1
0.0535798,1,1,1,1,0,1
0.05358196,1,0,1,1,0,1
0.05358312,1,1,1,1,0,1
0.05358828,1,0,1,1,0,1
0.0535896,1,1,1,1,0,1
0.0535918,1,0,1,1,0,1
0.0535928,1,1,1,1,0,1
0.05359796,1,0,1,1,0,1
0.05359928,1,1,1,1,0,1
0.05360144,1,0,1,1,0,1
0.05360244,1,1,1,1,0,1
0.0536076,1,0,1,1,0,1
0.05360896,1,1,1,1,0,1
0.05361112,1,0,1,1,0,1
0.05361212,1,1,1,1,0,1
0.05361728,1,0,1,1,0,1
0.0536186,1,1,1,1,0,1
0.0536208,1,0,1,1,0,1
0.05362196,1,1,1,1,0,1
0.05362712,1,0,1,1,0,1
0.05362828,1,1,1,1,0,1
0.05363044,1,0,1,1,0,1
0.0536316,1,1,1,1,0,1
0.05363676,1,0,1,1,0,1
0.05363812,1,1,1,1,0,1
0.05364028,1,0,1,1,0,1
0.05364128,1,1,1,1,0,1
0.05364644,1,0,1,1,0,1
0.05364776,1,1,1,1,0,1
0.05364996,1,0,1,1,0,1
0.05365096,1,1,1,1,0,1
0.05365612,1,0,1,1,0,1
0.05365744,1,1,1,1,0,1
0.0536596,1,0,1,1,0,1
0.0536606,1,1,1,1,0,1
0.05366576,1,0,1,1,0,1
0.05366712,1,1,1,1,0,1
0.05366928,1,0,1,1,0,1
0.05367044,1,1,1,1,0,1
0.0536756,1,0,1,1,0,1
0.05367676,1,1,1,1,0,1
0.05367896,1,0,1,1,0,1
0.05368012,1,1,1,1,0,1
0.05368528,1,0,1,1,0,1
0.0536866,1,1,1,1,0,1
0.05368876,1,0,1,1,0,1
0.05368976,1,1,1,1,0,1
0.05369492,1,0,1,1,0,1
0.05369628,1,1,1,1,0,1
0.05369844,1,0,1,1,0,1
0.05369944,1,1,1,1,0,1
0.0537046,1,0,1,1,0,1
0.05370592,1,1,1,1,0,1
0.05370812,1,0,1,1,0,1
0.05370912,1,1,1,1,0,1
0.05371428,1,0,1,1,0,1
0.0537156,1,1,1,1,0,1
0.05371776,1,0,1,1,0,1
0.05371876,1,1,1,1,0,1
0.05372392,1,0,1,1,0,1
0.05372528,1,1,1,1,0,1
0.05372744,1,0,1,1,0,1
0.0537286,1,1,1,1,0,1
0.05373376,1,0,1,1,0,1
0.05373492,1,1,1,1,0,1
0.05373712,1,0,1,1,0,1
0.05373828,1,1,1,1,0,1
0.05374344,1,0,1,1,0,1
0.05374476,1,1,1,1,0,1
0.05374692,1,0,1,1,0,1
0.05374792,1,1,1,1,0,1
0.05375312,1,0,1,1,0,1
0.05375444,1,1,1,1,0,1
0.0537566,1,0,1,1,0,1
0.0537576,1,1,1,1,0,1
0.05376276,1,0,1,1,0,1
0.05376408,1,1,1,1,0,1
0.05376628,1,0,1,1,0,1
0.05376728,1,1,1,1,0,1
0.05377244,1,0,1,1,0,1
0.05377376,1,1,1,1,0,1
0.05377592,1,0,1,1,0,1
0.05377708,1,1,1,1,0,1
0.05378228,1,0,1,1,0,1
0.05378344,1,1,1,1,0,1
0.0537856,1,0,1,1,0,1
0.05378676,1,1,1,1,0,1
0.05379192,1,0,1,1,0,1
0.05379328,1,1,1,1,0,1
0.05379544,1,0,1,1,0,1
0.05379644,1,1,1,1,0,1
0.0538016,1,0,1,1,0,1
0.05380292,1,1,1,1,0,1
0.05380508,1,0,1,1,0,1
0.05380608,1,1,1,1,0,1
0.05381128,1,0,1,1,0,1
0.0538126,1,1,1,1,0,1
0.05381476,1,0,1,1,0,1
0.05381576,1,1,1,1,0,1
0.05382092,1,0,1,1,0,1
0.05382224,1,1,1,1,0,1
0.05382444,1,0,1,1,0,1
0.0538256,1,1,1,1,0,1
0.05383076,1,0,1,1,0,1
0.05383192,1,1,1,1,0,1
0.05383408,1,0,1,1,0,1
0.05383524,1,1,1,1,0,1
0.05384044,1,0,1,1,0,1
0.05384176,1,1,1,1,0,1
0.05384392,1,0,1,1,0,1
0.05384492,1,1,1,1,0,1
0.05385008,1,0,1,1,0,1
0.05385144,1,1,1,1,0,1
0.0538536,1,0,1,1,0,1
0.0538546,1,1,1,1,0,1
0.05385976,1,0,1,1,0,1
0.05386108,1,1,1,1,0,1
0.05386324,1,0,1,1,0,1
0.05386424,1,1,1,1,0,1
0.05386944,1,0,1,1,0,1
0.05387076,1,1,1,1,0,1
0.05387292,1,0,1,1,0,1
0.05387408,1,1,1,1,0,1
0.05387924,1,0,1,1,0,1
0.05388044,1,1,1,1,0,1
0.0538826,1,0,1,1,0,1
0.05388376,1,1,1,1,0,1
0.05388892,1,0,1,1,0,1
0.05389024,1,1,1,1,0,1
0.0538924,1,0,1,1,0,1
0.0538934,1,1,1,1,0,1
0.0538986,1,0,1,1,0,1
0.05389992,1,1,1,1,0,1
0.05390208,1,0,1,1,0,1
0.05390308,1,1,1,1,0,1
0.05390824,1,0,1,1,0,1
0.0539096,1,1,1,1,0,1
0.05391176,1,0,1,1,0,1
0.05391276,1,1,1,1,0,1
0.05391792,1,0,1,1,0,1
0.05391924,1,1,1,1,0,1
0.0539214,1,0,1,1,0,1
0.0539224,1,1,1,1,0,1
0.0539276,1,0,1,1,0,1
0.05392892,1,1,1,1,0,1
0.05393108,1,0,1,1,0,1
0.05393224,1,1,1,1,0,1
0.0539374,1,0,1,1,0,1
0.0539386,1,1,1,1,0,1
0.05394076,1,0,1,1,0,1
0.05394192,1,1,1,1,0,1
0.05394708,1,0,1,1,0,1
0.0539484,1,1,1,1,0,1
0.0539506,1,0,1,1,0,1
0.0539516,1,1,1,1,0,1
0.05395676,1,0,1,1,0,1
0.05395808,1,1,1,1,0,1
0.05396024,1,0,1,1,0,1
0.05396124,1,1,1,1,0,1
0.0539664,1,0,1,1,0,1
0.05396776,1,1,1,1,0,1
0.05396992,1,0,1,1,0,1
0.05397092,1,1,1,1,0,1
0.05397608,1,0,1,1,0,1
0.0539774,1,1,1,1,0,1
0.05397956,1,0,1,1,0,1
0.05398076,1,1,1,1,0,1
0.05398592,1,0,1,1,0,1
0.05398708,1,1,1,1,0,1
0.05398924,1,0,1,1,0,1
0.0539904,1,1,1,1,0,1
0.05399556,1,0,1,1,0,1
0.05399692,1,1,1,1,0,1
0.05399908,1,0,1,1,0,1
0.05400008,1,1,1,1,0,1
0.05400524,1,0,1,1,0,1
0.05400656,1,1,1,1,0,1
0.05400876,1,0,1,1,0,1
0.05400976,1,1,1,1,0,1
0.05401492,1,0,1,1,0,1
0.05401624,1,1,1,1,0,1
0.0540184,1,0,1,1,0,1
0.0540194,1,1,1,1,0,1
0.05402456,1,0,1,1,0,1
0.05402592,1,1,1,1,0,1
0.05402808,1,0,1,1,0,1
0.05402924,1,1,1,1,0,1
0.0540344,1,0,1,1,0,1
0.05403556,1,1,1,1,0,1
0.05403772,1,0,1,1,0,1
0.05403892,1,1,1,1,0,1
0.05404408,1,0,1,1,0,1
0.0540454,1,1,1,1,0,1
0.05404756,1,0,1,1,0,1
0.05404856,1,1,1,1,0,1
0.05405372,1,0,1,1,0,1
0.05405508,1,1,1,1,0,1
0.05405724,1,0,1,1,0,1
0.05405824,1,1,1,1,0,1
0.0540634,1,0,1,1,0,1
0.05406472,1,1,1,1,0,1
0.05406692,1,0,1,1,0,1
0.05406792,1,1,1,1,0,1
0.05407308,1,0,1,1,0,1
0.0540744,1,1,1,1,0,1
0.05407656,1,0,1,1,0,1
0.05407772,1,1,1,1,0,1
0.05408292,1,0,1,1,0,1
0.05408408,1,1,1,1,0,1
0.05408624,1,0,1,1,0,1
0.0540874,1,1,1,1,0,1
0.05409256,1,0,1,1,0,1
0.05409388,1,1,1,1,0,1
0.05409608,1,0,1,1,0,1
0.05409708,1,1,1,1,0,1
0.05410224,1,0,1,1,0,1
0.05410356,1,1,1,1,0,1
0.05410572,1,0,1,1,0,1
0.05410672,1,1,1,1,0,1
0.05411188,1,0,1,1,0,1
0.05411324,1,1,1,1,0,1
0.0541154,1,0,1,1,0,1
0.0541164,1,1,1,1,0,1
0.05412156,1,0,1,1,0,1
0.05412288,1,1,1,1,0,1
0.05412508,1,0,1,1,0,1
0.05412608,1,1,1,1,0,1
0.05413124,1,0,1,1,0,1
0.05413256,1,1,1,1,0,1
0.05413472,1,0,1,1,0,1
0.05413588,1,1,1,1,0,1
0.05414108,1,0,1,1,0,1
0.05414224,1,1,1,1,0,1
0.0541444,1,0,1,1,0,1
0.05414556,1,1,1,1,0,1
0.05415072,1,0,1,1,0,1
0.05415204,1,1,1,1,0,1
0.05415424,1,0,1,1,0,1
0.05415524,1,1,1,1,0,1
0.0541604,1,0,1,1,0,1
0.05416172,1,1,1,1,0,1
0.05416388,1,0,1,1,0,1
0.05416488,1,1,1,1,0,1
0.05417004,1,0,1,1,0,1
0.0541714,1,1,1,1,0,1
0.05417356,1,0,1,1,0,1
0.05417456,1,1,1,1,0,1
0.05417972,1,0,1,1,0,1
0.05418104,1,1,1,1,0,1
0.05418324,1,0,1,1,0,1
0.0541844,1,1,1,1,0,1
0.05418956,1,0,1,1,0,1
0.05419072,1,1,1,1,0,1
0.05419288,1,0,1,1,0,1
0.05419404,1,1,1,1,0,1
0.05419924,1,0,1,1,0,1
0.05420056,1,1,1,1,0,1
0.05420272,1,0,1,1,0,1
0.05420372,1,1,1,1,0,1
0.05420888,1,0,1,1,0,1
0.05421024,1,1,1,1,0,1
0.0542124,1,0,1,1,0,1
0.0542134,1,1,1,1,0,1
0.05421856,1,0,1,1,0,1
0.05421988,1,1,1,1,0,1
0.05422204,1,0,1,1,0,1
0.05422304,1,1,1,1,0,1
0.0542282,1,0,1,1,0,1
0.05422956,1,1,1,1,0,1
0.05423172,1,0,1,1,0,1
0.05423288,1,1,1,1,0,1
0.05423804,1,0,1,1,0,1
0.0542392,1,1,1,1,0,1
0.0542414,1,0,1,1,0,1
0.05424256,1,1,1,1,0,1
0.05424772,1,0,1,1,0,1
0.05424904,1,1,1,1,0,1
0.0542512,1,0,1,1,0,1
0.0542522,1,1,1,1,0,1
0.0542574,1,0,1,1,0,1
0.05425872,1,1,1,1,0,1
0.05426088,1,0,1,1,0,1
0.05426188,1,1,1,1,0,1
0.05426704,1,0,1,1,0,1
0.0542684,1,1,1,1,0,1
0.05427056,1,0,1,1,0,1
0.05427156,1,1,1,1,0,1
0.05427672,1,0,1,1,0,1
0.05427804,1,1,1,1,0,1
0.0542802,1,0,1,1,0,1
0.05428136,1,1,1,1,0,1
0.05428656,1,0,1,1,0,1
0.05428772,1,1,1,1,0,1
0.05428988,1,0,1,1,0,1
0.05429104,1,1,1,1,0,1
0.0542962,1,0,1,1,0,1
0.05429756,1,1,1,1,0,1
0.05429972,1,0,1,1,0,1
0.05430072,1,1,1,1,0,1
0.05430588,1,0,1,1,0,1
0.0543072,1,1,1,1,0,1
0.05430936,1,0,1,1,0,1
0.05431036,1,1,1,1,0,1
0.05431556,1,0,1,1,0,1
0.05431688,1,1,1,1,0,1
0.05431904,1,0,1,1,0,1
0.05432004,1,1,1,1,0,1
0.0543252,1,0,1,1,0,1
0.05432656,1,1,1,1,0,1
0.05432872,1,0,1,1,0,1
0.05432988,1,1,1,1,0,1
0.05433504,1,0,1,1,0,1
0.0543362,1,1,1,1,0,1
0.05433836,1,0,1,1,0,1
0.05433956,1,1,1,1,0,1
0.05434472,1,0,1,1,0,1
0.05434588,1,1,1,1,0,1
0.05434804,1,0,1,1,0,1
0.0543492,1,1,1,1,0,1
0.05435436,1,0,1,1,0,1
0.05435572,1,1,1,1,0,1
0.05435788,1,0,1,1,0,1
0.05435888,1,1,1,1,0,1
0.05436404,1,0,1,1,0,1
0.05436536,1,1,1,1,0,1
0.05436752,1,0,1,1,0,1
0.05436852,1,1,1,1,0,1
0.05437372,1,0,1,1,0,1
0.05437504,1,1,1,1,0,1
0.0543772,1,0,1,1,0,1
0.0543782,1,1,1,1,0,1
0.05438336,1,0,1,1,0,1
0.05438472,1,1,1,1,0,1
0.05438688,1,0,1,1,0,1
0.05438804,1,1,1,1,0,1
0.0543932,1,0,1,1,0,1
0.05439436,1,1,1,1,0,1
0.05439652,1,0,1,1,0,1
0.05439772,1,1,1,1,0,1
0.05440288,1,0,1,1,0,1
0.0544042,1,1,1,1,0,1
0.05440636,1,0,1,1,0,1
0.05440736,1,1,1,1,0,1
0.05441252,1,0,1,1,0,1
0.05441388,1,1,1,1,0,1
0.05441604,1,0,1,1,0,1
0.05441704,1,1,1,1,0,1
0.0544222,1,0,1,1,0,1
0.05442352,1,1,1,1,0,1
0.05442568,1,0,1,1,0,1
0.05442668,1,1,1,1,0,1
0.05443188,1,0,1,1,0,1
0.0544332,1,1,1,1,0,1
0.05443536,1,0,1,1,0,1
0.05443652,1,1,1,1,0,1
0.05444168,1,0,1,1,0,1
0.05444288,1,1,1,1,0,1
0.05444504,1,0,1,1,0,1
0.0544462,1,1,1,1,0,1
0.05445136,1,0,1,1,0,1
0.05445268,1,1,1,1,0,1
0.05445488,1,0,1,1,0,1
0.05445588,1,1,1,1,0,1
0.05446104,1,0,1,1,0,1
0.05446236,1,1,1,1,0,1
0.05446452,1,0,1,1,0,1
0.05446552,1,1,1,1,0,1
0.05447068,1,0,1,1,0,1
0.05447204,1,1,1,1,0,1
0.0544742,1,0,1,1,0,1
0.0544752,1,1,1,1,0,1
0.05448036,1,0,1,1,0,1
0.05448168,1,1,1,1,0,1
0.05448384,1,0,1,1,0,1
0.05448504,1,1,1,1,0,1
0.0544902,1,0,1,1,0,1
0.05449136,1,1,1,1,0,1
0.05449352,1,0,1,1,0,1
0.05449468,1,1,1,1,0,1
0.05449984,1,0,1,1,0,1
0.0545012,1,1,1,1,0,1
0.05450336,1,0,1,1,0,1
0.05450436,1,1,1,1,0,1
0.05450952,1,0,1,1,0,1
0.05451084,1,1,1,1,0,1
0.05451304,1,0,1,1,0,1
0.05451404,1,1,1,1,0,1
0.0545192,1,0,1,1,0,1
0.05452052,1,1,1,1,0,1
0.05452268,1,0,1,1,0,1
0.05452368,1,1,1,1,0,1
0.05452884,1,0,1,1,0,1
0.0545302,1,1,1,1,0,1
0.05453236,1,0,1,1,0,1
0.05453352,1,1,1,1,0,1
0.05453868,1,0,1,1,0,1
0.05453984,1,1,1,1,0,1
0.054542,1,0,1,1,0,1
0.0545432,1,1,1,1,0,1
0.05454836,1,0,1,1,0,1
0.05454968,1,1,1,1,0,1
0.05455184,1,0,1,1,0,1
0.05455284,1,1,1,1,0,1
0.054558,1,0,1,1,0,1
0.05455936,1,1,1,1,0,1
0.05456152,1,0,1,1,0,1
0.05456252,1,1,1,1,0,1
0.05456768,1,0,1,1,0,1
0.054569,1,1,1,1,0,1
0.0545712,1,0,1,1,0,1
0.0545722,1,1,1,1,0,1
0.05457736,1,0,1,1,0,1
0.05457868,1,1,1,1,0,1
0.05458084,1,0,1,1,0,1
0.05458184,1,1,1,1,0,1
0.054587,1,0,1,1,0,1
0.05458836,1,1,1,1,0,1
0.05459052,1,0,1,1,0,1
0.05459168,1,1,1,1,0,1
0.05459684,1,0,1,1,0,1
0.054598,1,1,1,1,0,1
0.0546002,1,0,1,1,0,1
0.05460136,1,1,1,1,0,1
0.05460652,1,0,1,1,0,1
0.05460784,1,1,1,1,0,1
0.05461,1,0,1,1,0,1
0.054611,1,1,1,1,0,1
0.05461616,1,0,1,1,0,1
0.05461752,1,1,1,1,0,1
0.05461968,1,0,1,1,0,1
0.05462068,1,1,1,1,0,1
0.05462584,1,0,1,1,0,1
0.05462716,1,1,1,1,0,1
0.05462936,1,0,1,1,0,1
0.05463036,1,1,1,1,0,1
0.05463552,1,0,1,1,0,1
0.05463684,1,1,1,1,0,1
0.054639,1,0,1,1,0,1
0.05464016,1,1,1,1,0,1
0.05464536,1,0,1,1,0,1
0.05464652,1,1,1,1,0,1
0.05464868,1,0,1,1,0,1
0.05464984,1,1,1,1,0,1
0.054655,1,0,1,1,0,1
0.05465636,1,1,1,1,0,1
0.05465852,1,0,1,1,0,1
0.05465952,1,1,1,1,0,1
0.05466468,1,0,1,1,0,1
0.054666,1,1,1,1,0,1
0.05466816,1,0,1,1,0,1
0.05466916,1,1,1,1,0,1
0.05467436,1,0,1,1,0,1
0.05467568,1,1,1,1,0,1
0.05467784,1,0,1,1,0,1
0.05467884,1,1,1,1,0,1
0.054684,1,0,1,1,0,1
0.05468532,1,1,1,1,0,1
0.05468752,1,0,1,1,0,1
0.05468868,1,1,1,1,0,1
0.05469384,1,0,1,1,0,1
0.054695,1,1,1,1,0,1
0.05469716,1,0,1,1,0,1
0.05469832,1,1,1,1,0,1
0.05470352,1,0,1,1,0,1
0.05470484,1,1,1,1,0,1
0.054707,1,0,1,1,0,1
0.054708,1,1,1,1,0,1
0.05471316,1,0,1,1,0,1
0.05471452,1,1,1,1,0,1
0.05471668,1,0,1,1,0,1
0.05471768,1,1,1,1,0,1
0.05472284,1,0,1,1,0,1
0.05472416,1,1,1,1,0,1
0.05472632,1,0,1,1,0,1
0.05472732,1,1,1,1,0,1
0.05473252,1,0,1,1,0,1
0.05473384,1,1,1,1,0,1
0.054736,1,0,1,1,0,1
0.05473716,1,1,1,1,0,1
0.05474232,1,0,1,1,0,1
0.05474348,1,1,1,1,0,1
0.05474568,1,0,1,1,0,1
0.05474684,1,1,1,1,0,1
0.054752,1,0,1,1,0,1
0.05475332,1,1,1,1,0,1
0.05475548,1,0,1,1,0,1
0.05475648,1,1,1,1,0,1
0.05476168,1,0,1,1,0,1
0.054763,1,1,1,1,0,1
0.05476516,1,0,1,1,0,1
0.05476616,1,1,1,1,0,1
0.05477132,1,0,1,1,0,1
0.05477268,1,1,1,1,0,1
0.05477484,1,0,1,1,0,1
0.05477584,1,1,1,1,0,1
0.054781,1,0,1,1,0,1
0.05478232,1,1,1,1,0,1
0.05478448,1,0,1,1,0,1
0.05478548,1,1,1,1,0,1
0.05479068,1,0,1,1,0,1
0.054792,1,1,1,1,0,1
0.05479416,1,0,1,1,0,1
0.05479532,1,1,1,1,0,1
0.05480048,1,0,1,1,0,1
0.05480168,1,1,1,1,0,1
0.05480384,1,0,1,1,0,1
0.054805,1,1,1,1,0,1
0.05481016,1,0,1,1,0,1
0.05481148,1,1,1,1,0,1
0.05481364,1,0,1,1,0,1
0.05481464,1,1,1,1,0,1
0.05481984,1,0,1,1,0,1
0.05482116,1,1,1,1,0,1
0.05482332,1,0,1,1,0,1
0.05482432,1,1,1,1,0,1
0.05482948,1,0,1,1,0,1
0.05483084,1,1,1,1,0,1
0.054833,1,0,1,1,0,1
0.054834,1,1,1,1,0,1
0.05483916,1,0,1,1,0,1
0.05484048,1,1,1,1,0,1
0.05484264,1,0,1,1,0,1
0.05484384,1,1,1,1,0,1
0.054849,1,0,1,1,0,1
0.05485016,1,1,1,1,0,1
0.05485232,1,0,1,1,0,1
0.05485348,1,1,1,1,0,1
0.05485864,1,0,1,1,0,1
0.05486,1,1,1,1,0,1
0.05486216,1,0,1,1,0,1
0.05486316,1,1,1,1,0,1
0.05486832,1,0,1,1,0,1
0.05486964,1,1,1,1,0,1
0.0548718,1,0,1,1,0,1
0.0548728,1,1,1,1,0,1
0.054878,1,0,1,1,0,1
0.05487932,1,1,1,1,0,1
0.05488148,1,0,1,1,0,1
0.05488248,1,1,1,1,0,1
0.05488764,1,0,1,1,0,1
0.054889,1,1,1,1,0,1
0.05489116,1,0,1,1,0,1
0.05489232,1,1,1,1,0,1
0.05489748,1,0,1,1,0,1
0.05489864,1,1,1,1,0,1
0.0549008,1,0,1,1,0,1
0.054902,1,1,1,1,0,1
0.05490716,1,0,1,1,0,1
0.05490848,1,1,1,1,0,1
0.05491064,1,0,1,1,0,1
0.05491164,1,1,1,1,0,1
0.0549168,1,0,1,1,0,1
0.05491816,1,1,1,1,0,1
0.05492032,1,0,1,1,0,1
0.05492132,1,1,1,1,0,1
0.05492648,1,0,1,1,0,1
0.0549278,1,1,1,1,0,1
0.05493,1,0,1,1,0,1
0.054931,1,1,1,1,0,1
0.05493616,1,0,1,1,0,1
0.05493748,1,1,1,1,0,1
0.05493964,1,0,1,1,0,1
0.0549408,1,1,1,1,0,1
0.05494596,1,0,1,1,0,1
0.05494716,1,1,1,1,0,1
0.05494932,1,0,1,1,0,1
0.05495048,1,1,1,1,0,1
0.05495564,1,0,1,1,0,1
0.05495696,1,1,1,1,0,1
0.05495916,1,0,1,1,0,1
0.05496016,1,1,1,1,0,1
0.05496532,1,0,1,1,0,1
0.05496664,1,1,1,1,0,1
0.0549688,1,0,1,1,0,1
0.0549698,1,1,1,1,0,1
0.05497496,1,0,1,1,0,1
0.05497632,1,1,1,1,0,1
0.05497848,1,0,1,1,0,1
0.05497948,1,1,1,1,0,1
0.05498464,1,0,1,1,0,1
0.05498596,1,1,1,1,0,1
0.05498816,1,0,1,1,0,1
0.05498916,1,1,1,1,0,1
0.05499432,1,0,1,1,0,1
0.05499564,1,1,1,1,0,1
0.0549978,1,0,1,1,0,1
0.05499896,1,1,1,1,0,1
0.05500412,1,0,1,1,0,1
0.05500532,1,1,1,1,0,1
0.05500748,1,0,1,1,0,1
0.05500864,1,1,1,1,0,1
0.0550138,1,0,1,1,0,1
0.05501512,1,1,1,1,0,1
0.05501732,1,0,1,1,0,1
0.05501832,1,1,1,1,0,1
0.05502348,1,0,1,1,0,1
0.0550248,1,1,1,1,0,1
0.05502696,1,0,1,1,0,1
0.05502796,1,1,1,1,0,1
0.05503312,1,0,1,1,0,1
0.05503448,1,1,1,1,0,1
0.05503664,1,0,1,1,0,1
0.05503764,1,1,1,1,0,1
0.0550428,1,0,1,1,0,1
0.05504412,1,1,1,1,0,1
0.05504632,1,0,1,1,0,1
0.05504748,1,1,1,1,0,1
0.05505264,1,0,1,1,0,1
0.0550538,1,1,1,1,0,1
0.05505596,1,0,1,1,0,1
0.05505712,1,1,1,1,0,1
0.05506232,1,0,1,1,0,1
0.05506364,1,1,1,1,0,1
0.0550658,1,0,1,1,0,1
0.0550668,1,1,1,1,0,1
0.05507196,1,0,1,1,0,1
0.05507328,1,1,1,1,0,1
0.05507548,1,0,1,1,0,1
0.05507648,1,1,1,1,0,1
0.05508164,1,0,1,1,0,1
0.05508296,1,1,1,1,0,1
0.05508512,1,0,1,1,0,1
0.05508612,1,1,1,1,0,1
0.05509128,1,0,1,1,0,1
0.05509264,1,1,1,1,0,1
0.0550948,1,0,1,1,0,1
0.05509596,1,1,1,1,0,1
0.05510112,1,0,1,1,0,1
0.05510228,1,1,1,1,0,1
0.05510448,1,0,1,1,0,1
0.05510564,1,1,1,1,0,1
0.0551108,1,0,1,1,0,1
0.05511212,1,1,1,1,0,1
0.05511428,1,0,1,1,0,1
0.05511528,1,1,1,1,0,1
0.05512048,1,0,1,1,0,1
0.0551218,1,1,1,1,0,1
0.05512396,1,0,1,1,0,1
0.05512496,1,1,1,1,0,1
0.05513012,1,0,1,1,0,1
0.05513148,1,1,1,1,0,1
0.05513364,1,0,1,1,0,1
0.05513464,1,1,1,1,0,1
0.0551398,1,0,1,1,0,1
0.05514112,1,1,1,1,0,1
0.05514328,1,0,1,1,0,1
0.05514444,1,1,1,1,0,1
0.05514964,1,0,1,1,0,1
0.0551508,1,1,1,1,0,1
0.05515296,1,0,1,1,0,1
0.05515412,1,1,1,1,0,1
0.05515928,1,0,1,1,0,1
0.05516064,1,1,1,1,0,1
0.0551628,1,0,1,1,0,1
0.0551638,1,1,1,1,0,1
0.05516896,1,0,1,1,0,1
0.05517028,1,1,1,1,0,1
0.05517244,1,0,1,1,0,1
0.05517344,1,1,1,1,0,1
0.05517864,1,0,1,1,0,1
0.05517996,1,1,1,1,0,1
0.05518212,1,0,1,1,0,1
0.05518312,1,1,1,1,0,1
0.05518828,1,0,1,1,0,1
0.05518964,1,1,1,1,0,1
0.0551918,1,0,1,1,0,1
0.05519296,1,1,1,1,0,1
0.05519812,1,0,1,1,0,1
0.05519928,1,1,1,1,0,1
0.05520144,1,0,1,1,0,1
0.0552026,1,1,1,1,0,1
0.0552078,1,0,1,1,0,1
0.05520896,1,1,1,1,0,1
0.05521112,1,0,1,1,0,1
0.05521228,1,1,1,1,0,1
0.05521744,1,0,1,1,0,1
0.0552188,1,1,1,1,0,1
0.05522096,1,0,1,1,0,1
0.05522196,1,1,1,1,0,1
0.05522712,1,0,1,1,0,1
0.05522844,1,1,1,1,0,1
0.0552306,1,0,1,1,0,1
0.0552316,1,1,1,1,0,1
0.0552368,1,0,1,1,0,1
0.05523812,1,1,1,1,0,1
0.05524028,1,0,1,1,0,1
0.05524128,1,1,1,1,0,1
0.05524644,1,0,1,1,0,1
0.0552478,1,1,1,1,0,1
0.05524996,1,0,1,1,0,1
0.05525112,1,1,1,1,0,1
0.05525628,1,0,1,1,0,1
0.05525744,1,1,1,1,0,1
0.0552596,1,0,1,1,0,1
0.0552608,1,1,1,1,0,1
0.05526596,1,0,1,1,0,1
0.05526728,1,1,1,1,0,1
0.05526944,1,0,1,1,0,1
0.05527044,1,1,1,1,0,1
0.0552756,1,0,1,1,0,1
0.05527696,1,1,1,1,0,1
0.05527912,1,0,1,1,0,1
0.05528012,1,1,1,1,0,1
0.05528528,1,0,1,1,0,1
0.0552866,1,1,1,1,0,1
0.05528876,1,0,1,1,0,1
0.05528976,1,1,1,1,0,1
0.05529496,1,0,1,1,0,1
0.05529628,1,1,1,1,0,1
0.05529844,1,0,1,1,0,1
0.0552996,1,1,1,1,0,1
0.05530476,1,0,1,1,0,1
0.05530596,1,1,1,1,0,1
0.05530812,1,0,1,1,0,1
0.05530928,1,1,1,1,0,1
0.05531444,1,0,1,1,0,1
0.05531576,1,1,1,1,0,1
0.05531796,1,0,1,1,0,1
0.05531896,1,1,1,1,0,1
0.05532412,1,0,1,1,0,1
0.05532544,1,1,1,1,0,1
0.0553276,1,0,1,1,0,1
0.0553286,1,1,1,1,0,1
0.05533376,1,0,1,1,0,1
0.05533512,1,1,1,1,0,1
0.05533728,1,0,1,1,0,1
0.05533828,1,1,1,1,0,1
0.05534344,1,0,1,1,0,1
0.05534476,1,1,1,1,0,1
0.05534692,1,0,1,1,0,1
0.05534812,1,1,1,1,0,1
0.05535328,1,0,1,1,0,1
0.05535444,1,1,1,1,0,1
0.0553566,1,0,1,1,0,1
0.05535776,1,1,1,1,0,1
0.05536292,1,0,1,1,0,1
0.05536428,1,1,1,1,0,1
0.05536644,1,0,1,1,0,1
0.05536744,1,1,1,1,0,1
0.0553726,1,0,1,1,0,1
0.05537392,1,1,1,1,0,1
0.05537612,1,0,1,1,0,1
0.05537712,1,1,1,1,0,1
0.05538228,1,0,1,1,0,1
0.0553836,1,1,1,1,0,1
0.05538576,1,0,1,1,0,1
0.05538676,1,1,1,1,0,1
0.05539192,1,0,1,1,0,1
0.05539328,1,1,1,1,0,1
0.05539544,1,0,1,1,0,1
0.0553966,1,1,1,1,0,1
0.05540176,1,0,1,1,0,1
0.05540292,1,1,1,1,0,1
0.05540508,1,0,1,1,0,1
0.05540628,1,1,1,1,0,1
0.05541144,1,0,1,1,0,1
0.05541276,1,1,1,1,0,1
0.05541492,1,0,1,1,0,1
0.05541592,1,1,1,1,0,1
0.05542108,1,0,1,1,0,1
0.05542244,1,1,1,1,0,1
0.0554246,1,0,1,1,0,1
0.0554256,1,1,1,1,0,1
0.05543076,1,0,1,1,0,1
0.05543208,1,1,1,1,0,1
0.05543428,1,0,1,1,0,1
0.05543528,1,1,1,1,0,1
0.05544044,1,0,1,1,0,1
0.05544176,1,1,1,1,0,1
0.05544392,1,0,1,1,0,1
0.05544492,1,1,1,1,0,1
0.05545008,1,0,1,1,0,1
0.05545144,1,1,1,1,0,1
0.0554536,1,0,1,1,0,1
0.05545476,1,1,1,1,0,1
0.05545992,1,0,1,1,0,1
0.05546108,1,1,1,1,0,1
0.05546324,1,0,1,1,0,1
0.05546444,1,1,1,1,0,1
0.0554696,1,0,1,1,0,1
0.05547092,1,1,1,1,0,1
0.05547308,1,0,1,1,0,1
0.05547408,1,1,1,1,0,1
0.05547924,1,0,1,1,0,1
0.0554806,1,1,1,1,0,1
0.05548276,1,0,1,1,0,1
0.05548376,1,1,1,1,0,1
0.05548892,1,0,1,1,0,1
0.05549024,1,1,1,1,0,1
0.05549244,1,0,1,1,0,1
0.05549344,1,1,1,1,0,1
0.0554986,1,0,1,1,0,1
0.05549992,1,1,1,1,0,1
0.05550208,1,0,1,1,0,1
0.05550324,1,1,1,1,0,1
0.05550844,1,0,1,1,0,1
0.0555096,1,1,1,1,0,1
0.05551176,1,0,1,1,0,1
0.05551292,1,1,1,1,0,1
0.05551808,1,0,1,1,0,1
0.05551944,1,1,1,1,0,1
0.0555216,1,0,1,1,0,1
0.0555226,1,1,1,1,0,1
0.05552776,1,0,1,1,0,1
0.05552908,1,1,1,1,0,1
0.05553124,1,0,1,1,0,1
0.05553224,1,1,1,1,0,1
0.0555374,1,0,1,1,0,1
0.05553876,1,1,1,1,0,1
0.05554092,1,0,1,1,0,1
0.05554192,1,1,1,1,0,1
0.05554708,1,0,1,1,0,1
0.0555484,1,1,1,1,0,1
0.0555506,1,0,1,1,0,1
0.05555176,1,1,1,1,0,1
0.05555692,1,0,1,1,0,1
0.05555808,1,1,1,1,0,1
0.05556024,1,0,1,1,0,1
0.0555614,1,1,1,1,0,1
0.0555666,1,0,1,1,0,1
0.05556792,1,1,1,1,0,1
0.05557008,1,0,1,1,0,1
0.05557108,1,1,1,1,0,1
0.05557624,1,0,1,1,0,1
0.0555776,1,1,1,1,0,1
0.05557976,1,0,1,1,0,1
0.05558076,1,1,1,1,0,1
0.05558592,1,0,1,1,0,1
0.05558724,1,1,1,1,0,1
0.0555894,1,0,1,1,0,1
0.0555904,1,1,1,1,0,1
0.05559556,1,0,1,1,0,1
0.05559692,1,1,1,1,0,1
0.05559908,1,0,1,1,0,1
0.05560024,1,1,1,1,0,1
0.0556054,1,0,1,1,0,1
0.05560656,1,1,1,1,0,1
0.05560876,1,0,1,1,0,1
0.05560992,1,1,1,1,0,1
0.05561508,1,0,1,1,0,1
0.0556164,1,1,1,1,0,1
0.05561856,1,0,1,1,0,1
0.05561956,1,1,1,1,0,1
0.05562476,1,0,1,1,0,1
0.05562608,1,1,1,1,0,1
0.05562824,1,0,1,1,0,1
0.05562924,1,1,1,1,0,1
0.0556344,1,0,1,1,0,1
0.05563576,1,1,1,1,0,1
0.05563792,1,0,1,1,0,1
0.05563892,1,1,1,1,0,1
0.05564408,1,0,1,1,0,1
0.0556454,1,1,1,1,0,1
0.05564756,1,0,1,1,0,1
0.05564856,1,1,1,1,0,1
0.05565376,1,0,1,1,0,1
0.05565508,1,1,1,1,0,1
0.05565724,1,0,1,1,0,1
0.0556584,1,1,1,1,0,1
0.05566356,1,0,1,1,0,1
0.05566472,1,1,1,1,0,1
0.05566692,1,0,1,1,0,1
0.05566808,1,1,1,1,0,1
0.05567324,1,0,1,1,0,1
0.05567456,1,1,1,1,0,1
0.05567672,1,0,1,1,0,1
0.05567772,1,1,1,1,0,1
0.05568292,1,0,1,1,0,1
0.05568424,1,1,1,1,0,1
0.0556864,1,0,1,1,0,1
0.0556874,1,1,1,1,0,1
0.05569256,1,0,1,1,0,1
0.05569392,1,1,1,1,0,1
0.05569608,1,0,1,1,0,1
0.05569708,1,1,1,1,0,1
0.05570224,1,0,1,1,0,1
0.05570356,1,1,1,1,0,1
0.05570572,1,0,1,1,0,1
0.05570692,1,1,1,1,0,1
0.05571208,1,0,1,1,0,1
0.05571324,1,1,1,1,0,1
0.0557154,1,0,1,1,0,1
0.05571656,1,1,1,1,0,1
0.05572172,1,0,1,1,0,1
0.05572308,1,1,1,1,0,1
0.05572524,1,0,1,1,0,1
0.05572624,1,1,1,1,0,1
0.0557314,1,0,1,1,0,1
0.05573272,1,1,1,1,0,1
0.05573488,1,0,1,1,0,1
0.05573588,1,1,1,1,0,1
0.05574108,1,0,1,1,0,1
0.0557424,1,1,1,1,0,1
0.05574456,1,0,1,1,0,1
0.05574556,1,1,1,1,0,1
0.05575072,1,0,1,1,0,1
0.05575208,1,1,1,1,0,1
0.05575424,1,0,1,1,0,1
0.0557554,1,1,1,1,0,1
0.05576056,1,0,1,1,0,1
0.05576172,1,1,1,1,0,1
0.05576388,1,0,1,1,0,1
0.05576508,1,1,1,1,0,1
0.05577024,1,0,1,1,0,1
0.05577156,1,1,1,1,0,1
0.05577372,1,0,1,1,0,1
0.05577472,1,1,1,1,0,1
0.05577988,1,0,1,1,0,1
0.05578124,1,1,1,1,0,1
0.0557834,1,0,1,1,0,1
0.0557844,1,1,1,1,0,1
0.05578956,1,0,1,1,0,1
0.05579088,1,1,1,1,0,1
0.05579304,1,0,1,1,0,1
0.05579404,1,1,1,1,0,1
0.05579924,1,0,1,1,0,1
0.05580056,1,1,1,1,0,1
0.05580272,1,0,1,1,0,1
0.05580388,1,1,1,1,0,1
0.05580904,1,0,1,1,0,1
0.05581024,1,1,1,1,0,1
0.0558124,1,0,1,1,0,1
0.05581356,1,1,1,1,0,1
0.05581872,1,0,1,1,0,1
0.05582004,1,1,1,1,0,1
0.05582224,1,0,1,1,0,1
0.05582324,1,1,1,1,0,1
0.0558284,1,0,1,1,0,1
0.05582972,1,1,1,1,0,1
0.05583188,1,0,1,1,0,1
0.05583288,1,1,1,1,0,1
0.05583804,1,0,1,1,0,1
0.0558394,1,1,1,1,0,1
0.05584156,1,0,1,1,0,1
0.05584256,1,1,1,1,0,1
0.05584772,1,0,1,1,0,1
0.05584904,1,1,1,1,0,1
0.05585124,1,0,1,1,0,1
0.0558524,1,1,1,1,0,1
0.05585756,1,0,1,1,0,1
0.05585872,1,1,1,1,0,1
0.05586088,1,0,1,1,0,1
0.05586204,1,1,1,1,0,1
0.0558672,1,0,1,1,0,1
0.0558684,1,1,1,1,0,1
0.05587056,1,0,1,1,0,1
0.05587172,1,1,1,1,0,1
0.05587688,1,0,1,1,0,1
0.0558782,1,1,1,1,0,1
0.0558804,1,0,1,1,0,1
0.0558814,1,1,1,1,0,1
0.05588656,1,0,1,1,0,1
0.05588788,1,1,1,1,0,1
0.05589004,1,0,1,1,0,1
0.05589104,1,1,1,1,0,1
0.0558962,1,0,1,1,0,1
0.05589756,1,1,1,1,0,1
0.05589972,1,0,1,1,0,1
0.05590072,1,1,1,1,0,1
0.05590588,1,0,1,1,0,1
0.0559072,1,1,1,1,0,1
0.0559094,1,0,1,1,0,1
0.05591056,1,1,1,1,0,1
0.05591572,1,0,1,1,0,1
0.05591688,1,1,1,1,0,1
0.05591904,1,0,1,1,0,1
0.0559202,1,1,1,1,0,1
0.05592536,1,0,1,1,0,1
0.05592672,1,1,1,1,0,1
0.05592888,1,0,1,1,0,1
0.05592988,1,1,1,1,0,1
0.05593504,1,0,1,1,0,1
0.05593636,1,1,1,1,0,1
0.05593856,1,0,1,1,0,1
0.05593956,1,1,1,1,0,1
0.05594472,1,0,1,1,0,1
0.05594604,1,1,1,1,0,1
0.0559482,1,0,1,1,0,1
0.0559492,1,1,1,1,0,1
0.05595436,1,0,1,1,0,1
0.05595572,1,1,1,1,0,1
0.05595788,1,0,1,1,0,1
0.05595904,1,1,1,1,0,1
0.0559642,1,0,1,1,0,1
0.05596536,1,1,1,1,0,1
0.05596756,1,0,1,1,0,1
0.05596872,1,1,1,1,0,1
0.05597388,1,0,1,1,0,1
0.0559752,1,1,1,1,0,1
0.05597736,1,0,1,1,0,1
0.05597836,1,1,1,1,0,1
0.05598356,1,0,1,1,0,1
0.05598488,1,1,1,1,0,1
0.05598704,1,0,1,1,0,1
0.05598804,1,1,1,1,0,1
0.0559932,1,0,1,1,0,1
0.05599452,1,1,1,1,0,1
0.05599672,1,0,1,1,0,1
0.05599772,1,1,1,1,0,1
0.05600288,1,0,1,1,0,1
0.0560042,1,1,1,1,0,1
0.05600636,1,0,1,1,0,1
0.05600752,1,1,1,1,0,1
0.05601272,1,0,1,1,0,1
0.05601388,1,1,1,1,0,1
0.05601604,1,0,1,1,0,1
0.0560172,1,1,1,1,0,1
0.05602236,1,0,1,1,0,1
0.05602372,1,1,1,1,0,1
0.05602588,1,0,1,1,0,1
0.05602688,1,1,1,1,0,1
0.05603204,1,0,1,1,0,1
0.05603336,1,1,1,1,0,1
0.05603552,1,0,1,1,0,1
0.05603652,1,1,1,1,0,1
0.05604172,1,0,1,1,0,1
0.05604304,1,1,1,1,0,1
0.0560452,1,0,1,1,0,1
0.0560462,1,1,1,1,0,1
0.05605136,1,0,1,1,0,1
0.05605268,1,1,1,1,0,1
0.05605488,1,0,1,1,0,1
0.05605604,1,1,1,1,0,1
0.0560612,1,0,1,1,0,1
0.05606236,1,1,1,1,0,1
0.05606452,1,0,1,1,0,1
0.05606568,1,1,1,1,0,1
0.05607088,1,0,1,1,0,1
0.0560722,1,1,1,1,0,1
0.05607436,1,0,1,1,0,1
0.05607536,1,1,1,1,0,1
0.05608052,1,0,1,1,0,1
0.05608188,1,1,1,1,0,1
0.05608404,1,0,1,1,0,1
0.05608504,1,1,1,1,0,1
0.0560902,1,0,1,1,0,1
0.05609152,1,1,1,1,0,1
0.05609368,1,0,1,1,0,1
0.05609468,1,1,1,1,0,1
0.05609988,1,0,1,1,0,1
0.0561012,1,1,1,1,0,1
0.05610336,1,0,1,1,0,1
0.05610436,1,1,1,1,0,1
0.05610952,1,0,1,1,0,1
0.05611088,1,1,1,1,0,1
0.05611304,1,0,1,1,0,1
0.0561142,1,1,1,1,0,1
0.05611936,1,0,1,1,0,1
0.05612052,1,1,1,1,0,1
0.05612268,1,0,1,1,0,1
0.05612384,1,1,1,1,0,1
0.05612904,1,0,1,1,0,1
0.05613036,1,1,1,1,0,1
0.05613252,1,0,1,1,0,1
0.05613352,1,1,1,1,0,1
0.05613868,1,0,1,1,0,1
0.05614004,1,1,1,1,0,1
0.0561422,1,0,1,1,0,1
0.0561432,1,1,1,1,0,1
0.05614836,1,0,1,1,0,1
0.05614968,1,1,1,1,0,1
0.05615184,1,0,1,1,0,1
0.05615284,1,1,1,1,0,1
0.05615804,1,0,1,1,0,1
0.05615936,1,1,1,1,0,1
0.05616152,1,0,1,1,0,1
0.05616268,1,1,1,1,0,1
0.05616784,1,0,1,1,0,1
0.05616904,1,1,1,1,0,1
0.0561712,1,0,1,1,0,1
0.05617236,1,1,1,1,0,1
0.05617752,1,0,1,1,0,1
0.05617884,1,1,1,1,0,1
0.05618104,1,0,1,1,0,1
0.056182,1,1,1,1,0,1
0.0561872,1,0,1,1,0,1
0.05618852,1,1,1,1,0,1
0.05619068,1,0,1,1,0,1
0.05619168,1,1,1,1,0,1
0.05619684,1,0,1,1,0,1
0.0561982,1,1,1,1,0,1
0.05620036,1,0,1,1,0,1
0.05620136,1,1,1,1,0,1
0.05620652,1,0,1,1,0,1
0.05620784,1,1,1,1,0,1
0.05621,1,0,1,1,0,1
0.0562112,1,1,1,1,0,1
0.05621636,1,0,1,1,0,1
0.05621752,1,1,1,1,0,1
0.05621968,1,0,1,1,0,1
0.05622084,1,1,1,1,0,1
0.056226,1,0,1,1,0,1
0.05622736,1,1,1,1,0,1
0.05622952,1,0,1,1,0,1
0.05623052,1,1,1,1,0,1
0.05623568,1,0,1,1,0,1
0.056237,1,1,1,1,0,1
0.0562392,1,0,1,1,0,1
0.0562402,1,1,1,1,0,1
0.05624536,1,0,1,1,0,1
0.05624668,1,1,1,1,0,1
0.05624884,1,0,1,1,0,1
0.05624984,1,1,1,1,0,1
0.056255,1,0,1,1,0,1
0.05625636,1,1,1,1,0,1
0.05625852,1,0,1,1,0,1
0.05625968,1,1,1,1,0,1
0.05626484,1,0,1,1,0,1
0.056266,1,1,1,1,0,1
0.05626816,1,0,1,1,0,1
0.05626936,1,1,1,1,0,1
0.05627452,1,0,1,1,0,1
0.05627584,1,1,1,1,0,1
0.056278,1,0,1,1,0,1
0.056279,1,1,1,1,0,1
0.05628416,1,0,1,1,0,1
0.05628552,1,1,1,1,0,1
0.05628768,1,0,1,1,0,1
0.05628868,1,1,1,1,0,1
0.05629384,1,0,1,1,0,1
0.05629516,1,1,1,1,0,1
0.05629736,1,0,1,1,0,1
0.05629836,1,1,1,1,0,1
0.05630352,1,0,1,1,0,1
0.05630484,1,1,1,1,0,1
0.056307,1,0,1,1,0,1
0.056308,1,1,1,1,0,1
0.05631316,1,0,1,1,0,1
0.05631452,1,1,1,1,0,1
0.05631668,1,0,1,1,0,1
0.05631784,1,1,1,1,0,1
0.056323,1,0,1,1,0,1
0.05632416,1,1,1,1,0,1
0.05632632,1,0,1,1,0,1
0.05632752,1,1,1,1,0,1
0.05633268,1,0,1,1,0,1
0.056334,1,1,1,1,0,1
0.05633616,1,0,1,1,0,1
0.05633716,1,1,1,1,0,1
0.05634232,1,0,1,1,0,1
0.05634368,1,1,1,1,0,1
0.05634584,1,0,1,1,0,1
0.05634684,1,1,1,1,0,1
0.056352,1,0,1,1,0,1
0.05635332,1,1,1,1,0,1
0.05635552,1,0,1,1,0,1
0.05635652,1,1,1,1,0,1
0.05636168,1,0,1,1,0,1
0.056363,1,1,1,1,0,1
0.05636516,1,0,1,1,0,1
0.05636632,1,1,1,1,0,1
0.05637152,1,0,1,1,0,1
0.05637268,1,1,1,1,0,1
0.05637484,1,0,1,1,0,1
0.056376,1,1,1,1,0,1
0.05638116,1,0,1,1,0,1
0.05638248,1,1,1,1,0,1
0.05638468,1,0,1,1,0,1
0.05638568,1,1,1,1,0,1
0.05639084,1,0,1,1,0,1
0.05639216,1,1,1,1,0,1
0.05639432,1,0,1,1,0,1
0.05639532,1,1,1,1,0,1
0.05640048,1,0,1,1,0,1
0.05640184,1,1,1,1,0,1
0.056404,1,0,1,1,0,1
0.056405,1,1,1,1,0,1
0.05641016,1,0,1,1,0,1
0.05641148,1,1,1,1,0,1
0.05641368,1,0,1,1,0,1
0.05641484,1,1,1,1,0,1
0.05642,1,0,1,1,0,1
0.05642116,1,1,1,1,0,1
0.05642332,1,0,1,1,0,1
0.05642448,1,1,1,1,0,1
0.05642968,1,0,1,1,0,1
0.056431,1,1,1,1,0,1
0.05643316,1,0,1,1,0,1
0.05643416,1,1,1,1,0,1
0.05643932,1,0,1,1,0,1
0.05644068,1,1,1,1,0,1
0.05644284,1,0,1,1,0,1
0.05644384,1,1,1,1,0,1
0.056449,1,0,1,1,0,1
0.05645032,1,1,1,1,0,1
0.05645248,1,0,1,1,0,1
0.05645348,1,1,1,1,0,1
0.05645864,1,0,1,1,0,1
0.05646,1,1,1,1,0,1
0.05646216,1,0,1,1,0,1
0.05646332,1,1,1,1,0,1
0.05646848,1,0,1,1,0,1
0.05646964,1,1,1,1,0,1
0.05647184,1,0,1,1,0,1
0.056473,1,1,1,1,0,1
0.05647816,1,0,1,1,0,1
0.05647948,1,1,1,1,0,1
0.05648164,1,0,1,1,0,1
0.05648264,1,1,1,1,0,1
0.05648784,1,0,1,1,0,1
0.05648916,1,1,1,1,0,1
0.05649132,1,0,1,1,0,1
0.05649232,1,1,1,1,0,1
0.05649748,1,0,1,1,0,1
0.05649884,1,1,1,1,0,1
0.056501,1,0,1,1,0,1
0.056502,1,1,1,1,0,1
0.05650716,1,0,1,1,0,1
0.05650848,1,1,1,1,0,1
0.05651064,1,0,1,1,0,1
0.05651164,1,1,1,1,0,1
0.0565168,1,0,1,1,0,1
0.05651816,1,1,1,1,0,1
0.05652032,1,0,1,1,0,1
0.05652148,1,1,1,1,0,1
0.05652664,1,0,1,1,0,1
0.0565278,1,1,1,1,0,1
0.05653,1,0,1,1,0,1
0.05653116,1,1,1,1,0,1
0.05653632,1,0,1,1,0,1
0.05653764,1,1,1,1,0,1
0.0565398,1,0,1,1,0,1
0.0565408,1,1,1,1,0,1
0.056546,1,0,1,1,0,1
0.05654732,1,1,1,1,0,1
0.05654948,1,0,1,1,0,1
0.05655048,1,1,1,1,0,1
0.05655564,1,0,1,1,0,1
0.056557,1,1,1,1,0,1
0.05655916,1,0,1,1,0,1
0.05656016,1,1,1,1,0,1
0.05656532,1,0,1,1,0,1
0.05656664,1,1,1,1,0,1
0.0565688,1,0,1,1,0,1
0.05657,1,1,1,1,0,1
0.05657516,1,0,1,1,0,1
0.05657632,1,1,1,1,0,1
0.05657848,1,0,1,1,0,1
0.05657964,1,1,1,1,0,1
0.0565848,1,0,1,1,0,1
0.05658616,1,1,1,1,0,1
0.05658832,1,0,1,1,0,1
0.05658932,1,1,1,1,0,1
0.05659448,1,0,1,1,0,1
0.0565958,1,1,1,1,0,1
0.05659796,1,0,1,1,0,1
0.05659896,1,1,1,1,0,1
0.05660416,1,0,1,1,0,1
0.05660548,1,1,1,1,0,1
0.05660764,1,0,1,1,0,1
0.05660864,1,1,1,1,0,1
0.0566138,1,0,1,1,0,1
0.05661516,1,1,1,1,0,1
0.05661732,1,0,1,1,0,1
0.05661848,1,1,1,1,0,1
0.05662364,1,0,1,1,0,1
0.0566248,1,1,1,1,0,1
0.05662696,1,0,1,1,0,1
0.05662816,1,1,1,1,0,1
0.05663332,1,0,1,1,0,1
0.05663464,1,1,1,1,0,1
0.0566368,1,0,1,1,0,1
0.0566378,1,1,1,1,0,1
0.05664296,1,0,1,1,0,1
0.05664432,1,1,1,1,0,1
0.05664648,1,0,1,1,0,1
0.05664748,1,1,1,1,0,1
0.05665264,1,0,1,1,0,1
0.05665396,1,1,1,1,0,1
0.05665612,1,0,1,1,0,1
0.05665712,1,1,1,1,0,1
0.05666232,1,0,1,1,0,1
0.05666364,1,1,1,1,0,1
0.0566658,1,0,1,1,0,1
0.05666696,1,1,1,1,0,1
0.05667212,1,0,1,1,0,1
0.05667332,1,1,1,1,0,1
0.05667548,1,0,1,1,0,1
0.05667664,1,1,1,1,0,1
0.0566818,1,0,1,1,0,1
0.05668312,1,1,1,1,0,1
0.05668532,1,0,1,1,0,1
0.05668632,1,1,1,1,0,1
0.05669148,1,0,1,1,0,1
0.0566928,1,1,1,1,0,1
0.05669496,1,0,1,1,0,1
0.05669596,1,1,1,1,0,1
0.05670112,1,0,1,1,0,1
0.05670248,1,1,1,1,0,1
0.05670464,1,0,1,1,0,1
0.05670564,1,1,1,1,0,1
0.0567108,1,0,1,1,0,1
0.05671212,1,1,1,1,0,1
0.05671428,1,0,1,1,0,1
0.05671548,1,1,1,1,0,1
0.05672064,1,0,1,1,0,1
0.0567218,1,1,1,1,0,1
0.05672396,1,0,1,1,0,1
0.05672512,1,1,1,1,0,1
0.05673028,1,0,1,1,0,1
0.05673148,1,1,1,1,0,1
0.05673364,1,0,1,1,0,1
0.0567348,1,1,1,1,0,1
0.05673996,1,0,1,1,0,1
0.05674128,1,1,1,1,0,1
0.05674348,1,0,1,1,0,1
0.05674448,1,1,1,1,0,1
0.05674964,1,0,1,1,0,1
0.05675096,1,1,1,1,0,1
0.05675312,1,0,1,1,0,1
0.05675412,1,1,1,1,0,1
0.05675928,1,0,1,1,0,1
0.05676064,1,1,1,1,0,1
0.0567628,1,0,1,1,0,1
0.0567638,1,1,1,1,0,1
0.05676896,1,0,1,1,0,1
0.05677028,1,1,1,1,0,1
0.05677248,1,0,1,1,0,1
0.05677364,1,1,1,1,0,1
0.0567788,1,0,1,1,0,1
0.05677996,1,1,1,1,0,1
0.05678212,1,0,1,1,0,1
0.05678328,1,1,1,1,0,1
0.05678844,1,0,1,1,0,1
0.0567898,1,1,1,1,0,1
0.05679196,1,0,1,1,0,1
0.05679296,1,1,1,1,0,1
0.05679812,1,0,1,1,0,1
0.05679944,1,1,1,1,0,1
0.05680164,1,0,1,1,0,1
0.05680264,1,1,1,1,0,1
0.0568078,1,0,1,1,0,1
0.05680912,1,1,1,1,0,1
0.05681128,1,0,1,1,0,1
0.05681228,1,1,1,1,0,1
0.05681744,1,0,1,1,0,1
0.0568188,1,1,1,1,0,1
0.05682096,1,0,1,1,0,1
0.05682212,1,1,1,1,0,1
0.05682728,1,0,1,1,0,1
0.05682844,1,1,1,1,0,1
0.05683064,1,0,1,1,0,1
0.0568318,1,1,1,1,0,1
0.05683696,1,0,1,1,0,1
0.05683828,1,1,1,1,0,1
0.05684044,1,0,1,1,0,1
0.05684144,1,1,1,1,0,1
0.0568466,1,0,1,1,0,1
0.05684796,1,1,1,1,0,1
0.05685012,1,0,1,1,0,1
0.05685112,1,1,1,1,0,1
0.05685628,1,0,1,1,0,1
0.0568576,1,1,1,1,0,1
0.0568598,1,0,1,1,0,1
0.0568608,1,1,1,1,0,1
0.05686596,1,0,1,1,0,1
0.05686728,1,1,1,1,0,1
0.05686944,1,0,1,1,0,1
0.0568706,1,1,1,1,0,1
0.0568758,1,0,1,1,0,1
0.05687696,1,1,1,1,0,1
0.05687912,1,0,1,1,0,1
0.05688028,1,1,1,1,0,1
0.05688544,1,0,1,1,0,1
0.0568868,1,1,1,1,0,1
0.05688896,1,0,1,1,0,1
0.05688996,1,1,1,1,0,1
0.05689512,1,0,1,1,0,1
0.05689644,1,1,1,1,0,1
0.0568986,1,0,1,1,0,1
0.0568996,1,1,1,1,0,1
0.05690476,1,0,1,1,0,1
0.05690612,1,1,1,1,0,1
0.05690828,1,0,1,1,0,1
0.05690928,1,1,1,1,0,1
0.05691444,1,0,1,1,0,1
0.05691576,1,1,1,1,0,1
0.05691796,1,0,1,1,0,1
0.05691912,1,1,1,1,0,1
0.05692428,1,0,1,1,0,1
0.05692544,1,1,1,1,0,1
0.0569276,1,0,1,1,0,1
0.05692876,1,1,1,1,0,1
0.05693396,1,0,1,1,0,1
0.05693528,1,1,1,1,0,1
0.05693744,1,0,1,1,0,1
0.05693844,1,1,1,1,0,1
0.0569436,1,0,1,1,0,1
0.05694496,1,1,1,1,0,1
0.05694712,1,0,1,1,0,1
0.05694812,1,1,1,1,0,1
0.05695328,1,0,1,1,0,1
0.0569546,1,1,1,1,0,1
0.05695676,1,0,1,1,0,1
0.05695776,1,1,1,1,0,1
0.05696296,1,0,1,1,0,1
0.05696428,1,1,1,1,0,1
0.05696644,1,0,1,1,0,1
0.05696744,1,1,1,1,0,1
0.0569726,1,0,1,1,0,1
0.05697392,1,1,1,1,0,1
0.05697612,1,0,1,1,0,1
0.05697728,1,1,1,1,0,1
0.05698244,1,0,1,1,0,1
0.0569836,1,1,1,1,0,1
0.05698576,1,0,1,1,0,1
0.05698692,1,1,1,1,0,1
0.05699212,1,0,1,1,0,1
0.05699344,1,1,1,1,0,1
0.0569956,1,0,1,1,0,1
0.0569966,1,1,1,1,0,1
0.05700176,1,0,1,1,0,1
0.05700312,1,1,1,1,0,1
0.05700528,1,0,1,1,0,1
0.05700628,1,1,1,1,0,1
0.05701144,1,0,1,1,0,1
0.05701276,1,1,1,1,0,1
0.05701492,1,0,1,1,0,1
0.05701592,1,1,1,1,0,1
0.05702112,1,0,1,1,0,1
0.05702244,1,1,1,1,0,1
0.0570246,1,0,1,1,0,1
0.05702576,1,1,1,1,0,1
0.05703092,1,0,1,1,0,1
0.05703212,1,1,1,1,0,1
0.05703428,1,0,1,1,0,1
0.05703544,1,1,1,1,0,1
0.0570406,1,0,1,1,0,1
0.05704192,1,1,1,1,0,1
0.05704408,1,0,1,1,0,1
0.05704508,1,1,1,1,0,1
0.05705028,1,0,1,1,0,1
0.0570516,1,1,1,1,0,1
0.05705376,1,0,1,1,0,1
0.05705476,1,1,1,1,0,1
0.05705992,1,0,1,1,0,1
0.05706128,1,1,1,1,0,1
0.05706344,1,0,1,1,0,1
0.05706444,1,1,1,1,0,1
0.0570696,1,0,1,1,0,1
0.05707092,1,1,1,1,0,1
0.05707308,1,0,1,1,0,1
0.05707428,1,1,1,1,0,1
0.05707944,1,0,1,1,0,1
0.0570806,1,1,1,1,0,1
0.05708276,1,0,1,1,0,1
0.05708392,1,1,1,1,0,1
0.05708908,1,0,1,1,0,1
0.05709044,1,1,1,1,0,1
0.0570926,1,0,1,1,0,1
0.0570936,1,1,1,1,0,1
0.05709876,1,0,1,1,0,1
0.05710008,1,1,1,1,0,1
0.05710224,1,0,1,1,0,1
0.05710324,1,1,1,1,0,1
0.05710844,1,0,1,1,0,1
0.05710976,1,1,1,1,0,1
0.05711192,1,0,1,1,0,1
0.05711292,1,1,1,1,0,1
0.05711808,1,0,1,1,0,1
0.05711944,1,1,1,1,0,1
0.0571216,1,0,1,1,0,1
0.05712276,1,1,1,1,0,1
0.05712792,1,0,1,1,0,1
0.05712908,1,1,1,1,0,1
0.05713124,1,0,1,1,0,1
0.05713244,1,1,1,1,0,1
0.0571376,1,0,1,1,0,1
0.05713892,1,1,1,1,0,1
0.05714108,1,0,1,1,0,1
0.05714208,1,1,1,1,0,1
0.05714724,1,0,1,1,0,1
0.0571486,1,1,1,1,0,1
0.05715076,1,0,1,1,0,1
0.05715176,1,1,1,1,0,1
0.05715692,1,0,1,1,0,1
0.05715824,1,1,1,1,0,1
0.05716044,1,0,1,1,0,1
0.05716144,1,1,1,1,0,1
0.0571666,1,0,1,1,0,1
0.05716792,1,1,1,1,0,1
0.05717008,1,0,1,1,0,1
0.05717108,1,1,1,1,0,1
0.05717624,1,0,1,1,0,1
0.0571776,1,1,1,1,0,1
0.05717976,1,0,1,1,0,1
0.05718092,1,1,1,1,0,1
0.05718608,1,0,1,1,0,1
0.05718724,1,1,1,1,0,1
0.0571894,1,0,1,1,0,1
0.0571906,1,1,1,1,0,1
0.05719576,1,0,1,1,0,1
0.05719708,1,1,1,1,0,1
0.05719924,1,0,1,1,0,1
0.05720024,1,1,1,1,0,1
0.0572054,1,0,1,1,0,1
0.05720676,1,1,1,1,0,1
0.05720892,1,0,1,1,0,1
0.05720992,1,1,1,1,0,1
0.05721508,1,0,1,1,0,1
0.0572164,1,1,1,1,0,1
0.0572186,1,0,1,1,0,1
0.0572196,1,1,1,1,0,1
0.05722476,1,0,1,1,0,1
0.05722608,1,1,1,1,0,1
0.05722824,1,0,1,1,0,1
0.0572294,1,1,1,1,0,1
0.05723456,1,0,1,1,0,1
0.05723576,1,1,1,1,0,1
0.05723792,1,0,1,1,0,1
0.05723908,1,1,1,1,0,1
0.05724424,1,0,1,1,0,1
0.05724556,1,1,1,1,0,1
0.05724776,1,0,1,1,0,1
0.05724876,1,1,1,1,0,1
0.05725392,1,0,1,1,0,1
0.05725524,1,1,1,1,0,1
0.0572574,1,0,1,1,0,1
0.0572584,1,1,1,1,0,1
0.05726356,1,0,1,1,0,1
0.05726492,1,1,1,1,0,1
0.05726708,1,0,1,1,0,1
0.05726808,1,1,1,1,0,1
0.05727324,1,0,1,1,0,1
0.05727456,1,1,1,1,0,1
0.05727676,1,0,1,1,0,1
0.05727792,1,1,1,1,0,1
0.05728308,1,0,1,1,0,1
0.05728424,1,1,1,1,0,1
0.0572864,1,0,1,1,0,1
0.05728756,1,1,1,1,0,1
0.05729276,1,0,1,1,0,1
0.05729408,1,1,1,1,0,1
0.05729624,1,0,1,1,0,1
0.05729724,1,1,1,1,0,1
0.0573024,1,0,1,1,0,1
0.05730372,1,1,1,1,0,1
0.05730592,1,0,1,1,0,1
0.05730692,1,1,1,1,0,1
0.05731208,1,0,1,1,0,1
0.0573134,1,1,1,1,0,1
0.05731556,1,0,1,1,0,1
0.05731656,1,1,1,1,0,1
0.05732172,1,0,1,1,0,1
0.05732308,1,1,1,1,0,1
0.05732524,1,0,1,1,0,1
0.0573264,1,1,1,1,0,1
0.05733156,1,0,1,1,0,1
0.05733272,1,1,1,1,0,1
0.05733492,1,0,1,1,0,1
0.05733608,1,1,1,1,0,1
0.05734124,1,0,1,1,0,1
0.05734256,1,1,1,1,0,1
0.05734472,1,0,1,1,0,1
0.05734572,1,1,1,1,0,1
0.05735092,1,0,1,1,0,1
0.05735224,1,1,1,1,0,1
0.0573544,1,0,1,1,0,1
0.0573554,1,1,1,1,0,1
0.05736056,1,0,1,1,0,1
0.05736192,1,1,1,1,0,1
0.05736408,1,0,1,1,0,1
0.05736508,1,1,1,1,0,1
0.05737024,1,0,1,1,0,1
0.05737156,1,1,1,1,0,1
0.05737372,1,0,1,1,0,1
0.05737472,1,1,1,1,0,1
0.05737988,1,0,1,1,0,1
0.05738124,1,1,1,1,0,1
0.0573834,1,0,1,1,0,1
0.05738456,1,1,1,1,0,1
0.05738972,1,0,1,1,0,1
0.05739088,1,1,1,1,0,1
0.05739308,1,0,1,1,0,1
0.05739424,1,1,1,1,0,1
0.0573994,1,0,1,1,0,1
0.05740072,1,1,1,1,0,1
0.05740288,1,0,1,1,0,1
0.05740388,1,1,1,1,0,1
0.05740908,1,0,1,1,0,1
0.0574104,1,1,1,1,0,1
0.05741256,1,0,1,1,0,1
0.05741356,1,1,1,1,0,1
0.05741872,1,0,1,1,0,1
0.05742008,1,1,1,1,0,1
0.05742224,1,0,1,1,0,1
0.05742324,1,1,1,1,0,1
0.0574284,1,0,1,1,0,1
0.05742972,1,1,1,1,0,1
0.05743188,1,0,1,1,0,1
0.05743304,1,1,1,1,0,1
0.05743824,1,0,1,1,0,1
0.0574394,1,1,1,1,0,1
0.05744156,1,0,1,1,0,1
0.05744272,1,1,1,1,0,1
0.05744788,1,0,1,1,0,1
0.05744924,1,1,1,1,0,1
0.0574514,1,0,1,1,0,1
0.0574524,1,1,1,1,0,1
0.05745756,1,0,1,1,0,1
0.05745888,1,1,1,1,0,1
0.05746104,1,0,1,1,0,1
0.05746204,1,1,1,1,0,1
0.05746724,1,0,1,1,0,1
0.05746856,1,1,1,1,0,1
0.05747072,1,0,1,1,0,1
0.05747172,1,1,1,1,0,1
0.05747688,1,0,1,1,0,1
0.05747824,1,1,1,1,0,1
0.0574804,1,0,1,1,0,1
0.05748156,1,1,1,1,0,1
0.05748672,1,0,1,1,0,1
0.05748788,1,1,1,1,0,1
0.05749004,1,0,1,1,0,1
0.0574912,1,1,1,1,0,1
0.0574964,1,0,1,1,0,1
0.05749772,1,1,1,1,0,1
0.05749988,1,0,1,1,0,1
0.05750088,1,1,1,1,0,1
0.05750604,1,0,1,1,0,1
0.0575074,1,1,1,1,0,1
0.05750956,1,0,1,1,0,1
0.05751056,1,1,1,1,0,1
0.05751572,1,0,1,1,0,1
0.05751704,1,1,1,1,0,1
0.0575192,1,0,1,1,0,1
0.0575202,1,1,1,1,0,1
0.0575254,1,0,1,1,0,1
0.05752672,1,1,1,1,0,1
0.05752888,1,0,1,1,0,1
0.05753004,1,1,1,1,0,1
0.0575352,1,0,1,1,0,1
0.0575364,1,1,1,1,0,1
0.05753856,1,0,1,1,0,1
0.05753972,1,1,1,1,0,1
0.05754488,1,0,1,1,0,1
0.0575462,1,1,1,1,0,1
0.0575484,1,0,1,1,0,1
0.0575494,1,1,1,1,0,1
0.05755456,1,0,1,1,0,1
0.05755588,1,1,1,1,0,1
0.05755804,1,0,1,1,0,1
0.05755904,1,1,1,1,0,1
0.0575642,1,0,1,1,0,1
0.05756556,1,1,1,1,0,1
0.05756772,1,0,1,1,0,1
0.05756872,1,1,1,1,0,1
0.05757388,1,0,1,1,0,1
0.0575752,1,1,1,1,0,1
0.05757736,1,0,1,1,0,1
0.05757856,1,1,1,1,0,1
0.05758372,1,0,1,1,0,1
0.05758488,1,1,1,1,0,1
0.05758704,1,0,1,1,0,1
0.0575882,1,1,1,1,0,1
0.05759336,1,0,1,1,0,1
0.05759456,1,1,1,1,0,1
0.05759672,1,0,1,1,0,1
0.05759788,1,1,1,1,0,1
0.05760304,1,0,1,1,0,1
0.05760436,1,1,1,1,0,1
0.05760656,1,0,1,1,0,1
0.05760756,1,1,1,1,0,1
0.05761272,1,0,1,1,0,1
0.05761404,1,1,1,1,0,1
0.0576162,1,0,1,1,0,1
0.0576172,1,1,1,1,0,1
0.05762236,1,0,1,1,0,1
0.05762372,1,1,1,1,0,1
0.05762588,1,0,1,1,0,1
0.05762688,1,1,1,1,0,1
0.05763204,1,0,1,1,0,1
0.05763336,1,1,1,1,0,1
0.05763552,1,0,1,1,0,1
0.05763672,1,1,1,1,0,1
0.05764188,1,0,1,1,0,1
0.05764304,1,1,1,1,0,1
0.0576452,1,0,1,1,0,1
0.05764636,1,1,1,1,0,1
0.05765152,1,0,1,1,0,1
0.05765288,1,1,1,1,0,1
0.05765504,1,0,1,1,0,1
0.05765604,1,1,1,1,0,1
0.0576612,1,0,1,1,0,1
0.05766252,1,1,1,1,0,1
0.05766472,1,0,1,1,0,1
0.05766572,1,1,1,1,0,1
0.05767088,1,0,1,1,0,1
0.0576722,1,1,1,1,0,1
0.05767436,1,0,1,1,0,1
0.05767536,1,1,1,1,0,1
0.05768052,1,0,1,1,0,1
0.05768188,1,1,1,1,0,1
0.05768404,1,0,1,1,0,1
0.0576852,1,1,1,1,0,1
0.05769036,1,0,1,1,0,1
0.05769152,1,1,1,1,0,1
0.05769368,1,0,1,1,0,1
0.05769488,1,1,1,1,0,1
0.05770004,1,0,1,1,0,1
0.05770136,1,1,1,1,0,1
0.05770352,1,0,1,1,0,1
0.05770452,1,1,1,1,0,1
0.05770968,1,0,1,1,0,1
0.05771104,1,1,1,1,0,1
0.0577132,1,0,1,1,0,1
0.0577142,1,1,1,1,0,1
0.05771936,1,0,1,1,0,1
0.05772068,1,1,1,1,0,1
0.05772288,1,0,1,1,0,1
0.05772388,1,1,1,1,0,1
0.05772904,1,0,1,1,0,1
0.05773036,1,1,1,1,0,1
0.05773252,1,0,1,1,0,1
0.05773368,1,1,1,1,0,1
0.05773888,1,0,1,1,0,1
0.05774004,1,1,1,1,0,1
0.0577422,1,0,1,1,0,1
0.05774336,1,1,1,1,0,1
0.05774852,1,0,1,1,0,1
0.05774988,1,1,1,1,0,1
0.05775204,1,0,1,1,0,1
0.05775304,1,1,1,1,0,1
0.0577582,1,0,1,1,0,1
0.05775952,1,1,1,1,0,1
0.05776168,1,0,1,1,0,1
0.05776268,1,1,1,1,0,1
0.05776784,1,0,1,1,0,1
0.0577692,1,1,1,1,0,1
0.05777136,1,0,1,1,0,1
0.05777236,1,1,1,1,0,1
0.05777752,1,0,1,1,0,1
0.05777884,1,1,1,1,0,1
0.05778104,1,0,1,1,0,1
0.0577822,1,1,1,1,0,1
0.05778736,1,0,1,1,0,1
0.05778852,1,1,1,1,0,1
0.05779068,1,0,1,1,0,1
0.05779184,1,1,1,1,0,1
0.05779704,1,0,1,1,0,1
0.05779836,1,1,1,1,0,1
0.05780052,1,0,1,1,0,1
0.05780152,1,1,1,1,0,1
0.05780668,1,0,1,1,0,1
0.05780804,1,1,1,1,0,1
0.0578102,1,0,1,1,0,1
0.0578112,1,1,1,1,0,1
0.05781636,1,0,1,1,0,1
0.05781768,1,1,1,1,0,1
0.05781984,1,0,1,1,0,1
0.05782084,1,1,1,1,0,1
0.057826,1,0,1,1,0,1
0.05782736,1,1,1,1,0,1
0.05782952,1,0,1,1,0,1
0.05783052,1,1,1,1,0,1
0.05783568,1,0,1,1,0,1
0.057837,1,1,1,1,0,1
0.0578392,1,0,1,1,0,1
0.05784036,1,1,1,1,0,1
0.05784552,1,0,1,1,0,1
0.05784668,1,1,1,1,0,1
0.05784884,1,0,1,1,0,1
0.05785,1,1,1,1,0,1
0.0578552,1,0,1,1,0,1
0.05785652,1,1,1,1,0,1
0.05785868,1,0,1,1,0,1
0.05785968,1,1,1,1,0,1
0.05786484,1,0,1,1,0,1
0.0578662,1,1,1,1,0,1
0.05786836,1,0,1,1,0,1
0.05786936,1,1,1,1,0,1
0.05787452,1,0,1,1,0,1
0.05787584,1,1,1,1,0,1
0.057878,1,0,1,1,0,1
0.057879,1,1,1,1,0,1
0.0578842,1,0,1,1,0,1
0.05788552,1,1,1,1,0,1
0.05788768,1,0,1,1,0,1
0.05788884,1,1,1,1,0,1
0.057894,1,0,1,1,0,1
0.05789516,1,1,1,1,0,1
0.05789736,1,0,1,1,0,1
0.05789852,1,1,1,1,0,1
0.05790368,1,0,1,1,0,1
0.057905,1,1,1,1,0,1
0.05790716,1,0,1,1,0,1
0.05790816,1,1,1,1,0,1
0.05791336,1,0,1,1,0,1
0.05791468,1,1,1,1,0,1
0.05791684,1,0,1,1,0,1
0.05791784,1,1,1,1,0,1
0.057923,1,0,1,1,0,1
0.05792436,1,1,1,1,0,1
0.05792652,1,0,1,1,0,1
0.05792752,1,1,1,1,0,1
0.05793268,1,0,1,1,0,1
0.057934,1,1,1,1,0,1
0.05793616,1,0,1,1,0,1
0.05793736,1,1,1,1,0,1
0.05794252,1,0,1,1,0,1
0.05794368,1,1,1,1,0,1
0.05794584,1,0,1,1,0,1
0.057947,1,1,1,1,0,1
0.05795216,1,0,1,1,0,1
0.05795352,1,1,1,1,0,1
0.05795568,1,0,1,1,0,1
0.05795668,1,1,1,1,0,1
0.05796184,1,0,1,1,0,1
0.05796316,1,1,1,1,0,1
0.05796532,1,0,1,1,0,1
0.05796632,1,1,1,1,0,1
0.05797152,1,0,1,1,0,1
0.05797284,1,1,1,1,0,1
0.057975,1,0,1,1,0,1
0.057976,1,1,1,1,0,1
0.05798116,1,0,1,1,0,1
0.05798252,1,1,1,1,0,1
0.05798468,1,0,1,1,0,1
0.05798584,1,1,1,1,0,1
0.057991,1,0,1,1,0,1
0.05799216,1,1,1,1,0,1
0.05799432,1,0,1,1,0,1
0.05799552,1,1,1,1,0,1
0.05800068,1,0,1,1,0,1
0.058002,1,1,1,1,0,1
0.05800416,1,0,1,1,0,1
0.05800516,1,1,1,1,0,1
0.05801032,1,0,1,1,0,1
0.05801168,1,1,1,1,0,1
0.05801384,1,0,1,1,0,1
0.05801484,1,1,1,1,0,1
0.05802,1,0,1,1,0,1
0.05802132,1,1,1,1,0,1
0.05802348,1,0,1,1,0,1
0.05802448,1,1,1,1,0,1
0.05802968,1,0,1,1,0,1
0.058031,1,1,1,1,0,1
0.05803316,1,0,1,1,0,1
0.05803416,1,1,1,1,0,1
0.05803932,1,0,1,1,0,1
0.05804068,1,1,1,1,0,1
0.05804284,1,0,1,1,0,1
0.058044,1,1,1,1,0,1
0.05804916,1,0,1,1,0,1
0.05805032,1,1,1,1,0,1
0.05805248,1,0,1,1,0,1
0.05805368,1,1,1,1,0,1
0.05805884,1,0,1,1,0,1
0.05806016,1,1,1,1,0,1
0.05806232,1,0,1,1,0,1
0.05806332,1,1,1,1,0,1
0.05806848,1,0,1,1,0,1
0.05806984,1,1,1,1,0,1
0.058072,1,0,1,1,0,1
0.058073,1,1,1,1,0,1
0.05807816,1,0,1,1,0,1
0.05807948,1,1,1,1,0,1
0.05808168,1,0,1,1,0,1
0.05808264,1,1,1,1,0,1
0.05808784,1,0,1,1,0,1
0.05808916,1,1,1,1,0,1
0.05809132,1,0,1,1,0,1
0.05809248,1,1,1,1,0,1
0.05809764,1,0,1,1,0,1
0.05809884,1,1,1,1,0,1
0.058101,1,0,1,1,0,1
0.05810216,1,1,1,1,0,1
0.05810732,1,0,1,1,0,1
0.05810864,1,1,1,1,0,1
0.05811084,1,0,1,1,0,1
0.05811184,1,1,1,1,0,1
0.058117,1,0,1,1,0,1
0.05811832,1,1,1,1,0,1
0.05812048,1,0,1,1,0,1
0.05812148,1,1,1,1,0,1
0.05812664,1,0,1,1,0,1
0.058128,1,1,1,1,0,1
0.05813016,1,0,1,1,0,1
0.05813116,1,1,1,1,0,1
0.05813632,1,0,1,1,0,1
0.05813764,1,1,1,1,0,1
0.05813984,1,0,1,1,0,1
0.058141,1,1,1,1,0,1
0.05814616,1,0,1,1,0,1
0.05814732,1,1,1,1,0,1
0.05814948,1,0,1,1,0,1
0.05815064,1,1,1,1,0,1
0.0581558,1,0,1,1,0,1
0.05815716,1,1,1,1,0,1
0.05815932,1,0,1,1,0,1
0.05816032,1,1,1,1,0,1
0.05816548,1,0,1,1,0,1
0.0581668,1,1,1,1,0,1
0.058169,1,0,1,1,0,1
0.05817,1,1,1,1,0,1
0.05817516,1,0,1,1,0,1
0.05817648,1,1,1,1,0,1
0.05817864,1,0,1,1,0,1
0.05817964,1,1,1,1,0,1
0.0581848,1,0,1,1,0,1
0.05818616,1,1,1,1,0,1
0.05818832,1,0,1,1,0,1
0.05818948,1,1,1,1,0,1
0.05819464,1,0,1,1,0,1
0.0581958,1,1,1,1,0,1
0.058198,1,0,1,1,0,1
0.05819916,1,1,1,1,0,1
0.05820432,1,0,1,1,0,1
0.05820564,1,1,1,1,0,1
0.0582078,1,0,1,1,0,1
0.0582088,1,1,1,1,0,1
0.05821396,1,0,1,1,0,1
0.05821532,1,1,1,1,0,1
0.05821748,1,0,1,1,0,1
0.05821848,1,1,1,1,0,1
0.05822364,1,0,1,1,0,1
0.05822496,1,1,1,1,0,1
0.05822716,1,0,1,1,0,1
0.05822816,1,1,1,1,0,1
0.05823332,1,0,1,1,0,1
0.05823464,1,1,1,1,0,1
0.0582368,1,0,1,1,0,1
0.0582378,1,1,1,1,0,1
0.05824296,1,0,1,1,0,1
0.05824432,1,1,1,1,0,1
0.05824648,1,0,1,1,0,1
0.05824764,1,1,1,1,0,1
0.0582528,1,0,1,1,0,1
0.05825396,1,1,1,1,0,1
0.05825616,1,0,1,1,0,1
0.05825732,1,1,1,1,0,1
0.05826248,1,0,1,1,0,1
0.0582638,1,1,1,1,0,1
0.05826596,1,0,1,1,0,1
0.05826696,1,1,1,1,0,1
0.05827216,1,0,1,1,0,1
0.05827348,1,1,1,1,0,1
0.05827564,1,0,1,1,0,1
0.05827664,1,1,1,1,0,1
0.0582818,1,0,1,1,0,1
0.05828312,1,1,1,1,0,1
0.05828532,1,0,1,1,0,1
0.05828632,1,1,1,1,0,1
0.05829148,1,0,1,1,0,1
0.0582928,1,1,1,1,0,1
0.05829496,1,0,1,1,0,1
0.05829612,1,1,1,1,0,1
0.05830132,1,0,1,1,0,1
0.05830248,1,1,1,1,0,1
0.05830464,1,0,1,1,0,1
0.0583058,1,1,1,1,0,1
0.05831096,1,0,1,1,0,1
0.05831232,1,1,1,1,0,1
0.05831448,1,0,1,1,0,1
0.05831548,1,1,1,1,0,1
0.05832064,1,0,1,1,0,1
0.05832196,1,1,1,1,0,1
0.05832412,1,0,1,1,0,1
0.05832512,1,1,1,1,0,1
0.05833032,1,0,1,1,0,1
0.05833164,1,1,1,1,0,1
0.0583338,1,0,1,1,0,1
0.0583348,1,1,1,1,0,1
0.05833996,1,0,1,1,0,1
0.05834132,1,1,1,1,0,1
0.05834348,1,0,1,1,0,1
0.05834464,1,1,1,1,0,1
0.0583498,1,0,1,1,0,1
0.05835096,1,1,1,1,0,1
0.05835312,1,0,1,1,0,1
0.05835428,1,1,1,1,0,1
0.05835948,1,0,1,1,0,1
0.0583608,1,1,1,1,0,1
0.05836296,1,0,1,1,0,1
0.05836396,1,1,1,1,0,1
0.05836912,1,0,1,1,0,1
0.05837048,1,1,1,1,0,1
0.05837264,1,0,1,1,0,1
0.05837364,1,1,1,1,0,1
0.0583788,1,0,1,1,0,1
0.05838012,1,1,1,1,0,1
0.05838228,1,0,1,1,0,1
0.05838328,1,1,1,1,0,1
0.05838848,1,0,1,1,0,1
0.0583898,1,1,1,1,0,1
0.05839196,1,0,1,1,0,1
0.05839312,1,1,1,1,0,1
0.05839828,1,0,1,1,0,1
0.05839948,1,1,1,1,0,1
0.05840164,1,0,1,1,0,1
0.0584028,1,1,1,1,0,1
0.05840796,1,0,1,1,0,1
0.05840928,1,1,1,1,0,1
0.05841148,1,0,1,1,0,1
0.05841244,1,1,1,1,0,1
0.05841764,1,0,1,1,0,1
0.05841896,1,1,1,1,0,1
0.05842112,1,0,1,1,0,1
0.05842212,1,1,1,1,0,1
0.05842728,1,0,1,1,0,1
0.05842864,1,1,1,1,0,1
0.0584308,1,0,1,1,0,1
0.0584318,1,1,1,1,0,1
0.05843696,1,0,1,1,0,1
0.05843828,1,1,1,1,0,1
0.05844044,1,0,1,1,0,1
0.05844164,1,1,1,1,0,1
0.0584468,1,0,1,1,0,1
0.05844796,1,1,1,1,0,1
0.05845012,1,0,1,1,0,1
0.05845128,1,1,1,1,0,1
0.05845644,1,0,1,1,0,1
0.05845764,1,1,1,1,0,1
0.0584598,1,0,1,1,0,1
0.05846096,1,1,1,1,0,1
0.05846612,1,0,1,1,0,1
0.05846744,1,1,1,1,0,1
0.05846964,1,0,1,1,0,1
0.05847064,1,1,1,1,0,1
0.0584758,1,0,1,1,0,1
0.05847712,1,1,1,1,0,1
0.05847928,1,0,1,1,0,1
0.05848028,1,1,1,1,0,1
0.05848544,1,0,1,1,0,1
0.0584868,1,1,1,1,0,1
0.05848896,1,0,1,1,0,1
0.05848996,1,1,1,1,0,1
0.05849512,1,0,1,1,0,1
0.05849644,1,1,1,1,0,1
0.0584986,1,0,1,1,0,1
0.0584998,1,1,1,1,0,1
0.05850496,1,0,1,1,0,1
0.05850612,1,1,1,1,0,1
0.05850828,1,0,1,1,0,1
0.05850944,1,1,1,1,0,1
0.0585146,1,0,1,1,0,1
0.05851596,1,1,1,1,0,1
0.05851812,1,0,1,1,0,1
0.05851912,1,1,1,1,0,1
0.05852428,1,0,1,1,0,1
0.0585256,1,1,1,1,0,1
0.0585278,1,0,1,1,0,1
0.0585288,1,1,1,1,0,1
0.05853396,1,0,1,1,0,1
0.05853528,1,1,1,1,0,1
0.05853744,1,0,1,1,0,1
0.05853844,1,1,1,1,0,1
0.0585436,1,0,1,1,0,1
0.05854496,1,1,1,1,0,1
0.05854712,1,0,1,1,0,1
0.05854828,1,1,1,1,0,1
0.05855344,1,0,1,1,0,1
0.0585546,1,1,1,1,0,1
0.05855676,1,0,1,1,0,1
0.05855796,1,1,1,1,0,1
0.05856312,1,0,1,1,0,1
0.05856444,1,1,1,1,0,1
0.0585666,1,0,1,1,0,1
0.0585676,1,1,1,1,0,1
0.05857276,1,0,1,1,0,1
0.05857412,1,1,1,1,0,1
0.05857628,1,0,1,1,0,1
0.05857728,1,1,1,1,0,1
0.05858244,1,0,1,1,0,1
0.05858376,1,1,1,1,0,1
0.05858596,1,0,1,1,0,1
0.05858696,1,1,1,1,0,1
0.05859212,1,0,1,1,0,1
0.05859344,1,1,1,1,0,1
0.0585956,1,0,1,1,0,1
0.05859676,1,1,1,1,0,1
0.05860196,1,0,1,1,0,1
0.05860312,1,1,1,1,0,1
0.05860528,1,0,1,1,0,1
0.05860644,1,1,1,1,0,1
0.0586116,1,0,1,1,0,1
0.05861292,1,1,1,1,0,1
0.05861512,1,0,1,1,0,1
0.05861612,1,1,1,1,0,1
0.05862128,1,0,1,1,0,1
0.0586226,1,1,1,1,0,1
0.05862476,1,0,1,1,0,1
0.05862576,1,1,1,1,0,1
0.05863092,1,0,1,1,0,1
0.05863228,1,1,1,1,0,1
0.05863444,1,0,1,1,0,1
0.05863544,1,1,1,1,0,1
0.0586406,1,0,1,1,0,1
0.05864192,1,1,1,1,0,1
0.05864412,1,0,1,1,0,1
0.05864528,1,1,1,1,0,1
0.05865044,1,0,1,1,0,1
0.0586516,1,1,1,1,0,1
0.05865376,1,0,1,1,0,1
0.05865492,1,1,1,1,0,1
0.05866012,1,0,1,1,0,1
0.05866144,1,1,1,1,0,1
0.0586636,1,0,1,1,0,1
0.0586646,1,1,1,1,0,1
0.05866976,1,0,1,1,0,1
0.05867112,1,1,1,1,0,1
0.05867328,1,0,1,1,0,1
0.05867428,1,1,1,1,0,1
0.05867944,1,0,1,1,0,1
0.05868076,1,1,1,1,0,1
0.05868292,1,0,1,1,0,1
0.05868392,1,1,1,1,0,1
0.05868908,1,0,1,1,0,1
0.05869044,1,1,1,1,0,1
0.0586926,1,0,1,1,0,1
0.0586936,1,1,1,1,0,1
0.05869876,1,0,1,1,0,1
0.05870008,1,1,1,1,0,1
0.05870228,1,0,1,1,0,1
0.05870344,1,1,1,1,0,1
0.0587086,1,0,1,1,0,1
0.05870976,1,1,1,1,0,1
0.05871192,1,0,1,1,0,1
0.05871308,1,1,1,1,0,1
0.05871828,1,0,1,1,0,1
0.0587196,1,1,1,1,0,1
0.05872176,1,0,1,1,0,1
0.05872276,1,1,1,1,0,1
0.05872792,1,0,1,1,0,1
0.05872928,1,1,1,1,0,1
0.05873144,1,0,1,1,0,1
0.05873244,1,1,1,1,0,1
0.0587376,1,0,1,1,0,1
0.05873892,1,1,1,1,0,1
0.05874108,1,0,1,1,0,1
0.05874208,1,1,1,1,0,1
0.05874724,1,0,1,1,0,1
0.0587486,1,1,1,1,0,1
0.05875076,1,0,1,1,0,1
0.05875192,1,1,1,1,0,1
0.05875708,1,0,1,1,0,1
0.05875824,1,1,1,1,0,1
0.05876044,1,0,1,1,0,1
0.0587616,1,1,1,1,0,1
0.05876676,1,0,1,1,0,1
0.05876808,1,1,1,1,0,1
0.05877024,1,0,1,1,0,1
0.05877124,1,1,1,1,0,1
0.05877644,1,0,1,1,0,1
0.05877776,1,1,1,1,0,1
0.05877992,1,0,1,1,0,1
0.05878092,1,1,1,1,0,1
0.05878608,1,0,1,1,0,1
0.05878744,1,1,1,1,0,1
0.0587896,1,0,1,1,0,1
0.0587906,1,1,1,1,0,1
0.05879576,1,0,1,1,0,1
0.05879708,1,1,1,1,0,1
0.05879924,1,0,1,1,0,1
0.0588004,1,1,1,1,0,1
0.0588056,1,0,1,1,0,1
0.05880676,1,1,1,1,0,1
0.05880892,1,0,1,1,0,1
0.05881008,1,1,1,1,0,1
0.05881524,1,0,1,1,0,1
0.0588166,1,1,1,1,0,1
0.05881876,1,0,1,1,0,1
0.05881976,1,1,1,1,0,1
0.05882492,1,0,1,1,0,1
0.05882624,1,1,1,1,0,1
0.0588284,1,0,1,1,0,1
0.0588294,1,1,1,1,0,1
0.0588346,1,0,1,1,0,1
0.05883592,1,1,1,1,0,1
0.05883808,1,0,1,1,0,1
0.05883908,1,1,1,1,0,1
0.05884424,1,0,1,1,0,1
0.0588456,1,1,1,1,0,1
0.05884776,1,0,1,1,0,1
0.05884892,1,1,1,1,0,1
0.05885408,1,0,1,1,0,1
0.05885524,1,1,1,1,0,1
0.0588574,1,0,1,1,0,1
0.0588586,1,1,1,1,0,1
0.05886376,1,0,1,1,0,1
0.05886508,1,1,1,1,0,1
0.05886724,1,0,1,1,0,1
0.05886824,1,1,1,1,0,1
0.0588734,1,0,1,1,0,1
0.05887476,1,1,1,1,0,1
0.05887692,1,0,1,1,0,1
0.05887792,1,1,1,1,0,1
0.05888308,1,0,1,1,0,1
0.0588844,1,1,1,1,0,1
0.05888656,1,0,1,1,0,1
0.05888756,1,1,1,1,0,1
0.05889276,1,0,1,1,0,1
0.05889408,1,1,1,1,0,1
0.05889624,1,0,1,1,0,1
0.05889724,1,1,1,1,0,1
0.0589024,1,0,1,1,0,1
0.05890376,1,1,1,1,0,1
0.05890592,1,0,1,1,0,1
0.05890708,1,1,1,1,0,1
0.05891224,1,0,1,1,0,1
0.0589134,1,1,1,1,0,1
0.05891556,1,0,1,1,0,1
0.05891676,1,1,1,1,0,1
0.05892192,1,0,1,1,0,1
0.05892324,1,1,1,1,0,1
0.0589254,1,0,1,1,0,1
0.0589264,1,1,1,1,0,1
0.05893156,1,0,1,1,0,1
0.05893292,1,1,1,1,0,1
0.05893508,1,0,1,1,0,1
0.05893608,1,1,1,1,0,1
0.05894124,1,0,1,1,0,1
0.05894256,1,1,1,1,0,1
0.05894472,1,0,1,1,0,1
0.05894572,1,1,1,1,0,1
0.05895092,1,0,1,1,0,1
0.05895224,1,1,1,1,0,1
0.0589544,1,0,1,1,0,1
0.05895556,1,1,1,1,0,1
0.05896072,1,0,1,1,0,1
0.05896192,1,1,1,1,0,1
0.05896408,1,0,1,1,0,1
0.05896524,1,1,1,1,0,1
0.0589704,1,0,1,1,0,1
0.05897172,1,1,1,1,0,1
0.05897392,1,0,1,1,0,1
0.05897492,1,1,1,1,0,1
0.05898008,1,0,1,1,0,1
0.0589814,1,1,1,1,0,1
0.05898356,1,0,1,1,0,1
0.05898456,1,1,1,1,0,1
0.05898972,1,0,1,1,0,1
0.05899108,1,1,1,1,0,1
0.05899324,1,0,1,1,0,1
0.05899424,1,1,1,1,0,1
0.0589994,1,0,1,1,0,1
0.05900072,1,1,1,1,0,1
0.05900288,1,0,1,1,0,1
0.05900408,1,1,1,1,0,1
0.05900924,1,0,1,1,0,1
0.0590104,1,1,1,1,0,1
0.05901256,1,0,1,1,0,1
0.05901372,1,1,1,1,0,1
0.05901888,1,0,1,1,0,1
0.05902024,1,1,1,1,0,1
0.0590224,1,0,1,1,0,1
0.0590234,1,1,1,1,0,1
0.05902856,1,0,1,1,0,1
0.05902988,1,1,1,1,0,1
0.05903208,1,0,1,1,0,1
0.05903308,1,1,1,1,0,1
0.05903824,1,0,1,1,0,1
0.05903956,1,1,1,1,0,1
0.05904172,1,0,1,1,0,1
0.05904272,1,1,1,1,0,1
0.05904788,1,0,1,1,0,1
0.05904924,1,1,1,1,0,1
0.0590514,1,0,1,1,0,1
0.05905256,1,1,1,1,0,1
0.05905772,1,0,1,1,0,1
0.05905888,1,1,1,1,0,1
0.05906108,1,0,1,1,0,1
0.05906224,1,1,1,1,0,1
0.0590674,1,0,1,1,0,1
0.05906872,1,1,1,1,0,1
0.05907088,1,0,1,1,0,1
0.05907188,1,1,1,1,0,1
0.05907704,1,0,1,1,0,1
0.0590784,1,1,1,1,0,1
0.05908056,1,0,1,1,0,1
0.05908156,1,1,1,1,0,1
0.05908672,1,0,1,1,0,1
0.05908804,1,1,1,1,0,1
0.05909024,1,0,1,1,0,1
0.05909124,1,1,1,1,0,1
0.0590964,1,0,1,1,0,1
0.05909772,1,1,1,1,0,1
0.05909988,1,0,1,1,0,1
0.05910088,1,1,1,1,0,1
0.05910604,1,0,1,1,0,1
0.0591074,1,1,1,1,0,1
0.05910956,1,0,1,1,0,1
0.05911072,1,1,1,1,0,1
0.05911588,1,0,1,1,0,1
0.05911704,1,1,1,1,0,1
0.05911924,1,0,1,1,0,1
0.0591204,1,1,1,1,0,1
0.05912556,1,0,1,1,0,1
0.05912688,1,1,1,1,0,1
0.05912904,1,0,1,1,0,1
0.05913004,1,1,1,1,0,1
0.0591352,1,0,1,1,0,1
0.05913656,1,1,1,1,0,1
0.05913872,1,0,1,1,0,1
0.05913972,1,1,1,1,0,1
0.05914488,1,0,1,1,0,1
0.0591462,1,1,1,1,0,1
0.0591484,1,0,1,1,0,1
0.0591494,1,1,1,1,0,1
0.05915456,1,0,1,1,0,1
0.05915588,1,1,1,1,0,1
0.05915804,1,0,1,1,0,1
0.0591592,1,1,1,1,0,1
0.0591644,1,0,1,1,0,1
0.05916556,1,1,1,1,0,1
0.05916772,1,0,1,1,0,1
0.05916888,1,1,1,1,0,1
0.05917404,1,0,1,1,0,1
0.0591754,1,1,1,1,0,1
0.05917756,1,0,1,1,0,1
0.05917856,1,1,1,1,0,1
0.05918372,1,0,1,1,0,1
0.05918504,1,1,1,1,0,1
0.0591872,1,0,1,1,0,1
0.0591882,1,1,1,1,0,1
0.0591934,1,0,1,1,0,1
0.05919472,1,1,1,1,0,1
0.05919688,1,0,1,1,0,1
0.05919788,1,1,1,1,0,1
0.05920304,1,0,1,1,0,1
0.05920436,1,1,1,1,0,1
0.05920656,1,0,1,1,0,1
0.05920772,1,1,1,1,0,1
0.05921288,1,0,1,1,0,1
0.05921404,1,1,1,1,0,1
0.0592162,1,0,1,1,0,1
0.05921736,1,1,1,1,0,1
0.05922256,1,0,1,1,0,1
0.05922388,1,1,1,1,0,1
0.05922604,1,0,1,1,0,1
0.05922704,1,1,1,1,0,1
0.0592322,1,0,1,1,0,1
0.05923356,1,1,1,1,0,1
0.05923572,1,0,1,1,0,1
0.05923672,1,1,1,1,0,1
0.05924188,1,0,1,1,0,1
0.0592432,1,1,1,1,0,1
0.05924536,1,0,1,1,0,1
0.05924636,1,1,1,1,0,1
0.05925156,1,0,1,1,0,1
0.05925288,1,1,1,1,0,1
0.05925504,1,0,1,1,0,1
0.0592562,1,1,1,1,0,1
0.05926136,1,0,1,1,0,1
0.05926252,1,1,1,1,0,1
0.05926472,1,0,1,1,0,1
0.05926588,1,1,1,1,0,1
0.05927104,1,0,1,1,0,1
0.05927236,1,1,1,1,0,1
0.05927452,1,0,1,1,0,1
0.05927552,1,1,1,1,0,1
0.05928072,1,0,1,1,0,1
0.05928204,1,1,1,1,0,1
0.0592842,1,0,1,1,0,1
0.0592852,1,1,1,1,0,1
0.05929036,1,0,1,1,0,1
0.05929172,1,1,1,1,0,1
0.05929388,1,0,1,1,0,1
0.05929488,1,1,1,1,0,1
0.05930004,1,0,1,1,0,1
0.05930136,1,1,1,1,0,1
0.05930352,1,0,1,1,0,1
0.05930472,1,1,1,1,0,1
0.05930988,1,0,1,1,0,1
0.05931104,1,1,1,1,0,1
0.0593132,1,0,1,1,0,1
0.05931436,1,1,1,1,0,1
0.05931952,1,0,1,1,0,1
0.05932088,1,1,1,1,0,1
0.05932304,1,0,1,1,0,1
0.05932404,1,1,1,1,0,1
0.0593292,1,0,1,1,0,1
0.05933052,1,1,1,1,0,1
0.05933268,1,0,1,1,0,1
0.05933368,1,1,1,1,0,1
0.05933888,1,0,1,1,0,1
0.0593402,1,1,1,1,0,1
0.05934236,1,0,1,1,0,1
0.05934336,1,1,1,1,0,1
0.05934852,1,0,1,1,0,1
0.05934988,1,1,1,1,0,1
0.05935204,1,0,1,1,0,1
0.05935304,1,1,1,1,0,1
0.0593582,1,0,1,1,0,1
0.05935952,1,1,1,1,0,1
0.05936168,1,0,1,1,0,1
0.05936288,1,1,1,1,0,1
0.05936804,1,0,1,1,0,1
0.0593692,1,1,1,1,0,1
0.05937136,1,0,1,1,0,1
0.05937252,1,1,1,1,0,1
0.05937768,1,0,1,1,0,1
0.05937904,1,1,1,1,0,1
0.0593812,1,0,1,1,0,1
0.0593822,1,1,1,1,0,1
0.05938736,1,0,1,1,0,1
0.05938868,1,1,1,1,0,1
0.05939088,1,0,1,1,0,1
0.05939184,1,1,1,1,0,1
0.05939704,1,0,1,1,0,1
0.05939836,1,1,1,1,0,1
0.05940052,1,0,1,1,0,1
0.05940152,1,1,1,1,0,1
0.05940668,1,0,1,1,0,1
0.05940804,1,1,1,1,0,1
0.0594102,1,0,1,1,0,1
0.05941136,1,1,1,1,0,1
0.05941652,1,0,1,1,0,1
0.05941768,1,1,1,1,0,1
0.05941984,1,0,1,1,0,1
0.05942104,1,1,1,1,0,1
0.0594262,1,0,1,1,0,1
0.05942752,1,1,1,1,0,1
0.05942968,1,0,1,1,0,1
0.05943068,1,1,1,1,0,1
0.05943584,1,0,1,1,0,1
0.0594372,1,1,1,1,0,1
0.05943936,1,0,1,1,0,1
0.05944036,1,1,1,1,0,1
0.05944552,1,0,1,1,0,1
0.05944684,1,1,1,1,0,1
0.05944904,1,0,1,1,0,1
0.05945004,1,1,1,1,0,1
0.0594552,1,0,1,1,0,1
0.05945652,1,1,1,1,0,1
0.05945868,1,0,1,1,0,1
0.05945984,1,1,1,1,0,1
0.059465,1,0,1,1,0,1
0.0594662,1,1,1,1,0,1
0.05946836,1,0,1,1,0,1
0.05946952,1,1,1,1,0,1
0.05947468,1,0,1,1,0,1
0.059476,1,1,1,1,0,1
0.0594782,1,0,1,1,0,1
0.0594792,1,1,1,1,0,1
0.05948436,1,0,1,1,0,1
0.05948568,1,1,1,1,0,1
0.05948784,1,0,1,1,0,1
0.05948884,1,1,1,1,0,1
0.059494,1,0,1,1,0,1
0.05949536,1,1,1,1,0,1
0.05949752,1,0,1,1,0,1
0.05949852,1,1,1,1,0,1
0.05950368,1,0,1,1,0,1
0.059505,1,1,1,1,0,1
0.0595072,1,0,1,1,0,1
0.05950836,1,1,1,1,0,1
0.05951352,1,0,1,1,0,1
0.05951468,1,1,1,1,0,1
0.05951684,1,0,1,1,0,1
0.059518,1,1,1,1,0,1
0.05952316,1,0,1,1,0,1
0.05952452,1,1,1,1,0,1
0.05952668,1,0,1,1,0,1
0.05952768,1,1,1,1,0,1
0.05953284,1,0,1,1,0,1
0.05953416,1,1,1,1,0,1
0.05953636,1,0,1,1,0,1
0.05953736,1,1,1,1,0,1
0.05954252,1,0,1,1,0,1
0.05954384,1,1,1,1,0,1
0.059546,1,0,1,1,0,1
0.059547,1,1,1,1,0,1
0.05955216,1,0,1,1,0,1
0.05955352,1,1,1,1,0,1
0.05955568,1,0,1,1,0,1
0.05955668,1,1,1,1,0,1
0.05956184,1,0,1,1,0,1
0.05956316,1,1,1,1,0,1
0.05956536,1,0,1,1,0,1
0.05956652,1,1,1,1,0,1
0.05957168,1,0,1,1,0,1
0.05957284,1,1,1,1,0,1
0.059575,1,0,1,1,0,1
0.05957616,1,1,1,1,0,1
0.05958136,1,0,1,1,0,1
0.05958268,1,1,1,1,0,1
0.05958484,1,0,1,1,0,1
0.05958584,1,1,1,1,0,1
0.059591,1,0,1,1,0,1
0.05959232,1,1,1,1,0,1
0.05959452,1,0,1,1,0,1
0.05959552,1,1,1,1,0,1
0.05960068,1,0,1,1,0,1
0.059602,1,1,1,1,0,1
0.05960416,1,0,1,1,0,1
0.05960516,1,1,1,1,0,1
0.05961032,1,0,1,1,0,1
0.05961168,1,1,1,1,0,1
0.05961384,1,0,1,1,0,1
0.059615,1,1,1,1,0,1
0.05962016,1,0,1,1,0,1
0.05962132,1,1,1,1,0,1
0.05962352,1,0,1,1,0,1
0.05962468,1,1,1,1,0,1
0.05962984,1,0,1,1,0,1
0.05963116,1,1,1,1,0,1
0.05963332,1,0,1,1,0,1
0.05963432,1,1,1,1,0,1
0.05963952,1,0,1,1,0,1
0.05964084,1,1,1,1,0,1
0.059643,1,0,1,1,0,1
0.059644,1,1,1,1,0,1
0.05964916,1,0,1,1,0,1
0.05965052,1,1,1,1,0,1
0.05965268,1,0,1,1,0,1
0.05965368,1,1,1,1,0,1
0.05965884,1,0,1,1,0,1
0.05966016,1,1,1,1,0,1
0.05966232,1,0,1,1,0,1
0.05966348,1,1,1,1,0,1
0.05966868,1,0,1,1,0,1
0.05966984,1,1,1,1,0,1
0.059672,1,0,1,1,0,1
0.05967316,1,1,1,1,0,1
0.05967832,1,0,1,1,0,1
0.05967968,1,1,1,1,0,1
0.05968184,1,0,1,1,0,1
0.05968284,1,1,1,1,0,1
0.059688,1,0,1,1,0,1
0.05968932,1,1,1,1,0,1
0.05969148,1,0,1,1,0,1
0.05969248,1,1,1,1,0,1
0.05969768,1,0,1,1,0,1
0.059699,1,1,1,1,0,1
0.05970116,1,0,1,1,0,1
0.05970216,1,1,1,1,0,1
0.05970732,1,0,1,1,0,1
0.05970868,1,1,1,1,0,1
0.05971084,1,0,1,1,0,1
0.059712,1,1,1,1,0,1
0.05971716,1,0,1,1,0,1
0.05971832,1,1,1,1,0,1
0.05972048,1,0,1,1,0,1
0.05972164,1,1,1,1,0,1
0.05972684,1,0,1,1,0,1
0.05972816,1,1,1,1,0,1
0.05973032,1,0,1,1,0,1
0.05973132,1,1,1,1,0,1
0.05973648,1,0,1,1,0,1
0.05973784,1,1,1,1,0,1
0.05974,1,0,1,1,0,1
0.059741,1,1,1,1,0,1
0.05974616,1,0,1,1,0,1
0.05974748,1,1,1,1,0,1
0.05974964,1,0,1,1,0,1
0.05975064,1,1,1,1,0,1
0.05975584,1,0,1,1,0,1
0.05975716,1,1,1,1,0,1
0.05975932,1,0,1,1,0,1
0.05976032,1,1,1,1,0,1
0.05976548,1,0,1,1,0,1
0.05976684,1,1,1,1,0,1
0.059769,1,0,1,1,0,1
0.05977016,1,1,1,1,0,1
0.05977532,1,0,1,1,0,1
0.05977648,1,1,1,1,0,1
0.05977864,1,0,1,1,0,1
0.05977984,1,1,1,1,0,1
0.059785,1,0,1,1,0,1
0.05978632,1,1,1,1,0,1
0.05978848,1,0,1,1,0,1
0.05978948,1,1,1,1,0,1
0.05979464,1,0,1,1,0,1
0.059796,1,1,1,1,0,1
0.05979816,1,0,1,1,0,1
0.05979916,1,1,1,1,0,1
0.05980432,1,0,1,1,0,1
0.05980564,1,1,1,1,0,1
0.0598078,1,0,1,1,0,1
0.0598088,1,1,1,1,0,1
0.059814,1,0,1,1,0,1
0.05981532,1,1,1,1,0,1
0.05981748,1,0,1,1,0,1
0.05981864,1,1,1,1,0,1
0.0598238,1,0,1,1,0,1
0.059825,1,1,1,1,0,1
0.05982716,1,0,1,1,0,1
0.05982832,1,1,1,1,0,1
0.05983348,1,0,1,1,0,1
0.0598348,1,1,1,1,0,1
0.059837,1,0,1,1,0,1
0.059838,1,1,1,1,0,1
0.05984316,1,0,1,1,0,1
0.05984448,1,1,1,1,0,1
0.05984664,1,0,1,1,0,1
0.05984764,1,1,1,1,0,1
0.0598528,1,0,1,1,0,1
0.05985416,1,1,1,1,0,1
0.05985632,1,0,1,1,0,1
0.05985732,1,1,1,1,0,1
0.05986248,1,0,1,1,0,1
0.0598638,1,1,1,1,0,1
0.05986596,1,0,1,1,0,1
0.05986716,1,1,1,1,0,1
0.05987232,1,0,1,1,0,1
0.05987348,1,1,1,1,0,1
0.05987564,1,0,1,1,0,1
0.0598768,1,1,1,1,0,1
0.05988196,1,0,1,1,0,1
0.05988332,1,1,1,1,0,1
0.05988548,1,0,1,1,0,1
0.05988648,1,1,1,1,0,1
0.05989164,1,0,1,1,0,1
0.05989296,1,1,1,1,0,1
0.05989516,1,0,1,1,0,1
0.05989616,1,1,1,1,0,1
0.05990132,1,0,1,1,0,1
0.05990264,1,1,1,1,0,1
0.0599048,1,0,1,1,0,1
0.0599058,1,1,1,1,0,1
0.05991096,1,0,1,1,0,1
0.05991232,1,1,1,1,0,1
0.05991448,1,0,1,1,0,1
0.05991564,1,1,1,1,0,1
0.0599208,1,0,1,1,0,1
0.05992196,1,1,1,1,0,1
0.05992412,1,0,1,1,0,1
0.05992532,1,1,1,1,0,1
0.05993048,1,0,1,1,0,1
0.0599318,1,1,1,1,0,1
0.05993396,1,0,1,1,0,1
0.05993496,1,1,1,1,0,1
0.05994012,1,0,1,1,0,1
0.05994148,1,1,1,1,0,1
0.05994364,1,0,1,1,0,1
0.05994464,1,1,1,1,0,1
0.0599498,1,0,1,1,0,1
0.05995112,1,1,1,1,0,1
0.05995332,1,0,1,1,0,1
0.05995432,1,1,1,1,0,1
0.05995948,1,0,1,1,0,1
0.0599608,1,1,1,1,0,1
0.05996296,1,0,1,1,0,1
0.05996412,1,1,1,1,0,1
0.05996932,1,0,1,1,0,1
0.05997048,1,1,1,1,0,1
0.05997264,1,0,1,1,0,1
0.0599738,1,1,1,1,0,1
0.05997896,1,0,1,1,0,1
0.05998012,1,1,1,1,0,1
0.05998232,1,0,1,1,0,1
0.05998348,1,1,1,1,0,1
0.05998864,1,0,1,1,0,1
0.05998996,1,1,1,1,0,1
0.05999212,1,0,1,1,0,1
0.05999312,1,1,1,1,0,1
0.05999828,1,0,1,1,0,1
0.05999964,1,1,1,1,0,1
0.0600018,1,0,1,1,0,1
0.0600028,1,1,1,1,0,1
0.06000796,1,0,1,1,0,1
0.06000928,1,1,1,1,0,1
0.06001148,1,0,1,1,0,1
0.06001248,1,1,1,1,0,1
0.06001764,1,0,1,1,0,1
0.06001896,1,1,1,1,0,1
0.06002112,1,0,1,1,0,1
0.06002228,1,1,1,1,0,1
0.06002748,1,0,1,1,0,1
0.06002864,1,1,1,1,0,1
0.0600308,1,0,1,1,0,1
0.06003196,1,1,1,1,0,1
0.06003712,1,0,1,1,0,1
0.06003848,1,1,1,1,0,1
0.06004064,1,0,1,1,0,1
0.06004164,1,1,1,1,0,1
0.0600468,1,0,1,1,0,1
0.06004812,1,1,1,1,0,1
0.06005028,1,0,1,1,0,1
0.06005128,1,1,1,1,0,1
0.06005644,1,0,1,1,0,1
0.0600578,1,1,1,1,0,1
0.06005996,1,0,1,1,0,1
0.06006096,1,1,1,1,0,1
0.06006612,1,0,1,1,0,1
0.06006744,1,1,1,1,0,1
0.06006964,1,0,1,1,0,1
0.0600708,1,1,1,1,0,1
0.06007596,1,0,1,1,0,1
0.06007712,1,1,1,1,0,1
0.06007928,1,0,1,1,0,1
0.06008044,1,1,1,1,0,1
0.06008564,1,0,1,1,0,1
0.06008696,1,1,1,1,0,1
0.06008912,1,0,1,1,0,1
0.06009012,1,1,1,1,0,1
0.06009528,1,0,1,1,0,1
0.06009664,1,1,1,1,0,1
0.0600988,1,0,1,1,0,1
0.0600998,1,1,1,1,0,1
0.06010496,1,0,1,1,0,1
0.06010628,1,1,1,1,0,1
0.06010844,1,0,1,1,0,1
0.06010944,1,1,1,1,0,1
0.0601146,1,0,1,1,0,1
0.06011596,1,1,1,1,0,1
0.06011812,1,0,1,1,0,1
0.06011928,1,1,1,1,0,1
0.06012444,1,0,1,1,0,1
0.0601256,1,1,1,1,0,1
0.0601278,1,0,1,1,0,1
0.06012896,1,1,1,1,0,1
0.06013412,1,0,1,1,0,1
0.06013544,1,1,1,1,0,1
0.0601376,1,0,1,1,0,1
0.0601386,1,1,1,1,0,1
0.0601438,1,0,1,1,0,1
0.06014512,1,1,1,1,0,1
0.06014728,1,0,1,1,0,1
0.06014828,1,1,1,1,0,1
0.06015344,1,0,1,1,0,1
0.0601548,1,1,1,1,0,1
0.06015696,1,0,1,1,0,1
0.06015796,1,1,1,1,0,1
0.06016312,1,0,1,1,0,1
0.06016444,1,1,1,1,0,1
0.0601666,1,0,1,1,0,1
0.0601678,1,1,1,1,0,1
0.06017296,1,0,1,1,0,1
0.06017412,1,1,1,1,0,1
0.06017628,1,0,1,1,0,1
0.06017744,1,1,1,1,0,1
0.0601826,1,0,1,1,0,1
0.06018396,1,1,1,1,0,1
0.06018612,1,0,1,1,0,1
0.06018712,1,1,1,1,0,1
0.06019228,1,0,1,1,0,1
0.0601936,1,1,1,1,0,1
0.06019576,1,0,1,1,0,1
0.06019676,1,1,1,1,0,1
0.06020196,1,0,1,1,0,1
0.06020328,1,1,1,1,0,1
0.06020544,1,0,1,1,0,1
0.06020644,1,1,1,1,0,1
0.0602116,1,0,1,1,0,1
0.06021296,1,1,1,1,0,1
0.06021512,1,0,1,1,0,1
0.06021612,1,1,1,1,0,1
0.06022128,1,0,1,1,0,1
0.0602226,1,1,1,1,0,1
0.06022476,1,0,1,1,0,1
0.06022596,1,1,1,1,0,1
0.06023112,1,0,1,1,0,1
0.06023228,1,1,1,1,0,1
0.06023444,1,0,1,1,0,1
0.0602356,1,1,1,1,0,1
0.06024076,1,0,1,1,0,1
0.06024212,1,1,1,1,0,1
0.06024428,1,0,1,1,0,1
0.06024528,1,1,1,1,0,1
0.06025044,1,0,1,1,0,1
0.06025176,1,1,1,1,0,1
0.06025392,1,0,1,1,0,1
0.06025492,1,1,1,1,0,1
0.06026012,1,0,1,1,0,1
0.06026144,1,1,1,1,0,1
0.0602636,1,0,1,1,0,1
0.0602646,1,1,1,1,0,1
0.06026976,1,0,1,1,0,1
0.06027112,1,1,1,1,0,1
0.06027328,1,0,1,1,0,1
0.06027444,1,1,1,1,0,1
0.0602796,1,0,1,1,0,1
0.06028076,1,1,1,1,0,1
0.06028292,1,0,1,1,0,1
0.06028412,1,1,1,1,0,1
0.06028928,1,0,1,1,0,1
0.0602906,1,1,1,1,0,1
0.06029276,1,0,1,1,0,1
0.06029376,1,1,1,1,0,1
0.06029892,1,0,1,1,0,1
0.06030028,1,1,1,1,0,1
0.06030244,1,0,1,1,0,1
0.06030344,1,1,1,1,0,1
0.0603086,1,0,1,1,0,1
0.06030992,1,1,1,1,0,1
0.06031212,1,0,1,1,0,1
0.06031308,1,1,1,1,0,1
0.06031828,1,0,1,1,0,1
0.0603196,1,1,1,1,0,1
0.06032176,1,0,1,1,0,1
0.06032292,1,1,1,1,0,1
0.06032808,1,0,1,1,0,1
0.06032928,1,1,1,1,0,1
0.06033144,1,0,1,1,0,1
0.0603326,1,1,1,1,0,1
0.06033776,1,0,1,1,0,1
0.06033908,1,1,1,1,0,1
0.06034128,1,0,1,1,0,1
0.06034228,1,1,1,1,0,1
0.06034744,1,0,1,1,0,1
0.06034876,1,1,1,1,0,1
0.06035092,1,0,1,1,0,1
0.06035192,1,1,1,1,0,1
0.06035708,1,0,1,1,0,1
0.06035844,1,1,1,1,0,1
0.0603606,1,0,1,1,0,1
0.0603616,1,1,1,1,0,1
0.06036676,1,0,1,1,0,1
0.06036808,1,1,1,1,0,1
0.06037028,1,0,1,1,0,1
0.06037144,1,1,1,1,0,1
0.0603766,1,0,1,1,0,1
0.06037776,1,1,1,1,0,1
0.06037992,1,0,1,1,0,1
0.06038108,1,1,1,1,0,1
0.06038624,1,0,1,1,0,1
0.0603876,1,1,1,1,0,1
0.06038976,1,0,1,1,0,1
0.06039076,1,1,1,1,0,1
0.06039592,1,0,1,1,0,1
0.06039724,1,1,1,1,0,1
0.06039944,1,0,1,1,0,1
0.06040044,1,1,1,1,0,1
0.0604056,1,0,1,1,0,1
0.06040692,1,1,1,1,0,1
0.06040908,1,0,1,1,0,1
0.06041008,1,1,1,1,0,1
0.06041524,1,0,1,1,0,1
0.0604166,1,1,1,1,0,1
0.06041876,1,0,1,1,0,1
0.06041976,1,1,1,1,0,1
0.06042492,1,0,1,1,0,1
0.06042624,1,1,1,1,0,1
0.06042844,1,0,1,1,0,1
0.0604296,1,1,1,1,0,1
0.06043476,1,0,1,1,0,1
0.06043592,1,1,1,1,0,1
0.06043808,1,0,1,1,0,1
0.06043924,1,1,1,1,0,1
0.0604444,1,0,1,1,0,1
0.06044576,1,1,1,1,0,1
0.06044792,1,0,1,1,0,1
0.06044892,1,1,1,1,0,1
0.06045408,1,0,1,1,0,1
0.0604554,1,1,1,1,0,1
0.0604576,1,0,1,1,0,1
0.0604586,1,1,1,1,0,1
0.06046376,1,0,1,1,0,1
0.06046508,1,1,1,1,0,1
0.06046724,1,0,1,1,0,1
0.06046824,1,1,1,1,0,1
0.0604734,1,0,1,1,0,1
0.06047476,1,1,1,1,0,1
0.06047692,1,0,1,1,0,1
0.06047808,1,1,1,1,0,1
0.06048324,1,0,1,1,0,1
0.0604844,1,1,1,1,0,1
0.0604866,1,0,1,1,0,1
0.06048776,1,1,1,1,0,1
0.06049292,1,0,1,1,0,1
0.06049424,1,1,1,1,0,1
0.0604964,1,0,1,1,0,1
0.0604974,1,1,1,1,0,1
0.0605026,1,0,1,1,0,1
0.06050392,1,1,1,1,0,1
0.06050608,1,0,1,1,0,1
0.06050708,1,1,1,1,0,1
0.06051224,1,0,1,1,0,1
0.06051356,1,1,1,1,0,1
0.06051576,1,0,1,1,0,1
0.06051676,1,1,1,1,0,1
0.06052192,1,0,1,1,0,1
0.06052324,1,1,1,1,0,1
0.0605254,1,0,1,1,0,1
0.06052656,1,1,1,1,0,1
0.06053176,1,0,1,1,0,1
0.06053292,1,1,1,1,0,1
0.06053508,1,0,1,1,0,1
0.06053624,1,1,1,1,0,1
0.0605414,1,0,1,1,0,1
0.06054276,1,1,1,1,0,1
0.06054492,1,0,1,1,0,1
0.06054592,1,1,1,1,0,1
0.06055108,1,0,1,1,0,1
0.0605524,1,1,1,1,0,1
0.06055456,1,0,1,1,0,1
0.06055556,1,1,1,1,0,1
0.06056076,1,0,1,1,0,1
0.06056208,1,1,1,1,0,1
0.06056424,1,0,1,1,0,1
0.06056524,1,1,1,1,0,1
0.0605704,1,0,1,1,0,1
0.06057176,1,1,1,1,0,1
0.06057392,1,0,1,1,0,1
0.06057508,1,1,1,1,0,1
0.06058024,1,0,1,1,0,1
0.0605814,1,1,1,1,0,1
0.06058356,1,0,1,1,0,1
0.06058472,1,1,1,1,0,1
0.06058992,1,0,1,1,0,1
0.06059124,1,1,1,1,0,1
0.0605934,1,0,1,1,0,1
0.0605944,1,1,1,1,0,1
0.06059956,1,0,1,1,0,1
0.06060092,1,1,1,1,0,1
0.06060308,1,0,1,1,0,1
0.06060408,1,1,1,1,0,1
0.06060924,1,0,1,1,0,1
0.06061056,1,1,1,1,0,1
0.06061272,1,0,1,1,0,1
0.06061372,1,1,1,1,0,1
0.06061892,1,0,1,1,0,1
0.06062024,1,1,1,1,0,1
0.0606224,1,0,1,1,0,1
0.0606234,1,1,1,1,0,1
0.06062856,1,0,1,1,0,1
0.06062992,1,1,1,1,0,1
0.06063208,1,0,1,1,0,1
0.06063324,1,1,1,1,0,1
0.0606384,1,0,1,1,0,1
0.06063956,1,1,1,1,0,1
0.06064172,1,0,1,1,0,1
0.06064288,1,1,1,1,0,1
0.06064808,1,0,1,1,0,1
0.0606494,1,1,1,1,0,1
0.06065156,1,0,1,1,0,1
0.06065256,1,1,1,1,0,1
0.06065772,1,0,1,1,0,1
0.06065908,1,1,1,1,0,1
0.06066124,1,0,1,1,0,1
0.06066224,1,1,1,1,0,1
0.0606674,1,0,1,1,0,1
0.06066872,1,1,1,1,0,1
0.06067088,1,0,1,1,0,1
0.06067188,1,1,1,1,0,1
0.06067708,1,0,1,1,0,1
0.0606784,1,1,1,1,0,1
0.06068056,1,0,1,1,0,1
0.06068172,1,1,1,1,0,1
0.06068688,1,0,1,1,0,1
0.06068808,1,1,1,1,0,1
0.06069024,1,0,1,1,0,1
0.0606914,1,1,1,1,0,1
0.06069656,1,0,1,1,0,1
0.06069788,1,1,1,1,0,1
0.06070008,1,0,1,1,0,1
0.06070104,1,1,1,1,0,1
0.06070624,1,0,1,1,0,1
0.06070756,1,1,1,1,0,1
0.06070972,1,0,1,1,0,1
0.06071072,1,1,1,1,0,1
0.06071588,1,0,1,1,0,1
0.06071724,1,1,1,1,0,1
0.0607194,1,0,1,1,0,1
0.0607204,1,1,1,1,0,1
0.06072556,1,0,1,1,0,1
0.06072688,1,1,1,1,0,1
0.06072904,1,0,1,1,0,1
0.06073024,1,1,1,1,0,1
0.0607354,1,0,1,1,0,1
0.06073656,1,1,1,1,0,1
0.06073872,1,0,1,1,0,1
0.06073988,1,1,1,1,0,1
0.06074504,1,0,1,1,0,1
0.0607464,1,1,1,1,0,1
0.06074856,1,0,1,1,0,1
0.06074956,1,1,1,1,0,1
0.06075472,1,0,1,1,0,1
0.06075604,1,1,1,1,0,1
0.06075824,1,0,1,1,0,1
0.06075924,1,1,1,1,0,1
0.0607644,1,0,1,1,0,1
0.06076572,1,1,1,1,0,1
0.06076788,1,0,1,1,0,1
0.06076888,1,1,1,1,0,1
0.06077404,1,0,1,1,0,1
0.0607754,1,1,1,1,0,1
0.06077756,1,0,1,1,0,1
0.06077872,1,1,1,1,0,1
0.06078388,1,0,1,1,0,1
0.06078504,1,1,1,1,0,1
0.0607872,1,0,1,1,0,1
0.0607884,1,1,1,1,0,1
0.06079356,1,0,1,1,0,1
0.06079488,1,1,1,1,0,1
0.06079704,1,0,1,1,0,1
0.06079804,1,1,1,1,0,1
0.0608032,1,0,1,1,0,1
0.06080456,1,1,1,1,0,1
0.06080672,1,0,1,1,0,1
0.06080772,1,1,1,1,0,1
0.06081288,1,0,1,1,0,1
0.0608142,1,1,1,1,0,1
0.0608164,1,0,1,1,0,1
0.0608174,1,1,1,1,0,1
0.06082256,1,0,1,1,0,1
0.06082388,1,1,1,1,0,1
0.06082604,1,0,1,1,0,1
0.0608272,1,1,1,1,0,1
0.0608324,1,0,1,1,0,1
0.06083356,1,1,1,1,0,1
0.06083572,1,0,1,1,0,1
0.06083688,1,1,1,1,0,1
0.06084204,1,0,1,1,0,1
0.0608432,1,1,1,1,0,1
0.06084536,1,0,1,1,0,1
0.06084656,1,1,1,1,0,1
0.06085172,1,0,1,1,0,1
0.06085304,1,1,1,1,0,1
0.0608552,1,0,1,1,0,1
0.0608562,1,1,1,1,0,1
0.06086136,1,0,1,1,0,1
0.06086272,1,1,1,1,0,1
0.06086488,1,0,1,1,0,1
0.06086588,1,1,1,1,0,1
0.06087104,1,0,1,1,0,1
0.06087236,1,1,1,1,0,1
0.06087456,1,0,1,1,0,1
0.06087556,1,1,1,1,0,1
0.06088072,1,0,1,1,0,1
0.06088204,1,1,1,1,0,1
0.0608842,1,0,1,1,0,1
0.06088536,1,1,1,1,0,1
0.06089056,1,0,1,1,0,1
0.06089172,1,1,1,1,0,1
0.06089388,1,0,1,1,0,1
0.06089504,1,1,1,1,0,1
0.0609002,1,0,1,1,0,1
0.06090152,1,1,1,1,0,1
0.06090372,1,0,1,1,0,1
0.06090472,1,1,1,1,0,1
0.06090988,1,0,1,1,0,1
0.0609112,1,1,1,1,0,1
0.06091336,1,0,1,1,0,1
0.06091436,1,1,1,1,0,1
0.06091952,1,0,1,1,0,1
0.06092088,1,1,1,1,0,1
0.06092304,1,0,1,1,0,1
0.06092404,1,1,1,1,0,1
0.0609292,1,0,1,1,0,1
0.06093052,1,1,1,1,0,1
0.06093272,1,0,1,1,0,1
0.06093388,1,1,1,1,0,1
0.06093904,1,0,1,1,0,1
0.0609402,1,1,1,1,0,1
0.06094236,1,0,1,1,0,1
0.06094352,1,1,1,1,0,1
0.06094872,1,0,1,1,0,1
0.06095004,1,1,1,1,0,1
0.0609522,1,0,1,1,0,1
0.0609532,1,1,1,1,0,1
0.06095836,1,0,1,1,0,1
0.06095972,1,1,1,1,0,1
0.06096188,1,0,1,1,0,1
0.06096288,1,1,1,1,0,1
0.06096804,1,0,1,1,0,1
0.06096936,1,1,1,1,0,1
0.06097152,1,0,1,1,0,1
0.06097252,1,1,1,1,0,1
0.06097768,1,0,1,1,0,1
0.06097904,1,1,1,1,0,1
0.0609812,1,0,1,1,0,1
0.06098236,1,1,1,1,0,1
0.06098752,1,0,1,1,0,1
0.06098868,1,1,1,1,0,1
0.06099088,1,0,1,1,0,1
0.06099204,1,1,1,1,0,1
0.0609972,1,0,1,1,0,1
0.06099852,1,1,1,1,0,1
0.06100068,1,0,1,1,0,1
0.06100168,1,1,1,1,0,1
0.06100688,1,0,1,1,0,1
0.0610082,1,1,1,1,0,1
0.06101036,1,0,1,1,0,1
0.06101136,1,1,1,1,0,1
0.06101652,1,0,1,1,0,1
0.06101788,1,1,1,1,0,1
0.06102004,1,0,1,1,0,1
0.06102104,1,1,1,1,0,1
0.0610262,1,0,1,1,0,1
0.06102752,1,1,1,1,0,1
0.06102968,1,0,1,1,0,1
0.06103084,1,1,1,1,0,1
0.06103604,1,0,1,1,0,1
0.0610372,1,1,1,1,0,1
0.06103936,1,0,1,1,0,1
0.06104052,1,1,1,1,0,1
0.06104568,1,0,1,1,0,1
0.06104704,1,1,1,1,0,1
0.0610492,1,0,1,1,0,1
0.0610502,1,1,1,1,0,1
0.06105536,1,0,1,1,0,1
0.06105668,1,1,1,1,0,1
0.06105884,1,0,1,1,0,1
0.06105984,1,1,1,1,0,1
0.06106504,1,0,1,1,0,1
0.06106636,1,1,1,1,0,1
0.06106852,1,0,1,1,0,1
0.06106952,1,1,1,1,0,1
0.06107468,1,0,1,1,0,1
0.06107604,1,1,1,1,0,1
0.0610782,1,0,1,1,0,1
0.0610792,1,1,1,1,0,1
0.06108436,1,0,1,1,0,1
0.06108568,1,1,1,1,0,1
0.06108784,1,0,1,1,0,1
0.06108904,1,1,1,1,0,1
0.0610942,1,0,1,1,0,1
0.06109536,1,1,1,1,0,1
0.06109752,1,0,1,1,0,1
0.06109868,1,1,1,1,0,1
0.06110384,1,0,1,1,0,1
0.0611052,1,1,1,1,0,1
0.06110736,1,0,1,1,0,1
0.06110836,1,1,1,1,0,1
0.06111352,1,0,1,1,0,1
0.06111484,1,1,1,1,0,1
0.061117,1,0,1,1,0,1
0.061118,1,1,1,1,0,1
0.0611232,1,0,1,1,0,1
0.06112452,1,1,1,1,0,1
0.06112668,1,0,1,1,0,1
0.06112768,1,1,1,1,0,1
0.06113284,1,0,1,1,0,1
0.0611342,1,1,1,1,0,1
0.06113636,1,0,1,1,0,1
0.06113752,1,1,1,1,0,1
0.06114268,1,0,1,1,0,1
0.06114384,1,1,1,1,0,1
0.061146,1,0,1,1,0,1
0.0611472,1,1,1,1,0,1
0.06115236,1,0,1,1,0,1
0.06115368,1,1,1,1,0,1
0.06115584,1,0,1,1,0,1
0.06115684,1,1,1,1,0,1
0.061162,1,0,1,1,0,1
0.06116336,1,1,1,1,0,1
0.06116552,1,0,1,1,0,1
0.06116652,1,1,1,1,0,1
0.06117168,1,0,1,1,0,1
0.061173,1,1,1,1,0,1
0.06117516,1,0,1,1,0,1
0.06117616,1,1,1,1,0,1
0.06118136,1,0,1,1,0,1
0.06118268,1,1,1,1,0,1
0.06118484,1,0,1,1,0,1
0.061186,1,1,1,1,0,1
0.06119116,1,0,1,1,0,1
0.06119236,1,1,1,1,0,1
0.06119452,1,0,1,1,0,1
0.06119568,1,1,1,1,0,1
0.06120084,1,0,1,1,0,1
0.06120216,1,1,1,1,0,1
0.06120436,1,0,1,1,0,1
0.06120536,1,1,1,1,0,1
0.06121052,1,0,1,1,0,1
0.06121184,1,1,1,1,0,1
0.061214,1,0,1,1,0,1
0.061215,1,1,1,1,0,1
0.06122016,1,0,1,1,0,1
0.06122152,1,1,1,1,0,1
0.06122368,1,0,1,1,0,1
0.06122468,1,1,1,1,0,1
0.06122984,1,0,1,1,0,1
0.06123116,1,1,1,1,0,1
0.06123332,1,0,1,1,0,1
0.06123452,1,1,1,1,0,1
0.06123968,1,0,1,1,0,1
0.06124084,1,1,1,1,0,1
0.061243,1,0,1,1,0,1
0.06124416,1,1,1,1,0,1
0.06124932,1,0,1,1,0,1
0.06125068,1,1,1,1,0,1
0.06125284,1,0,1,1,0,1
0.06125384,1,1,1,1,0,1
0.061259,1,0,1,1,0,1
0.06126032,1,1,1,1,0,1
0.06126252,1,0,1,1,0,1
0.06126352,1,1,1,1,0,1
0.06126868,1,0,1,1,0,1
0.06127,1,1,1,1,0,1
0.06127216,1,0,1,1,0,1
0.06127316,1,1,1,1,0,1
0.06127832,1,0,1,1,0,1
0.06127968,1,1,1,1,0,1
0.06128184,1,0,1,1,0,1
0.06128284,1,1,1,1,0,1
0.061288,1,0,1,1,0,1
0.06128932,1,1,1,1,0,1
0.06129152,1,0,1,1,0,1
0.06129268,1,1,1,1,0,1
0.06129784,1,0,1,1,0,1
0.061299,1,1,1,1,0,1
0.06130116,1,0,1,1,0,1
0.06130232,1,1,1,1,0,1
0.06130748,1,0,1,1,0,1
0.06130884,1,1,1,1,0,1
0.061311,1,0,1,1,0,1
0.061312,1,1,1,1,0,1
0.06131716,1,0,1,1,0,1
0.06131848,1,1,1,1,0,1
0.06132068,1,0,1,1,0,1
0.06132168,1,1,1,1,0,1
0.06132684,1,0,1,1,0,1
0.06132816,1,1,1,1,0,1
0.06133032,1,0,1,1,0,1
0.06133132,1,1,1,1,0,1
0.06133648,1,0,1,1,0,1
0.06133784,1,1,1,1,0,1
0.06134,1,0,1,1,0,1
0.06134116,1,1,1,1,0,1
0.06134632,1,0,1,1,0,1
0.06134748,1,1,1,1,0,1
0.06134968,1,0,1,1,0,1
0.06135084,1,1,1,1,0,1
0.061356,1,0,1,1,0,1
0.06135732,1,1,1,1,0,1
0.06135948,1,0,1,1,0,1
0.06136048,1,1,1,1,0,1
0.06136564,1,0,1,1,0,1
0.061367,1,1,1,1,0,1
0.06136916,1,0,1,1,0,1
0.06137016,1,1,1,1,0,1
0.06137532,1,0,1,1,0,1
0.06137664,1,1,1,1,0,1
0.06137884,1,0,1,1,0,1
0.06137984,1,1,1,1,0,1
0.061385,1,0,1,1,0,1
0.06138632,1,1,1,1,0,1
0.06138848,1,0,1,1,0,1
0.06138964,1,1,1,1,0,1
0.06139484,1,0,1,1,0,1
0.061396,1,1,1,1,0,1
0.06139816,1,0,1,1,0,1
0.06139932,1,1,1,1,0,1
0.06140448,1,0,1,1,0,1
0.06140584,1,1,1,1,0,1
0.061408,1,0,1,1,0,1
0.061409,1,1,1,1,0,1
0.06141416,1,0,1,1,0,1
0.06141548,1,1,1,1,0,1
0.06141764,1,0,1,1,0,1
0.06141864,1,1,1,1,0,1
0.0614238,1,0,1,1,0,1
0.06142516,1,1,1,1,0,1
0.06142732,1,0,1,1,0,1
0.06142832,1,1,1,1,0,1
0.06143348,1,0,1,1,0,1
0.0614348,1,1,1,1,0,1
0.061437,1,0,1,1,0,1
0.06143816,1,1,1,1,0,1
0.06144332,1,0,1,1,0,1
0.06144448,1,1,1,1,0,1
0.06144664,1,0,1,1,0,1
0.0614478,1,1,1,1,0,1
0.061453,1,0,1,1,0,1
0.06145432,1,1,1,1,0,1
0.06145648,1,0,1,1,0,1
0.06145748,1,1,1,1,0,1
0.06146264,1,0,1,1,0,1
0.061464,1,1,1,1,0,1
0.06146616,1,0,1,1,0,1
0.06146716,1,1,1,1,0,1
0.06147232,1,0,1,1,0,1
0.06147364,1,1,1,1,0,1
0.0614758,1,0,1,1,0,1
0.0614768,1,1,1,1,0,1
0.061482,1,0,1,1,0,1
0.06148332,1,1,1,1,0,1
0.06148548,1,0,1,1,0,1
0.06148648,1,1,1,1,0,1
0.06149164,1,0,1,1,0,1
0.06149296,1,1,1,1,0,1
0.06149516,1,0,1,1,0,1
0.06149632,1,1,1,1,0,1
0.06150148,1,0,1,1,0,1
0.06150264,1,1,1,1,0,1
0.0615048,1,0,1,1,0,1
0.06150596,1,1,1,1,0,1
0.06151116,1,0,1,1,0,1
0.06151248,1,1,1,1,0,1
0.06151464,1,0,1,1,0,1
0.06151564,1,1,1,1,0,1
0.0615208,1,0,1,1,0,1
0.06152216,1,1,1,1,0,1
0.06152432,1,0,1,1,0,1
0.06152532,1,1,1,1,0,1
0.06153048,1,0,1,1,0,1
0.0615318,1,1,1,1,0,1
0.06153396,1,0,1,1,0,1
0.06153496,1,1,1,1,0,1
0.06154016,1,0,1,1,0,1
0.06154148,1,1,1,1,0,1
0.06154364,1,0,1,1,0,1
0.0615448,1,1,1,1,0,1
0.06154996,1,0,1,1,0,1
0.06155116,1,1,1,1,0,1
0.06155332,1,0,1,1,0,1
0.06155448,1,1,1,1,0,1
0.06155964,1,0,1,1,0,1
0.06156096,1,1,1,1,0,1
0.06156312,1,0,1,1,0,1
0.06156412,1,1,1,1,0,1
0.06156932,1,0,1,1,0,1
0.06157064,1,1,1,1,0,1
0.0615728,1,0,1,1,0,1
0.0615738,1,1,1,1,0,1
0.06157896,1,0,1,1,0,1
0.06158032,1,1,1,1,0,1
0.06158248,1,0,1,1,0,1
0.06158348,1,1,1,1,0,1
0.06158864,1,0,1,1,0,1
0.06158996,1,1,1,1,0,1
0.06159212,1,0,1,1,0,1
0.06159332,1,1,1,1,0,1
0.06159848,1,0,1,1,0,1
0.06159964,1,1,1,1,0,1
0.0616018,1,0,1,1,0,1
0.06160296,1,1,1,1,0,1
0.06160812,1,0,1,1,0,1
0.06160948,1,1,1,1,0,1
0.06161164,1,0,1,1,0,1
0.06161264,1,1,1,1,0,1
0.0616178,1,0,1,1,0,1
0.06161912,1,1,1,1,0,1
0.06162132,1,0,1,1,0,1
0.06162228,1,1,1,1,0,1
0.06162748,1,0,1,1,0,1
0.0616288,1,1,1,1,0,1
0.06163096,1,0,1,1,0,1
0.06163196,1,1,1,1,0,1
0.06163712,1,0,1,1,0,1
0.06163848,1,1,1,1,0,1
0.06164064,1,0,1,1,0,1
0.0616418,1,1,1,1,0,1
0.06164696,1,0,1,1,0,1
0.06164812,1,1,1,1,0,1
0.06165028,1,0,1,1,0,1
0.06165148,1,1,1,1,0,1
0.06165664,1,0,1,1,0,1
0.06165796,1,1,1,1,0,1
0.06166012,1,0,1,1,0,1
0.06166112,1,1,1,1,0,1
0.06166628,1,0,1,1,0,1
0.06166764,1,1,1,1,0,1
0.0616698,1,0,1,1,0,1
0.0616708,1,1,1,1,0,1
0.06167596,1,0,1,1,0,1
0.06167728,1,1,1,1,0,1
0.06167948,1,0,1,1,0,1
0.06168048,1,1,1,1,0,1
0.06168564,1,0,1,1,0,1
0.06168696,1,1,1,1,0,1
0.06168912,1,0,1,1,0,1
0.06169028,1,1,1,1,0,1
0.06169544,1,0,1,1,0,1
0.06169664,1,1,1,1,0,1
0.0616988,1,0,1,1,0,1
0.06169996,1,1,1,1,0,1
0.06170512,1,0,1,1,0,1
0.06170628,1,1,1,1,0,1
0.06170844,1,0,1,1,0,1
0.06170964,1,1,1,1,0,1
0.0617148,1,0,1,1,0,1
0.06171612,1,1,1,1,0,1
0.06171828,1,0,1,1,0,1
0.06171928,1,1,1,1,0,1
0.06172444,1,0,1,1,0,1
0.0617258,1,1,1,1,0,1
0.06172796,1,0,1,1,0,1
0.06172896,1,1,1,1,0,1
0.06173412,1,0,1,1,0,1
0.06173544,1,1,1,1,0,1
0.06173764,1,0,1,1,0,1
0.06173864,1,1,1,1,0,1
0.0617438,1,0,1,1,0,1
0.06174512,1,1,1,1,0,1
0.06174728,1,0,1,1,0,1
0.06174844,1,1,1,1,0,1
0.0617536,1,0,1,1,0,1
0.0617548,1,1,1,1,0,1
0.06175696,1,0,1,1,0,1
0.06175812,1,1,1,1,0,1
0.06176328,1,0,1,1,0,1
0.0617646,1,1,1,1,0,1
0.0617668,1,0,1,1,0,1
0.0617678,1,1,1,1,0,1
0.06177296,1,0,1,1,0,1
0.06177428,1,1,1,1,0,1
0.06177644,1,0,1,1,0,1
0.06177744,1,1,1,1,0,1
0.0617826,1,0,1,1,0,1
0.06178396,1,1,1,1,0,1
0.06178612,1,0,1,1,0,1
0.06178712,1,1,1,1,0,1
0.06179228,1,0,1,1,0,1
0.0617936,1,1,1,1,0,1
0.0617958,1,0,1,1,0,1
0.06179696,1,1,1,1,0,1
0.06180212,1,0,1,1,0,1
0.06180328,1,1,1,1,0,1
0.06180544,1,0,1,1,0,1
0.0618066,1,1,1,1,0,1
0.0618118,1,0,1,1,0,1
0.06181312,1,1,1,1,0,1
0.06181528,1,0,1,1,0,1
0.06181628,1,1,1,1,0,1
0.06182144,1,0,1,1,0,1
0.06182276,1,1,1,1,0,1
0.06182496,1,0,1,1,0,1
0.06182596,1,1,1,1,0,1
0.06183112,1,0,1,1,0,1
0.06183244,1,1,1,1,0,1
0.0618346,1,0,1,1,0,1
0.0618356,1,1,1,1,0,1
0.06184076,1,0,1,1,0,1
0.06184212,1,1,1,1,0,1
0.06184428,1,0,1,1,0,1
0.06184544,1,1,1,1,0,1
0.0618506,1,0,1,1,0,1
0.06185176,1,1,1,1,0,1
0.06185396,1,0,1,1,0,1
0.06185512,1,1,1,1,0,1
0.06186028,1,0,1,1,0,1
0.0618616,1,1,1,1,0,1
0.06186376,1,0,1,1,0,1
0.06186476,1,1,1,1,0,1
0.06186996,1,0,1,1,0,1
0.06187128,1,1,1,1,0,1
0.06187344,1,0,1,1,0,1
0.06187444,1,1,1,1,0,1
0.0618796,1,0,1,1,0,1
0.06188096,1,1,1,1,0,1
0.06188312,1,0,1,1,0,1
0.06188412,1,1,1,1,0,1
0.06188928,1,0,1,1,0,1
0.0618906,1,1,1,1,0,1
0.06189276,1,0,1,1,0,1
0.06189392,1,1,1,1,0,1
0.06189912,1,0,1,1,0,1
0.06190028,1,1,1,1,0,1
0.06190244,1,0,1,1,0,1
0.0619036,1,1,1,1,0,1
0.06190876,1,0,1,1,0,1
0.06191012,1,1,1,1,0,1
0.06191228,1,0,1,1,0,1
0.06191328,1,1,1,1,0,1
0.06191844,1,0,1,1,0,1
0.06191976,1,1,1,1,0,1
0.06192192,1,0,1,1,0,1
0.06192292,1,1,1,1,0,1
0.06192812,1,0,1,1,0,1
0.06192944,1,1,1,1,0,1
0.0619316,1,0,1,1,0,1
0.0619326,1,1,1,1,0,1
0.06193776,1,0,1,1,0,1
0.06193912,1,1,1,1,0,1
0.06194128,1,0,1,1,0,1
0.06194228,1,1,1,1,0,1
0.06194744,1,0,1,1,0,1
0.06194876,1,1,1,1,0,1
0.06195092,1,0,1,1,0,1
0.06195208,1,1,1,1,0,1
0.06195728,1,0,1,1,0,1
0.06195844,1,1,1,1,0,1
0.0619606,1,0,1,1,0,1
0.06196176,1,1,1,1,0,1
0.06196692,1,0,1,1,0,1
0.06196828,1,1,1,1,0,1
0.06197044,1,0,1,1,0,1
0.06197144,1,1,1,1,0,1
0.0619766,1,0,1,1,0,1
0.06197792,1,1,1,1,0,1
0.06198008,1,0,1,1,0,1
0.06198108,1,1,1,1,0,1
0.06198628,1,0,1,1,0,1
0.0619876,1,1,1,1,0,1
0.06198976,1,0,1,1,0,1
0.06199076,1,1,1,1,0,1
0.06199592,1,0,1,1,0,1
0.06199728,1,1,1,1,0,1
0.06199944,1,0,1,1,0,1
0.0620006,1,1,1,1,0,1
0.06200576,1,0,1,1,0,1
0.06200692,1,1,1,1,0,1
0.06200908,1,0,1,1,0,1
0.06201024,1,1,1,1,0,1
0.06201544,1,0,1,1,0,1
0.06201676,1,1,1,1,0,1
0.06201892,1,0,1,1,0,1
0.06201992,1,1,1,1,0,1
0.06202508,1,0,1,1,0,1
0.06202644,1,1,1,1,0,1
0.0620286,1,0,1,1,0,1
0.0620296,1,1,1,1,0,1
0.06203476,1,0,1,1,0,1
0.06203608,1,1,1,1,0,1
0.06203824,1,0,1,1,0,1
0.06203924,1,1,1,1,0,1
0.06204444,1,0,1,1,0,1
0.06204576,1,1,1,1,0,1
0.06204792,1,0,1,1,0,1
0.06204908,1,1,1,1,0,1
0.06205424,1,0,1,1,0,1
0.06205544,1,1,1,1,0,1
0.0620576,1,0,1,1,0,1
0.06205876,1,1,1,1,0,1
0.06206392,1,0,1,1,0,1
0.06206524,1,1,1,1,0,1
0.06206744,1,0,1,1,0,1
0.06206844,1,1,1,1,0,1
0.0620736,1,0,1,1,0,1
0.06207492,1,1,1,1,0,1
0.06207708,1,0,1,1,0,1
0.06207808,1,1,1,1,0,1
0.06208324,1,0,1,1,0,1
0.0620846,1,1,1,1,0,1
0.06208676,1,0,1,1,0,1
0.06208776,1,1,1,1,0,1
0.06209292,1,0,1,1,0,1
0.06209424,1,1,1,1,0,1
0.0620964,1,0,1,1,0,1
0.0620976,1,1,1,1,0,1
0.06210276,1,0,1,1,0,1
0.06210392,1,1,1,1,0,1
0.06210608,1,0,1,1,0,1
0.06210724,1,1,1,1,0,1
0.0621124,1,0,1,1,0,1
0.06211376,1,1,1,1,0,1
0.06211592,1,0,1,1,0,1
0.06211692,1,1,1,1,0,1
0.06212208,1,0,1,1,0,1
0.0621234,1,1,1,1,0,1
0.0621256,1,0,1,1,0,1
0.0621266,1,1,1,1,0,1
0.06213176,1,0,1,1,0,1
0.06213308,1,1,1,1,0,1
0.06213524,1,0,1,1,0,1
0.06213624,1,1,1,1,0,1
0.0621414,1,0,1,1,0,1
0.06214276,1,1,1,1,0,1
0.06214492,1,0,1,1,0,1
0.06214592,1,1,1,1,0,1
0.06215108,1,0,1,1,0,1
0.0621524,1,1,1,1,0,1
0.06215456,1,0,1,1,0,1
0.06215576,1,1,1,1,0,1
0.06216092,1,0,1,1,0,1
0.06216208,1,1,1,1,0,1
0.06216424,1,0,1,1,0,1
0.0621654,1,1,1,1,0,1
0.06217056,1,0,1,1,0,1
0.06217192,1,1,1,1,0,1
0.06217408,1,0,1,1,0,1
0.06217508,1,1,1,1,0,1
0.06218024,1,0,1,1,0,1
0.06218156,1,1,1,1,0,1
0.06218376,1,0,1,1,0,1
0.06218476,1,1,1,1,0,1
0.06218992,1,0,1,1,0,1
0.06219124,1,1,1,1,0,1
0.0621934,1,0,1,1,0,1
0.0621944,1,1,1,1,0,1
0.06219956,1,0,1,1,0,1
0.06220092,1,1,1,1,0,1
0.06220308,1,0,1,1,0,1
0.06220424,1,1,1,1,0,1
0.0622094,1,0,1,1,0,1
0.06221056,1,1,1,1,0,1
0.06221272,1,0,1,1,0,1
0.06221392,1,1,1,1,0,1
0.06221908,1,0,1,1,0,1
0.0622204,1,1,1,1,0,1
0.06222256,1,0,1,1,0,1
0.06222356,1,1,1,1,0,1
0.06222872,1,0,1,1,0,1
0.06223008,1,1,1,1,0,1
0.06223224,1,0,1,1,0,1
0.06223324,1,1,1,1,0,1
0.0622384,1,0,1,1,0,1
0.06223972,1,1,1,1,0,1
0.06224192,1,0,1,1,0,1
0.06224292,1,1,1,1,0,1
0.06224808,1,0,1,1,0,1
0.0622494,1,1,1,1,0,1
0.06225156,1,0,1,1,0,1
0.06225272,1,1,1,1,0,1
0.06225792,1,0,1,1,0,1
0.06225908,1,1,1,1,0,1
0.06226124,1,0,1,1,0,1
0.0622624,1,1,1,1,0,1
0.06226756,1,0,1,1,0,1
0.06226892,1,1,1,1,0,1
0.06227108,1,0,1,1,0,1
0.06227208,1,1,1,1,0,1
0.06227724,1,0,1,1,0,1
0.06227856,1,1,1,1,0,1
0.06228072,1,0,1,1,0,1
0.06228172,1,1,1,1,0,1
0.06228688,1,0,1,1,0,1
0.06228824,1,1,1,1,0,1
0.0622904,1,0,1,1,0,1
0.0622914,1,1,1,1,0,1
0.06229656,1,0,1,1,0,1
0.06229788,1,1,1,1,0,1
0.06230008,1,0,1,1,0,1
0.06230124,1,1,1,1,0,1
0.0623064,1,0,1,1,0,1
0.06230756,1,1,1,1,0,1
0.06230972,1,0,1,1,0,1
0.06231088,1,1,1,1,0,1
0.06231608,1,0,1,1,0,1
0.0623174,1,1,1,1,0,1
0.06231956,1,0,1,1,0,1
0.06232056,1,1,1,1,0,1
0.06232572,1,0,1,1,0,1
0.06232708,1,1,1,1,0,1
0.06232924,1,0,1,1,0,1
0.06233024,1,1,1,1,0,1
0.0623354,1,0,1,1,0,1
0.06233672,1,1,1,1,0,1
0.06233888,1,0,1,1,0,1
0.06233988,1,1,1,1,0,1
0.06234504,1,0,1,1,0,1
0.0623464,1,1,1,1,0,1
0.06234856,1,0,1,1,0,1
0.06234956,1,1,1,1,0,1
0.06235472,1,0,1,1,0,1
0.06235604,1,1,1,1,0,1
0.06235824,1,0,1,1,0,1
0.0623594,1,1,1,1,0,1
0.06236456,1,0,1,1,0,1
0.06236572,1,1,1,1,0,1
0.06236788,1,0,1,1,0,1
0.06236904,1,1,1,1,0,1
0.06237424,1,0,1,1,0,1
0.06237556,1,1,1,1,0,1
0.06237772,1,0,1,1,0,1
0.06237872,1,1,1,1,0,1
0.06238388,1,0,1,1,0,1
0.06238524,1,1,1,1,0,1
0.0623874,1,0,1,1,0,1
0.0623884,1,1,1,1,0,1
0.06239356,1,0,1,1,0,1
0.06239488,1,1,1,1,0,1
0.06239704,1,0,1,1,0,1
0.06239804,1,1,1,1,0,1
0.06240324,1,0,1,1,0,1
0.06240456,1,1,1,1,0,1
0.06240672,1,0,1,1,0,1
0.06240788,1,1,1,1,0,1
0.06241304,1,0,1,1,0,1
0.0624142,1,1,1,1,0,1
0.0624164,1,0,1,1,0,1
0.06241756,1,1,1,1,0,1
0.06242272,1,0,1,1,0,1
0.06242404,1,1,1,1,0,1
0.0624262,1,0,1,1,0,1
0.0624272,1,1,1,1,0,1
0.0624324,1,0,1,1,0,1
0.06243372,1,1,1,1,0,1
0.06243588,1,0,1,1,0,1
0.06243688,1,1,1,1,0,1
0.06244204,1,0,1,1,0,1
0.0624434,1,1,1,1,0,1
0.06244556,1,0,1,1,0,1
0.06244656,1,1,1,1,0,1
0.06245172,1,0,1,1,0,1
0.06245304,1,1,1,1,0,1
0.0624552,1,0,1,1,0,1
0.0624564,1,1,1,1,0,1
0.06246156,1,0,1,1,0,1
0.06246272,1,1,1,1,0,1
0.06246488,1,0,1,1,0,1
0.06246604,1,1,1,1,0,1
0.0624712,1,0,1,1,0,1
0.06247256,1,1,1,1,0,1
0.06247472,1,0,1,1,0,1
0.06247572,1,1,1,1,0,1
0.06248088,1,0,1,1,0,1
0.0624822,1,1,1,1,0,1
0.06248436,1,0,1,1,0,1
0.06248536,1,1,1,1,0,1
0.06249056,1,0,1,1,0,1
0.06249188,1,1,1,1,0,1
0.06249404,1,0,1,1,0,1
0.06249504,1,1,1,1,0,1
0.0625002,1,0,1,1,0,1
0.06250156,1,1,1,1,0,1
0.06250372,1,0,1,1,0,1
0.06250488,1,1,1,1,0,1
0.06251004,1,0,1,1,0,1
0.0625112,1,1,1,1,0,1
0.06251336,1,0,1,1,0,1
0.06251456,1,1,1,1,0,1
0.06251972,1,0,1,1,0,1
0.06252104,1,1,1,1,0,1
0.0625232,1,0,1,1,0,1
0.0625242,1,1,1,1,0,1
0.06252936,1,0,1,1,0,1
0.06253072,1,1,1,1,0,1
0.06253288,1,0,1,1,0,1
0.06253388,1,1,1,1,0,1
0.06253904,1,0,1,1,0,1
0.06254036,1,1,1,1,0,1
0.06254252,1,0,1,1,0,1
0.06254352,1,1,1,1,0,1
0.06254872,1,0,1,1,0,1
0.06255004,1,1,1,1,0,1
0.0625522,1,0,1,1,0,1
0.06255336,1,1,1,1,0,1
0.06255852,1,0,1,1,0,1
0.06255972,1,1,1,1,0,1
0.06256188,1,0,1,1,0,1
0.06256304,1,1,1,1,0,1
0.0625682,1,0,1,1,0,1
0.06256952,1,1,1,1,0,1
0.06257172,1,0,1,1,0,1
0.06257272,1,1,1,1,0,1
0.06257788,1,0,1,1,0,1
0.0625792,1,1,1,1,0,1
0.06258136,1,0,1,1,0,1
0.06258236,1,1,1,1,0,1
0.06258752,1,0,1,1,0,1
0.06258888,1,1,1,1,0,1
0.06259104,1,0,1,1,0,1
0.06259204,1,1,1,1,0,1
0.0625972,1,0,1,1,0,1
0.06259852,1,1,1,1,0,1
0.06260072,1,0,1,1,0,1
0.06260168,1,1,1,1,0,1
0.06260688,1,0,1,1,0,1
0.0626082,1,1,1,1,0,1
0.06261036,1,0,1,1,0,1
0.06261152,1,1,1,1,0,1
0.06261668,1,0,1,1,0,1
0.06261788,1,1,1,1,0,1
0.06262004,1,0,1,1,0,1
0.0626212,1,1,1,1,0,1
0.06262636,1,0,1,1,0,1
0.06262768,1,1,1,1,0,1
0.06262988,1,0,1,1,0,1
0.06263088,1,1,1,1,0,1
0.06263604,1,0,1,1,0,1
0.06263736,1,1,1,1,0,1
0.06263952,1,0,1,1,0,1
0.06264052,1,1,1,1,0,1
0.06264568,1,0,1,1,0,1
0.06264704,1,1,1,1,0,1
0.0626492,1,0,1,1,0,1
0.0626502,1,1,1,1,0,1
0.06265536,1,0,1,1,0,1
0.06265668,1,1,1,1,0,1
0.06265888,1,0,1,1,0,1
0.06266004,1,1,1,1,0,1
0.0626652,1,0,1,1,0,1
0.06266636,1,1,1,1,0,1
0.06266852,1,0,1,1,0,1
0.06266968,1,1,1,1,0,1
0.06267484,1,0,1,1,0,1
0.0626762,1,1,1,1,0,1
0.06267836,1,0,1,1,0,1
0.06267936,1,1,1,1,0,1
0.06268452,1,0,1,1,0,1
0.06268584,1,1,1,1,0,1
0.06268804,1,0,1,1,0,1
0.06268904,1,1,1,1,0,1
0.0626942,1,0,1,1,0,1
0.06269552,1,1,1,1,0,1
0.06269768,1,0,1,1,0,1
0.06269868,1,1,1,1,0,1
0.06270384,1,0,1,1,0,1
0.0627052,1,1,1,1,0,1
0.06270736,1,0,1,1,0,1
0.06270852,1,1,1,1,0,1
0.06271368,1,0,1,1,0,1
0.06271484,1,1,1,1,0,1
0.06271704,1,0,1,1,0,1
0.0627182,1,1,1,1,0,1
0.06272336,1,0,1,1,0,1
0.06272468,1,1,1,1,0,1
0.06272684,1,0,1,1,0,1
0.06272784,1,1,1,1,0,1
0.06273304,1,0,1,1,0,1
0.06273436,1,1,1,1,0,1
0.06273652,1,0,1,1,0,1
0.06273752,1,1,1,1,0,1
0.06274268,1,0,1,1,0,1
0.062744,1,1,1,1,0,1
0.0627462,1,0,1,1,0,1
0.0627472,1,1,1,1,0,1
0.06275236,1,0,1,1,0,1
0.06275368,1,1,1,1,0,1
0.06275584,1,0,1,1,0,1
0.062757,1,1,1,1,0,1
0.0627622,1,0,1,1,0,1
0.06276336,1,1,1,1,0,1
0.06276552,1,0,1,1,0,1
0.06276668,1,1,1,1,0,1
0.06277184,1,0,1,1,0,1
0.0627732,1,1,1,1,0,1
0.06277536,1,0,1,1,0,1
0.06277636,1,1,1,1,0,1
0.06278152,1,0,1,1,0,1
0.06278284,1,1,1,1,0,1
0.062785,1,0,1,1,0,1
0.062786,1,1,1,1,0,1
0.0627912,1,0,1,1,0,1
0.06279252,1,1,1,1,0,1
0.06279468,1,0,1,1,0,1
0.06279568,1,1,1,1,0,1
0.06280084,1,0,1,1,0,1
0.06280216,1,1,1,1,0,1
0.06280436,1,0,1,1,0,1
0.06280536,1,1,1,1,0,1
0.06281052,1,0,1,1,0,1
0.06281184,1,1,1,1,0,1
0.062814,1,0,1,1,0,1
0.06281516,1,1,1,1,0,1
0.06282036,1,0,1,1,0,1
0.06282152,1,1,1,1,0,1
0.06282368,1,0,1,1,0,1
0.06282484,1,1,1,1,0,1
0.06283,1,0,1,1,0,1
0.06283136,1,1,1,1,0,1
0.06283352,1,0,1,1,0,1
0.06283452,1,1,1,1,0,1
0.06283968,1,0,1,1,0,1
0.062841,1,1,1,1,0,1
0.06284316,1,0,1,1,0,1
0.06284416,1,1,1,1,0,1
0.06284936,1,0,1,1,0,1
0.06285068,1,1,1,1,0,1
0.06285284,1,0,1,1,0,1
0.06285384,1,1,1,1,0,1
0.062859,1,0,1,1,0,1
0.06286036,1,1,1,1,0,1
0.06286252,1,0,1,1,0,1
0.06286368,1,1,1,1,0,1
0.06286884,1,0,1,1,0,1
0.06287,1,1,1,1,0,1
0.06287216,1,0,1,1,0,1
0.06287332,1,1,1,1,0,1
0.06287852,1,0,1,1,0,1
0.06287984,1,1,1,1,0,1
0.062882,1,0,1,1,0,1
0.062883,1,1,1,1,0,1
0.06288816,1,0,1,1,0,1
0.06288952,1,1,1,1,0,1
0.06289168,1,0,1,1,0,1
0.06289268,1,1,1,1,0,1
0.06289784,1,0,1,1,0,1
0.06289916,1,1,1,1,0,1
0.06290132,1,0,1,1,0,1
0.06290232,1,1,1,1,0,1
0.06290752,1,0,1,1,0,1
0.06290884,1,1,1,1,0,1
0.062911,1,0,1,1,0,1
0.06291216,1,1,1,1,0,1
0.06291732,1,0,1,1,0,1
0.06291852,1,1,1,1,0,1
0.06292068,1,0,1,1,0,1
0.06292184,1,1,1,1,0,1
0.062927,1,0,1,1,0,1
0.06292832,1,1,1,1,0,1
0.06293052,1,0,1,1,0,1
0.06293148,1,1,1,1,0,1
0.06293668,1,0,1,1,0,1
0.062938,1,1,1,1,0,1
0.06294016,1,0,1,1,0,1
0.06294116,1,1,1,1,0,1
0.06294632,1,0,1,1,0,1
0.06294768,1,1,1,1,0,1
0.06294984,1,0,1,1,0,1
0.06295084,1,1,1,1,0,1
0.062956,1,0,1,1,0,1
0.06295732,1,1,1,1,0,1
0.06295948,1,0,1,1,0,1
0.06296068,1,1,1,1,0,1
0.06296584,1,0,1,1,0,1
0.062967,1,1,1,1,0,1
0.06296916,1,0,1,1,0,1
0.06297032,1,1,1,1,0,1
0.06297548,1,0,1,1,0,1
0.06297684,1,1,1,1,0,1
0.062979,1,0,1,1,0,1
0.06298,1,1,1,1,0,1
0.06298516,1,0,1,1,0,1
0.06298648,1,1,1,1,0,1
0.06298868,1,0,1,1,0,1
0.06298968,1,1,1,1,0,1
0.06299484,1,0,1,1,0,1
0.06299616,1,1,1,1,0,1
0.06299832,1,0,1,1,0,1
0.06299932,1,1,1,1,0,1
0.06300448,1,0,1,1,0,1
0.06300584,1,1,1,1,0,1
0.063008,1,0,1,1,0,1
0.063009,1,1,1,1,0,1
0.06301416,1,0,1,1,0,1
0.06301548,1,1,1,1,0,1
0.06301764,1,0,1,1,0,1
0.06301884,1,1,1,1,0,1
0.063024,1,0,1,1,0,1
0.06302516,1,1,1,1,0,1
0.06302732,1,0,1,1,0,1
0.06302848,1,1,1,1,0,1
0.06303364,1,0,1,1,0,1
0.063035,1,1,1,1,0,1
0.06303716,1,0,1,1,0,1
0.06303816,1,1,1,1,0,1
0.06304332,1,0,1,1,0,1
0.06304464,1,1,1,1,0,1
0.06304684,1,0,1,1,0,1
0.06304784,1,1,1,1,0,1
0.063053,1,0,1,1,0,1
0.06305432,1,1,1,1,0,1
0.06305648,1,0,1,1,0,1
0.06305748,1,1,1,1,0,1
0.06306264,1,0,1,1,0,1
0.063064,1,1,1,1,0,1
0.06306616,1,0,1,1,0,1
0.06306732,1,1,1,1,0,1
0.06307248,1,0,1,1,0,1
0.06307364,1,1,1,1,0,1
0.0630758,1,0,1,1,0,1
0.063077,1,1,1,1,0,1
0.06308216,1,0,1,1,0,1
0.06308348,1,1,1,1,0,1
0.06308564,1,0,1,1,0,1
0.06308664,1,1,1,1,0,1
0.0630918,1,0,1,1,0,1
0.06309316,1,1,1,1,0,1
0.06309532,1,0,1,1,0,1
0.06309632,1,1,1,1,0,1
0.06310148,1,0,1,1,0,1
0.0631028,1,1,1,1,0,1
0.063105,1,0,1,1,0,1
0.063106,1,1,1,1,0,1
0.06311116,1,0,1,1,0,1
0.06311248,1,1,1,1,0,1
0.06311464,1,0,1,1,0,1
0.0631158,1,1,1,1,0,1
0.063121,1,0,1,1,0,1
0.06312216,1,1,1,1,0,1
0.06312432,1,0,1,1,0,1
0.06312548,1,1,1,1,0,1
0.06313064,1,0,1,1,0,1
0.06313196,1,1,1,1,0,1
0.06313416,1,0,1,1,0,1
0.06313516,1,1,1,1,0,1
0.06314032,1,0,1,1,0,1
0.06314164,1,1,1,1,0,1
0.0631438,1,0,1,1,0,1
0.0631448,1,1,1,1,0,1
0.06314996,1,0,1,1,0,1
0.06315132,1,1,1,1,0,1
0.06315348,1,0,1,1,0,1
0.06315448,1,1,1,1,0,1
0.06315964,1,0,1,1,0,1
0.06316096,1,1,1,1,0,1
0.06316316,1,0,1,1,0,1
0.06316432,1,1,1,1,0,1
0.06316948,1,0,1,1,0,1
0.06317064,1,1,1,1,0,1
0.0631728,1,0,1,1,0,1
0.06317396,1,1,1,1,0,1
0.06317916,1,0,1,1,0,1
0.06318048,1,1,1,1,0,1
0.06318264,1,0,1,1,0,1
0.06318364,1,1,1,1,0,1
0.0631888,1,0,1,1,0,1
0.06319016,1,1,1,1,0,1
0.06319232,1,0,1,1,0,1
0.06319332,1,1,1,1,0,1
0.06319848,1,0,1,1,0,1
0.0631998,1,1,1,1,0,1
0.06320196,1,0,1,1,0,1
0.06320296,1,1,1,1,0,1
0.06320812,1,0,1,1,0,1
0.06320948,1,1,1,1,0,1
0.06321164,1,0,1,1,0,1
0.0632128,1,1,1,1,0,1
0.06321796,1,0,1,1,0,1
0.06321912,1,1,1,1,0,1
0.06322132,1,0,1,1,0,1
0.06322248,1,1,1,1,0,1
0.06322764,1,0,1,1,0,1
0.0632288,1,1,1,1,0,1
0.06323096,1,0,1,1,0,1
0.06323212,1,1,1,1,0,1
0.06323732,1,0,1,1,0,1
0.06323864,1,1,1,1,0,1
0.0632408,1,0,1,1,0,1
0.0632418,1,1,1,1,0,1
0.06324696,1,0,1,1,0,1
0.06324832,1,1,1,1,0,1
0.06325048,1,0,1,1,0,1
0.06325148,1,1,1,1,0,1
0.06325664,1,0,1,1,0,1
0.06325796,1,1,1,1,0,1
0.06326012,1,0,1,1,0,1
0.06326112,1,1,1,1,0,1
0.06326628,1,0,1,1,0,1
0.06326764,1,1,1,1,0,1
0.0632698,1,0,1,1,0,1
0.06327096,1,1,1,1,0,1
0.06327612,1,0,1,1,0,1
0.06327728,1,1,1,1,0,1
0.06327948,1,0,1,1,0,1
0.06328064,1,1,1,1,0,1
0.0632858,1,0,1,1,0,1
0.06328712,1,1,1,1,0,1
0.06328928,1,0,1,1,0,1
0.06329028,1,1,1,1,0,1
0.06329548,1,0,1,1,0,1
0.0632968,1,1,1,1,0,1
0.06329896,1,0,1,1,0,1
0.06329996,1,1,1,1,0,1
0.06330512,1,0,1,1,0,1
0.06330648,1,1,1,1,0,1
0.06330864,1,0,1,1,0,1
0.06330964,1,1,1,1,0,1
0.0633148,1,0,1,1,0,1
0.06331612,1,1,1,1,0,1
0.06331828,1,0,1,1,0,1
0.06331944,1,1,1,1,0,1
0.06332464,1,0,1,1,0,1
0.0633258,1,1,1,1,0,1
0.06332796,1,0,1,1,0,1
0.06332912,1,1,1,1,0,1
0.06333428,1,0,1,1,0,1
0.06333564,1,1,1,1,0,1
0.0633378,1,0,1,1,0,1
0.0633388,1,1,1,1,0,1
0.06334396,1,0,1,1,0,1
0.06334528,1,1,1,1,0,1
0.06334744,1,0,1,1,0,1
0.06334844,1,1,1,1,0,1
0.06335364,1,0,1,1,0,1
0.06335496,1,1,1,1,0,1
0.06335712,1,0,1,1,0,1
0.06335812,1,1,1,1,0,1
0.06336328,1,0,1,1,0,1
0.06336464,1,1,1,1,0,1
0.0633668,1,0,1,1,0,1
0.06336796,1,1,1,1,0,1
0.06337312,1,0,1,1,0,1
0.06337428,1,1,1,1,0,1
0.06337644,1,0,1,1,0,1
0.06337764,1,1,1,1,0,1
0.0633828,1,0,1,1,0,1
0.06338412,1,1,1,1,0,1
0.06338628,1,0,1,1,0,1
0.06338728,1,1,1,1,0,1
0.06339244,1,0,1,1,0,1
0.0633938,1,1,1,1,0,1
0.06339596,1,0,1,1,0,1
0.06339696,1,1,1,1,0,1
0.06340212,1,0,1,1,0,1
0.06340344,1,1,1,1,0,1
0.0634056,1,0,1,1,0,1
0.0634066,1,1,1,1,0,1
0.0634118,1,0,1,1,0,1
0.06341312,1,1,1,1,0,1
0.06341528,1,0,1,1,0,1
0.06341644,1,1,1,1,0,1
0.0634216,1,0,1,1,0,1
0.0634228,1,1,1,1,0,1
0.06342496,1,0,1,1,0,1
0.06342612,1,1,1,1,0,1
0.06343128,1,0,1,1,0,1
0.0634326,1,1,1,1,0,1
0.0634348,1,0,1,1,0,1
0.0634358,1,1,1,1,0,1
0.06344096,1,0,1,1,0,1
0.06344228,1,1,1,1,0,1
0.06344444,1,0,1,1,0,1
0.06344544,1,1,1,1,0,1
0.0634506,1,0,1,1,0,1
0.06345196,1,1,1,1,0,1
0.06345412,1,0,1,1,0,1
0.06345512,1,1,1,1,0,1
0.06346028,1,0,1,1,0,1
0.0634616,1,1,1,1,0,1
0.06346376,1,0,1,1,0,1
0.06346476,1,1,1,1,0,1
0.06346996,1,0,1,1,0,1
0.06347128,1,1,1,1,0,1
0.06347344,1,0,1,1,0,1
0.0634746,1,1,1,1,0,1
0.06347976,1,0,1,1,0,1
0.06348096,1,1,1,1,0,1
0.06348312,1,0,1,1,0,1
0.06348428,1,1,1,1,0,1
0.06348944,1,0,1,1,0,1
0.06349076,1,1,1,1,0,1
0.06349296,1,0,1,1,0,1
0.06349396,1,1,1,1,0,1
0.06349912,1,0,1,1,0,1
0.06350044,1,1,1,1,0,1
0.0635026,1,0,1,1,0,1
0.0635036,1,1,1,1,0,1
0.06350876,1,0,1,1,0,1
0.06351012,1,1,1,1,0,1
0.06351228,1,0,1,1,0,1
0.06351328,1,1,1,1,0,1
0.06351844,1,0,1,1,0,1
0.06351976,1,1,1,1,0,1
0.06352192,1,0,1,1,0,1
0.06352312,1,1,1,1,0,1
0.06352828,1,0,1,1,0,1
0.06352944,1,1,1,1,0,1
0.0635316,1,0,1,1,0,1
0.06353276,1,1,1,1,0,1
0.06353792,1,0,1,1,0,1
0.06353928,1,1,1,1,0,1
0.06354144,1,0,1,1,0,1
0.06354244,1,1,1,1,0,1
0.0635476,1,0,1,1,0,1
0.06354892,1,1,1,1,0,1
0.06355112,1,0,1,1,0,1
0.06355212,1,1,1,1,0,1
0.06355728,1,0,1,1,0,1
0.0635586,1,1,1,1,0,1
0.06356076,1,0,1,1,0,1
0.06356176,1,1,1,1,0,1
0.06356692,1,0,1,1,0,1
0.06356828,1,1,1,1,0,1
0.06357044,1,0,1,1,0,1
0.0635716,1,1,1,1,0,1
0.06357676,1,0,1,1,0,1
0.06357792,1,1,1,1,0,1
0.06358012,1,0,1,1,0,1
0.06358128,1,1,1,1,0,1
0.06358644,1,0,1,1,0,1
0.06358776,1,1,1,1,0,1
0.06358992,1,0,1,1,0,1
0.06359092,1,1,1,1,0,1
0.06359608,1,0,1,1,0,1
0.06359744,1,1,1,1,0,1
0.0635996,1,0,1,1,0,1
0.0636006,1,1,1,1,0,1
0.06360576,1,0,1,1,0,1
0.06360708,1,1,1,1,0,1
0.06360928,1,0,1,1,0,1
0.06361028,1,1,1,1,0,1
0.06361544,1,0,1,1,0,1
0.06361676,1,1,1,1,0,1
0.06361892,1,0,1,1,0,1
0.06362008,1,1,1,1,0,1
0.06362528,1,0,1,1,0,1
0.06362644,1,1,1,1,0,1
0.0636286,1,0,1,1,0,1
0.06362976,1,1,1,1,0,1
0.06363492,1,0,1,1,0,1
0.06363628,1,1,1,1,0,1
0.06363844,1,0,1,1,0,1
0.06363944,1,1,1,1,0,1
0.0636446,1,0,1,1,0,1
0.06364592,1,1,1,1,0,1
0.06364808,1,0,1,1,0,1
0.06364908,1,1,1,1,0,1
0.06365424,1,0,1,1,0,1
0.0636556,1,1,1,1,0,1
0.06365776,1,0,1,1,0,1
0.06365876,1,1,1,1,0,1
0.06366392,1,0,1,1,0,1
0.06366524,1,1,1,1,0,1
0.06366744,1,0,1,1,0,1
0.06366844,1,1,1,1,0,1
0.0636736,1,0,1,1,0,1
0.06367492,1,1,1,1,0,1
0.06367708,1,0,1,1,0,1
0.06367824,1,1,1,1,0,1
0.06368344,1,0,1,1,0,1
0.0636846,1,1,1,1,0,1
0.06368676,1,0,1,1,0,1
0.06368792,1,1,1,1,0,1
0.06369308,1,0,1,1,0,1
0.06369444,1,1,1,1,0,1
0.0636966,1,0,1,1,0,1
0.0636976,1,1,1,1,0,1
0.06370276,1,0,1,1,0,1
0.06370408,1,1,1,1,0,1
0.06370624,1,0,1,1,0,1
0.06370724,1,1,1,1,0,1
0.06371244,1,0,1,1,0,1
0.06371376,1,1,1,1,0,1
0.06371592,1,0,1,1,0,1
0.06371692,1,1,1,1,0,1
0.06372208,1,0,1,1,0,1
0.0637234,1,1,1,1,0,1
0.0637256,1,0,1,1,0,1
0.06372676,1,1,1,1,0,1
0.06373192,1,0,1,1,0,1
0.06373308,1,1,1,1,0,1
0.06373524,1,0,1,1,0,1
0.0637364,1,1,1,1,0,1
0.0637416,1,0,1,1,0,1
0.06374292,1,1,1,1,0,1
0.06374508,1,0,1,1,0,1
0.06374608,1,1,1,1,0,1
0.06375124,1,0,1,1,0,1
0.0637526,1,1,1,1,0,1
0.06375476,1,0,1,1,0,1
0.06375576,1,1,1,1,0,1
0.06376092,1,0,1,1,0,1
0.06376224,1,1,1,1,0,1
0.0637644,1,0,1,1,0,1
0.0637654,1,1,1,1,0,1
0.0637706,1,0,1,1,0,1
0.06377192,1,1,1,1,0,1
0.06377408,1,0,1,1,0,1
0.06377524,1,1,1,1,0,1
0.0637804,1,0,1,1,0,1
0.06378156,1,1,1,1,0,1
0.06378376,1,0,1,1,0,1
0.06378492,1,1,1,1,0,1
0.06379008,1,0,1,1,0,1
0.0637914,1,1,1,1,0,1
0.06379356,1,0,1,1,0,1
0.06379456,1,1,1,1,0,1
0.06379976,1,0,1,1,0,1
0.06380108,1,1,1,1,0,1
0.06380324,1,0,1,1,0,1
0.06380424,1,1,1,1,0,1
0.0638094,1,0,1,1,0,1
0.06381076,1,1,1,1,0,1
0.06381292,1,0,1,1,0,1
0.06381392,1,1,1,1,0,1
0.06381908,1,0,1,1,0,1
0.0638204,1,1,1,1,0,1
0.06382256,1,0,1,1,0,1
0.06382376,1,1,1,1,0,1
0.06382892,1,0,1,1,0,1
0.06383008,1,1,1,1,0,1
0.06383224,1,0,1,1,0,1
0.0638334,1,1,1,1,0,1
0.06383856,1,0,1,1,0,1
0.06383992,1,1,1,1,0,1
0.06384208,1,0,1,1,0,1
0.06384308,1,1,1,1,0,1
0.06384824,1,0,1,1,0,1
0.06384956,1,1,1,1,0,1
0.06385172,1,0,1,1,0,1
0.06385272,1,1,1,1,0,1
0.06385792,1,0,1,1,0,1
0.06385924,1,1,1,1,0,1
0.0638614,1,0,1,1,0,1
0.0638624,1,1,1,1,0,1
0.06386756,1,0,1,1,0,1
0.06386892,1,1,1,1,0,1
0.06387108,1,0,1,1,0,1
0.06387208,1,1,1,1,0,1
0.06387724,1,0,1,1,0,1
0.06387856,1,1,1,1,0,1
0.06388072,1,0,1,1,0,1
0.06388192,1,1,1,1,0,1
0.06388708,1,0,1,1,0,1
0.06388824,1,1,1,1,0,1
0.0638904,1,0,1,1,0,1
0.06389156,1,1,1,1,0,1
0.06389672,1,0,1,1,0,1
0.06389808,1,1,1,1,0,1
0.06390024,1,0,1,1,0,1
0.06390124,1,1,1,1,0,1
0.0639064,1,0,1,1,0,1
0.06390772,1,1,1,1,0,1
0.06390992,1,0,1,1,0,1
0.06391088,1,1,1,1,0,1
0.06391608,1,0,1,1,0,1
0.0639174,1,1,1,1,0,1
0.06391956,1,0,1,1,0,1
0.06392056,1,1,1,1,0,1
0.06392572,1,0,1,1,0,1
0.06392708,1,1,1,1,0,1
0.06392924,1,0,1,1,0,1
0.0639304,1,1,1,1,0,1
0.06393556,1,0,1,1,0,1
0.06393672,1,1,1,1,0,1
0.06393888,1,0,1,1,0,1
0.06394008,1,1,1,1,0,1
0.06394524,1,0,1,1,0,1
0.06394656,1,1,1,1,0,1
0.06394872,1,0,1,1,0,1
0.06394972,1,1,1,1,0,1
0.06395488,1,0,1,1,0,1
0.06395624,1,1,1,1,0,1
0.0639584,1,0,1,1,0,1
0.0639594,1,1,1,1,0,1
0.06396456,1,0,1,1,0,1
0.06396588,1,1,1,1,0,1
0.06396808,1,0,1,1,0,1
0.06396908,1,1,1,1,0,1
0.06397424,1,0,1,1,0,1
0.06397556,1,1,1,1,0,1
0.06397772,1,0,1,1,0,1
0.06397888,1,1,1,1,0,1
0.06398404,1,0,1,1,0,1
0.06398524,1,1,1,1,0,1
0.0639874,1,0,1,1,0,1
0.06398856,1,1,1,1,0,1
0.06399372,1,0,1,1,0,1
0.06399504,1,1,1,1,0,1
0.06399724,1,0,1,1,0,1
0.06399824,1,1,1,1,0,1
0.0640034,1,0,1,1,0,1
0.06400472,1,1,1,1,0,1
0.06400688,1,0,1,1,0,1
0.06400788,1,1,1,1,0,1
0.06401304,1,0,1,1,0,1
0.0640144,1,1,1,1,0,1
0.06401656,1,0,1,1,0,1
0.06401756,1,1,1,1,0,1
0.06402272,1,0,1,1,0,1
0.06402404,1,1,1,1,0,1
0.06402624,1,0,1,1,0,1
0.0640274,1,1,1,1,0,1
0.06403256,1,0,1,1,0,1
0.06403372,1,1,1,1,0,1
0.06403588,1,0,1,1,0,1
0.06403704,1,1,1,1,0,1
0.0640422,1,0,1,1,0,1
0.06404356,1,1,1,1,0,1
0.06404572,1,0,1,1,0,1
0.06404672,1,1,1,1,0,1
0.06405188,1,0,1,1,0,1
0.0640532,1,1,1,1,0,1
0.0640554,1,0,1,1,0,1
0.0640564,1,1,1,1,0,1
0.06406156,1,0,1,1,0,1
0.06406288,1,1,1,1,0,1
0.06406504,1,0,1,1,0,1
0.06406604,1,1,1,1,0,1
0.0640712,1,0,1,1,0,1
0.06407256,1,1,1,1,0,1
0.06407472,1,0,1,1,0,1
0.06407588,1,1,1,1,0,1
0.06408104,1,0,1,1,0,1
0.0640822,1,1,1,1,0,1
0.0640844,1,0,1,1,0,1
0.06408556,1,1,1,1,0,1
0.06409072,1,0,1,1,0,1
0.06409188,1,1,1,1,0,1
0.06409404,1,0,1,1,0,1
0.0640952,1,1,1,1,0,1
0.0641004,1,0,1,1,0,1
0.06410172,1,1,1,1,0,1
0.06410388,1,0,1,1,0,1
0.06410488,1,1,1,1,0,1
0.06411004,1,0,1,1,0,1
0.06411136,1,1,1,1,0,1
0.06411356,1,0,1,1,0,1
0.06411456,1,1,1,1,0,1
0.06411972,1,0,1,1,0,1
0.06412104,1,1,1,1,0,1
0.0641232,1,0,1,1,0,1
0.0641242,1,1,1,1,0,1
0.06412936,1,0,1,1,0,1
0.06413072,1,1,1,1,0,1
0.06413288,1,0,1,1,0,1
0.06413404,1,1,1,1,0,1
0.0641392,1,0,1,1,0,1
0.06414036,1,1,1,1,0,1
0.06414256,1,0,1,1,0,1
0.06414372,1,1,1,1,0,1
0.06414888,1,0,1,1,0,1
0.0641502,1,1,1,1,0,1
0.06415236,1,0,1,1,0,1
0.06415336,1,1,1,1,0,1
0.06415856,1,0,1,1,0,1
0.06415988,1,1,1,1,0,1
0.06416204,1,0,1,1,0,1
0.06416304,1,1,1,1,0,1
0.0641682,1,0,1,1,0,1
0.06416956,1,1,1,1,0,1
0.06417172,1,0,1,1,0,1
0.06417272,1,1,1,1,0,1
0.06417788,1,0,1,1,0,1
0.0641792,1,1,1,1,0,1
0.06418136,1,0,1,1,0,1
0.06418252,1,1,1,1,0,1
0.06418772,1,0,1,1,0,1
0.06418888,1,1,1,1,0,1
0.06419104,1,0,1,1,0,1
0.0641922,1,1,1,1,0,1
0.06419736,1,0,1,1,0,1
0.06419872,1,1,1,1,0,1
0.06420088,1,0,1,1,0,1
0.06420188,1,1,1,1,0,1
0.06420704,1,0,1,1,0,1
0.06420836,1,1,1,1,0,1
0.06421052,1,0,1,1,0,1
0.06421152,1,1,1,1,0,1
0.06421672,1,0,1,1,0,1
0.06421804,1,1,1,1,0,1
0.0642202,1,0,1,1,0,1
0.0642212,1,1,1,1,0,1
0.06422636,1,0,1,1,0,1
0.06422772,1,1,1,1,0,1
0.06422988,1,0,1,1,0,1
0.06423104,1,1,1,1,0,1
0.0642362,1,0,1,1,0,1
0.06423736,1,1,1,1,0,1
0.06423952,1,0,1,1,0,1
0.06424068,1,1,1,1,0,1
0.06424588,1,0,1,1,0,1
0.0642472,1,1,1,1,0,1
0.06424936,1,0,1,1,0,1
0.06425036,1,1,1,1,0,1
0.06425552,1,0,1,1,0,1
0.06425688,1,1,1,1,0,1
0.06425904,1,0,1,1,0,1
0.06426004,1,1,1,1,0,1
0.0642652,1,0,1,1,0,1
0.06426652,1,1,1,1,0,1
0.06426868,1,0,1,1,0,1
0.06426968,1,1,1,1,0,1
0.06427488,1,0,1,1,0,1
0.0642762,1,1,1,1,0,1
0.06427836,1,0,1,1,0,1
0.06427952,1,1,1,1,0,1
0.06428468,1,0,1,1,0,1
0.06428588,1,1,1,1,0,1
0.06428804,1,0,1,1,0,1
0.0642892,1,1,1,1,0,1
0.06429436,1,0,1,1,0,1
0.06429568,1,1,1,1,0,1
0.06429788,1,0,1,1,0,1
0.06429888,1,1,1,1,0,1
0.06430404,1,0,1,1,0,1
0.06430536,1,1,1,1,0,1
0.06430752,1,0,1,1,0,1
0.06430852,1,1,1,1,0,1
0.06431368,1,0,1,1,0,1
0.06431504,1,1,1,1,0,1
0.0643172,1,0,1,1,0,1
0.0643182,1,1,1,1,0,1
0.06432336,1,0,1,1,0,1
0.06432468,1,1,1,1,0,1
0.06432684,1,0,1,1,0,1
0.06432784,1,1,1,1,0,1
0.06433304,1,0,1,1,0,1
0.06433436,1,1,1,1,0,1
0.06433652,1,0,1,1,0,1
0.06433768,1,1,1,1,0,1
0.06434284,1,0,1,1,0,1
0.06434404,1,1,1,1,0,1
0.0643462,1,0,1,1,0,1
0.06434736,1,1,1,1,0,1
0.06435252,1,0,1,1,0,1
0.06435384,1,1,1,1,0,1
0.06435604,1,0,1,1,0,1
0.06435704,1,1,1,1,0,1
0.0643622,1,0,1,1,0,1
0.06436352,1,1,1,1,0,1
0.06436568,1,0,1,1,0,1
0.06436668,1,1,1,1,0,1
0.06437184,1,0,1,1,0,1
0.0643732,1,1,1,1,0,1
0.06437536,1,0,1,1,0,1
0.06437636,1,1,1,1,0,1
0.06438152,1,0,1,1,0,1
0.06438284,1,1,1,1,0,1
0.064385,1,0,1,1,0,1
0.0643862,1,1,1,1,0,1
0.06439136,1,0,1,1,0,1
0.06439252,1,1,1,1,0,1
0.06439468,1,0,1,1,0,1
0.06439584,1,1,1,1,0,1
0.064401,1,0,1,1,0,1
0.06440236,1,1,1,1,0,1
0.06440452,1,0,1,1,0,1
0.06440552,1,1,1,1,0,1
0.06441068,1,0,1,1,0,1
0.064412,1,1,1,1,0,1
0.0644142,1,0,1,1,0,1
0.0644152,1,1,1,1,0,1
0.06442036,1,0,1,1,0,1
0.06442168,1,1,1,1,0,1
0.06442384,1,0,1,1,0,1
0.06442484,1,1,1,1,0,1
0.06443,1,0,1,1,0,1
0.06443136,1,1,1,1,0,1
0.06443352,1,0,1,1,0,1
0.06443468,1,1,1,1,0,1
0.06443984,1,0,1,1,0,1
0.064441,1,1,1,1,0,1
0.06444316,1,0,1,1,0,1
0.06444436,1,1,1,1,0,1
0.06444952,1,0,1,1,0,1
0.06445084,1,1,1,1,0,1
0.064453,1,0,1,1,0,1
0.064454,1,1,1,1,0,1
0.06445916,1,0,1,1,0,1
0.06446052,1,1,1,1,0,1
0.06446268,1,0,1,1,0,1
0.06446368,1,1,1,1,0,1
0.06446884,1,0,1,1,0,1
0.06447016,1,1,1,1,0,1
0.06447236,1,0,1,1,0,1
0.06447336,1,1,1,1,0,1
0.06447852,1,0,1,1,0,1
0.06447984,1,1,1,1,0,1
0.064482,1,0,1,1,0,1
0.06448316,1,1,1,1,0,1
0.06448836,1,0,1,1,0,1
0.06448952,1,1,1,1,0,1
0.06449168,1,0,1,1,0,1
0.06449284,1,1,1,1,0,1
0.064498,1,0,1,1,0,1
0.06449932,1,1,1,1,0,1
0.06450152,1,0,1,1,0,1
0.06450252,1,1,1,1,0,1
0.06450768,1,0,1,1,0,1
0.064509,1,1,1,1,0,1
0.06451116,1,0,1,1,0,1
0.06451216,1,1,1,1,0,1
0.06451732,1,0,1,1,0,1
0.06451868,1,1,1,1,0,1
0.06452084,1,0,1,1,0,1
0.06452184,1,1,1,1,0,1
0.064527,1,0,1,1,0,1
0.06452832,1,1,1,1,0,1
0.06453052,1,0,1,1,0,1
0.06453152,1,1,1,1,0,1
0.06453668,1,0,1,1,0,1
0.064538,1,1,1,1,0,1
0.06454016,1,0,1,1,0,1
0.06454132,1,1,1,1,0,1
0.06454652,1,0,1,1,0,1
0.06454768,1,1,1,1,0,1
0.06454984,1,0,1,1,0,1
0.064551,1,1,1,1,0,1
0.06455616,1,0,1,1,0,1
0.06455752,1,1,1,1,0,1
0.06455968,1,0,1,1,0,1
0.06456068,1,1,1,1,0,1
0.06456584,1,0,1,1,0,1
0.06456716,1,1,1,1,0,1
0.06456932,1,0,1,1,0,1
0.06457032,1,1,1,1,0,1
0.06457548,1,0,1,1,0,1
0.06457684,1,1,1,1,0,1
0.064579,1,0,1,1,0,1
0.06458,1,1,1,1,0,1
0.06458516,1,0,1,1,0,1
0.06458648,1,1,1,1,0,1
0.06458868,1,0,1,1,0,1
0.06458984,1,1,1,1,0,1
0.064595,1,0,1,1,0,1
0.06459616,1,1,1,1,0,1
0.06459832,1,0,1,1,0,1
0.06459948,1,1,1,1,0,1
0.06460468,1,0,1,1,0,1
0.064606,1,1,1,1,0,1
0.06460816,1,0,1,1,0,1
0.06460916,1,1,1,1,0,1
0.06461432,1,0,1,1,0,1
0.06461568,1,1,1,1,0,1
0.06461784,1,0,1,1,0,1
0.06461884,1,1,1,1,0,1
0.064624,1,0,1,1,0,1
0.06462532,1,1,1,1,0,1
0.06462748,1,0,1,1,0,1
0.06462848,1,1,1,1,0,1
0.06463364,1,0,1,1,0,1
0.064635,1,1,1,1,0,1
0.06463716,1,0,1,1,0,1
0.06463832,1,1,1,1,0,1
0.06464348,1,0,1,1,0,1
0.06464464,1,1,1,1,0,1
0.06464684,1,0,1,1,0,1
0.064648,1,1,1,1,0,1
0.06465316,1,0,1,1,0,1
0.06465448,1,1,1,1,0,1
0.06465664,1,0,1,1,0,1
0.06465764,1,1,1,1,0,1
0.06466284,1,0,1,1,0,1
0.06466416,1,1,1,1,0,1
0.06466632,1,0,1,1,0,1
0.06466732,1,1,1,1,0,1
0.06467248,1,0,1,1,0,1
0.06467384,1,1,1,1,0,1
0.064676,1,0,1,1,0,1
0.064677,1,1,1,1,0,1
0.06468216,1,0,1,1,0,1
0.06468348,1,1,1,1,0,1
0.06468564,1,0,1,1,0,1
0.06468684,1,1,1,1,0,1
0.064692,1,0,1,1,0,1
0.06469316,1,1,1,1,0,1
0.06469532,1,0,1,1,0,1
0.06469648,1,1,1,1,0,1
0.06470164,1,0,1,1,0,1
0.064703,1,1,1,1,0,1
0.06470516,1,0,1,1,0,1
0.06470616,1,1,1,1,0,1
0.06471132,1,0,1,1,0,1
0.06471264,1,1,1,1,0,1
0.0647148,1,0,1,1,0,1
0.0647158,1,1,1,1,0,1
0.064721,1,0,1,1,0,1
0.06472232,1,1,1,1,0,1
0.06472448,1,0,1,1,0,1
0.06472548,1,1,1,1,0,1
0.06473064,1,0,1,1,0,1
0.064732,1,1,1,1,0,1
0.06473416,1,0,1,1,0,1
0.06473516,1,1,1,1,0,1
0.06474032,1,0,1,1,0,1
0.06474164,1,1,1,1,0,1
0.0647438,1,0,1,1,0,1
0.064745,1,1,1,1,0,1
0.06475016,1,0,1,1,0,1
0.06475132,1,1,1,1,0,1
0.06475348,1,0,1,1,0,1
0.06475464,1,1,1,1,0,1
0.0647598,1,0,1,1,0,1
0.06476116,1,1,1,1,0,1
0.06476332,1,0,1,1,0,1
0.06476432,1,1,1,1,0,1
0.06476948,1,0,1,1,0,1
0.0647708,1,1,1,1,0,1
0.06477296,1,0,1,1,0,1
0.06477396,1,1,1,1,0,1
0.06477916,1,0,1,1,0,1
0.06478048,1,1,1,1,0,1
0.06478264,1,0,1,1,0,1
0.06478364,1,1,1,1,0,1
0.0647888,1,0,1,1,0,1
0.06479016,1,1,1,1,0,1
0.06479232,1,0,1,1,0,1
0.06479348,1,1,1,1,0,1
0.06479864,1,0,1,1,0,1
0.0647998,1,1,1,1,0,1
0.06480196,1,0,1,1,0,1
0.06480316,1,1,1,1,0,1
0.06480832,1,0,1,1,0,1
0.06480964,1,1,1,1,0,1
0.0648118,1,0,1,1,0,1
0.0648128,1,1,1,1,0,1
0.06481796,1,0,1,1,0,1
0.06481932,1,1,1,1,0,1
0.06482148,1,0,1,1,0,1
0.06482248,1,1,1,1,0,1
0.06482764,1,0,1,1,0,1
0.06482896,1,1,1,1,0,1
0.06483112,1,0,1,1,0,1
0.06483212,1,1,1,1,0,1
0.06483732,1,0,1,1,0,1
0.06483864,1,1,1,1,0,1
0.0648408,1,0,1,1,0,1
0.06484196,1,1,1,1,0,1
0.06484712,1,0,1,1,0,1
0.06484832,1,1,1,1,0,1
0.06485048,1,0,1,1,0,1
0.06485164,1,1,1,1,0,1
0.0648568,1,0,1,1,0,1
0.06485812,1,1,1,1,0,1
0.06486032,1,0,1,1,0,1
0.06486132,1,1,1,1,0,1
0.06486648,1,0,1,1,0,1
0.0648678,1,1,1,1,0,1
0.06486996,1,0,1,1,0,1
0.06487096,1,1,1,1,0,1
0.06487612,1,0,1,1,0,1
0.06487748,1,1,1,1,0,1
0.06487964,1,0,1,1,0,1
0.06488064,1,1,1,1,0,1
0.0648858,1,0,1,1,0,1
0.06488712,1,1,1,1,0,1
0.06488932,1,0,1,1,0,1
0.06489048,1,1,1,1,0,1
0.06489564,1,0,1,1,0,1
0.0648968,1,1,1,1,0,1
0.06489896,1,0,1,1,0,1
0.06490012,1,1,1,1,0,1
0.06490528,1,0,1,1,0,1
0.06490664,1,1,1,1,0,1
0.0649088,1,0,1,1,0,1
0.0649098,1,1,1,1,0,1
0.06491496,1,0,1,1,0,1
0.06491628,1,1,1,1,0,1
0.06491848,1,0,1,1,0,1
0.06491948,1,1,1,1,0,1
0.06492464,1,0,1,1,0,1
0.06492596,1,1,1,1,0,1
0.06492812,1,0,1,1,0,1
0.06492912,1,1,1,1,0,1
0.06493428,1,0,1,1,0,1
0.06493564,1,1,1,1,0,1
0.0649378,1,0,1,1,0,1
0.06493896,1,1,1,1,0,1
0.06494412,1,0,1,1,0,1
0.06494528,1,1,1,1,0,1
0.06494748,1,0,1,1,0,1
0.06494864,1,1,1,1,0,1
0.0649538,1,0,1,1,0,1
0.06495496,1,1,1,1,0,1
0.06495712,1,0,1,1,0,1
0.06495828,1,1,1,1,0,1
0.06496344,1,0,1,1,0,1
0.0649648,1,1,1,1,0,1
0.06496696,1,0,1,1,0,1
0.06496796,1,1,1,1,0,1
0.06497312,1,0,1,1,0,1
0.06497444,1,1,1,1,0,1
0.06497664,1,0,1,1,0,1
0.06497764,1,1,1,1,0,1
0.0649828,1,0,1,1,0,1
0.06498412,1,1,1,1,0,1
0.06498628,1,0,1,1,0,1
0.06498728,1,1,1,1,0,1
0.06499244,1,0,1,1,0,1
0.0649938,1,1,1,1,0,1
0.06499596,1,0,1,1,0,1
0.06499712,1,1,1,1,0,1
0.06500228,1,0,1,1,0,1
0.06500344,1,1,1,1,0,1
0.06500564,1,0,1,1,0,1
0.0650068,1,1,1,1,0,1
0.06501196,1,0,1,1,0,1
0.06501328,1,1,1,1,0,1
0.06501544,1,0,1,1,0,1
0.06501644,1,1,1,1,0,1
0.06502164,1,0,1,1,0,1
0.06502296,1,1,1,1,0,1
0.06502512,1,0,1,1,0,1
0.06502612,1,1,1,1,0,1
0.06503128,1,0,1,1,0,1
0.0650326,1,1,1,1,0,1
0.0650348,1,0,1,1,0,1
0.0650358,1,1,1,1,0,1
0.06504096,1,0,1,1,0,1
0.06504228,1,1,1,1,0,1
0.06504444,1,0,1,1,0,1
0.0650456,1,1,1,1,0,1
0.0650508,1,0,1,1,0,1
0.06505196,1,1,1,1,0,1
0.06505412,1,0,1,1,0,1
0.06505528,1,1,1,1,0,1
0.06506044,1,0,1,1,0,1
0.0650618,1,1,1,1,0,1
0.06506396,1,0,1,1,0,1
0.06506496,1,1,1,1,0,1
0.06507012,1,0,1,1,0,1
0.06507144,1,1,1,1,0,1
0.0650736,1,0,1,1,0,1
0.0650746,1,1,1,1,0,1
0.0650798,1,0,1,1,0,1
0.06508112,1,1,1,1,0,1
0.06508328,1,0,1,1,0,1
0.06508428,1,1,1,1,0,1
0.06508944,1,0,1,1,0,1
0.06509076,1,1,1,1,0,1
0.06509296,1,0,1,1,0,1
0.06509412,1,1,1,1,0,1
0.06509928,1,0,1,1,0,1
0.06510044,1,1,1,1,0,1
0.0651026,1,0,1,1,0,1
0.06510376,1,1,1,1,0,1
0.06510896,1,0,1,1,0,1
0.06511028,1,1,1,1,0,1
0.06511244,1,0,1,1,0,1
0.06511344,1,1,1,1,0,1
0.0651186,1,0,1,1,0,1
0.06511996,1,1,1,1,0,1
0.06512212,1,0,1,1,0,1
0.06512312,1,1,1,1,0,1
0.06512828,1,0,1,1,0,1
0.0651296,1,1,1,1,0,1
0.06513176,1,0,1,1,0,1
0.06513276,1,1,1,1,0,1
0.06513796,1,0,1,1,0,1
0.06513928,1,1,1,1,0,1
0.06514144,1,0,1,1,0,1
0.0651426,1,1,1,1,0,1
0.06514776,1,0,1,1,0,1
0.06514896,1,1,1,1,0,1
0.06515112,1,0,1,1,0,1
0.06515228,1,1,1,1,0,1
0.06515744,1,0,1,1,0,1
0.06515876,1,1,1,1,0,1
0.06516092,1,0,1,1,0,1
0.06516192,1,1,1,1,0,1
0.06516712,1,0,1,1,0,1
0.06516844,1,1,1,1,0,1
0.0651706,1,0,1,1,0,1
0.0651716,1,1,1,1,0,1
0.06517676,1,0,1,1,0,1
0.06517812,1,1,1,1,0,1
0.06518028,1,0,1,1,0,1
0.06518128,1,1,1,1,0,1
0.06518644,1,0,1,1,0,1
0.06518776,1,1,1,1,0,1
0.06518992,1,0,1,1,0,1
0.06519092,1,1,1,1,0,1
0.06519612,1,0,1,1,0,1
0.06519744,1,1,1,1,0,1
0.0651996,1,0,1,1,0,1
0.06520076,1,1,1,1,0,1
0.06520592,1,0,1,1,0,1
0.06520712,1,1,1,1,0,1
0.06520928,1,0,1,1,0,1
0.06521044,1,1,1,1,0,1
0.0652156,1,0,1,1,0,1
0.06521692,1,1,1,1,0,1
0.06521912,1,0,1,1,0,1
0.06522008,1,1,1,1,0,1
0.06522528,1,0,1,1,0,1
0.0652266,1,1,1,1,0,1
0.06522876,1,0,1,1,0,1
0.06522976,1,1,1,1,0,1
0.06523492,1,0,1,1,0,1
0.06523628,1,1,1,1,0,1
0.06523844,1,0,1,1,0,1
0.06523944,1,1,1,1,0,1
0.0652446,1,0,1,1,0,1
0.06524592,1,1,1,1,0,1
0.06524808,1,0,1,1,0,1
0.06524928,1,1,1,1,0,1
0.06525444,1,0,1,1,0,1
0.0652556,1,1,1,1,0,1
0.06525776,1,0,1,1,0,1
0.06525892,1,1,1,1,0,1
0.06526408,1,0,1,1,0,1
0.06526544,1,1,1,1,0,1
0.0652676,1,0,1,1,0,1
0.0652686,1,1,1,1,0,1
0.06527376,1,0,1,1,0,1
0.06527508,1,1,1,1,0,1
0.06527728,1,0,1,1,0,1
0.06527828,1,1,1,1,0,1
0.06528344,1,0,1,1,0,1
0.06528476,1,1,1,1,0,1
0.06528692,1,0,1,1,0,1
0.06528792,1,1,1,1,0,1
0.06529308,1,0,1,1,0,1
0.06529444,1,1,1,1,0,1
0.0652966,1,0,1,1,0,1
0.06529776,1,1,1,1,0,1
0.06530292,1,0,1,1,0,1
0.06530408,1,1,1,1,0,1
0.06530624,1,0,1,1,0,1
0.06530744,1,1,1,1,0,1
0.0653126,1,0,1,1,0,1
0.06531392,1,1,1,1,0,1
0.06531608,1,0,1,1,0,1
0.06531708,1,1,1,1,0,1
0.06532224,1,0,1,1,0,1
0.0653236,1,1,1,1,0,1
0.06532576,1,0,1,1,0,1
0.06532676,1,1,1,1,0,1
0.06533192,1,0,1,1,0,1
0.06533324,1,1,1,1,0,1
0.06533544,1,0,1,1,0,1
0.06533644,1,1,1,1,0,1
0.0653416,1,0,1,1,0,1
0.06534292,1,1,1,1,0,1
0.06534508,1,0,1,1,0,1
0.06534624,1,1,1,1,0,1
0.0653514,1,0,1,1,0,1
0.0653526,1,1,1,1,0,1
0.06535476,1,0,1,1,0,1
0.06535592,1,1,1,1,0,1
0.06536108,1,0,1,1,0,1
0.0653624,1,1,1,1,0,1
0.0653646,1,0,1,1,0,1
0.0653656,1,1,1,1,0,1
0.06537076,1,0,1,1,0,1
0.06537208,1,1,1,1,0,1
0.06537424,1,0,1,1,0,1
0.06537524,1,1,1,1,0,1
0.0653804,1,0,1,1,0,1
0.06538176,1,1,1,1,0,1
0.06538392,1,0,1,1,0,1
0.06538492,1,1,1,1,0,1
0.06539008,1,0,1,1,0,1
0.0653914,1,1,1,1,0,1
0.0653936,1,0,1,1,0,1
0.0653946,1,1,1,1,0,1
0.06539976,1,0,1,1,0,1
0.06540108,1,1,1,1,0,1
0.06540324,1,0,1,1,0,1
0.0654044,1,1,1,1,0,1
0.0654096,1,0,1,1,0,1
0.06541076,1,1,1,1,0,1
0.06541292,1,0,1,1,0,1
0.06541408,1,1,1,1,0,1
0.06541924,1,0,1,1,0,1
0.06542056,1,1,1,1,0,1
0.06542276,1,0,1,1,0,1
0.06542376,1,1,1,1,0,1
0.06542892,1,0,1,1,0,1
0.06543024,1,1,1,1,0,1
0.0654324,1,0,1,1,0,1
0.0654334,1,1,1,1,0,1
0.06543856,1,0,1,1,0,1
0.06543992,1,1,1,1,0,1
0.06544208,1,0,1,1,0,1
0.06544308,1,1,1,1,0,1
0.06544824,1,0,1,1,0,1
0.06544956,1,1,1,1,0,1
0.06545176,1,0,1,1,0,1
0.06545292,1,1,1,1,0,1
0.06545808,1,0,1,1,0,1
0.06545924,1,1,1,1,0,1
0.0654614,1,0,1,1,0,1
0.06546256,1,1,1,1,0,1
0.06546776,1,0,1,1,0,1
0.06546908,1,1,1,1,0,1
0.06547124,1,0,1,1,0,1
0.06547224,1,1,1,1,0,1
0.0654774,1,0,1,1,0,1
0.06547876,1,1,1,1,0,1
0.06548092,1,0,1,1,0,1
0.06548192,1,1,1,1,0,1
0.06548708,1,0,1,1,0,1
0.0654884,1,1,1,1,0,1
0.06549056,1,0,1,1,0,1
0.06549156,1,1,1,1,0,1
0.06549672,1,0,1,1,0,1
0.06549808,1,1,1,1,0,1
0.06550024,1,0,1,1,0,1
0.0655014,1,1,1,1,0,1
0.06550656,1,0,1,1,0,1
0.06550772,1,1,1,1,0,1
0.06550992,1,0,1,1,0,1
0.06551108,1,1,1,1,0,1
0.06551624,1,0,1,1,0,1
0.06551756,1,1,1,1,0,1
0.06551972,1,0,1,1,0,1
0.06552072,1,1,1,1,0,1
0.06552592,1,0,1,1,0,1
0.06552724,1,1,1,1,0,1
0.0655294,1,0,1,1,0,1
0.0655304,1,1,1,1,0,1
0.06553556,1,0,1,1,0,1
0.06553692,1,1,1,1,0,1
0.06553908,1,0,1,1,0,1
0.06554008,1,1,1,1,0,1
0.06554524,1,0,1,1,0,1
0.06554656,1,1,1,1,0,1
0.06554872,1,0,1,1,0,1
0.06554988,1,1,1,1,0,1
0.06555508,1,0,1,1,0,1
0.06555624,1,1,1,1,0,1
0.0655584,1,0,1,1,0,1
0.06555956,1,1,1,1,0,1
0.06556472,1,0,1,1,0,1
0.06556608,1,1,1,1,0,1
0.06556824,1,0,1,1,0,1
0.06556924,1,1,1,1,0,1
0.0655744,1,0,1,1,0,1
0.06557572,1,1,1,1,0,1
0.06557788,1,0,1,1,0,1
0.06557888,1,1,1,1,0,1
0.06558408,1,0,1,1,0,1
0.0655854,1,1,1,1,0,1
0.06558756,1,0,1,1,0,1
0.06558856,1,1,1,1,0,1
0.06559372,1,0,1,1,0,1
0.06559508,1,1,1,1,0,1
0.06559724,1,0,1,1,0,1
0.0655984,1,1,1,1,0,1
0.06560356,1,0,1,1,0,1
0.06560472,1,1,1,1,0,1
0.06560688,1,0,1,1,0,1
0.06560808,1,1,1,1,0,1
0.06561324,1,0,1,1,0,1
0.0656144,1,1,1,1,0,1
0.06561656,1,0,1,1,0,1
0.06561772,1,1,1,1,0,1
0.06562288,1,0,1,1,0,1
0.06562424,1,1,1,1,0,1
0.0656264,1,0,1,1,0,1
0.0656274,1,1,1,1,0,1
0.06563256,1,0,1,1,0,1
0.06563388,1,1,1,1,0,1
0.06563604,1,0,1,1,0,1
0.06563704,1,1,1,1,0,1
0.06564224,1,0,1,1,0,1
0.06564356,1,1,1,1,0,1
0.06564572,1,0,1,1,0,1
0.06564672,1,1,1,1,0,1
0.06565188,1,0,1,1,0,1
0.06565324,1,1,1,1,0,1
0.0656554,1,0,1,1,0,1
0.06565656,1,1,1,1,0,1
0.06566172,1,0,1,1,0,1
0.06566288,1,1,1,1,0,1
0.06566504,1,0,1,1,0,1
0.06566624,1,1,1,1,0,1
0.0656714,1,0,1,1,0,1
0.06567272,1,1,1,1,0,1
0.06567488,1,0,1,1,0,1
0.06567588,1,1,1,1,0,1
0.06568104,1,0,1,1,0,1
0.0656824,1,1,1,1,0,1
0.06568456,1,0,1,1,0,1
0.06568556,1,1,1,1,0,1
0.06569072,1,0,1,1,0,1
0.06569204,1,1,1,1,0,1
0.0656942,1,0,1,1,0,1
0.0656952,1,1,1,1,0,1
0.0657004,1,0,1,1,0,1
0.06570172,1,1,1,1,0,1
0.06570388,1,0,1,1,0,1
0.06570504,1,1,1,1,0,1
0.0657102,1,0,1,1,0,1
0.0657114,1,1,1,1,0,1
0.06571356,1,0,1,1,0,1
0.06571472,1,1,1,1,0,1
0.06571988,1,0,1,1,0,1
0.0657212,1,1,1,1,0,1
0.0657234,1,0,1,1,0,1
0.0657244,1,1,1,1,0,1
0.06572956,1,0,1,1,0,1
0.06573088,1,1,1,1,0,1
0.06573304,1,0,1,1,0,1
0.06573404,1,1,1,1,0,1
0.0657392,1,0,1,1,0,1
0.06574056,1,1,1,1,0,1
0.06574272,1,0,1,1,0,1
0.06574372,1,1,1,1,0,1
0.06574888,1,0,1,1,0,1
0.0657502,1,1,1,1,0,1
0.06575236,1,0,1,1,0,1
0.06575356,1,1,1,1,0,1
0.06575872,1,0,1,1,0,1
0.06575988,1,1,1,1,0,1
0.06576204,1,0,1,1,0,1
0.0657632,1,1,1,1,0,1
0.06576836,1,0,1,1,0,1
0.06576972,1,1,1,1,0,1
0.06577188,1,0,1,1,0,1
0.06577288,1,1,1,1,0,1
0.06577804,1,0,1,1,0,1
0.06577936,1,1,1,1,0,1
0.06578156,1,0,1,1,0,1
0.06578256,1,1,1,1,0,1
0.06578772,1,0,1,1,0,1
0.06578904,1,1,1,1,0,1
0.0657912,1,0,1,1,0,1
0.0657922,1,1,1,1,0,1
0.06579736,1,0,1,1,0,1
0.06579872,1,1,1,1,0,1
0.06580088,1,0,1,1,0,1
0.06580204,1,1,1,1,0,1
0.0658072,1,0,1,1,0,1
0.06580836,1,1,1,1,0,1
0.06581052,1,0,1,1,0,1
0.06581172,1,1,1,1,0,1
0.06581688,1,0,1,1,0,1
0.0658182,1,1,1,1,0,1
0.06582036,1,0,1,1,0,1
0.06582136,1,1,1,1,0,1
0.06582652,1,0,1,1,0,1
0.06582788,1,1,1,1,0,1
0.06583004,1,0,1,1,0,1
0.06583104,1,1,1,1,0,1
0.0658362,1,0,1,1,0,1
0.06583752,1,1,1,1,0,1
0.06583972,1,0,1,1,0,1
0.06584072,1,1,1,1,0,1
0.06584588,1,0,1,1,0,1
0.0658472,1,1,1,1,0,1
0.06584936,1,0,1,1,0,1
0.06585036,1,1,1,1,0,1
0.06585552,1,0,1,1,0,1
0.06585688,1,1,1,1,0,1
0.06585904,1,0,1,1,0,1
0.0658602,1,1,1,1,0,1
0.06586536,1,0,1,1,0,1
0.06586652,1,1,1,1,0,1
0.06586872,1,0,1,1,0,1
0.06586988,1,1,1,1,0,1
0.06587504,1,0,1,1,0,1
0.06587636,1,1,1,1,0,1
0.06587852,1,0,1,1,0,1
0.06587952,1,1,1,1,0,1
0.06588468,1,0,1,1,0,1
0.06588604,1,1,1,1,0,1
0.0658882,1,0,1,1,0,1
0.0658892,1,1,1,1,0,1
0.06589436,1,0,1,1,0,1
0.06589568,1,1,1,1,0,1
0.06589788,1,0,1,1,0,1
0.06589888,1,1,1,1,0,1
0.06590404,1,0,1,1,0,1
0.06590536,1,1,1,1,0,1
0.06590752,1,0,1,1,0,1
0.06590868,1,1,1,1,0,1
0.06591388,1,0,1,1,0,1
0.06591504,1,1,1,1,0,1
0.0659172,1,0,1,1,0,1
0.06591836,1,1,1,1,0,1
0.06592352,1,0,1,1,0,1
0.06592488,1,1,1,1,0,1
0.06592704,1,0,1,1,0,1
0.06592804,1,1,1,1,0,1
0.0659332,1,0,1,1,0,1
0.06593452,1,1,1,1,0,1
0.06593668,1,0,1,1,0,1
0.06593768,1,1,1,1,0,1
0.06594284,1,0,1,1,0,1
0.0659442,1,1,1,1,0,1
0.06594636,1,0,1,1,0,1
0.06594736,1,1,1,1,0,1
0.06595252,1,0,1,1,0,1
0.06595384,1,1,1,1,0,1
0.06595604,1,0,1,1,0,1
0.0659572,1,1,1,1,0,1
0.06596236,1,0,1,1,0,1
0.06596352,1,1,1,1,0,1
0.06596568,1,0,1,1,0,1
0.06596684,1,1,1,1,0,1
0.06597204,1,0,1,1,0,1
0.06597336,1,1,1,1,0,1
0.06597552,1,0,1,1,0,1
0.06597652,1,1,1,1,0,1
0.06598168,1,0,1,1,0,1
0.06598304,1,1,1,1,0,1
0.0659852,1,0,1,1,0,1
0.0659862,1,1,1,1,0,1
0.06599136,1,0,1,1,0,1
0.06599268,1,1,1,1,0,1
0.06599484,1,0,1,1,0,1
0.06599584,1,1,1,1,0,1
0.06600104,1,0,1,1,0,1
0.06600236,1,1,1,1,0,1
0.06600452,1,0,1,1,0,1
0.06600568,1,1,1,1,0,1
0.06601084,1,0,1,1,0,1
0.066012,1,1,1,1,0,1
0.0660142,1,0,1,1,0,1
0.06601536,1,1,1,1,0,1
0.06602052,1,0,1,1,0,1
0.06602184,1,1,1,1,0,1
0.066024,1,0,1,1,0,1
0.066025,1,1,1,1,0,1
0.0660302,1,0,1,1,0,1
0.06603152,1,1,1,1,0,1
0.06603368,1,0,1,1,0,1
0.06603468,1,1,1,1,0,1
0.06603984,1,0,1,1,0,1
0.0660412,1,1,1,1,0,1
0.06604336,1,0,1,1,0,1
0.06604436,1,1,1,1,0,1
0.06604952,1,0,1,1,0,1
0.06605084,1,1,1,1,0,1
0.066053,1,0,1,1,0,1
0.066054,1,1,1,1,0,1
0.0660592,1,0,1,1,0,1
0.06606052,1,1,1,1,0,1
0.06606268,1,0,1,1,0,1
0.06606384,1,1,1,1,0,1
0.066069,1,0,1,1,0,1
0.06607016,1,1,1,1,0,1
0.06607236,1,0,1,1,0,1
0.06607352,1,1,1,1,0,1
0.06607868,1,0,1,1,0,1
0.06608,1,1,1,1,0,1
0.06608216,1,0,1,1,0,1
0.06608316,1,1,1,1,0,1
0.06608836,1,0,1,1,0,1
0.06608968,1,1,1,1,0,1
0.06609184,1,0,1,1,0,1
0.06609284,1,1,1,1,0,1
0.066098,1,0,1,1,0,1
0.06609936,1,1,1,1,0,1
0.06610152,1,0,1,1,0,1
0.06610252,1,1,1,1,0,1
0.06610768,1,0,1,1,0,1
0.066109,1,1,1,1,0,1
0.06611116,1,0,1,1,0,1
0.06611236,1,1,1,1,0,1
0.06611752,1,0,1,1,0,1
0.06611868,1,1,1,1,0,1
0.06612084,1,0,1,1,0,1
0.066122,1,1,1,1,0,1
0.06612716,1,0,1,1,0,1
0.06612852,1,1,1,1,0,1
0.06613068,1,0,1,1,0,1
0.06613168,1,1,1,1,0,1
0.06613684,1,0,1,1,0,1
0.06613816,1,1,1,1,0,1
0.06614032,1,0,1,1,0,1
0.06614132,1,1,1,1,0,1
0.06614652,1,0,1,1,0,1
0.06614784,1,1,1,1,0,1
0.06615,1,0,1,1,0,1
0.066151,1,1,1,1,0,1
0.06615616,1,0,1,1,0,1
0.06615752,1,1,1,1,0,1
0.06615968,1,0,1,1,0,1
0.06616084,1,1,1,1,0,1
0.066166,1,0,1,1,0,1
0.06616716,1,1,1,1,0,1
0.06616932,1,0,1,1,0,1
0.06617052,1,1,1,1,0,1
0.06617568,1,0,1,1,0,1
0.066177,1,1,1,1,0,1
0.06617916,1,0,1,1,0,1
0.06618016,1,1,1,1,0,1
0.06618532,1,0,1,1,0,1
0.06618668,1,1,1,1,0,1
0.06618884,1,0,1,1,0,1
0.06618984,1,1,1,1,0,1
0.066195,1,0,1,1,0,1
0.06619632,1,1,1,1,0,1
0.06619852,1,0,1,1,0,1
0.06619948,1,1,1,1,0,1
0.06620468,1,0,1,1,0,1
0.066206,1,1,1,1,0,1
0.06620816,1,0,1,1,0,1
0.06620932,1,1,1,1,0,1
0.06621448,1,0,1,1,0,1
0.06621568,1,1,1,1,0,1
0.06621784,1,0,1,1,0,1
0.066219,1,1,1,1,0,1
0.06622416,1,0,1,1,0,1
0.06622548,1,1,1,1,0,1
0.06622768,1,0,1,1,0,1
0.06622868,1,1,1,1,0,1
0.06623384,1,0,1,1,0,1
0.06623516,1,1,1,1,0,1
0.06623732,1,0,1,1,0,1
0.06623832,1,1,1,1,0,1
0.06624348,1,0,1,1,0,1
0.06624484,1,1,1,1,0,1
0.066247,1,0,1,1,0,1
0.066248,1,1,1,1,0,1
0.06625316,1,0,1,1,0,1
0.06625448,1,1,1,1,0,1
0.06625668,1,0,1,1,0,1
0.06625768,1,1,1,1,0,1
0.06626284,1,0,1,1,0,1
0.06626416,1,1,1,1,0,1
0.06626632,1,0,1,1,0,1
0.06626748,1,1,1,1,0,1
0.06627264,1,0,1,1,0,1
0.06627384,1,1,1,1,0,1
0.066276,1,0,1,1,0,1
0.06627716,1,1,1,1,0,1
0.06628232,1,0,1,1,0,1
0.06628364,1,1,1,1,0,1
0.06628584,1,0,1,1,0,1
0.06628684,1,1,1,1,0,1
0.066292,1,0,1,1,0,1
0.06629332,1,1,1,1,0,1
0.06629548,1,0,1,1,0,1
0.06629648,1,1,1,1,0,1
0.06630164,1,0,1,1,0,1
0.066303,1,1,1,1,0,1
0.06630516,1,0,1,1,0,1
0.06630616,1,1,1,1,0,1
0.06631132,1,0,1,1,0,1
0.06631264,1,1,1,1,0,1
0.06631484,1,0,1,1,0,1
0.066316,1,1,1,1,0,1
0.06632116,1,0,1,1,0,1
0.06632232,1,1,1,1,0,1
0.06632448,1,0,1,1,0,1
0.06632564,1,1,1,1,0,1
0.06633084,1,0,1,1,0,1
0.06633216,1,1,1,1,0,1
0.06633432,1,0,1,1,0,1
0.06633532,1,1,1,1,0,1
0.06634048,1,0,1,1,0,1
0.0663418,1,1,1,1,0,1
0.066344,1,0,1,1,0,1
0.066345,1,1,1,1,0,1
0.06635016,1,0,1,1,0,1
0.06635148,1,1,1,1,0,1
0.06635364,1,0,1,1,0,1
0.06635464,1,1,1,1,0,1
0.0663598,1,0,1,1,0,1
0.06636116,1,1,1,1,0,1
0.06636332,1,0,1,1,0,1
0.06636448,1,1,1,1,0,1
0.06636964,1,0,1,1,0,1
0.0663708,1,1,1,1,0,1
0.066373,1,0,1,1,0,1
0.06637416,1,1,1,1,0,1
0.06637932,1,0,1,1,0,1
0.06638064,1,1,1,1,0,1
0.0663828,1,0,1,1,0,1
0.0663838,1,1,1,1,0,1
0.066389,1,0,1,1,0,1
0.06639032,1,1,1,1,0,1
0.06639248,1,0,1,1,0,1
0.06639348,1,1,1,1,0,1
0.06639864,1,0,1,1,0,1
0.06639996,1,1,1,1,0,1
0.06640216,1,0,1,1,0,1
0.06640316,1,1,1,1,0,1
0.06640832,1,0,1,1,0,1
0.06640964,1,1,1,1,0,1
0.0664118,1,0,1,1,0,1
0.06641296,1,1,1,1,0,1
0.06641816,1,0,1,1,0,1
0.06641932,1,1,1,1,0,1
0.06642148,1,0,1,1,0,1
0.06642264,1,1,1,1,0,1
0.0664278,1,0,1,1,0,1
0.06642916,1,1,1,1,0,1
0.06643132,1,0,1,1,0,1
0.06643232,1,1,1,1,0,1
0.06643748,1,0,1,1,0,1
0.0664388,1,1,1,1,0,1
0.06644096,1,0,1,1,0,1
0.06644196,1,1,1,1,0,1
0.06644716,1,0,1,1,0,1
0.06644848,1,1,1,1,0,1
0.06645064,1,0,1,1,0,1
0.06645164,1,1,1,1,0,1
0.0664568,1,0,1,1,0,1
0.06645816,1,1,1,1,0,1
0.06646032,1,0,1,1,0,1
0.06646148,1,1,1,1,0,1
0.06646664,1,0,1,1,0,1
0.0664678,1,1,1,1,0,1
0.06646996,1,0,1,1,0,1
0.06647112,1,1,1,1,0,1
0.06647632,1,0,1,1,0,1
0.06647748,1,1,1,1,0,1
0.06647964,1,0,1,1,0,1
0.0664808,1,1,1,1,0,1
0.06648596,1,0,1,1,0,1
0.06648732,1,1,1,1,0,1
0.06648948,1,0,1,1,0,1
0.06649048,1,1,1,1,0,1
0.06649564,1,0,1,1,0,1
0.06649696,1,1,1,1,0,1
0.06649912,1,0,1,1,0,1
0.06650012,1,1,1,1,0,1
0.06650532,1,0,1,1,0,1
0.06650664,1,1,1,1,0,1
0.0665088,1,0,1,1,0,1
0.0665098,1,1,1,1,0,1
0.06651496,1,0,1,1,0,1
0.06651632,1,1,1,1,0,1
0.06651848,1,0,1,1,0,1
0.06651964,1,1,1,1,0,1
0.0665248,1,0,1,1,0,1
0.06652596,1,1,1,1,0,1
0.06652812,1,0,1,1,0,1
0.06652928,1,1,1,1,0,1
0.06653448,1,0,1,1,0,1
0.0665358,1,1,1,1,0,1
0.06653796,1,0,1,1,0,1
0.06653896,1,1,1,1,0,1
0.06654412,1,0,1,1,0,1
0.06654548,1,1,1,1,0,1
0.06654764,1,0,1,1,0,1
0.06654864,1,1,1,1,0,1
0.0665538,1,0,1,1,0,1
0.06655512,1,1,1,1,0,1
0.06655728,1,0,1,1,0,1
0.06655828,1,1,1,1,0,1
0.06656348,1,0,1,1,0,1
0.0665648,1,1,1,1,0,1
0.06656696,1,0,1,1,0,1
0.06656812,1,1,1,1,0,1
0.06657328,1,0,1,1,0,1
0.06657448,1,1,1,1,0,1
0.06657664,1,0,1,1,0,1
0.0665778,1,1,1,1,0,1
0.06658296,1,0,1,1,0,1
0.06658428,1,1,1,1,0,1
0.06658648,1,0,1,1,0,1
0.06658748,1,1,1,1,0,1
0.06659264,1,0,1,1,0,1
0.06659396,1,1,1,1,0,1
0.06659612,1,0,1,1,0,1
0.06659712,1,1,1,1,0,1
0.06660228,1,0,1,1,0,1
0.06660364,1,1,1,1,0,1
0.0666058,1,0,1,1,0,1
0.0666068,1,1,1,1,0,1
0.06661196,1,0,1,1,0,1
0.06661328,1,1,1,1,0,1
0.06661544,1,0,1,1,0,1
0.06661664,1,1,1,1,0,1
0.0666218,1,0,1,1,0,1
0.06662296,1,1,1,1,0,1
0.06662512,1,0,1,1,0,1
0.06662628,1,1,1,1,0,1
0.06663144,1,0,1,1,0,1
0.0666328,1,1,1,1,0,1
0.06663496,1,0,1,1,0,1
0.06663596,1,1,1,1,0,1
0.06664112,1,0,1,1,0,1
0.06664244,1,1,1,1,0,1
0.06664464,1,0,1,1,0,1
0.06664564,1,1,1,1,0,1
0.0666508,1,0,1,1,0,1
0.06665212,1,1,1,1,0,1
0.06665428,1,0,1,1,0,1
0.06665528,1,1,1,1,0,1
0.06666044,1,0,1,1,0,1
0.0666618,1,1,1,1,0,1
0.06666396,1,0,1,1,0,1
0.06666512,1,1,1,1,0,1
0.06667028,1,0,1,1,0,1
0.06667144,1,1,1,1,0,1
0.0666736,1,0,1,1,0,1
0.0666748,1,1,1,1,0,1
0.06667996,1,0,1,1,0,1
0.06668128,1,1,1,1,0,1
0.06668344,1,0,1,1,0,1
0.06668444,1,1,1,1,0,1
0.0666896,1,0,1,1,0,1
0.06669096,1,1,1,1,0,1
0.06669312,1,0,1,1,0,1
0.06669412,1,1,1,1,0,1
0.06669928,1,0,1,1,0,1
0.0667006,1,1,1,1,0,1
0.0667028,1,0,1,1,0,1
0.0667038,1,1,1,1,0,1
0.06670896,1,0,1,1,0,1
0.06671028,1,1,1,1,0,1
0.06671244,1,0,1,1,0,1
0.06671344,1,1,1,1,0,1
0.0667186,1,0,1,1,0,1
0.06671996,1,1,1,1,0,1
0.06672212,1,0,1,1,0,1
0.06672328,1,1,1,1,0,1
0.06672844,1,0,1,1,0,1
0.0667296,1,1,1,1,0,1
0.06673176,1,0,1,1,0,1
0.06673296,1,1,1,1,0,1
0.06673812,1,0,1,1,0,1
0.06673944,1,1,1,1,0,1
0.0667416,1,0,1,1,0,1
0.0667426,1,1,1,1,0,1
0.06674776,1,0,1,1,0,1
0.06674912,1,1,1,1,0,1
0.06675128,1,0,1,1,0,1
0.06675228,1,1,1,1,0,1
0.06675744,1,0,1,1,0,1
0.06675876,1,1,1,1,0,1
0.06676096,1,0,1,1,0,1
0.06676196,1,1,1,1,0,1
0.06676712,1,0,1,1,0,1
0.06676844,1,1,1,1,0,1
0.0667706,1,0,1,1,0,1
0.06677176,1,1,1,1,0,1
0.06677696,1,0,1,1,0,1
0.06677812,1,1,1,1,0,1
0.06678028,1,0,1,1,0,1
0.06678144,1,1,1,1,0,1
0.0667866,1,0,1,1,0,1
0.06678796,1,1,1,1,0,1
0.06679012,1,0,1,1,0,1
0.06679112,1,1,1,1,0,1
0.06679628,1,0,1,1,0,1
0.0667976,1,1,1,1,0,1
0.06679976,1,0,1,1,0,1
0.06680076,1,1,1,1,0,1
0.06680592,1,0,1,1,0,1
0.06680728,1,1,1,1,0,1
0.06680944,1,0,1,1,0,1
0.06681044,1,1,1,1,0,1
0.0668156,1,0,1,1,0,1
0.06681692,1,1,1,1,0,1
0.06681912,1,0,1,1,0,1
0.06682028,1,1,1,1,0,1
0.06682544,1,0,1,1,0,1
0.0668266,1,1,1,1,0,1
0.06682876,1,0,1,1,0,1
0.06682992,1,1,1,1,0,1
0.06683512,1,0,1,1,0,1
0.06683644,1,1,1,1,0,1
0.0668386,1,0,1,1,0,1
0.0668396,1,1,1,1,0,1
0.06684476,1,0,1,1,0,1
0.06684612,1,1,1,1,0,1
0.06684828,1,0,1,1,0,1
0.06684928,1,1,1,1,0,1
0.06685444,1,0,1,1,0,1
0.06685576,1,1,1,1,0,1
0.06685792,1,0,1,1,0,1
0.06685892,1,1,1,1,0,1
0.06686408,1,0,1,1,0,1
0.06686544,1,1,1,1,0,1
0.0668676,1,0,1,1,0,1
0.06686876,1,1,1,1,0,1
0.06687392,1,0,1,1,0,1
0.06687508,1,1,1,1,0,1
0.06687728,1,0,1,1,0,1
0.06687844,1,1,1,1,0,1
0.0668836,1,0,1,1,0,1
0.06688492,1,1,1,1,0,1
0.06688708,1,0,1,1,0,1
0.06688808,1,1,1,1,0,1
0.06689328,1,0,1,1,0,1
0.0668946,1,1,1,1,0,1
0.06689676,1,0,1,1,0,1
0.06689776,1,1,1,1,0,1
0.06690292,1,0,1,1,0,1
0.06690428,1,1,1,1,0,1
0.06690644,1,0,1,1,0,1
0.06690744,1,1,1,1,0,1
0.0669126,1,0,1,1,0,1
0.06691392,1,1,1,1,0,1
0.06691608,1,0,1,1,0,1
0.06691708,1,1,1,1,0,1
0.06692224,1,0,1,1,0,1
0.0669236,1,1,1,1,0,1
0.06692576,1,0,1,1,0,1
0.06692692,1,1,1,1,0,1
0.06693208,1,0,1,1,0,1
0.06693324,1,1,1,1,0,1
0.06693544,1,0,1,1,0,1
0.0669366,1,1,1,1,0,1
0.06694176,1,0,1,1,0,1
0.06694308,1,1,1,1,0,1
0.06694524,1,0,1,1,0,1
0.06694624,1,1,1,1,0,1
0.06695144,1,0,1,1,0,1
0.06695276,1,1,1,1,0,1
0.06695492,1,0,1,1,0,1
0.06695592,1,1,1,1,0,1
0.06696108,1,0,1,1,0,1
0.06696244,1,1,1,1,0,1
0.0669646,1,0,1,1,0,1
0.0669656,1,1,1,1,0,1
0.06697076,1,0,1,1,0,1
0.06697208,1,1,1,1,0,1
0.06697424,1,0,1,1,0,1
0.06697544,1,1,1,1,0,1
0.0669806,1,0,1,1,0,1
0.06698176,1,1,1,1,0,1
0.06698392,1,0,1,1,0,1
0.06698508,1,1,1,1,0,1
0.06699024,1,0,1,1,0,1
0.0669916,1,1,1,1,0,1
0.06699376,1,0,1,1,0,1
0.06699476,1,1,1,1,0,1
0.06699992,1,0,1,1,0,1
0.06700124,1,1,1,1,0,1
0.0670034,1,0,1,1,0,1
0.0670044,1,1,1,1,0,1
0.0670096,1,0,1,1,0,1
0.06701092,1,1,1,1,0,1
0.06701308,1,0,1,1,0,1
0.06701408,1,1,1,1,0,1
0.06701924,1,0,1,1,0,1
0.0670206,1,1,1,1,0,1
0.06702276,1,0,1,1,0,1
0.06702392,1,1,1,1,0,1
0.06702908,1,0,1,1,0,1
0.06703024,1,1,1,1,0,1
0.0670324,1,0,1,1,0,1
0.0670336,1,1,1,1,0,1
0.06703876,1,0,1,1,0,1
0.06704008,1,1,1,1,0,1
0.06704224,1,0,1,1,0,1
0.06704324,1,1,1,1,0,1
0.0670484,1,0,1,1,0,1
0.06704976,1,1,1,1,0,1
0.06705192,1,0,1,1,0,1
0.06705292,1,1,1,1,0,1
0.06705808,1,0,1,1,0,1
0.0670594,1,1,1,1,0,1
0.06706156,1,0,1,1,0,1
0.06706256,1,1,1,1,0,1
0.06706776,1,0,1,1,0,1
0.06706908,1,1,1,1,0,1
0.06707124,1,0,1,1,0,1
0.0670724,1,1,1,1,0,1
0.06707756,1,0,1,1,0,1
0.06707876,1,1,1,1,0,1
0.06708092,1,0,1,1,0,1
0.06708208,1,1,1,1,0,1
0.06708724,1,0,1,1,0,1
0.06708856,1,1,1,1,0,1
0.06709076,1,0,1,1,0,1
0.06709176,1,1,1,1,0,1
0.06709692,1,0,1,1,0,1
0.06709824,1,1,1,1,0,1
0.0671004,1,0,1,1,0,1
0.0671014,1,1,1,1,0,1
0.06710656,1,0,1,1,0,1
0.06710792,1,1,1,1,0,1
0.06711008,1,0,1,1,0,1
0.06711108,1,1,1,1,0,1
0.06711624,1,0,1,1,0,1
0.06711756,1,1,1,1,0,1
0.06711972,1,0,1,1,0,1
0.06712072,1,1,1,1,0,1
0.06712592,1,0,1,1,0,1
0.06712724,1,1,1,1,0,1
0.0671294,1,0,1,1,0,1
0.06713056,1,1,1,1,0,1
0.06713572,1,0,1,1,0,1
0.06713692,1,1,1,1,0,1
0.06713908,1,0,1,1,0,1
0.06714024,1,1,1,1,0,1
0.0671454,1,0,1,1,0,1
0.06714672,1,1,1,1,0,1
0.06714892,1,0,1,1,0,1
0.06714992,1,1,1,1,0,1
0.06715508,1,0,1,1,0,1
0.0671564,1,1,1,1,0,1
0.06715856,1,0,1,1,0,1
0.06715956,1,1,1,1,0,1
0.06716472,1,0,1,1,0,1
0.06716608,1,1,1,1,0,1
0.06716824,1,0,1,1,0,1
0.06716924,1,1,1,1,0,1
0.0671744,1,0,1,1,0,1
0.06717572,1,1,1,1,0,1
0.06717792,1,0,1,1,0,1
0.06717908,1,1,1,1,0,1
0.06718424,1,0,1,1,0,1
0.0671854,1,1,1,1,0,1
0.06718756,1,0,1,1,0,1
0.06718872,1,1,1,1,0,1
0.06719388,1,0,1,1,0,1
0.06719524,1,1,1,1,0,1
0.0671974,1,0,1,1,0,1
0.0671984,1,1,1,1,0,1
0.06720356,1,0,1,1,0,1
0.06720488,1,1,1,1,0,1
0.06720708,1,0,1,1,0,1
0.06720808,1,1,1,1,0,1
0.06721324,1,0,1,1,0,1
0.06721456,1,1,1,1,0,1
0.06721672,1,0,1,1,0,1
0.06721772,1,1,1,1,0,1
0.06722288,1,0,1,1,0,1
0.06722424,1,1,1,1,0,1
0.0672264,1,0,1,1,0,1
0.06722756,1,1,1,1,0,1
0.06723272,1,0,1,1,0,1
0.06723388,1,1,1,1,0,1
0.06723608,1,0,1,1,0,1
0.06723724,1,1,1,1,0,1
0.0672424,1,0,1,1,0,1
0.06724372,1,1,1,1,0,1
0.06724588,1,0,1,1,0,1
0.06724688,1,1,1,1,0,1
0.06725204,1,0,1,1,0,1
0.0672534,1,1,1,1,0,1
0.06725556,1,0,1,1,0,1
0.06725656,1,1,1,1,0,1
0.06726172,1,0,1,1,0,1
0.06726304,1,1,1,1,0,1
0.06726524,1,0,1,1,0,1
0.06726624,1,1,1,1,0,1
0.0672714,1,0,1,1,0,1
0.06727272,1,1,1,1,0,1
0.06727488,1,0,1,1,0,1
0.06727604,1,1,1,1,0,1
0.06728124,1,0,1,1,0,1
0.0672824,1,1,1,1,0,1
0.06728456,1,0,1,1,0,1
0.06728572,1,1,1,1,0,1
0.06729088,1,0,1,1,0,1
0.06729224,1,1,1,1,0,1
0.0672944,1,0,1,1,0,1
0.0672954,1,1,1,1,0,1
0.06730056,1,0,1,1,0,1
0.06730188,1,1,1,1,0,1
0.06730404,1,0,1,1,0,1
0.06730504,1,1,1,1,0,1
0.06731024,1,0,1,1,0,1
0.06731156,1,1,1,1,0,1
0.06731372,1,0,1,1,0,1
0.06731472,1,1,1,1,0,1
0.06731988,1,0,1,1,0,1
0.0673212,1,1,1,1,0,1
0.0673234,1,0,1,1,0,1
0.06732456,1,1,1,1,0,1
0.06732972,1,0,1,1,0,1
0.06733088,1,1,1,1,0,1
0.06733304,1,0,1,1,0,1
0.0673342,1,1,1,1,0,1
0.0673394,1,0,1,1,0,1
0.06734056,1,1,1,1,0,1
0.06734272,1,0,1,1,0,1
0.06734388,1,1,1,1,0,1
0.06734904,1,0,1,1,0,1
0.0673504,1,1,1,1,0,1
0.06735256,1,0,1,1,0,1
0.06735356,1,1,1,1,0,1
0.06735872,1,0,1,1,0,1
0.06736004,1,1,1,1,0,1
0.0673622,1,0,1,1,0,1
0.0673632,1,1,1,1,0,1
0.0673684,1,0,1,1,0,1
0.06736972,1,1,1,1,0,1
0.06737188,1,0,1,1,0,1
0.06737288,1,1,1,1,0,1
0.06737804,1,0,1,1,0,1
0.06737936,1,1,1,1,0,1
0.06738156,1,0,1,1,0,1
0.06738272,1,1,1,1,0,1
0.06738788,1,0,1,1,0,1
0.06738904,1,1,1,1,0,1
0.0673912,1,0,1,1,0,1
0.06739236,1,1,1,1,0,1
0.06739756,1,0,1,1,0,1
0.06739888,1,1,1,1,0,1
0.06740104,1,0,1,1,0,1
0.06740204,1,1,1,1,0,1
0.0674072,1,0,1,1,0,1
0.06740856,1,1,1,1,0,1
0.06741072,1,0,1,1,0,1
0.06741172,1,1,1,1,0,1
0.06741688,1,0,1,1,0,1
0.0674182,1,1,1,1,0,1
0.06742036,1,0,1,1,0,1
0.06742136,1,1,1,1,0,1
0.06742656,1,0,1,1,0,1
0.06742788,1,1,1,1,0,1
0.06743004,1,0,1,1,0,1
0.0674312,1,1,1,1,0,1
0.06743636,1,0,1,1,0,1
0.06743756,1,1,1,1,0,1
0.06743972,1,0,1,1,0,1
0.06744088,1,1,1,1,0,1
0.06744604,1,0,1,1,0,1
0.06744736,1,1,1,1,0,1
0.06744952,1,0,1,1,0,1
0.06745052,1,1,1,1,0,1
0.06745572,1,0,1,1,0,1
0.06745704,1,1,1,1,0,1
0.0674592,1,0,1,1,0,1
0.0674602,1,1,1,1,0,1
0.06746536,1,0,1,1,0,1
0.06746672,1,1,1,1,0,1
0.06746888,1,0,1,1,0,1
0.06746988,1,1,1,1,0,1
0.06747504,1,0,1,1,0,1
0.06747636,1,1,1,1,0,1
0.06747852,1,0,1,1,0,1
0.06747972,1,1,1,1,0,1
0.06748488,1,0,1,1,0,1
0.06748604,1,1,1,1,0,1
0.0674882,1,0,1,1,0,1
0.06748936,1,1,1,1,0,1
0.06749452,1,0,1,1,0,1
0.06749588,1,1,1,1,0,1
0.06749804,1,0,1,1,0,1
0.06749904,1,1,1,1,0,1
0.0675042,1,0,1,1,0,1
0.06750552,1,1,1,1,0,1
0.06750772,1,0,1,1,0,1
0.06750868,1,1,1,1,0,1
0.06751388,1,0,1,1,0,1
0.0675152,1,1,1,1,0,1
0.06751736,1,0,1,1,0,1
0.06751836,1,1,1,1,0,1
0.06752352,1,0,1,1,0,1
0.06752488,1,1,1,1,0,1
0.06752704,1,0,1,1,0,1
0.0675282,1,1,1,1,0,1
0.06753336,1,0,1,1,0,1
0.06753452,1,1,1,1,0,1
0.06753668,1,0,1,1,0,1
0.06753788,1,1,1,1,0,1
0.06754304,1,0,1,1,0,1
0.06754436,1,1,1,1,0,1
0.06754652,1,0,1,1,0,1
0.06754752,1,1,1,1,0,1
0.06755268,1,0,1,1,0,1
0.06755404,1,1,1,1,0,1
0.0675562,1,0,1,1,0,1
0.0675572,1,1,1,1,0,1
0.06756236,1,0,1,1,0,1
0.06756368,1,1,1,1,0,1
0.06756588,1,0,1,1,0,1
0.06756688,1,1,1,1,0,1
0.06757204,1,0,1,1,0,1
0.06757336,1,1,1,1,0,1
0.06757552,1,0,1,1,0,1
0.06757652,1,1,1,1,0,1
0.06758168,1,0,1,1,0,1
0.06758304,1,1,1,1,0,1
0.0675852,1,0,1,1,0,1
0.06758636,1,1,1,1,0,1
0.06759152,1,0,1,1,0,1
0.06759268,1,1,1,1,0,1
0.06759484,1,0,1,1,0,1
0.06759604,1,1,1,1,0,1
0.0676012,1,0,1,1,0,1
0.06760252,1,1,1,1,0,1
0.06760468,1,0,1,1,0,1
0.06760568,1,1,1,1,0,1
0.06761084,1,0,1,1,0,1
0.0676122,1,1,1,1,0,1
0.06761436,1,0,1,1,0,1
0.06761536,1,1,1,1,0,1
0.06762052,1,0,1,1,0,1
0.06762184,1,1,1,1,0,1
0.06762404,1,0,1,1,0,1
0.06762504,1,1,1,1,0,1
0.0676302,1,0,1,1,0,1
0.06763152,1,1,1,1,0,1
0.06763368,1,0,1,1,0,1
0.06763484,1,1,1,1,0,1
0.06764004,1,0,1,1,0,1
0.0676412,1,1,1,1,0,1
0.06764336,1,0,1,1,0,1
0.06764452,1,1,1,1,0,1
0.06764968,1,0,1,1,0,1
0.067651,1,1,1,1,0,1
0.0676532,1,0,1,1,0,1
0.0676542,1,1,1,1,0,1
0.06765936,1,0,1,1,0,1
0.06766068,1,1,1,1,0,1
0.06766284,1,0,1,1,0,1
0.06766384,1,1,1,1,0,1
0.067669,1,0,1,1,0,1
0.06767036,1,1,1,1,0,1
0.06767252,1,0,1,1,0,1
0.06767352,1,1,1,1,0,1
0.06767868,1,0,1,1,0,1
0.06768,1,1,1,1,0,1
0.0676822,1,0,1,1,0,1
0.06768336,1,1,1,1,0,1
0.06768852,1,0,1,1,0,1
0.06768968,1,1,1,1,0,1
0.06769184,1,0,1,1,0,1
0.067693,1,1,1,1,0,1
0.0676982,1,0,1,1,0,1
0.06769952,1,1,1,1,0,1
0.06770168,1,0,1,1,0,1
0.06770268,1,1,1,1,0,1
0.06770784,1,0,1,1,0,1
0.06770916,1,1,1,1,0,1
0.06771136,1,0,1,1,0,1
0.06771236,1,1,1,1,0,1
0.06771752,1,0,1,1,0,1
0.06771884,1,1,1,1,0,1
0.067721,1,0,1,1,0,1
0.067722,1,1,1,1,0,1
0.06772716,1,0,1,1,0,1
0.06772852,1,1,1,1,0,1
0.06773068,1,0,1,1,0,1
0.06773184,1,1,1,1,0,1
0.067737,1,0,1,1,0,1
0.06773816,1,1,1,1,0,1
0.06774036,1,0,1,1,0,1
0.06774152,1,1,1,1,0,1
0.06774668,1,0,1,1,0,1
0.067748,1,1,1,1,0,1
0.06775016,1,0,1,1,0,1
0.06775116,1,1,1,1,0,1
0.06775636,1,0,1,1,0,1
0.06775768,1,1,1,1,0,1
0.06775984,1,0,1,1,0,1
0.06776084,1,1,1,1,0,1
0.067766,1,0,1,1,0,1
0.06776736,1,1,1,1,0,1
0.06776952,1,0,1,1,0,1
0.06777052,1,1,1,1,0,1
0.06777568,1,0,1,1,0,1
0.067777,1,1,1,1,0,1
0.06777916,1,0,1,1,0,1
0.06778016,1,1,1,1,0,1
0.06778532,1,0,1,1,0,1
0.06778668,1,1,1,1,0,1
0.06778884,1,0,1,1,0,1
0.06779,1,1,1,1,0,1
0.06779516,1,0,1,1,0,1
0.06779632,1,1,1,1,0,1
0.06779852,1,0,1,1,0,1
0.06779968,1,1,1,1,0,1
0.06780484,1,0,1,1,0,1
0.06780616,1,1,1,1,0,1
0.06780832,1,0,1,1,0,1
0.06780932,1,1,1,1,0,1
0.06781452,1,0,1,1,0,1
0.06781584,1,1,1,1,0,1
0.067818,1,0,1,1,0,1
0.067819,1,1,1,1,0,1
0.06782416,1,0,1,1,0,1
0.06782552,1,1,1,1,0,1
0.06782768,1,0,1,1,0,1
0.06782868,1,1,1,1,0,1
0.06783384,1,0,1,1,0,1
0.06783516,1,1,1,1,0,1
0.06783732,1,0,1,1,0,1
0.06783848,1,1,1,1,0,1
0.06784368,1,0,1,1,0,1
0.06784484,1,1,1,1,0,1
0.067847,1,0,1,1,0,1
0.06784816,1,1,1,1,0,1
0.06785332,1,0,1,1,0,1
0.06785468,1,1,1,1,0,1
0.06785684,1,0,1,1,0,1
0.06785784,1,1,1,1,0,1
0.067863,1,0,1,1,0,1
0.06786432,1,1,1,1,0,1
0.06786648,1,0,1,1,0,1
0.06786748,1,1,1,1,0,1
0.06787268,1,0,1,1,0,1
0.067874,1,1,1,1,0,1
0.06787616,1,0,1,1,0,1
0.06787716,1,1,1,1,0,1
0.06788232,1,0,1,1,0,1
0.06788368,1,1,1,1,0,1
0.06788584,1,0,1,1,0,1
0.067887,1,1,1,1,0,1
0.06789216,1,0,1,1,0,1
0.06789332,1,1,1,1,0,1
0.06789548,1,0,1,1,0,1
0.06789668,1,1,1,1,0,1
0.06790184,1,0,1,1,0,1
0.06790316,1,1,1,1,0,1
0.06790532,1,0,1,1,0,1
0.06790632,1,1,1,1,0,1
0.06791148,1,0,1,1,0,1
0.06791284,1,1,1,1,0,1
0.067915,1,0,1,1,0,1
0.067916,1,1,1,1,0,1
0.06792116,1,0,1,1,0,1
0.06792248,1,1,1,1,0,1
0.06792464,1,0,1,1,0,1
0.06792564,1,1,1,1,0,1
0.06793084,1,0,1,1,0,1
0.06793216,1,1,1,1,0,1
0.06793432,1,0,1,1,0,1
0.06793548,1,1,1,1,0,1
0.06794064,1,0,1,1,0,1
0.06794184,1,1,1,1,0,1
0.067944,1,0,1,1,0,1
0.06794516,1,1,1,1,0,1
0.06795032,1,0,1,1,0,1
0.06795164,1,1,1,1,0,1
0.06795384,1,0,1,1,0,1
0.06795484,1,1,1,1,0,1
0.06796,1,0,1,1,0,1
0.06796132,1,1,1,1,0,1
0.06796348,1,0,1,1,0,1
0.06796448,1,1,1,1,0,1
0.06796964,1,0,1,1,0,1
0.067971,1,1,1,1,0,1
0.06797316,1,0,1,1,0,1
0.06797416,1,1,1,1,0,1
0.06797932,1,0,1,1,0,1
0.06798064,1,1,1,1,0,1
0.0679828,1,0,1,1,0,1
0.0679838,1,1,1,1,0,1
0.067989,1,0,1,1,0,1
0.06799032,1,1,1,1,0,1
0.06799248,1,0,1,1,0,1
0.06799364,1,1,1,1,0,1
0.0679988,1,0,1,1,0,1
0.068,1,1,1,1,0,1
0.06800216,1,0,1,1,0,1
0.06800332,1,1,1,1,0,1
0.06800848,1,0,1,1,0,1
0.0680098,1,1,1,1,0,1
0.068012,1,0,1,1,0,1
0.068013,1,1,1,1,0,1
0.06801816,1,0,1,1,0,1
0.06801948,1,1,1,1,0,1
0.06802164,1,0,1,1,0,1
0.06802264,1,1,1,1,0,1
0.0680278,1,0,1,1,0,1
0.06802916,1,1,1,1,0,1
0.06803132,1,0,1,1,0,1
0.06803232,1,1,1,1,0,1
0.06803748,1,0,1,1,0,1
0.0680388,1,1,1,1,0,1
0.06804096,1,0,1,1,0,1
0.06804216,1,1,1,1,0,1
0.06804732,1,0,1,1,0,1
0.06804848,1,1,1,1,0,1
0.06805064,1,0,1,1,0,1
0.0680518,1,1,1,1,0,1
0.06805696,1,0,1,1,0,1
0.06805832,1,1,1,1,0,1
0.06806048,1,0,1,1,0,1
0.06806148,1,1,1,1,0,1
0.06806664,1,0,1,1,0,1
0.06806796,1,1,1,1,0,1
0.06807016,1,0,1,1,0,1
0.06807116,1,1,1,1,0,1
0.06807632,1,0,1,1,0,1
0.06807764,1,1,1,1,0,1
0.0680798,1,0,1,1,0,1
0.0680808,1,1,1,1,0,1
0.06808596,1,0,1,1,0,1
0.06808732,1,1,1,1,0,1
0.06808948,1,0,1,1,0,1
0.06809064,1,1,1,1,0,1
0.0680958,1,0,1,1,0,1
0.06809696,1,1,1,1,0,1
0.06809916,1,0,1,1,0,1
0.06810032,1,1,1,1,0,1
0.06810548,1,0,1,1,0,1
0.0681068,1,1,1,1,0,1
0.06810896,1,0,1,1,0,1
0.06810996,1,1,1,1,0,1
0.06811512,1,0,1,1,0,1
0.06811648,1,1,1,1,0,1
0.06811864,1,0,1,1,0,1
0.06811964,1,1,1,1,0,1
0.0681248,1,0,1,1,0,1
0.06812612,1,1,1,1,0,1
0.06812832,1,0,1,1,0,1
0.06812932,1,1,1,1,0,1
0.06813448,1,0,1,1,0,1
0.0681358,1,1,1,1,0,1
0.06813796,1,0,1,1,0,1
0.06813912,1,1,1,1,0,1
0.06814432,1,0,1,1,0,1
0.06814548,1,1,1,1,0,1
0.06814764,1,0,1,1,0,1
0.0681488,1,1,1,1,0,1
0.06815396,1,0,1,1,0,1
0.06815532,1,1,1,1,0,1
0.06815748,1,0,1,1,0,1
0.06815848,1,1,1,1,0,1
0.06816364,1,0,1,1,0,1
0.06816496,1,1,1,1,0,1
0.06816712,1,0,1,1,0,1
0.06816812,1,1,1,1,0,1
0.06817328,1,0,1,1,0,1
0.06817464,1,1,1,1,0,1
0.0681768,1,0,1,1,0,1
0.0681778,1,1,1,1,0,1
0.06818296,1,0,1,1,0,1
0.06818428,1,1,1,1,0,1
0.06818648,1,0,1,1,0,1
0.06818764,1,1,1,1,0,1
0.0681928,1,0,1,1,0,1
0.06819396,1,1,1,1,0,1
0.06819612,1,0,1,1,0,1
0.06819728,1,1,1,1,0,1
0.06820248,1,0,1,1,0,1
0.06820364,1,1,1,1,0,1
0.0682058,1,0,1,1,0,1
0.06820696,1,1,1,1,0,1
0.06821212,1,0,1,1,0,1
0.06821348,1,1,1,1,0,1
0.06821564,1,0,1,1,0,1
0.06821664,1,1,1,1,0,1
0.0682218,1,0,1,1,0,1
0.06822312,1,1,1,1,0,1
0.06822528,1,0,1,1,0,1
0.06822628,1,1,1,1,0,1
0.06823144,1,0,1,1,0,1
0.0682328,1,1,1,1,0,1
0.06823496,1,0,1,1,0,1
0.06823596,1,1,1,1,0,1
0.06824112,1,0,1,1,0,1
0.06824244,1,1,1,1,0,1
0.06824464,1,0,1,1,0,1
0.0682458,1,1,1,1,0,1
0.06825096,1,0,1,1,0,1
0.06825212,1,1,1,1,0,1
0.06825428,1,0,1,1,0,1
0.06825544,1,1,1,1,0,1
0.06826064,1,0,1,1,0,1
0.06826196,1,1,1,1,0,1
0.06826412,1,0,1,1,0,1
0.06826512,1,1,1,1,0,1
0.06827028,1,0,1,1,0,1
0.06827164,1,1,1,1,0,1
0.0682738,1,0,1,1,0,1
0.0682748,1,1,1,1,0,1
0.06827996,1,0,1,1,0,1
0.06828128,1,1,1,1,0,1
0.06828344,1,0,1,1,0,1
0.06828444,1,1,1,1,0,1
0.06828964,1,0,1,1,0,1
0.06829096,1,1,1,1,0,1
0.06829312,1,0,1,1,0,1
0.06829428,1,1,1,1,0,1
0.06829944,1,0,1,1,0,1
0.0683006,1,1,1,1,0,1
0.0683028,1,0,1,1,0,1
0.06830396,1,1,1,1,0,1
0.06830912,1,0,1,1,0,1
0.06831044,1,1,1,1,0,1
0.0683126,1,0,1,1,0,1
0.0683136,1,1,1,1,0,1
0.0683188,1,0,1,1,0,1
0.06832012,1,1,1,1,0,1
0.06832228,1,0,1,1,0,1
0.06832328,1,1,1,1,0,1
0.06832844,1,0,1,1,0,1
0.0683298,1,1,1,1,0,1
0.06833196,1,0,1,1,0,1
0.06833296,1,1,1,1,0,1
0.06833812,1,0,1,1,0,1
0.06833944,1,1,1,1,0,1
0.0683416,1,0,1,1,0,1
0.0683428,1,1,1,1,0,1
0.06834796,1,0,1,1,0,1
0.06834912,1,1,1,1,0,1
0.06835128,1,0,1,1,0,1
0.06835244,1,1,1,1,0,1
0.0683576,1,0,1,1,0,1
0.06835896,1,1,1,1,0,1
0.06836112,1,0,1,1,0,1
0.06836212,1,1,1,1,0,1
0.06836728,1,0,1,1,0,1
0.0683686,1,1,1,1,0,1
0.06837076,1,0,1,1,0,1
0.06837176,1,1,1,1,0,1
0.06837696,1,0,1,1,0,1
0.06837828,1,1,1,1,0,1
0.06838044,1,0,1,1,0,1
0.06838144,1,1,1,1,0,1
0.0683866,1,0,1,1,0,1
0.06838796,1,1,1,1,0,1
0.06839012,1,0,1,1,0,1
0.06839128,1,1,1,1,0,1
0.06839644,1,0,1,1,0,1
0.0683976,1,1,1,1,0,1
0.06839976,1,0,1,1,0,1
0.06840096,1,1,1,1,0,1
0.06840612,1,0,1,1,0,1
0.06840744,1,1,1,1,0,1
0.0684096,1,0,1,1,0,1
0.0684106,1,1,1,1,0,1
0.06841576,1,0,1,1,0,1
0.06841712,1,1,1,1,0,1
0.06841928,1,0,1,1,0,1
0.06842028,1,1,1,1,0,1
0.06842544,1,0,1,1,0,1
0.06842676,1,1,1,1,0,1
0.06842892,1,0,1,1,0,1
0.06842992,1,1,1,1,0,1
0.06843512,1,0,1,1,0,1
0.06843644,1,1,1,1,0,1
0.0684386,1,0,1,1,0,1
0.0684396,1,1,1,1,0,1
0.06844476,1,0,1,1,0,1
0.06844612,1,1,1,1,0,1
0.06844828,1,0,1,1,0,1
0.06844944,1,1,1,1,0,1
0.0684546,1,0,1,1,0,1
0.06845576,1,1,1,1,0,1
0.06845792,1,0,1,1,0,1
0.06845912,1,1,1,1,0,1
0.06846428,1,0,1,1,0,1
0.0684656,1,1,1,1,0,1
0.06846776,1,0,1,1,0,1
0.06846876,1,1,1,1,0,1
0.06847392,1,0,1,1,0,1
0.06847528,1,1,1,1,0,1
0.06847744,1,0,1,1,0,1
0.06847844,1,1,1,1,0,1
0.0684836,1,0,1,1,0,1
0.06848492,1,1,1,1,0,1
0.06848712,1,0,1,1,0,1
0.06848808,1,1,1,1,0,1
0.06849328,1,0,1,1,0,1
0.0684946,1,1,1,1,0,1
0.06849676,1,0,1,1,0,1
0.06849792,1,1,1,1,0,1
0.06850308,1,0,1,1,0,1
0.06850428,1,1,1,1,0,1
0.06850644,1,0,1,1,0,1
0.0685076,1,1,1,1,0,1
0.06851276,1,0,1,1,0,1
0.06851408,1,1,1,1,0,1
0.06851628,1,0,1,1,0,1
0.06851728,1,1,1,1,0,1
0.06852244,1,0,1,1,0,1
0.06852376,1,1,1,1,0,1
0.06852592,1,0,1,1,0,1
0.06852692,1,1,1,1,0,1
0.06853208,1,0,1,1,0,1
0.06853344,1,1,1,1,0,1
0.0685356,1,0,1,1,0,1
0.0685366,1,1,1,1,0,1
0.06854176,1,0,1,1,0,1
0.06854308,1,1,1,1,0,1
0.06854528,1,0,1,1,0,1
0.06854644,1,1,1,1,0,1
0.0685516,1,0,1,1,0,1
0.06855276,1,1,1,1,0,1
0.06855492,1,0,1,1,0,1
0.06855608,1,1,1,1,0,1
0.06856124,1,0,1,1,0,1
0.0685626,1,1,1,1,0,1
0.06856476,1,0,1,1,0,1
0.06856576,1,1,1,1,0,1
0.06857092,1,0,1,1,0,1
0.06857224,1,1,1,1,0,1
0.06857444,1,0,1,1,0,1
0.06857544,1,1,1,1,0,1
0.0685806,1,0,1,1,0,1
0.06858192,1,1,1,1,0,1
0.06858408,1,0,1,1,0,1
0.06858508,1,1,1,1,0,1
0.06859024,1,0,1,1,0,1
0.0685916,1,1,1,1,0,1
0.06859376,1,0,1,1,0,1
0.06859492,1,1,1,1,0,1
0.06860008,1,0,1,1,0,1
0.06860124,1,1,1,1,0,1
0.06860344,1,0,1,1,0,1
0.0686046,1,1,1,1,0,1
0.06860976,1,0,1,1,0,1
0.06861108,1,1,1,1,0,1
0.06861324,1,0,1,1,0,1
0.06861424,1,1,1,1,0,1
0.06861944,1,0,1,1,0,1
0.06862076,1,1,1,1,0,1
0.06862292,1,0,1,1,0,1
0.06862392,1,1,1,1,0,1
0.06862908,1,0,1,1,0,1
0.0686304,1,1,1,1,0,1
0.0686326,1,0,1,1,0,1
0.0686336,1,1,1,1,0,1
0.06863876,1,0,1,1,0,1
0.06864008,1,1,1,1,0,1
0.06864224,1,0,1,1,0,1
0.06864324,1,1,1,1,0,1
0.0686484,1,0,1,1,0,1
0.06864976,1,1,1,1,0,1
0.06865192,1,0,1,1,0,1
0.06865308,1,1,1,1,0,1
0.06865824,1,0,1,1,0,1
0.0686594,1,1,1,1,0,1
0.0686616,1,0,1,1,0,1
0.06866276,1,1,1,1,0,1
0.06866792,1,0,1,1,0,1
0.06866924,1,1,1,1,0,1
0.0686714,1,0,1,1,0,1
0.0686724,1,1,1,1,0,1
0.0686776,1,0,1,1,0,1
0.06867892,1,1,1,1,0,1
0.06868108,1,0,1,1,0,1
0.06868208,1,1,1,1,0,1
0.06868724,1,0,1,1,0,1
0.06868856,1,1,1,1,0,1
0.06869076,1,0,1,1,0,1
0.06869176,1,1,1,1,0,1
0.06869692,1,0,1,1,0,1
0.06869824,1,1,1,1,0,1
0.0687004,1,0,1,1,0,1
0.06870156,1,1,1,1,0,1
0.06870676,1,0,1,1,0,1
0.06870792,1,1,1,1,0,1
0.06871008,1,0,1,1,0,1
0.06871124,1,1,1,1,0,1
0.0687164,1,0,1,1,0,1
0.06871776,1,1,1,1,0,1
0.06871992,1,0,1,1,0,1
0.06872092,1,1,1,1,0,1
0.06872608,1,0,1,1,0,1
0.0687274,1,1,1,1,0,1
0.06872956,1,0,1,1,0,1
0.06873056,1,1,1,1,0,1
0.06873576,1,0,1,1,0,1
0.06873708,1,1,1,1,0,1
0.06873924,1,0,1,1,0,1
0.06874024,1,1,1,1,0,1
0.0687454,1,0,1,1,0,1
0.06874676,1,1,1,1,0,1
0.06874892,1,0,1,1,0,1
0.06875008,1,1,1,1,0,1
0.06875524,1,0,1,1,0,1
0.0687564,1,1,1,1,0,1
0.06875856,1,0,1,1,0,1
0.06875972,1,1,1,1,0,1
0.06876492,1,0,1,1,0,1
0.06876624,1,1,1,1,0,1
0.0687684,1,0,1,1,0,1
0.0687694,1,1,1,1,0,1
0.06877456,1,0,1,1,0,1
0.06877592,1,1,1,1,0,1
0.06877808,1,0,1,1,0,1
0.06877908,1,1,1,1,0,1
0.06878424,1,0,1,1,0,1
0.06878556,1,1,1,1,0,1
0.06878772,1,0,1,1,0,1
0.06878872,1,1,1,1,0,1
0.06879392,1,0,1,1,0,1
0.06879524,1,1,1,1,0,1
0.0687974,1,0,1,1,0,1
0.06879856,1,1,1,1,0,1
0.06880372,1,0,1,1,0,1
0.06880492,1,1,1,1,0,1
0.06880708,1,0,1,1,0,1
0.06880824,1,1,1,1,0,1
0.0688134,1,0,1,1,0,1
0.06881472,1,1,1,1,0,1
0.06881692,1,0,1,1,0,1
0.06881788,1,1,1,1,0,1
0.06882308,1,0,1,1,0,1
0.0688244,1,1,1,1,0,1
0.06882656,1,0,1,1,0,1
0.06882756,1,1,1,1,0,1
0.06883272,1,0,1,1,0,1
0.06883408,1,1,1,1,0,1
0.06883624,1,0,1,1,0,1
0.06883724,1,1,1,1,0,1
0.0688424,1,0,1,1,0,1
0.06884372,1,1,1,1,0,1
0.06884588,1,0,1,1,0,1
0.06884708,1,1,1,1,0,1
0.06885224,1,0,1,1,0,1
0.0688534,1,1,1,1,0,1
0.06885556,1,0,1,1,0,1
0.06885672,1,1,1,1,0,1
0.06886188,1,0,1,1,0,1
0.06886308,1,1,1,1,0,1
0.06886524,1,0,1,1,0,1
0.0688664,1,1,1,1,0,1
0.06887156,1,0,1,1,0,1
0.06887288,1,1,1,1,0,1
0.06887508,1,0,1,1,0,1
0.06887608,1,1,1,1,0,1
0.06888124,1,0,1,1,0,1
0.06888256,1,1,1,1,0,1
0.06888472,1,0,1,1,0,1
0.06888572,1,1,1,1,0,1
0.06889088,1,0,1,1,0,1
0.06889224,1,1,1,1,0,1
0.0688944,1,0,1,1,0,1
0.0688954,1,1,1,1,0,1
0.06890056,1,0,1,1,0,1
0.06890188,1,1,1,1,0,1
0.06890404,1,0,1,1,0,1
0.06890524,1,1,1,1,0,1
0.0689104,1,0,1,1,0,1
0.06891156,1,1,1,1,0,1
0.06891372,1,0,1,1,0,1
0.06891488,1,1,1,1,0,1
0.06892004,1,0,1,1,0,1
0.0689214,1,1,1,1,0,1
0.06892356,1,0,1,1,0,1
0.06892456,1,1,1,1,0,1
0.06892972,1,0,1,1,0,1
0.06893104,1,1,1,1,0,1
0.06893324,1,0,1,1,0,1
0.06893424,1,1,1,1,0,1
0.0689394,1,0,1,1,0,1
0.06894072,1,1,1,1,0,1
0.06894288,1,0,1,1,0,1
0.06894388,1,1,1,1,0,1
0.06894904,1,0,1,1,0,1
0.0689504,1,1,1,1,0,1
0.06895256,1,0,1,1,0,1
0.06895372,1,1,1,1,0,1
0.06895888,1,0,1,1,0,1
0.06896004,1,1,1,1,0,1
0.0689622,1,0,1,1,0,1
0.0689634,1,1,1,1,0,1
0.06896856,1,0,1,1,0,1
0.06896988,1,1,1,1,0,1
0.06897204,1,0,1,1,0,1
0.06897304,1,1,1,1,0,1
0.0689782,1,0,1,1,0,1
0.06897956,1,1,1,1,0,1
0.06898172,1,0,1,1,0,1
0.06898272,1,1,1,1,0,1
0.06898788,1,0,1,1,0,1
0.0689892,1,1,1,1,0,1
0.0689914,1,0,1,1,0,1
0.0689924,1,1,1,1,0,1
0.06899756,1,0,1,1,0,1
0.06899888,1,1,1,1,0,1
0.06900104,1,0,1,1,0,1
0.0690022,1,1,1,1,0,1
0.0690074,1,0,1,1,0,1
0.06900856,1,1,1,1,0,1
0.06901072,1,0,1,1,0,1
0.06901188,1,1,1,1,0,1
0.06901704,1,0,1,1,0,1
0.06901836,1,1,1,1,0,1
0.06902056,1,0,1,1,0,1
0.06902156,1,1,1,1,0,1
0.06902672,1,0,1,1,0,1
0.06902804,1,1,1,1,0,1
0.0690302,1,0,1,1,0,1
0.0690312,1,1,1,1,0,1
0.06903636,1,0,1,1,0,1
0.06903772,1,1,1,1,0,1
0.06903988,1,0,1,1,0,1
0.06904088,1,1,1,1,0,1
0.06904604,1,0,1,1,0,1
0.06904736,1,1,1,1,0,1
0.06904956,1,0,1,1,0,1
0.06905072,1,1,1,1,0,1
0.06905588,1,0,1,1,0,1
0.06905704,1,1,1,1,0,1
0.0690592,1,0,1,1,0,1
0.06906036,1,1,1,1,0,1
0.06906556,1,0,1,1,0,1
0.06906688,1,1,1,1,0,1
0.06906904,1,0,1,1,0,1
0.06907004,1,1,1,1,0,1
0.0690752,1,0,1,1,0,1
0.06907656,1,1,1,1,0,1
0.06907872,1,0,1,1,0,1
0.06907972,1,1,1,1,0,1
0.06908488,1,0,1,1,0,1
0.0690862,1,1,1,1,0,1
0.06908836,1,0,1,1,0,1
0.06908936,1,1,1,1,0,1
0.06909452,1,0,1,1,0,1
0.06909588,1,1,1,1,0,1
0.06909804,1,0,1,1,0,1
0.06909904,1,1,1,1,0,1
0.0691042,1,0,1,1,0,1
0.06910552,1,1,1,1,0,1
0.06910772,1,0,1,1,0,1
0.06910888,1,1,1,1,0,1
0.06911404,1,0,1,1,0,1
0.0691152,1,1,1,1,0,1
0.06911736,1,0,1,1,0,1
0.06911852,1,1,1,1,0,1
0.06912372,1,0,1,1,0,1
0.06912504,1,1,1,1,0,1
0.0691272,1,0,1,1,0,1
0.0691282,1,1,1,1,0,1
0.06913336,1,0,1,1,0,1
0.06913472,1,1,1,1,0,1
0.06913688,1,0,1,1,0,1
0.06913788,1,1,1,1,0,1
0.06914304,1,0,1,1,0,1
0.06914436,1,1,1,1,0,1
0.06914652,1,0,1,1,0,1
0.06914752,1,1,1,1,0,1
0.06915268,1,0,1,1,0,1
0.06915404,1,1,1,1,0,1
0.0691562,1,0,1,1,0,1
0.06915736,1,1,1,1,0,1
0.06916252,1,0,1,1,0,1
0.06916368,1,1,1,1,0,1
0.06916588,1,0,1,1,0,1
0.06916704,1,1,1,1,0,1
0.0691722,1,0,1,1,0,1
0.06917352,1,1,1,1,0,1
0.06917568,1,0,1,1,0,1
0.06917668,1,1,1,1,0,1
0.06918188,1,0,1,1,0,1
0.0691832,1,1,1,1,0,1
0.06918536,1,0,1,1,0,1
0.06918636,1,1,1,1,0,1
0.06919152,1,0,1,1,0,1
0.06919288,1,1,1,1,0,1
0.06919504,1,0,1,1,0,1
0.06919604,1,1,1,1,0,1
0.0692012,1,0,1,1,0,1
0.06920252,1,1,1,1,0,1
0.06920468,1,0,1,1,0,1
0.06920584,1,1,1,1,0,1
0.06921104,1,0,1,1,0,1
0.0692122,1,1,1,1,0,1
0.06921436,1,0,1,1,0,1
0.06921552,1,1,1,1,0,1
0.06922068,1,0,1,1,0,1
0.06922204,1,1,1,1,0,1
0.0692242,1,0,1,1,0,1
0.0692252,1,1,1,1,0,1
0.06923036,1,0,1,1,0,1
0.06923168,1,1,1,1,0,1
0.06923384,1,0,1,1,0,1
0.06923484,1,1,1,1,0,1
0.06924004,1,0,1,1,0,1
0.06924136,1,1,1,1,0,1
0.06924352,1,0,1,1,0,1
0.06924452,1,1,1,1,0,1
0.06924968,1,0,1,1,0,1
0.06925104,1,1,1,1,0,1
0.0692532,1,0,1,1,0,1
0.06925436,1,1,1,1,0,1
0.06925952,1,0,1,1,0,1
0.06926068,1,1,1,1,0,1
0.06926284,1,0,1,1,0,1
0.06926404,1,1,1,1,0,1
0.0692692,1,0,1,1,0,1
0.06927052,1,1,1,1,0,1
0.06927268,1,0,1,1,0,1
0.06927368,1,1,1,1,0,1
0.06927884,1,0,1,1,0,1
0.0692802,1,1,1,1,0,1
0.06928236,1,0,1,1,0,1
0.06928336,1,1,1,1,0,1
0.06928852,1,0,1,1,0,1
0.06928984,1,1,1,1,0,1
0.069292,1,0,1,1,0,1
0.069293,1,1,1,1,0,1
0.0692982,1,0,1,1,0,1
0.06929952,1,1,1,1,0,1
0.06930168,1,0,1,1,0,1
0.06930268,1,1,1,1,0,1
0.06930784,1,0,1,1,0,1
0.0693092,1,1,1,1,0,1
0.06931136,1,0,1,1,0,1
0.06931252,1,1,1,1,0,1
0.06931768,1,0,1,1,0,1
0.06931884,1,1,1,1,0,1
0.069321,1,0,1,1,0,1
0.0693222,1,1,1,1,0,1
0.06932736,1,0,1,1,0,1
0.06932868,1,1,1,1,0,1
0.06933084,1,0,1,1,0,1
0.06933184,1,1,1,1,0,1
0.069337,1,0,1,1,0,1
0.06933836,1,1,1,1,0,1
0.06934052,1,0,1,1,0,1
0.06934152,1,1,1,1,0,1
0.06934668,1,0,1,1,0,1
0.069348,1,1,1,1,0,1
0.06935016,1,0,1,1,0,1
0.06935116,1,1,1,1,0,1
0.06935636,1,0,1,1,0,1
0.06935768,1,1,1,1,0,1
0.06935984,1,0,1,1,0,1
0.069361,1,1,1,1,0,1
0.06936616,1,0,1,1,0,1
0.06936736,1,1,1,1,0,1
0.06936952,1,0,1,1,0,1
0.06937068,1,1,1,1,0,1
0.06937584,1,0,1,1,0,1
0.06937716,1,1,1,1,0,1
0.06937936,1,0,1,1,0,1
0.06938036,1,1,1,1,0,1
0.06938552,1,0,1,1,0,1
0.06938684,1,1,1,1,0,1
0.069389,1,0,1,1,0,1
0.06939,1,1,1,1,0,1
0.06939516,1,0,1,1,0,1
0.06939652,1,1,1,1,0,1
0.06939868,1,0,1,1,0,1
0.06939968,1,1,1,1,0,1
0.06940484,1,0,1,1,0,1
0.06940616,1,1,1,1,0,1
0.06940832,1,0,1,1,0,1
0.06940952,1,1,1,1,0,1
0.06941468,1,0,1,1,0,1
0.06941584,1,1,1,1,0,1
0.069418,1,0,1,1,0,1
0.06941916,1,1,1,1,0,1
0.06942432,1,0,1,1,0,1
0.06942568,1,1,1,1,0,1
0.06942784,1,0,1,1,0,1
0.06942884,1,1,1,1,0,1
0.069434,1,0,1,1,0,1
0.06943532,1,1,1,1,0,1
0.06943752,1,0,1,1,0,1
0.06943852,1,1,1,1,0,1
0.06944368,1,0,1,1,0,1
0.069445,1,1,1,1,0,1
0.06944716,1,0,1,1,0,1
0.06944816,1,1,1,1,0,1
0.06945332,1,0,1,1,0,1
0.06945468,1,1,1,1,0,1
0.06945684,1,0,1,1,0,1
0.069458,1,1,1,1,0,1
0.06946316,1,0,1,1,0,1
0.06946432,1,1,1,1,0,1
0.06946652,1,0,1,1,0,1
0.06946768,1,1,1,1,0,1
0.06947284,1,0,1,1,0,1
0.06947416,1,1,1,1,0,1
0.06947632,1,0,1,1,0,1
0.06947732,1,1,1,1,0,1
0.06948248,1,0,1,1,0,1
0.06948384,1,1,1,1,0,1
0.069486,1,0,1,1,0,1
0.069487,1,1,1,1,0,1
0.06949216,1,0,1,1,0,1
0.06949348,1,1,1,1,0,1
0.06949568,1,0,1,1,0,1
0.06949668,1,1,1,1,0,1
0.06950184,1,0,1,1,0,1
0.06950316,1,1,1,1,0,1
0.06950532,1,0,1,1,0,1
0.06950632,1,1,1,1,0,1
0.06951148,1,0,1,1,0,1
0.06951284,1,1,1,1,0,1
0.069515,1,0,1,1,0,1
0.06951616,1,1,1,1,0,1
0.06952132,1,0,1,1,0,1
0.06952248,1,1,1,1,0,1
0.06952468,1,0,1,1,0,1
0.06952584,1,1,1,1,0,1
0.069531,1,0,1,1,0,1
0.06953232,1,1,1,1,0,1
0.06953448,1,0,1,1,0,1
0.06953548,1,1,1,1,0,1
0.06954064,1,0,1,1,0,1
0.069542,1,1,1,1,0,1
0.06954416,1,0,1,1,0,1
0.06954516,1,1,1,1,0,1
0.06955032,1,0,1,1,0,1
0.06955164,1,1,1,1,0,1
0.06955384,1,0,1,1,0,1
0.06955484,1,1,1,1,0,1
0.06956,1,0,1,1,0,1
0.06956132,1,1,1,1,0,1
0.06956348,1,0,1,1,0,1
0.06956464,1,1,1,1,0,1
0.06956984,1,0,1,1,0,1
0.069571,1,1,1,1,0,1
0.06957316,1,0,1,1,0,1
0.06957432,1,1,1,1,0,1
0.06957948,1,0,1,1,0,1
0.06958084,1,1,1,1,0,1
0.069583,1,0,1,1,0,1
0.069584,1,1,1,1,0,1
0.06958916,1,0,1,1,0,1
0.06959048,1,1,1,1,0,1
0.06959264,1,0,1,1,0,1
0.06959364,1,1,1,1,0,1
0.06959884,1,0,1,1,0,1
0.06960016,1,1,1,1,0,1
0.06960232,1,0,1,1,0,1
0.06960332,1,1,1,1,0,1
0.06960848,1,0,1,1,0,1
0.0696098,1,1,1,1,0,1
0.069612,1,0,1,1,0,1
0.06961316,1,1,1,1,0,1
0.06961832,1,0,1,1,0,1
0.06961948,1,1,1,1,0,1
0.06962164,1,0,1,1,0,1
0.0696228,1,1,1,1,0,1
0.069628,1,0,1,1,0,1
0.06962932,1,1,1,1,0,1
0.06963148,1,0,1,1,0,1
0.06963248,1,1,1,1,0,1
0.06963764,1,0,1,1,0,1
0.069639,1,1,1,1,0,1
0.06964116,1,0,1,1,0,1
0.06964216,1,1,1,1,0,1
0.06964732,1,0,1,1,0,1
0.06964864,1,1,1,1,0,1
0.0696508,1,0,1,1,0,1
0.0696518,1,1,1,1,0,1
0.069657,1,0,1,1,0,1
0.06965832,1,1,1,1,0,1
0.06966048,1,0,1,1,0,1
0.06966164,1,1,1,1,0,1
0.0696668,1,0,1,1,0,1
0.06966796,1,1,1,1,0,1
0.06967016,1,0,1,1,0,1
0.06967132,1,1,1,1,0,1
0.06967648,1,0,1,1,0,1
0.0696778,1,1,1,1,0,1
0.06967996,1,0,1,1,0,1
0.06968096,1,1,1,1,0,1
0.06968616,1,0,1,1,0,1
0.06968748,1,1,1,1,0,1
0.06968964,1,0,1,1,0,1
0.06969064,1,1,1,1,0,1
0.0696958,1,0,1,1,0,1
0.06969716,1,1,1,1,0,1
0.06969932,1,0,1,1,0,1
0.06970032,1,1,1,1,0,1
0.06970548,1,0,1,1,0,1
0.0697068,1,1,1,1,0,1
0.06970896,1,0,1,1,0,1
0.06971016,1,1,1,1,0,1
0.06971532,1,0,1,1,0,1
0.06971648,1,1,1,1,0,1
0.06971864,1,0,1,1,0,1
0.0697198,1,1,1,1,0,1
0.06972496,1,0,1,1,0,1
0.06972616,1,1,1,1,0,1
0.06972832,1,0,1,1,0,1
0.06972948,1,1,1,1,0,1
0.06973464,1,0,1,1,0,1
0.06973596,1,1,1,1,0,1
0.06973812,1,0,1,1,0,1
0.06973912,1,1,1,1,0,1
0.06974432,1,0,1,1,0,1
0.06974564,1,1,1,1,0,1
0.0697478,1,0,1,1,0,1
0.0697488,1,1,1,1,0,1
0.06975396,1,0,1,1,0,1
0.06975532,1,1,1,1,0,1
0.06975748,1,0,1,1,0,1
0.06975848,1,1,1,1,0,1
0.06976364,1,0,1,1,0,1
0.06976496,1,1,1,1,0,1
0.06976712,1,0,1,1,0,1
0.06976832,1,1,1,1,0,1
0.06977348,1,0,1,1,0,1
0.06977464,1,1,1,1,0,1
0.0697768,1,0,1,1,0,1
0.06977796,1,1,1,1,0,1
0.06978312,1,0,1,1,0,1
0.06978448,1,1,1,1,0,1
0.06978664,1,0,1,1,0,1
0.06978764,1,1,1,1,0,1
0.0697928,1,0,1,1,0,1
0.06979412,1,1,1,1,0,1
0.06979632,1,0,1,1,0,1
0.06979728,1,1,1,1,0,1
0.06980248,1,0,1,1,0,1
0.0698038,1,1,1,1,0,1
0.06980596,1,0,1,1,0,1
0.06980696,1,1,1,1,0,1
0.06981212,1,0,1,1,0,1
0.06981348,1,1,1,1,0,1
0.06981564,1,0,1,1,0,1
0.0698168,1,1,1,1,0,1
0.06982196,1,0,1,1,0,1
0.06982312,1,1,1,1,0,1
0.06982528,1,0,1,1,0,1
0.06982648,1,1,1,1,0,1
0.06983164,1,0,1,1,0,1
0.06983296,1,1,1,1,0,1
0.06983512,1,0,1,1,0,1
0.06983612,1,1,1,1,0,1
0.06984128,1,0,1,1,0,1
0.06984264,1,1,1,1,0,1
0.0698448,1,0,1,1,0,1
0.0698458,1,1,1,1,0,1
0.06985096,1,0,1,1,0,1
0.06985228,1,1,1,1,0,1
0.06985448,1,0,1,1,0,1
0.06985548,1,1,1,1,0,1
0.06986064,1,0,1,1,0,1
0.06986196,1,1,1,1,0,1
0.06986412,1,0,1,1,0,1
0.06986528,1,1,1,1,0,1
0.06987044,1,0,1,1,0,1
0.06987164,1,1,1,1,0,1
0.0698738,1,0,1,1,0,1
0.06987496,1,1,1,1,0,1
0.06988012,1,0,1,1,0,1
0.06988144,1,1,1,1,0,1
0.06988364,1,0,1,1,0,1
0.06988464,1,1,1,1,0,1
0.0698898,1,0,1,1,0,1
0.06989112,1,1,1,1,0,1
0.06989328,1,0,1,1,0,1
0.06989428,1,1,1,1,0,1
0.06989944,1,0,1,1,0,1
0.0699008,1,1,1,1,0,1
0.06990296,1,0,1,1,0,1
0.06990396,1,1,1,1,0,1
0.06990912,1,0,1,1,0,1
0.06991044,1,1,1,1,0,1
0.06991264,1,0,1,1,0,1
0.0699138,1,1,1,1,0,1
0.06991896,1,0,1,1,0,1
0.06992012,1,1,1,1,0,1
0.06992228,1,0,1,1,0,1
0.06992344,1,1,1,1,0,1
0.0699286,1,0,1,1,0,1
0.06992996,1,1,1,1,0,1
0.06993212,1,0,1,1,0,1
0.06993312,1,1,1,1,0,1
0.06993828,1,0,1,1,0,1
0.0699396,1,1,1,1,0,1
0.0699418,1,0,1,1,0,1
0.0699428,1,1,1,1,0,1
0.06994796,1,0,1,1,0,1
0.06994928,1,1,1,1,0,1
0.06995144,1,0,1,1,0,1
0.06995244,1,1,1,1,0,1
0.0699576,1,0,1,1,0,1
0.06995896,1,1,1,1,0,1
0.06996112,1,0,1,1,0,1
0.06996212,1,1,1,1,0,1
0.06996728,1,0,1,1,0,1
0.0699686,1,1,1,1,0,1
0.0699708,1,0,1,1,0,1
0.06997196,1,1,1,1,0,1
0.06997712,1,0,1,1,0,1
0.06997828,1,1,1,1,0,1
0.06998044,1,0,1,1,0,1
0.0699816,1,1,1,1,0,1
0.0699868,1,0,1,1,0,1
0.06998812,1,1,1,1,0,1
0.06999028,1,0,1,1,0,1
0.06999128,1,1,1,1,0,1
0.06999644,1,0,1,1,0,1
0.06999776,1,1,1,1,0,1
0.06999996,1,0,1,1,0,1
0.07000096,1,1,1,1,0,1
0.07000612,1,0,1,1,0,1
0.07000744,1,1,1,1,0,1
0.0700096,1,0,1,1,0,1
0.0700106,1,1,1,1,0,1
0.07001576,1,0,1,1,0,1
0.07001712,1,1,1,1,0,1
0.07001928,1,0,1,1,0,1
0.07002044,1,1,1,1,0,1
0.0700256,1,0,1,1,0,1
0.07002676,1,1,1,1,0,1
0.07002896,1,0,1,1,0,1
0.07003012,1,1,1,1,0,1
0.07003528,1,0,1,1,0,1
0.0700366,1,1,1,1,0,1
0.07003876,1,0,1,1,0,1
0.07003976,1,1,1,1,0,1
0.07004496,1,0,1,1,0,1
0.07004628,1,1,1,1,0,1
0.07004844,1,0,1,1,0,1
0.07004944,1,1,1,1,0,1
0.0700546,1,0,1,1,0,1
0.07005596,1,1,1,1,0,1
0.07005812,1,0,1,1,0,1
0.07005912,1,1,1,1,0,1
0.07006428,1,0,1,1,0,1
0.0700656,1,1,1,1,0,1
0.07006776,1,0,1,1,0,1
0.07006892,1,1,1,1,0,1
0.07007412,1,0,1,1,0,1
0.07007528,1,1,1,1,0,1
0.07007744,1,0,1,1,0,1
0.0700786,1,1,1,1,0,1
0.07008376,1,0,1,1,0,1
0.07008512,1,1,1,1,0,1
0.07008728,1,0,1,1,0,1
0.07008828,1,1,1,1,0,1
0.07009344,1,0,1,1,0,1
0.07009476,1,1,1,1,0,1
0.07009692,1,0,1,1,0,1
0.07009792,1,1,1,1,0,1
0.07010312,1,0,1,1,0,1
0.07010444,1,1,1,1,0,1
0.0701066,1,0,1,1,0,1
0.0701076,1,1,1,1,0,1
0.07011276,1,0,1,1,0,1
0.07011412,1,1,1,1,0,1
0.07011628,1,0,1,1,0,1
0.07011744,1,1,1,1,0,1
0.0701226,1,0,1,1,0,1
0.07012376,1,1,1,1,0,1
0.07012592,1,0,1,1,0,1
0.07012708,1,1,1,1,0,1
0.07013228,1,0,1,1,0,1
0.0701336,1,1,1,1,0,1
0.07013576,1,0,1,1,0,1
0.07013676,1,1,1,1,0,1
0.07014192,1,0,1,1,0,1
0.07014328,1,1,1,1,0,1
0.07014544,1,0,1,1,0,1
0.07014644,1,1,1,1,0,1
0.0701516,1,0,1,1,0,1
0.07015292,1,1,1,1,0,1
0.07015508,1,0,1,1,0,1
0.07015608,1,1,1,1,0,1
0.07016128,1,0,1,1,0,1
0.0701626,1,1,1,1,0,1
0.07016476,1,0,1,1,0,1
0.07016576,1,1,1,1,0,1
0.07017092,1,0,1,1,0,1
0.07017228,1,1,1,1,0,1
0.07017444,1,0,1,1,0,1
0.0701756,1,1,1,1,0,1
0.07018076,1,0,1,1,0,1
0.07018192,1,1,1,1,0,1
0.07018408,1,0,1,1,0,1
0.07018524,1,1,1,1,0,1
0.07019044,1,0,1,1,0,1
0.07019176,1,1,1,1,0,1
0.07019392,1,0,1,1,0,1
0.07019492,1,1,1,1,0,1
0.07020008,1,0,1,1,0,1
0.07020144,1,1,1,1,0,1
0.0702036,1,0,1,1,0,1
0.0702046,1,1,1,1,0,1
0.07020976,1,0,1,1,0,1
0.07021108,1,1,1,1,0,1
0.07021324,1,0,1,1,0,1
0.07021424,1,1,1,1,0,1
0.07021944,1,0,1,1,0,1
0.07022076,1,1,1,1,0,1
0.07022292,1,0,1,1,0,1
0.07022408,1,1,1,1,0,1
0.07022924,1,0,1,1,0,1
0.07023044,1,1,1,1,0,1
0.0702326,1,0,1,1,0,1
0.07023376,1,1,1,1,0,1
0.07023892,1,0,1,1,0,1
0.07024024,1,1,1,1,0,1
0.07024244,1,0,1,1,0,1
0.07024344,1,1,1,1,0,1
0.0702486,1,0,1,1,0,1
0.07024992,1,1,1,1,0,1
0.07025208,1,0,1,1,0,1
0.07025308,1,1,1,1,0,1
0.07025824,1,0,1,1,0,1
0.0702596,1,1,1,1,0,1
0.07026176,1,0,1,1,0,1
0.07026276,1,1,1,1,0,1
0.07026792,1,0,1,1,0,1
0.07026924,1,1,1,1,0,1
0.0702714,1,0,1,1,0,1
0.0702726,1,1,1,1,0,1
0.07027776,1,0,1,1,0,1
0.07027892,1,1,1,1,0,1
0.07028108,1,0,1,1,0,1
0.07028224,1,1,1,1,0,1
0.0702874,1,0,1,1,0,1
0.07028876,1,1,1,1,0,1
0.07029092,1,0,1,1,0,1
0.07029192,1,1,1,1,0,1
0.07029708,1,0,1,1,0,1
0.0702984,1,1,1,1,0,1
0.0703006,1,0,1,1,0,1
0.0703016,1,1,1,1,0,1
0.07030676,1,0,1,1,0,1
0.07030808,1,1,1,1,0,1
0.07031024,1,0,1,1,0,1
0.07031124,1,1,1,1,0,1
0.0703164,1,0,1,1,0,1
0.07031776,1,1,1,1,0,1
0.07031992,1,0,1,1,0,1
0.07032108,1,1,1,1,0,1
0.07032624,1,0,1,1,0,1
0.0703274,1,1,1,1,0,1
0.07032956,1,0,1,1,0,1
0.07033076,1,1,1,1,0,1
0.07033592,1,0,1,1,0,1
0.07033724,1,1,1,1,0,1
0.0703394,1,0,1,1,0,1
0.0703404,1,1,1,1,0,1
0.07034556,1,0,1,1,0,1
0.07034692,1,1,1,1,0,1
0.07034908,1,0,1,1,0,1
0.07035008,1,1,1,1,0,1
0.07035524,1,0,1,1,0,1
0.07035656,1,1,1,1,0,1
0.07035876,1,0,1,1,0,1
0.07035976,1,1,1,1,0,1
0.07036492,1,0,1,1,0,1
0.07036624,1,1,1,1,0,1
0.0703684,1,0,1,1,0,1
0.0703694,1,1,1,1,0,1
0.07037456,1,0,1,1,0,1
0.07037592,1,1,1,1,0,1
0.07037808,1,0,1,1,0,1
0.07037924,1,1,1,1,0,1
0.0703844,1,0,1,1,0,1
0.07038556,1,1,1,1,0,1
0.07038772,1,0,1,1,0,1
0.07038892,1,1,1,1,0,1
0.07039408,1,0,1,1,0,1
0.0703954,1,1,1,1,0,1
0.07039756,1,0,1,1,0,1
0.07039856,1,1,1,1,0,1
0.07040372,1,0,1,1,0,1
0.07040508,1,1,1,1,0,1
0.07040724,1,0,1,1,0,1
0.07040824,1,1,1,1,0,1
0.0704134,1,0,1,1,0,1
0.07041472,1,1,1,1,0,1
0.07041692,1,0,1,1,0,1
0.07041792,1,1,1,1,0,1
0.07042308,1,0,1,1,0,1
0.0704244,1,1,1,1,0,1
0.07042656,1,0,1,1,0,1
0.07042772,1,1,1,1,0,1
0.07043292,1,0,1,1,0,1
0.07043408,1,1,1,1,0,1
0.07043624,1,0,1,1,0,1
0.0704374,1,1,1,1,0,1
0.07044256,1,0,1,1,0,1
0.07044392,1,1,1,1,0,1
0.07044608,1,0,1,1,0,1
0.07044708,1,1,1,1,0,1
0.07045224,1,0,1,1,0,1
0.07045356,1,1,1,1,0,1
0.07045572,1,0,1,1,0,1
0.07045672,1,1,1,1,0,1
0.07046188,1,0,1,1,0,1
0.07046324,1,1,1,1,0,1
0.0704654,1,0,1,1,0,1
0.0704664,1,1,1,1,0,1
0.07047156,1,0,1,1,0,1
0.07047288,1,1,1,1,0,1
0.07047508,1,0,1,1,0,1
0.07047624,1,1,1,1,0,1
0.0704814,1,0,1,1,0,1
0.07048256,1,1,1,1,0,1
0.07048472,1,0,1,1,0,1
0.07048588,1,1,1,1,0,1
0.07049108,1,0,1,1,0,1
0.0704924,1,1,1,1,0,1
0.07049456,1,0,1,1,0,1
0.07049556,1,1,1,1,0,1
0.07050072,1,0,1,1,0,1
0.07050208,1,1,1,1,0,1
0.07050424,1,0,1,1,0,1
0.07050524,1,1,1,1,0,1
0.0705104,1,0,1,1,0,1
0.07051172,1,1,1,1,0,1
0.07051388,1,0,1,1,0,1
0.07051488,1,1,1,1,0,1
0.07052004,1,0,1,1,0,1
0.0705214,1,1,1,1,0,1
0.07052356,1,0,1,1,0,1
0.07052472,1,1,1,1,0,1
0.07052988,1,0,1,1,0,1
0.07053104,1,1,1,1,0,1
0.07053324,1,0,1,1,0,1
0.0705344,1,1,1,1,0,1
0.07053956,1,0,1,1,0,1
0.07054088,1,1,1,1,0,1
0.07054304,1,0,1,1,0,1
0.07054404,1,1,1,1,0,1
0.07054924,1,0,1,1,0,1
0.07055056,1,1,1,1,0,1
0.07055272,1,0,1,1,0,1
0.07055372,1,1,1,1,0,1
0.07055888,1,0,1,1,0,1
0.07056024,1,1,1,1,0,1
0.0705624,1,0,1,1,0,1
0.0705634,1,1,1,1,0,1
0.07056856,1,0,1,1,0,1
0.07056988,1,1,1,1,0,1
0.07057204,1,0,1,1,0,1
0.07057324,1,1,1,1,0,1
0.0705784,1,0,1,1,0,1
0.07057956,1,1,1,1,0,1
0.07058172,1,0,1,1,0,1
0.07058288,1,1,1,1,0,1
0.07058804,1,0,1,1,0,1
0.0705894,1,1,1,1,0,1
0.07059156,1,0,1,1,0,1
0.07059256,1,1,1,1,0,1
0.07059772,1,0,1,1,0,1
0.07059904,1,1,1,1,0,1
0.0706012,1,0,1,1,0,1
0.0706022,1,1,1,1,0,1
0.0706074,1,0,1,1,0,1
0.07060872,1,1,1,1,0,1
0.07061088,1,0,1,1,0,1
0.07061188,1,1,1,1,0,1
0.07061704,1,0,1,1,0,1
0.0706184,1,1,1,1,0,1
0.07062056,1,0,1,1,0,1
0.07062156,1,1,1,1,0,1
0.07062672,1,0,1,1,0,1
0.07062804,1,1,1,1,0,1
0.0706302,1,0,1,1,0,1
0.0706314,1,1,1,1,0,1
0.07063656,1,0,1,1,0,1
0.07063772,1,1,1,1,0,1
0.07063988,1,0,1,1,0,1
0.07064104,1,1,1,1,0,1
0.0706462,1,0,1,1,0,1
0.07064756,1,1,1,1,0,1
0.07064972,1,0,1,1,0,1
0.07065072,1,1,1,1,0,1
0.07065588,1,0,1,1,0,1
0.0706572,1,1,1,1,0,1
0.07065936,1,0,1,1,0,1
0.07066036,1,1,1,1,0,1
0.07066556,1,0,1,1,0,1
0.07066688,1,1,1,1,0,1
0.07066904,1,0,1,1,0,1
0.07067004,1,1,1,1,0,1
0.0706752,1,0,1,1,0,1
0.07067656,1,1,1,1,0,1
0.07067872,1,0,1,1,0,1
0.07067988,1,1,1,1,0,1
0.07068504,1,0,1,1,0,1
0.0706862,1,1,1,1,0,1
0.07068836,1,0,1,1,0,1
0.07068956,1,1,1,1,0,1
0.07069472,1,0,1,1,0,1
0.07069604,1,1,1,1,0,1
0.0706982,1,0,1,1,0,1
0.0706992,1,1,1,1,0,1
0.07070436,1,0,1,1,0,1
0.07070572,1,1,1,1,0,1
0.07070788,1,0,1,1,0,1
0.07070888,1,1,1,1,0,1
0.07071404,1,0,1,1,0,1
0.07071536,1,1,1,1,0,1
0.07071752,1,0,1,1,0,1
0.07071852,1,1,1,1,0,1
0.07072372,1,0,1,1,0,1
0.07072504,1,1,1,1,0,1
0.0707272,1,0,1,1,0,1
0.07072836,1,1,1,1,0,1
0.07073352,1,0,1,1,0,1
0.07073472,1,1,1,1,0,1
0.07073688,1,0,1,1,0,1
0.07073804,1,1,1,1,0,1
0.0707432,1,0,1,1,0,1
0.07074452,1,1,1,1,0,1
0.07074672,1,0,1,1,0,1
0.07074772,1,1,1,1,0,1
0.07075288,1,0,1,1,0,1
0.0707542,1,1,1,1,0,1
0.07075636,1,0,1,1,0,1
0.07075736,1,1,1,1,0,1
0.07076252,1,0,1,1,0,1
0.07076388,1,1,1,1,0,1
0.07076604,1,0,1,1,0,1
0.07076704,1,1,1,1,0,1
0.0707722,1,0,1,1,0,1
0.07077352,1,1,1,1,0,1
0.07077572,1,0,1,1,0,1
0.07077688,1,1,1,1,0,1
0.07078204,1,0,1,1,0,1
0.0707832,1,1,1,1,0,1
0.07078536,1,0,1,1,0,1
0.07078652,1,1,1,1,0,1
0.07079168,1,0,1,1,0,1
0.07079304,1,1,1,1,0,1
0.0707952,1,0,1,1,0,1
0.0707962,1,1,1,1,0,1
0.07080136,1,0,1,1,0,1
0.07080268,1,1,1,1,0,1
0.07080488,1,0,1,1,0,1
0.07080588,1,1,1,1,0,1
0.07081104,1,0,1,1,0,1
0.07081236,1,1,1,1,0,1
0.07081452,1,0,1,1,0,1
0.07081552,1,1,1,1,0,1
0.07082068,1,0,1,1,0,1
0.07082204,1,1,1,1,0,1
0.0708242,1,0,1,1,0,1
0.0708252,1,1,1,1,0,1
0.07083036,1,0,1,1,0,1
0.07083168,1,1,1,1,0,1
0.07083388,1,0,1,1,0,1
0.07083504,1,1,1,1,0,1
0.0708402,1,0,1,1,0,1
0.07084136,1,1,1,1,0,1
0.07084352,1,0,1,1,0,1
0.07084468,1,1,1,1,0,1
0.07084984,1,0,1,1,0,1
0.0708512,1,1,1,1,0,1
0.07085336,1,0,1,1,0,1
0.07085436,1,1,1,1,0,1
0.07085952,1,0,1,1,0,1
0.07086084,1,1,1,1,0,1
0.07086304,1,0,1,1,0,1
0.07086404,1,1,1,1,0,1
0.0708692,1,0,1,1,0,1
0.07087052,1,1,1,1,0,1
0.07087268,1,0,1,1,0,1
0.07087368,1,1,1,1,0,1
0.07087884,1,0,1,1,0,1
0.0708802,1,1,1,1,0,1
0.07088236,1,0,1,1,0,1
0.07088352,1,1,1,1,0,1
0.07088868,1,0,1,1,0,1
0.07088984,1,1,1,1,0,1
0.07089204,1,0,1,1,0,1
0.0708932,1,1,1,1,0,1
0.07089836,1,0,1,1,0,1
0.07089968,1,1,1,1,0,1
0.07090184,1,0,1,1,0,1
0.07090284,1,1,1,1,0,1
0.07090804,1,0,1,1,0,1
0.07090936,1,1,1,1,0,1
0.07091152,1,0,1,1,0,1
0.07091252,1,1,1,1,0,1
0.07091768,1,0,1,1,0,1
0.070919,1,1,1,1,0,1
0.0709212,1,0,1,1,0,1
0.0709222,1,1,1,1,0,1
0.07092736,1,0,1,1,0,1
0.07092868,1,1,1,1,0,1
0.07093084,1,0,1,1,0,1
0.070932,1,1,1,1,0,1
0.0709372,1,0,1,1,0,1
0.07093836,1,1,1,1,0,1
0.07094052,1,0,1,1,0,1
0.07094168,1,1,1,1,0,1
0.07094684,1,0,1,1,0,1
0.0709482,1,1,1,1,0,1
0.07095036,1,0,1,1,0,1
0.07095136,1,1,1,1,0,1
0.07095652,1,0,1,1,0,1
0.07095784,1,1,1,1,0,1
0.07096,1,0,1,1,0,1
0.070961,1,1,1,1,0,1
0.0709662,1,0,1,1,0,1
0.07096752,1,1,1,1,0,1
0.07096968,1,0,1,1,0,1
0.07097068,1,1,1,1,0,1
0.07097584,1,0,1,1,0,1
0.07097716,1,1,1,1,0,1
0.07097936,1,0,1,1,0,1
0.07098052,1,1,1,1,0,1
0.07098568,1,0,1,1,0,1
0.07098684,1,1,1,1,0,1
0.070989,1,0,1,1,0,1
0.07099016,1,1,1,1,0,1
0.07099536,1,0,1,1,0,1
0.07099668,1,1,1,1,0,1
0.07099884,1,0,1,1,0,1
0.07099984,1,1,1,1,0,1
0.071005,1,0,1,1,0,1
0.07100636,1,1,1,1,0,1
0.07100852,1,0,1,1,0,1
0.07100952,1,1,1,1,0,1
0.07101468,1,0,1,1,0,1
0.071016,1,1,1,1,0,1
0.07101816,1,0,1,1,0,1
0.07101916,1,1,1,1,0,1
0.07102436,1,0,1,1,0,1
0.07102568,1,1,1,1,0,1
0.07102784,1,0,1,1,0,1
0.07102884,1,1,1,1,0,1
0.071034,1,0,1,1,0,1
0.07103536,1,1,1,1,0,1
0.07103752,1,0,1,1,0,1
0.07103868,1,1,1,1,0,1
0.07104384,1,0,1,1,0,1
0.071045,1,1,1,1,0,1
0.07104716,1,0,1,1,0,1
0.07104832,1,1,1,1,0,1
0.07105352,1,0,1,1,0,1
0.07105484,1,1,1,1,0,1
0.071057,1,0,1,1,0,1
0.071058,1,1,1,1,0,1
0.07106316,1,0,1,1,0,1
0.07106452,1,1,1,1,0,1
0.07106668,1,0,1,1,0,1
0.07106768,1,1,1,1,0,1
0.07107284,1,0,1,1,0,1
0.07107416,1,1,1,1,0,1
0.07107632,1,0,1,1,0,1
0.07107732,1,1,1,1,0,1
0.07108252,1,0,1,1,0,1
0.07108384,1,1,1,1,0,1
0.071086,1,0,1,1,0,1
0.07108716,1,1,1,1,0,1
0.07109232,1,0,1,1,0,1
0.07109352,1,1,1,1,0,1
0.07109568,1,0,1,1,0,1
0.07109684,1,1,1,1,0,1
0.071102,1,0,1,1,0,1
0.07110332,1,1,1,1,0,1
0.07110548,1,0,1,1,0,1
0.07110648,1,1,1,1,0,1
0.07111168,1,0,1,1,0,1
0.071113,1,1,1,1,0,1
0.07111516,1,0,1,1,0,1
0.07111616,1,1,1,1,0,1
0.07112132,1,0,1,1,0,1
0.07112268,1,1,1,1,0,1
0.07112484,1,0,1,1,0,1
0.07112584,1,1,1,1,0,1
0.071131,1,0,1,1,0,1
0.07113232,1,1,1,1,0,1
0.07113448,1,0,1,1,0,1
0.07113568,1,1,1,1,0,1
0.07114084,1,0,1,1,0,1
0.071142,1,1,1,1,0,1
0.07114416,1,0,1,1,0,1
0.07114532,1,1,1,1,0,1
0.07115048,1,0,1,1,0,1
0.07115184,1,1,1,1,0,1
0.071154,1,0,1,1,0,1
0.071155,1,1,1,1,0,1
0.07116016,1,0,1,1,0,1
0.07116148,1,1,1,1,0,1
0.07116368,1,0,1,1,0,1
0.07116468,1,1,1,1,0,1
0.07116984,1,0,1,1,0,1
0.07117116,1,1,1,1,0,1
0.07117332,1,0,1,1,0,1
0.07117432,1,1,1,1,0,1
0.07117948,1,0,1,1,0,1
0.07118084,1,1,1,1,0,1
0.071183,1,0,1,1,0,1
0.07118416,1,1,1,1,0,1
0.07118932,1,0,1,1,0,1
0.07119048,1,1,1,1,0,1
0.07119264,1,0,1,1,0,1
0.07119384,1,1,1,1,0,1
0.071199,1,0,1,1,0,1
0.07120032,1,1,1,1,0,1
0.07120248,1,0,1,1,0,1
0.07120348,1,1,1,1,0,1
0.07120864,1,0,1,1,0,1
0.07121,1,1,1,1,0,1
0.07121216,1,0,1,1,0,1
0.07121316,1,1,1,1,0,1
0.07121832,1,0,1,1,0,1
0.07121964,1,1,1,1,0,1
0.07122184,1,0,1,1,0,1
0.07122284,1,1,1,1,0,1
0.071228,1,0,1,1,0,1
0.07122932,1,1,1,1,0,1
0.07123148,1,0,1,1,0,1
0.07123264,1,1,1,1,0,1
0.0712378,1,0,1,1,0,1
0.071239,1,1,1,1,0,1
0.07124116,1,0,1,1,0,1
0.07124232,1,1,1,1,0,1
0.07124748,1,0,1,1,0,1
0.07124864,1,1,1,1,0,1
0.0712508,1,0,1,1,0,1
0.071252,1,1,1,1,0,1
0.07125716,1,0,1,1,0,1
0.07125848,1,1,1,1,0,1
0.07126064,1,0,1,1,0,1
0.07126164,1,1,1,1,0,1
0.0712668,1,0,1,1,0,1
0.07126816,1,1,1,1,0,1
0.07127032,1,0,1,1,0,1
0.07127132,1,1,1,1,0,1
0.07127648,1,0,1,1,0,1
0.0712778,1,1,1,1,0,1
0.07128,1,0,1,1,0,1
0.071281,1,1,1,1,0,1
0.07128616,1,0,1,1,0,1
0.07128748,1,1,1,1,0,1
0.07128964,1,0,1,1,0,1
0.0712908,1,1,1,1,0,1
0.071296,1,0,1,1,0,1
0.07129716,1,1,1,1,0,1
0.07129932,1,0,1,1,0,1
0.07130048,1,1,1,1,0,1
0.07130564,1,0,1,1,0,1
0.07130696,1,1,1,1,0,1
0.07130916,1,0,1,1,0,1
0.07131016,1,1,1,1,0,1
0.07131532,1,0,1,1,0,1
0.07131664,1,1,1,1,0,1
0.0713188,1,0,1,1,0,1
0.0713198,1,1,1,1,0,1
0.07132496,1,0,1,1,0,1
0.07132632,1,1,1,1,0,1
0.07132848,1,0,1,1,0,1
0.07132948,1,1,1,1,0,1
0.07133464,1,0,1,1,0,1
0.07133596,1,1,1,1,0,1
0.07133816,1,0,1,1,0,1
0.07133932,1,1,1,1,0,1
0.07134448,1,0,1,1,0,1
0.07134564,1,1,1,1,0,1
0.0713478,1,0,1,1,0,1
0.07134896,1,1,1,1,0,1
0.07135416,1,0,1,1,0,1
0.07135548,1,1,1,1,0,1
0.07135764,1,0,1,1,0,1
0.07135864,1,1,1,1,0,1
0.0713638,1,0,1,1,0,1
0.07136512,1,1,1,1,0,1
0.07136732,1,0,1,1,0,1
0.07136832,1,1,1,1,0,1
0.07137348,1,0,1,1,0,1
0.0713748,1,1,1,1,0,1
0.07137696,1,0,1,1,0,1
0.07137796,1,1,1,1,0,1
0.07138312,1,0,1,1,0,1
0.07138448,1,1,1,1,0,1
0.07138664,1,0,1,1,0,1
0.0713878,1,1,1,1,0,1
0.07139296,1,0,1,1,0,1
0.07139412,1,1,1,1,0,1
0.07139632,1,0,1,1,0,1
0.07139748,1,1,1,1,0,1
0.07140264,1,0,1,1,0,1
0.07140396,1,1,1,1,0,1
0.07140612,1,0,1,1,0,1
0.07140712,1,1,1,1,0,1
0.07141232,1,0,1,1,0,1
0.07141364,1,1,1,1,0,1
0.0714158,1,0,1,1,0,1
0.0714168,1,1,1,1,0,1
0.07142196,1,0,1,1,0,1
0.07142332,1,1,1,1,0,1
0.07142548,1,0,1,1,0,1
0.07142648,1,1,1,1,0,1
0.07143164,1,0,1,1,0,1
0.07143296,1,1,1,1,0,1
0.07143512,1,0,1,1,0,1
0.07143628,1,1,1,1,0,1
0.07144148,1,0,1,1,0,1
0.07144264,1,1,1,1,0,1
0.0714448,1,0,1,1,0,1
0.07144596,1,1,1,1,0,1
0.07145112,1,0,1,1,0,1
0.07145248,1,1,1,1,0,1
0.07145464,1,0,1,1,0,1
0.07145564,1,1,1,1,0,1
0.0714608,1,0,1,1,0,1
0.07146212,1,1,1,1,0,1
0.07146428,1,0,1,1,0,1
0.07146528,1,1,1,1,0,1
0.07147048,1,0,1,1,0,1
0.0714718,1,1,1,1,0,1
0.07147396,1,0,1,1,0,1
0.07147496,1,1,1,1,0,1
0.07148012,1,0,1,1,0,1
0.07148148,1,1,1,1,0,1
0.07148364,1,0,1,1,0,1
0.07148464,1,1,1,1,0,1
0.0714898,1,0,1,1,0,1
0.07149112,1,1,1,1,0,1
0.07149328,1,0,1,1,0,1
0.07149444,1,1,1,1,0,1
0.07149964,1,0,1,1,0,1
0.0715008,1,1,1,1,0,1
0.07150296,1,0,1,1,0,1
0.07150412,1,1,1,1,0,1
0.07150928,1,0,1,1,0,1
0.07151064,1,1,1,1,0,1
0.0715128,1,0,1,1,0,1
0.0715138,1,1,1,1,0,1
0.07151896,1,0,1,1,0,1
0.07152028,1,1,1,1,0,1
0.07152244,1,0,1,1,0,1
0.07152344,1,1,1,1,0,1
0.07152864,1,0,1,1,0,1
0.07152996,1,1,1,1,0,1
0.07153212,1,0,1,1,0,1
0.07153312,1,1,1,1,0,1
0.07153828,1,0,1,1,0,1
0.07153964,1,1,1,1,0,1
0.0715418,1,0,1,1,0,1
0.07154296,1,1,1,1,0,1
0.07154812,1,0,1,1,0,1
0.07154928,1,1,1,1,0,1
0.07155144,1,0,1,1,0,1
0.07155264,1,1,1,1,0,1
0.0715578,1,0,1,1,0,1
0.07155912,1,1,1,1,0,1
0.07156128,1,0,1,1,0,1
0.07156228,1,1,1,1,0,1
0.07156744,1,0,1,1,0,1
0.0715688,1,1,1,1,0,1
0.07157096,1,0,1,1,0,1
0.07157196,1,1,1,1,0,1
0.07157712,1,0,1,1,0,1
0.07157844,1,1,1,1,0,1
0.0715806,1,0,1,1,0,1
0.0715816,1,1,1,1,0,1
0.0715868,1,0,1,1,0,1
0.07158812,1,1,1,1,0,1
0.07159028,1,0,1,1,0,1
0.07159144,1,1,1,1,0,1
0.0715966,1,0,1,1,0,1
0.0715978,1,1,1,1,0,1
0.07159996,1,0,1,1,0,1
0.07160112,1,1,1,1,0,1
0.07160628,1,0,1,1,0,1
0.0716076,1,1,1,1,0,1
0.0716098,1,0,1,1,0,1
0.0716108,1,1,1,1,0,1
0.07161596,1,0,1,1,0,1
0.07161728,1,1,1,1,0,1
0.07161944,1,0,1,1,0,1
0.07162044,1,1,1,1,0,1
0.0716256,1,0,1,1,0,1
0.07162696,1,1,1,1,0,1
0.07162912,1,0,1,1,0,1
0.07163012,1,1,1,1,0,1
0.07163528,1,0,1,1,0,1
0.0716366,1,1,1,1,0,1
0.07163876,1,0,1,1,0,1
0.07163996,1,1,1,1,0,1
0.07164512,1,0,1,1,0,1
0.07164628,1,1,1,1,0,1
0.07164844,1,0,1,1,0,1
0.0716496,1,1,1,1,0,1
0.07165476,1,0,1,1,0,1
0.07165612,1,1,1,1,0,1
0.07165828,1,0,1,1,0,1
0.07165928,1,1,1,1,0,1
0.07166444,1,0,1,1,0,1
0.07166576,1,1,1,1,0,1
0.07166796,1,0,1,1,0,1
0.07166896,1,1,1,1,0,1
0.07167412,1,0,1,1,0,1
0.07167544,1,1,1,1,0,1
0.0716776,1,0,1,1,0,1
0.0716786,1,1,1,1,0,1
0.07168376,1,0,1,1,0,1
0.07168512,1,1,1,1,0,1
0.07168728,1,0,1,1,0,1
0.07168828,1,1,1,1,0,1
0.07169344,1,0,1,1,0,1
0.07169476,1,1,1,1,0,1
0.07169692,1,0,1,1,0,1
0.07169812,1,1,1,1,0,1
0.07170328,1,0,1,1,0,1
0.07170444,1,1,1,1,0,1
0.0717066,1,0,1,1,0,1
0.07170776,1,1,1,1,0,1
0.07171292,1,0,1,1,0,1
0.07171428,1,1,1,1,0,1
0.07171644,1,0,1,1,0,1
0.07171744,1,1,1,1,0,1
0.0717226,1,0,1,1,0,1
0.07172392,1,1,1,1,0,1
0.07172612,1,0,1,1,0,1
0.07172712,1,1,1,1,0,1
0.07173228,1,0,1,1,0,1
0.0717336,1,1,1,1,0,1
0.07173576,1,0,1,1,0,1
0.07173676,1,1,1,1,0,1
0.07174192,1,0,1,1,0,1
0.07174328,1,1,1,1,0,1
0.07174544,1,0,1,1,0,1
0.0717466,1,1,1,1,0,1
0.07175176,1,0,1,1,0,1
0.07175292,1,1,1,1,0,1
0.07175512,1,0,1,1,0,1
0.07175628,1,1,1,1,0,1
0.07176144,1,0,1,1,0,1
0.07176276,1,1,1,1,0,1
0.07176492,1,0,1,1,0,1
0.07176592,1,1,1,1,0,1
0.07177108,1,0,1,1,0,1
0.07177244,1,1,1,1,0,1
0.0717746,1,0,1,1,0,1
0.0717756,1,1,1,1,0,1
0.07178076,1,0,1,1,0,1
0.07178208,1,1,1,1,0,1
0.07178428,1,0,1,1,0,1
0.07178528,1,1,1,1,0,1
0.07179044,1,0,1,1,0,1
0.07179176,1,1,1,1,0,1
0.07179392,1,0,1,1,0,1
0.07179508,1,1,1,1,0,1
0.07180028,1,0,1,1,0,1
0.07180144,1,1,1,1,0,1
0.0718036,1,0,1,1,0,1
0.07180476,1,1,1,1,0,1
0.07180992,1,0,1,1,0,1
0.07181128,1,1,1,1,0,1
0.07181344,1,0,1,1,0,1
0.07181444,1,1,1,1,0,1
0.0718196,1,0,1,1,0,1
0.07182092,1,1,1,1,0,1
0.07182308,1,0,1,1,0,1
0.07182408,1,1,1,1,0,1
0.07182924,1,0,1,1,0,1
0.0718306,1,1,1,1,0,1
0.07183276,1,0,1,1,0,1
0.07183376,1,1,1,1,0,1
0.07183892,1,0,1,1,0,1
0.07184024,1,1,1,1,0,1
0.07184244,1,0,1,1,0,1
0.0718436,1,1,1,1,0,1
0.07184876,1,0,1,1,0,1
0.07184992,1,1,1,1,0,1
0.07185208,1,0,1,1,0,1
0.07185324,1,1,1,1,0,1
0.07185844,1,0,1,1,0,1
0.07185976,1,1,1,1,0,1
0.07186192,1,0,1,1,0,1
0.07186292,1,1,1,1,0,1
0.07186808,1,0,1,1,0,1
0.07186944,1,1,1,1,0,1
0.0718716,1,0,1,1,0,1
0.0718726,1,1,1,1,0,1
0.07187776,1,0,1,1,0,1
0.07187908,1,1,1,1,0,1
0.07188124,1,0,1,1,0,1
0.07188224,1,1,1,1,0,1
0.07188744,1,0,1,1,0,1
0.07188876,1,1,1,1,0,1
0.07189092,1,0,1,1,0,1
0.07189192,1,1,1,1,0,1
0.07189708,1,0,1,1,0,1
0.0718984,1,1,1,1,0,1
0.0719006,1,0,1,1,0,1
0.07190176,1,1,1,1,0,1
0.07190692,1,0,1,1,0,1
0.07190808,1,1,1,1,0,1
0.07191024,1,0,1,1,0,1
0.0719114,1,1,1,1,0,1
0.0719166,1,0,1,1,0,1
0.07191792,1,1,1,1,0,1
0.07192008,1,0,1,1,0,1
0.07192108,1,1,1,1,0,1
0.07192624,1,0,1,1,0,1
0.0719276,1,1,1,1,0,1
0.07192976,1,0,1,1,0,1
0.07193076,1,1,1,1,0,1
0.07193592,1,0,1,1,0,1
0.07193724,1,1,1,1,0,1
0.0719394,1,0,1,1,0,1
0.0719404,1,1,1,1,0,1
0.0719456,1,0,1,1,0,1
0.07194692,1,1,1,1,0,1
0.07194908,1,0,1,1,0,1
0.07195024,1,1,1,1,0,1
0.0719554,1,0,1,1,0,1
0.07195656,1,1,1,1,0,1
0.07195876,1,0,1,1,0,1
0.07195992,1,1,1,1,0,1
0.07196508,1,0,1,1,0,1
0.0719664,1,1,1,1,0,1
0.07196856,1,0,1,1,0,1
0.07196956,1,1,1,1,0,1
0.07197476,1,0,1,1,0,1
0.07197608,1,1,1,1,0,1
0.07197824,1,0,1,1,0,1
0.07197924,1,1,1,1,0,1
0.0719844,1,0,1,1,0,1
0.07198576,1,1,1,1,0,1
0.07198792,1,0,1,1,0,1
0.07198892,1,1,1,1,0,1
0.07199408,1,0,1,1,0,1
0.0719954,1,1,1,1,0,1
0.07199756,1,0,1,1,0,1
0.07199876,1,1,1,1,0,1
0.07200392,1,0,1,1,0,1
0.07200508,1,1,1,1,0,1
0.07200724,1,0,1,1,0,1
0.0720084,1,1,1,1,0,1
0.07201356,1,0,1,1,0,1
0.07201492,1,1,1,1,0,1
0.07201708,1,0,1,1,0,1
0.07201808,1,1,1,1,0,1
0.07202324,1,0,1,1,0,1
0.07202456,1,1,1,1,0,1
0.07202672,1,0,1,1,0,1
0.07202772,1,1,1,1,0,1
0.07203292,1,0,1,1,0,1
0.07203424,1,1,1,1,0,1
0.0720364,1,0,1,1,0,1
0.0720374,1,1,1,1,0,1
0.07204256,1,0,1,1,0,1
0.07204392,1,1,1,1,0,1
0.07204608,1,0,1,1,0,1
0.07204724,1,1,1,1,0,1
0.0720524,1,0,1,1,0,1
0.07205356,1,1,1,1,0,1
0.07205572,1,0,1,1,0,1
0.07205692,1,1,1,1,0,1
0.07206208,1,0,1,1,0,1
0.0720634,1,1,1,1,0,1
0.07206556,1,0,1,1,0,1
0.07206656,1,1,1,1,0,1
0.07207172,1,0,1,1,0,1
0.07207308,1,1,1,1,0,1
0.07207524,1,0,1,1,0,1
0.07207624,1,1,1,1,0,1
0.0720814,1,0,1,1,0,1
0.07208272,1,1,1,1,0,1
0.07208488,1,0,1,1,0,1
0.07208588,1,1,1,1,0,1
0.07209108,1,0,1,1,0,1
0.0720924,1,1,1,1,0,1
0.07209456,1,0,1,1,0,1
0.07209572,1,1,1,1,0,1
0.07210088,1,0,1,1,0,1
0.07210208,1,1,1,1,0,1
0.07210424,1,0,1,1,0,1
0.0721054,1,1,1,1,0,1
0.07211056,1,0,1,1,0,1
0.07211172,1,1,1,1,0,1
0.07211388,1,0,1,1,0,1
0.07211508,1,1,1,1,0,1
0.07212024,1,0,1,1,0,1
0.07212156,1,1,1,1,0,1
0.07212372,1,0,1,1,0,1
0.07212472,1,1,1,1,0,1
0.07212988,1,0,1,1,0,1
0.07213124,1,1,1,1,0,1
0.0721334,1,0,1,1,0,1
0.0721344,1,1,1,1,0,1
0.07213956,1,0,1,1,0,1
0.07214088,1,1,1,1,0,1
0.07214308,1,0,1,1,0,1
0.07214408,1,1,1,1,0,1
0.07214924,1,0,1,1,0,1
0.07215056,1,1,1,1,0,1
0.07215272,1,0,1,1,0,1
0.07215388,1,1,1,1,0,1
0.07215904,1,0,1,1,0,1
0.07216024,1,1,1,1,0,1
0.0721624,1,0,1,1,0,1
0.07216356,1,1,1,1,0,1
0.07216872,1,0,1,1,0,1
0.07217004,1,1,1,1,0,1
0.07217224,1,0,1,1,0,1
0.07217324,1,1,1,1,0,1
0.0721784,1,0,1,1,0,1
0.07217972,1,1,1,1,0,1
0.07218188,1,0,1,1,0,1
0.07218288,1,1,1,1,0,1
0.07218804,1,0,1,1,0,1
0.0721894,1,1,1,1,0,1
0.07219156,1,0,1,1,0,1
0.07219256,1,1,1,1,0,1
0.07219772,1,0,1,1,0,1
0.07219904,1,1,1,1,0,1
0.07220124,1,0,1,1,0,1
0.0722024,1,1,1,1,0,1
0.07220756,1,0,1,1,0,1
0.07220872,1,1,1,1,0,1
0.07221088,1,0,1,1,0,1
0.07221204,1,1,1,1,0,1
0.0722172,1,0,1,1,0,1
0.07221856,1,1,1,1,0,1
0.07222072,1,0,1,1,0,1
0.07222172,1,1,1,1,0,1
0.07222688,1,0,1,1,0,1
0.0722282,1,1,1,1,0,1
0.0722304,1,0,1,1,0,1
0.0722314,1,1,1,1,0,1
0.07223656,1,0,1,1,0,1
0.07223788,1,1,1,1,0,1
0.07224004,1,0,1,1,0,1
0.07224104,1,1,1,1,0,1
0.0722462,1,0,1,1,0,1
0.07224756,1,1,1,1,0,1
0.07224972,1,0,1,1,0,1
0.07225088,1,1,1,1,0,1
0.07225604,1,0,1,1,0,1
0.0722572,1,1,1,1,0,1
0.0722594,1,0,1,1,0,1
0.07226056,1,1,1,1,0,1
0.07226572,1,0,1,1,0,1
0.07226704,1,1,1,1,0,1
0.0722692,1,0,1,1,0,1
0.0722702,1,1,1,1,0,1
0.0722754,1,0,1,1,0,1
0.07227672,1,1,1,1,0,1
0.07227888,1,0,1,1,0,1
0.07227988,1,1,1,1,0,1
0.07228504,1,0,1,1,0,1
0.07228636,1,1,1,1,0,1
0.07228856,1,0,1,1,0,1
0.07228956,1,1,1,1,0,1
0.07229472,1,0,1,1,0,1
0.07229604,1,1,1,1,0,1
0.0722982,1,0,1,1,0,1
0.07229936,1,1,1,1,0,1
0.07230456,1,0,1,1,0,1
0.07230572,1,1,1,1,0,1
0.07230788,1,0,1,1,0,1
0.07230904,1,1,1,1,0,1
0.0723142,1,0,1,1,0,1
0.07231556,1,1,1,1,0,1
0.07231772,1,0,1,1,0,1
0.07231872,1,1,1,1,0,1
0.07232388,1,0,1,1,0,1
0.0723252,1,1,1,1,0,1
0.07232736,1,0,1,1,0,1
0.07232836,1,1,1,1,0,1
0.07233356,1,0,1,1,0,1
0.07233488,1,1,1,1,0,1
0.07233704,1,0,1,1,0,1
0.07233804,1,1,1,1,0,1
0.0723432,1,0,1,1,0,1
0.07234456,1,1,1,1,0,1
0.07234672,1,0,1,1,0,1
0.07234772,1,1,1,1,0,1
0.07235288,1,0,1,1,0,1
0.0723542,1,1,1,1,0,1
0.07235636,1,0,1,1,0,1
0.07235752,1,1,1,1,0,1
0.07236272,1,0,1,1,0,1
0.07236388,1,1,1,1,0,1
0.07236604,1,0,1,1,0,1
0.0723672,1,1,1,1,0,1
0.07237236,1,0,1,1,0,1
0.07237372,1,1,1,1,0,1
0.07237588,1,0,1,1,0,1
0.07237688,1,1,1,1,0,1
0.07238204,1,0,1,1,0,1
0.07238336,1,1,1,1,0,1
0.07238552,1,0,1,1,0,1
0.07238652,1,1,1,1,0,1
0.07239172,1,0,1,1,0,1
0.07239304,1,1,1,1,0,1
0.0723952,1,0,1,1,0,1
0.0723962,1,1,1,1,0,1
0.07240136,1,0,1,1,0,1
0.07240272,1,1,1,1,0,1
0.07240488,1,0,1,1,0,1
0.07240604,1,1,1,1,0,1
0.0724112,1,0,1,1,0,1
0.07241236,1,1,1,1,0,1
0.07241452,1,0,1,1,0,1
0.07241568,1,1,1,1,0,1
0.07242088,1,0,1,1,0,1
0.0724222,1,1,1,1,0,1
0.07242436,1,0,1,1,0,1
0.07242536,1,1,1,1,0,1
0.07243052,1,0,1,1,0,1
0.07243188,1,1,1,1,0,1
0.07243404,1,0,1,1,0,1
0.07243504,1,1,1,1,0,1
0.0724402,1,0,1,1,0,1
0.07244152,1,1,1,1,0,1
0.07244368,1,0,1,1,0,1
0.07244468,1,1,1,1,0,1
0.07244988,1,0,1,1,0,1
0.0724512,1,1,1,1,0,1
0.07245336,1,0,1,1,0,1
0.07245452,1,1,1,1,0,1
0.07245968,1,0,1,1,0,1
0.07246088,1,1,1,1,0,1
0.07246304,1,0,1,1,0,1
0.0724642,1,1,1,1,0,1
0.07246936,1,0,1,1,0,1
0.07247068,1,1,1,1,0,1
0.07247288,1,0,1,1,0,1
0.07247388,1,1,1,1,0,1
0.07247904,1,0,1,1,0,1
0.07248036,1,1,1,1,0,1
0.07248252,1,0,1,1,0,1
0.07248352,1,1,1,1,0,1
0.07248868,1,0,1,1,0,1
0.07249004,1,1,1,1,0,1
0.0724922,1,0,1,1,0,1
0.0724932,1,1,1,1,0,1
0.07249836,1,0,1,1,0,1
0.07249968,1,1,1,1,0,1
0.07250184,1,0,1,1,0,1
0.07250304,1,1,1,1,0,1
0.0725082,1,0,1,1,0,1
0.07250936,1,1,1,1,0,1
0.07251152,1,0,1,1,0,1
0.07251268,1,1,1,1,0,1
0.07251784,1,0,1,1,0,1
0.0725192,1,1,1,1,0,1
0.07252136,1,0,1,1,0,1
0.07252236,1,1,1,1,0,1
0.07252752,1,0,1,1,0,1
0.07252884,1,1,1,1,0,1
0.07253104,1,0,1,1,0,1
0.07253204,1,1,1,1,0,1
0.0725372,1,0,1,1,0,1
0.07253852,1,1,1,1,0,1
0.07254068,1,0,1,1,0,1
0.07254168,1,1,1,1,0,1
0.07254684,1,0,1,1,0,1
0.0725482,1,1,1,1,0,1
0.07255036,1,0,1,1,0,1
0.07255136,1,1,1,1,0,1
0.07255652,1,0,1,1,0,1
0.07255784,1,1,1,1,0,1
0.07256,1,0,1,1,0,1
0.0725612,1,1,1,1,0,1
0.07256636,1,0,1,1,0,1
0.07256752,1,1,1,1,0,1
0.07256968,1,0,1,1,0,1
0.07257084,1,1,1,1,0,1
0.072576,1,0,1,1,0,1
0.07257736,1,1,1,1,0,1
0.07257952,1,0,1,1,0,1
0.07258052,1,1,1,1,0,1
0.07258568,1,0,1,1,0,1
0.072587,1,1,1,1,0,1
0.0725892,1,0,1,1,0,1
0.0725902,1,1,1,1,0,1
0.07259536,1,0,1,1,0,1
0.07259668,1,1,1,1,0,1
0.07259884,1,0,1,1,0,1
0.07259984,1,1,1,1,0,1
0.072605,1,0,1,1,0,1
0.07260636,1,1,1,1,0,1
0.07260852,1,0,1,1,0,1
0.07260968,1,1,1,1,0,1
0.07261484,1,0,1,1,0,1
0.072616,1,1,1,1,0,1
0.07261816,1,0,1,1,0,1
0.07261936,1,1,1,1,0,1
0.07262452,1,0,1,1,0,1
0.07262584,1,1,1,1,0,1
0.072628,1,0,1,1,0,1
0.072629,1,1,1,1,0,1
0.07263416,1,0,1,1,0,1
0.07263552,1,1,1,1,0,1
0.07263768,1,0,1,1,0,1
0.07263868,1,1,1,1,0,1
0.07264384,1,0,1,1,0,1
0.07264516,1,1,1,1,0,1
0.07264736,1,0,1,1,0,1
0.07264836,1,1,1,1,0,1
0.07265352,1,0,1,1,0,1
0.07265484,1,1,1,1,0,1
0.072657,1,0,1,1,0,1
0.07265816,1,1,1,1,0,1
0.07266336,1,0,1,1,0,1
0.07266452,1,1,1,1,0,1
0.07266668,1,0,1,1,0,1
0.07266784,1,1,1,1,0,1
0.072673,1,0,1,1,0,1
0.07267432,1,1,1,1,0,1
0.07267652,1,0,1,1,0,1
0.07267752,1,1,1,1,0,1
0.07268268,1,0,1,1,0,1
0.072684,1,1,1,1,0,1
0.07268616,1,0,1,1,0,1
0.07268716,1,1,1,1,0,1
0.07269232,1,0,1,1,0,1
0.07269368,1,1,1,1,0,1
0.07269584,1,0,1,1,0,1
0.07269684,1,1,1,1,0,1
0.072702,1,0,1,1,0,1
0.07270332,1,1,1,1,0,1
0.07270552,1,0,1,1,0,1
0.07270668,1,1,1,1,0,1
0.07271184,1,0,1,1,0,1
0.072713,1,1,1,1,0,1
0.07271516,1,0,1,1,0,1
0.07271632,1,1,1,1,0,1
0.07272152,1,0,1,1,0,1
0.07272284,1,1,1,1,0,1
0.072725,1,0,1,1,0,1
0.072726,1,1,1,1,0,1
0.07273116,1,0,1,1,0,1
0.07273252,1,1,1,1,0,1
0.07273468,1,0,1,1,0,1
0.07273568,1,1,1,1,0,1
0.07274084,1,0,1,1,0,1
0.07274216,1,1,1,1,0,1
0.07274432,1,0,1,1,0,1
0.07274532,1,1,1,1,0,1
0.07275048,1,0,1,1,0,1
0.07275184,1,1,1,1,0,1
0.072754,1,0,1,1,0,1
0.072755,1,1,1,1,0,1
0.07276016,1,0,1,1,0,1
0.07276148,1,1,1,1,0,1
0.07276368,1,0,1,1,0,1
0.07276484,1,1,1,1,0,1
0.07277,1,0,1,1,0,1
0.07277116,1,1,1,1,0,1
0.07277332,1,0,1,1,0,1
0.07277448,1,1,1,1,0,1
0.07277968,1,0,1,1,0,1
0.072781,1,1,1,1,0,1
0.07278316,1,0,1,1,0,1
0.07278416,1,1,1,1,0,1
0.07278932,1,0,1,1,0,1
0.07279068,1,1,1,1,0,1
0.07279284,1,0,1,1,0,1
0.07279384,1,1,1,1,0,1
0.072799,1,0,1,1,0,1
0.07280032,1,1,1,1,0,1
0.07280248,1,0,1,1,0,1
0.07280348,1,1,1,1,0,1
0.07280864,1,0,1,1,0,1
0.07281,1,1,1,1,0,1
0.07281216,1,0,1,1,0,1
0.07281332,1,1,1,1,0,1
0.07281848,1,0,1,1,0,1
0.07281964,1,1,1,1,0,1
0.07282184,1,0,1,1,0,1
0.072823,1,1,1,1,0,1
0.07282816,1,0,1,1,0,1
0.07282948,1,1,1,1,0,1
0.07283164,1,0,1,1,0,1
0.07283264,1,1,1,1,0,1
0.07283784,1,0,1,1,0,1
0.07283916,1,1,1,1,0,1
0.07284132,1,0,1,1,0,1
0.07284232,1,1,1,1,0,1
0.07284748,1,0,1,1,0,1
0.07284884,1,1,1,1,0,1
0.072851,1,0,1,1,0,1
0.072852,1,1,1,1,0,1
0.07285716,1,0,1,1,0,1
0.07285848,1,1,1,1,0,1
0.07286064,1,0,1,1,0,1
0.07286184,1,1,1,1,0,1
0.072867,1,0,1,1,0,1
0.07286816,1,1,1,1,0,1
0.07287032,1,0,1,1,0,1
0.07287148,1,1,1,1,0,1
0.07287664,1,0,1,1,0,1
0.072878,1,1,1,1,0,1
0.07288016,1,0,1,1,0,1
0.07288116,1,1,1,1,0,1
0.07288632,1,0,1,1,0,1
0.07288764,1,1,1,1,0,1
0.0728898,1,0,1,1,0,1
0.0728908,1,1,1,1,0,1
0.072896,1,0,1,1,0,1
0.07289732,1,1,1,1,0,1
0.07289948,1,0,1,1,0,1
0.07290048,1,1,1,1,0,1
0.07290564,1,0,1,1,0,1
0.072907,1,1,1,1,0,1
0.07290916,1,0,1,1,0,1
0.07291032,1,1,1,1,0,1
0.07291548,1,0,1,1,0,1
0.07291664,1,1,1,1,0,1
0.0729188,1,0,1,1,0,1
0.07292,1,1,1,1,0,1
0.07292516,1,0,1,1,0,1
0.07292648,1,1,1,1,0,1
0.07292864,1,0,1,1,0,1
0.07292964,1,1,1,1,0,1
0.0729348,1,0,1,1,0,1
0.07293616,1,1,1,1,0,1
0.07293832,1,0,1,1,0,1
0.07293932,1,1,1,1,0,1
0.07294448,1,0,1,1,0,1
0.0729458,1,1,1,1,0,1
0.07294796,1,0,1,1,0,1
0.07294896,1,1,1,1,0,1
0.07295416,1,0,1,1,0,1
0.07295548,1,1,1,1,0,1
0.07295764,1,0,1,1,0,1
0.0729588,1,1,1,1,0,1
0.07296396,1,0,1,1,0,1
0.07296516,1,1,1,1,0,1
0.07296732,1,0,1,1,0,1
0.07296848,1,1,1,1,0,1
0.07297364,1,0,1,1,0,1
0.0729748,1,1,1,1,0,1
0.07297696,1,0,1,1,0,1
0.07297816,1,1,1,1,0,1
0.07298332,1,0,1,1,0,1
0.07298464,1,1,1,1,0,1
0.0729868,1,0,1,1,0,1
0.0729878,1,1,1,1,0,1
0.07299296,1,0,1,1,0,1
0.07299432,1,1,1,1,0,1
0.07299648,1,0,1,1,0,1
0.07299748,1,1,1,1,0,1
0.07300264,1,0,1,1,0,1
0.07300396,1,1,1,1,0,1
0.07300612,1,0,1,1,0,1
0.07300712,1,1,1,1,0,1
0.07301232,1,0,1,1,0,1
0.07301364,1,1,1,1,0,1
0.0730158,1,0,1,1,0,1
0.07301696,1,1,1,1,0,1
0.07302212,1,0,1,1,0,1
0.07302332,1,1,1,1,0,1
0.07302548,1,0,1,1,0,1
0.07302664,1,1,1,1,0,1
0.0730318,1,0,1,1,0,1
0.07303312,1,1,1,1,0,1
0.07303532,1,0,1,1,0,1
0.07303632,1,1,1,1,0,1
0.07304148,1,0,1,1,0,1
0.0730428,1,1,1,1,0,1
0.07304496,1,0,1,1,0,1
0.07304596,1,1,1,1,0,1
0.07305112,1,0,1,1,0,1
0.07305248,1,1,1,1,0,1
0.07305464,1,0,1,1,0,1
0.07305564,1,1,1,1,0,1
0.0730608,1,0,1,1,0,1
0.07306212,1,1,1,1,0,1
0.07306428,1,0,1,1,0,1
0.07306548,1,1,1,1,0,1
0.07307064,1,0,1,1,0,1
0.0730718,1,1,1,1,0,1
0.07307396,1,0,1,1,0,1
0.07307512,1,1,1,1,0,1
0.07308028,1,0,1,1,0,1
0.07308164,1,1,1,1,0,1
0.0730838,1,0,1,1,0,1
0.0730848,1,1,1,1,0,1
0.07308996,1,0,1,1,0,1
0.07309128,1,1,1,1,0,1
0.07309348,1,0,1,1,0,1
0.07309448,1,1,1,1,0,1
0.07309964,1,0,1,1,0,1
0.07310096,1,1,1,1,0,1
0.07310312,1,0,1,1,0,1
0.07310412,1,1,1,1,0,1
0.07310928,1,0,1,1,0,1
0.07311064,1,1,1,1,0,1
0.0731128,1,0,1,1,0,1
0.07311396,1,1,1,1,0,1
0.07311912,1,0,1,1,0,1
0.07312028,1,1,1,1,0,1
0.07312248,1,0,1,1,0,1
0.07312364,1,1,1,1,0,1
0.0731288,1,0,1,1,0,1
0.07313012,1,1,1,1,0,1
0.07313228,1,0,1,1,0,1
0.07313328,1,1,1,1,0,1
0.07313844,1,0,1,1,0,1
0.0731398,1,1,1,1,0,1
0.07314196,1,0,1,1,0,1
0.07314296,1,1,1,1,0,1
0.07314812,1,0,1,1,0,1
0.07314944,1,1,1,1,0,1
0.07315164,1,0,1,1,0,1
0.07315264,1,1,1,1,0,1
0.0731578,1,0,1,1,0,1
0.07315912,1,1,1,1,0,1
0.07316128,1,0,1,1,0,1
0.07316244,1,1,1,1,0,1
0.07316764,1,0,1,1,0,1
0.0731688,1,1,1,1,0,1
0.07317096,1,0,1,1,0,1
0.07317212,1,1,1,1,0,1
0.07317728,1,0,1,1,0,1
0.07317864,1,1,1,1,0,1
0.0731808,1,0,1,1,0,1
0.0731818,1,1,1,1,0,1
0.07318696,1,0,1,1,0,1
0.07318828,1,1,1,1,0,1
0.07319044,1,0,1,1,0,1
0.07319144,1,1,1,1,0,1
0.0731966,1,0,1,1,0,1
0.07319796,1,1,1,1,0,1
0.07320012,1,0,1,1,0,1
0.07320112,1,1,1,1,0,1
0.07320628,1,0,1,1,0,1
0.0732076,1,1,1,1,0,1
0.0732098,1,0,1,1,0,1
0.0732108,1,1,1,1,0,1
0.07321596,1,0,1,1,0,1
0.07321728,1,1,1,1,0,1
0.07321944,1,0,1,1,0,1
0.0732206,1,1,1,1,0,1
0.0732258,1,0,1,1,0,1
0.07322696,1,1,1,1,0,1
0.07322912,1,0,1,1,0,1
0.07323028,1,1,1,1,0,1
0.07323544,1,0,1,1,0,1
0.0732368,1,1,1,1,0,1
0.07323896,1,0,1,1,0,1
0.07323996,1,1,1,1,0,1
0.07324512,1,0,1,1,0,1
0.07324644,1,1,1,1,0,1
0.0732486,1,0,1,1,0,1
0.0732496,1,1,1,1,0,1
0.0732548,1,0,1,1,0,1
0.07325612,1,1,1,1,0,1
0.07325828,1,0,1,1,0,1
0.07325928,1,1,1,1,0,1
0.07326444,1,0,1,1,0,1
0.07326576,1,1,1,1,0,1
0.07326796,1,0,1,1,0,1
0.07326912,1,1,1,1,0,1
0.07327428,1,0,1,1,0,1
0.07327544,1,1,1,1,0,1
0.0732776,1,0,1,1,0,1
0.07327876,1,1,1,1,0,1
0.07328396,1,0,1,1,0,1
0.07328528,1,1,1,1,0,1
0.07328744,1,0,1,1,0,1
0.07328844,1,1,1,1,0,1
0.0732936,1,0,1,1,0,1
0.07329496,1,1,1,1,0,1
0.07329712,1,0,1,1,0,1
0.07329812,1,1,1,1,0,1
0.07330328,1,0,1,1,0,1
0.0733046,1,1,1,1,0,1
0.07330676,1,0,1,1,0,1
0.07330776,1,1,1,1,0,1
0.07331296,1,0,1,1,0,1
0.07331428,1,1,1,1,0,1
0.07331644,1,0,1,1,0,1
0.0733176,1,1,1,1,0,1
0.07332276,1,0,1,1,0,1
0.07332396,1,1,1,1,0,1
0.07332612,1,0,1,1,0,1
0.07332728,1,1,1,1,0,1
0.07333244,1,0,1,1,0,1
0.07333376,1,1,1,1,0,1
0.07333592,1,0,1,1,0,1
0.07333692,1,1,1,1,0,1
0.07334212,1,0,1,1,0,1
0.07334344,1,1,1,1,0,1
0.0733456,1,0,1,1,0,1
0.0733466,1,1,1,1,0,1
0.07335176,1,0,1,1,0,1
0.07335312,1,1,1,1,0,1
0.07335528,1,0,1,1,0,1
0.07335628,1,1,1,1,0,1
0.07336144,1,0,1,1,0,1
0.07336276,1,1,1,1,0,1
0.07336492,1,0,1,1,0,1
0.07336612,1,1,1,1,0,1
0.07337128,1,0,1,1,0,1
0.07337244,1,1,1,1,0,1
0.0733746,1,0,1,1,0,1
0.07337576,1,1,1,1,0,1
0.07338092,1,0,1,1,0,1
0.07338228,1,1,1,1,0,1
0.07338444,1,0,1,1,0,1
0.07338544,1,1,1,1,0,1
0.0733906,1,0,1,1,0,1
0.07339192,1,1,1,1,0,1
0.07339408,1,0,1,1,0,1
0.07339508,1,1,1,1,0,1
0.07340028,1,0,1,1,0,1
0.0734016,1,1,1,1,0,1
0.07340376,1,0,1,1,0,1
0.07340476,1,1,1,1,0,1
0.07340992,1,0,1,1,0,1
0.07341128,1,1,1,1,0,1
0.07341344,1,0,1,1,0,1
0.07341444,1,1,1,1,0,1
0.0734196,1,0,1,1,0,1
0.07342092,1,1,1,1,0,1
0.07342308,1,0,1,1,0,1
0.07342428,1,1,1,1,0,1
0.07342944,1,0,1,1,0,1
0.0734306,1,1,1,1,0,1
0.07343276,1,0,1,1,0,1
0.07343392,1,1,1,1,0,1
0.07343908,1,0,1,1,0,1
0.07344044,1,1,1,1,0,1
0.0734426,1,0,1,1,0,1
0.0734436,1,1,1,1,0,1
0.07344876,1,0,1,1,0,1
0.07345008,1,1,1,1,0,1
0.07345228,1,0,1,1,0,1
0.07345324,1,1,1,1,0,1
0.07345844,1,0,1,1,0,1
0.07345976,1,1,1,1,0,1
0.07346192,1,0,1,1,0,1
0.07346292,1,1,1,1,0,1
0.07346808,1,0,1,1,0,1
0.07346944,1,1,1,1,0,1
0.0734716,1,0,1,1,0,1
0.07347276,1,1,1,1,0,1
0.07347792,1,0,1,1,0,1
0.07347908,1,1,1,1,0,1
0.07348124,1,0,1,1,0,1
0.07348244,1,1,1,1,0,1
0.0734876,1,0,1,1,0,1
0.07348892,1,1,1,1,0,1
0.07349108,1,0,1,1,0,1
0.07349208,1,1,1,1,0,1
0.07349724,1,0,1,1,0,1
0.0734986,1,1,1,1,0,1
0.07350076,1,0,1,1,0,1
0.07350176,1,1,1,1,0,1
0.07350692,1,0,1,1,0,1
0.07350824,1,1,1,1,0,1
0.07351044,1,0,1,1,0,1
0.07351144,1,1,1,1,0,1
0.0735166,1,0,1,1,0,1
0.07351792,1,1,1,1,0,1
0.07352008,1,0,1,1,0,1
0.07352124,1,1,1,1,0,1
0.0735264,1,0,1,1,0,1
0.0735276,1,1,1,1,0,1
0.07352976,1,0,1,1,0,1
0.07353092,1,1,1,1,0,1
0.07353608,1,0,1,1,0,1
0.0735374,1,1,1,1,0,1
0.0735396,1,0,1,1,0,1
0.0735406,1,1,1,1,0,1
0.07354576,1,0,1,1,0,1
0.07354708,1,1,1,1,0,1
0.07354924,1,0,1,1,0,1
0.07355024,1,1,1,1,0,1
0.0735554,1,0,1,1,0,1
0.07355676,1,1,1,1,0,1
0.07355892,1,0,1,1,0,1
0.07355992,1,1,1,1,0,1
0.07356508,1,0,1,1,0,1
0.0735664,1,1,1,1,0,1
0.0735686,1,0,1,1,0,1
0.07356976,1,1,1,1,0,1
0.07357492,1,0,1,1,0,1
0.07357608,1,1,1,1,0,1
0.07357824,1,0,1,1,0,1
0.0735794,1,1,1,1,0,1
0.0735846,1,0,1,1,0,1
0.07358592,1,1,1,1,0,1
0.07358808,1,0,1,1,0,1
0.07358908,1,1,1,1,0,1
0.07359424,1,0,1,1,0,1
0.07359556,1,1,1,1,0,1
0.07359776,1,0,1,1,0,1
0.07359876,1,1,1,1,0,1
0.07360392,1,0,1,1,0,1
0.07360524,1,1,1,1,0,1
0.0736074,1,0,1,1,0,1
0.0736084,1,1,1,1,0,1
0.07361356,1,0,1,1,0,1
0.07361492,1,1,1,1,0,1
0.07361708,1,0,1,1,0,1
0.07361824,1,1,1,1,0,1
0.0736234,1,0,1,1,0,1
0.07362456,1,1,1,1,0,1
0.07362676,1,0,1,1,0,1
0.07362792,1,1,1,1,0,1
0.07363308,1,0,1,1,0,1
0.07363424,1,1,1,1,0,1
0.0736364,1,0,1,1,0,1
0.07363756,1,1,1,1,0,1
0.07364276,1,0,1,1,0,1
0.07364408,1,1,1,1,0,1
0.07364624,1,0,1,1,0,1
0.07364724,1,1,1,1,0,1
0.0736524,1,0,1,1,0,1
0.07365372,1,1,1,1,0,1
0.07365592,1,0,1,1,0,1
0.07365692,1,1,1,1,0,1
0.07366208,1,0,1,1,0,1
0.0736634,1,1,1,1,0,1
0.07366556,1,0,1,1,0,1
0.07366656,1,1,1,1,0,1
0.07367172,1,0,1,1,0,1
0.07367308,1,1,1,1,0,1
0.07367524,1,0,1,1,0,1
0.0736764,1,1,1,1,0,1
0.07368156,1,0,1,1,0,1
0.07368272,1,1,1,1,0,1
0.07368492,1,0,1,1,0,1
0.07368608,1,1,1,1,0,1
0.07369124,1,0,1,1,0,1
0.07369256,1,1,1,1,0,1
0.07369472,1,0,1,1,0,1
0.07369572,1,1,1,1,0,1
0.07370092,1,0,1,1,0,1
0.07370224,1,1,1,1,0,1
0.0737044,1,0,1,1,0,1
0.0737054,1,1,1,1,0,1
0.07371056,1,0,1,1,0,1
0.07371192,1,1,1,1,0,1
0.07371408,1,0,1,1,0,1
0.07371508,1,1,1,1,0,1
0.07372024,1,0,1,1,0,1
0.07372156,1,1,1,1,0,1
0.07372372,1,0,1,1,0,1
0.07372488,1,1,1,1,0,1
0.07373008,1,0,1,1,0,1
0.07373124,1,1,1,1,0,1
0.0737334,1,0,1,1,0,1
0.07373456,1,1,1,1,0,1
0.07373972,1,0,1,1,0,1
0.07374108,1,1,1,1,0,1
0.07374324,1,0,1,1,0,1
0.07374424,1,1,1,1,0,1
0.0737494,1,0,1,1,0,1
0.07375072,1,1,1,1,0,1
0.07375288,1,0,1,1,0,1
0.07375388,1,1,1,1,0,1
0.07375908,1,0,1,1,0,1
0.0737604,1,1,1,1,0,1
0.07376256,1,0,1,1,0,1
0.07376356,1,1,1,1,0,1
0.07376872,1,0,1,1,0,1
0.07377008,1,1,1,1,0,1
0.07377224,1,0,1,1,0,1
0.0737734,1,1,1,1,0,1
0.07377856,1,0,1,1,0,1
0.07377972,1,1,1,1,0,1
0.07378188,1,0,1,1,0,1
0.07378304,1,1,1,1,0,1
0.07378824,1,0,1,1,0,1
0.07378956,1,1,1,1,0,1
0.07379172,1,0,1,1,0,1
0.07379272,1,1,1,1,0,1
0.07379788,1,0,1,1,0,1
0.07379924,1,1,1,1,0,1
0.0738014,1,0,1,1,0,1
0.0738024,1,1,1,1,0,1
0.07380756,1,0,1,1,0,1
0.07380888,1,1,1,1,0,1
0.07381104,1,0,1,1,0,1
0.07381204,1,1,1,1,0,1
0.07381724,1,0,1,1,0,1
0.07381856,1,1,1,1,0,1
0.07382072,1,0,1,1,0,1
0.07382188,1,1,1,1,0,1
0.07382704,1,0,1,1,0,1
0.07382824,1,1,1,1,0,1
0.0738304,1,0,1,1,0,1
0.07383156,1,1,1,1,0,1
0.07383672,1,0,1,1,0,1
0.07383804,1,1,1,1,0,1
0.07384024,1,0,1,1,0,1
0.07384124,1,1,1,1,0,1
0.0738464,1,0,1,1,0,1
0.07384772,1,1,1,1,0,1
0.07384988,1,0,1,1,0,1
0.07385088,1,1,1,1,0,1
0.07385604,1,0,1,1,0,1
0.0738574,1,1,1,1,0,1
0.07385956,1,0,1,1,0,1
0.07386056,1,1,1,1,0,1
0.07386572,1,0,1,1,0,1
0.07386704,1,1,1,1,0,1
0.0738692,1,0,1,1,0,1
0.0738702,1,1,1,1,0,1
0.0738754,1,0,1,1,0,1
0.07387672,1,1,1,1,0,1
0.07387888,1,0,1,1,0,1
0.07388004,1,1,1,1,0,1
0.0738852,1,0,1,1,0,1
0.0738864,1,1,1,1,0,1
0.07388856,1,0,1,1,0,1
0.07388972,1,1,1,1,0,1
0.07389488,1,0,1,1,0,1
0.0738962,1,1,1,1,0,1
0.0738984,1,0,1,1,0,1
0.0738994,1,1,1,1,0,1
0.07390456,1,0,1,1,0,1
0.07390588,1,1,1,1,0,1
0.07390804,1,0,1,1,0,1
0.07390904,1,1,1,1,0,1
0.0739142,1,0,1,1,0,1
0.07391556,1,1,1,1,0,1
0.07391772,1,0,1,1,0,1
0.07391872,1,1,1,1,0,1
0.07392388,1,0,1,1,0,1
0.0739252,1,1,1,1,0,1
0.07392736,1,0,1,1,0,1
0.07392856,1,1,1,1,0,1
0.07393372,1,0,1,1,0,1
0.07393488,1,1,1,1,0,1
0.07393704,1,0,1,1,0,1
0.0739382,1,1,1,1,0,1
0.07394336,1,0,1,1,0,1
0.07394472,1,1,1,1,0,1
0.07394688,1,0,1,1,0,1
0.07394788,1,1,1,1,0,1
0.07395304,1,0,1,1,0,1
0.07395436,1,1,1,1,0,1
0.07395656,1,0,1,1,0,1
0.07395756,1,1,1,1,0,1
0.07396272,1,0,1,1,0,1
0.07396404,1,1,1,1,0,1
0.0739662,1,0,1,1,0,1
0.0739672,1,1,1,1,0,1
0.07397236,1,0,1,1,0,1
0.07397372,1,1,1,1,0,1
0.07397588,1,0,1,1,0,1
0.07397704,1,1,1,1,0,1
0.0739822,1,0,1,1,0,1
0.07398336,1,1,1,1,0,1
0.07398552,1,0,1,1,0,1
0.07398672,1,1,1,1,0,1
0.07399188,1,0,1,1,0,1
0.0739932,1,1,1,1,0,1
0.07399536,1,0,1,1,0,1
0.07399636,1,1,1,1,0,1
0.07400152,1,0,1,1,0,1
0.07400288,1,1,1,1,0,1
0.07400504,1,0,1,1,0,1
0.07400604,1,1,1,1,0,1
0.0740112,1,0,1,1,0,1
0.07401252,1,1,1,1,0,1
0.07401472,1,0,1,1,0,1
0.07401572,1,1,1,1,0,1
0.07402088,1,0,1,1,0,1
0.0740222,1,1,1,1,0,1
0.07402436,1,0,1,1,0,1
0.07402552,1,1,1,1,0,1
0.07403072,1,0,1,1,0,1
0.07403188,1,1,1,1,0,1
0.07403404,1,0,1,1,0,1
0.0740352,1,1,1,1,0,1
0.07404036,1,0,1,1,0,1
0.07404172,1,1,1,1,0,1
0.07404388,1,0,1,1,0,1
0.07404488,1,1,1,1,0,1
0.07405004,1,0,1,1,0,1
0.07405136,1,1,1,1,0,1
0.07405352,1,0,1,1,0,1
0.07405452,1,1,1,1,0,1
0.07405968,1,0,1,1,0,1
0.07406104,1,1,1,1,0,1
0.0740632,1,0,1,1,0,1
0.0740642,1,1,1,1,0,1
0.07406936,1,0,1,1,0,1
0.07407068,1,1,1,1,0,1
0.07407288,1,0,1,1,0,1
0.07407388,1,1,1,1,0,1
0.07407904,1,0,1,1,0,1
0.07408036,1,1,1,1,0,1
0.07408252,1,0,1,1,0,1
0.07408368,1,1,1,1,0,1
0.07408888,1,0,1,1,0,1
0.07409004,1,1,1,1,0,1
0.0740922,1,0,1,1,0,1
0.07409336,1,1,1,1,0,1
0.07409852,1,0,1,1,0,1
0.07409988,1,1,1,1,0,1
0.07410204,1,0,1,1,0,1
0.07410304,1,1,1,1,0,1
0.0741082,1,0,1,1,0,1
0.07410952,1,1,1,1,0,1
0.07411168,1,0,1,1,0,1
0.07411268,1,1,1,1,0,1
0.07411784,1,0,1,1,0,1
0.0741192,1,1,1,1,0,1
0.07412136,1,0,1,1,0,1
0.07412236,1,1,1,1,0,1
0.07412752,1,0,1,1,0,1
0.07412884,1,1,1,1,0,1
0.07413104,1,0,1,1,0,1
0.0741322,1,1,1,1,0,1
0.07413736,1,0,1,1,0,1
0.07413852,1,1,1,1,0,1
0.07414068,1,0,1,1,0,1
0.07414184,1,1,1,1,0,1
0.07414704,1,0,1,1,0,1
0.07414836,1,1,1,1,0,1
0.07415052,1,0,1,1,0,1
0.07415152,1,1,1,1,0,1
0.07415668,1,0,1,1,0,1
0.07415804,1,1,1,1,0,1
0.0741602,1,0,1,1,0,1
0.0741612,1,1,1,1,0,1
0.07416636,1,0,1,1,0,1
0.07416768,1,1,1,1,0,1
0.07416984,1,0,1,1,0,1
0.07417084,1,1,1,1,0,1
0.074176,1,0,1,1,0,1
0.07417736,1,1,1,1,0,1
0.07417952,1,0,1,1,0,1
0.07418068,1,1,1,1,0,1
0.07418584,1,0,1,1,0,1
0.074187,1,1,1,1,0,1
0.0741892,1,0,1,1,0,1
0.07419036,1,1,1,1,0,1
0.07419552,1,0,1,1,0,1
0.07419684,1,1,1,1,0,1
0.074199,1,0,1,1,0,1
0.0742,1,1,1,1,0,1
0.0742052,1,0,1,1,0,1
0.07420652,1,1,1,1,0,1
0.07420868,1,0,1,1,0,1
0.07420968,1,1,1,1,0,1
0.07421484,1,0,1,1,0,1
0.0742162,1,1,1,1,0,1
0.07421836,1,0,1,1,0,1
0.07421936,1,1,1,1,0,1
0.07422452,1,0,1,1,0,1
0.07422584,1,1,1,1,0,1
0.074228,1,0,1,1,0,1
0.0742292,1,1,1,1,0,1
0.07423436,1,0,1,1,0,1
0.07423552,1,1,1,1,0,1
0.07423768,1,0,1,1,0,1
0.07423884,1,1,1,1,0,1
0.074244,1,0,1,1,0,1
0.07424536,1,1,1,1,0,1
0.07424752,1,0,1,1,0,1
0.07424852,1,1,1,1,0,1
0.07425368,1,0,1,1,0,1
0.074255,1,1,1,1,0,1
0.07425716,1,0,1,1,0,1
0.07425816,1,1,1,1,0,1
0.07426336,1,0,1,1,0,1
0.07426468,1,1,1,1,0,1
0.07426684,1,0,1,1,0,1
0.07426784,1,1,1,1,0,1
0.074273,1,0,1,1,0,1
0.07427436,1,1,1,1,0,1
0.07427652,1,0,1,1,0,1
0.07427752,1,1,1,1,0,1
0.07428268,1,0,1,1,0,1
0.074284,1,1,1,1,0,1
0.07428616,1,0,1,1,0,1
0.07428736,1,1,1,1,0,1
0.07429252,1,0,1,1,0,1
0.07429368,1,1,1,1,0,1
0.07429584,1,0,1,1,0,1
0.074297,1,1,1,1,0,1
0.07430216,1,0,1,1,0,1
0.07430352,1,1,1,1,0,1
0.07430568,1,0,1,1,0,1
0.07430668,1,1,1,1,0,1
0.07431184,1,0,1,1,0,1
0.07431316,1,1,1,1,0,1
0.07431532,1,0,1,1,0,1
0.07431632,1,1,1,1,0,1
0.07432152,1,0,1,1,0,1
0.07432284,1,1,1,1,0,1
0.074325,1,0,1,1,0,1
0.074326,1,1,1,1,0,1
0.07433116,1,0,1,1,0,1
0.07433252,1,1,1,1,0,1
0.07433468,1,0,1,1,0,1
0.07433584,1,1,1,1,0,1
0.074341,1,0,1,1,0,1
0.07434216,1,1,1,1,0,1
0.07434432,1,0,1,1,0,1
0.07434552,1,1,1,1,0,1
0.07435068,1,0,1,1,0,1
0.074352,1,1,1,1,0,1
0.07435416,1,0,1,1,0,1
0.07435516,1,1,1,1,0,1
0.07436032,1,0,1,1,0,1
0.07436168,1,1,1,1,0,1
0.07436384,1,0,1,1,0,1
0.07436484,1,1,1,1,0,1
0.07437,1,0,1,1,0,1
0.07437132,1,1,1,1,0,1
0.07437348,1,0,1,1,0,1
0.07437448,1,1,1,1,0,1
0.07437968,1,0,1,1,0,1
0.074381,1,1,1,1,0,1
0.07438316,1,0,1,1,0,1
0.07438432,1,1,1,1,0,1
0.07438948,1,0,1,1,0,1
0.07439068,1,1,1,1,0,1
0.07439284,1,0,1,1,0,1
0.074394,1,1,1,1,0,1
0.07439916,1,0,1,1,0,1
0.07440048,1,1,1,1,0,1
0.07440268,1,0,1,1,0,1
0.07440368,1,1,1,1,0,1
0.07440884,1,0,1,1,0,1
0.07441016,1,1,1,1,0,1
0.07441232,1,0,1,1,0,1
0.07441332,1,1,1,1,0,1
0.07441848,1,0,1,1,0,1
0.07441984,1,1,1,1,0,1
0.074422,1,0,1,1,0,1
0.074423,1,1,1,1,0,1
0.07442816,1,0,1,1,0,1
0.07442948,1,1,1,1,0,1
0.07443168,1,0,1,1,0,1
0.07443284,1,1,1,1,0,1
0.074438,1,0,1,1,0,1
0.07443916,1,1,1,1,0,1
0.07444132,1,0,1,1,0,1
0.07444248,1,1,1,1,0,1
0.07444764,1,0,1,1,0,1
0.074449,1,1,1,1,0,1
0.07445116,1,0,1,1,0,1
0.07445216,1,1,1,1,0,1
0.07445732,1,0,1,1,0,1
0.07445864,1,1,1,1,0,1
0.07446084,1,0,1,1,0,1
0.07446184,1,1,1,1,0,1
0.074467,1,0,1,1,0,1
0.07446832,1,1,1,1,0,1
0.07447048,1,0,1,1,0,1
0.07447148,1,1,1,1,0,1
0.07447664,1,0,1,1,0,1
0.074478,1,1,1,1,0,1
0.07448016,1,0,1,1,0,1
0.07448132,1,1,1,1,0,1
0.07448648,1,0,1,1,0,1
0.07448764,1,1,1,1,0,1
0.07448984,1,0,1,1,0,1
0.074491,1,1,1,1,0,1
0.07449616,1,0,1,1,0,1
0.07449732,1,1,1,1,0,1
0.07449948,1,0,1,1,0,1
0.07450064,1,1,1,1,0,1
0.0745058,1,0,1,1,0,1
0.07450716,1,1,1,1,0,1
0.07450932,1,0,1,1,0,1
0.07451032,1,1,1,1,0,1
0.07451548,1,0,1,1,0,1
0.0745168,1,1,1,1,0,1
0.074519,1,0,1,1,0,1
0.07452,1,1,1,1,0,1
0.07452516,1,0,1,1,0,1
0.07452648,1,1,1,1,0,1
0.07452864,1,0,1,1,0,1
0.07452964,1,1,1,1,0,1
0.0745348,1,0,1,1,0,1
0.07453616,1,1,1,1,0,1
0.07453832,1,0,1,1,0,1
0.07453948,1,1,1,1,0,1
0.07454464,1,0,1,1,0,1
0.0745458,1,1,1,1,0,1
0.074548,1,0,1,1,0,1
0.07454916,1,1,1,1,0,1
0.07455432,1,0,1,1,0,1
0.07455564,1,1,1,1,0,1
0.0745578,1,0,1,1,0,1
0.0745588,1,1,1,1,0,1
0.074564,1,0,1,1,0,1
0.07456532,1,1,1,1,0,1
0.07456748,1,0,1,1,0,1
0.07456848,1,1,1,1,0,1
0.07457364,1,0,1,1,0,1
0.07457496,1,1,1,1,0,1
0.07457716,1,0,1,1,0,1
0.07457816,1,1,1,1,0,1
0.07458332,1,0,1,1,0,1
0.07458464,1,1,1,1,0,1
0.0745868,1,0,1,1,0,1
0.07458796,1,1,1,1,0,1
0.07459316,1,0,1,1,0,1
0.07459432,1,1,1,1,0,1
0.07459648,1,0,1,1,0,1
0.07459764,1,1,1,1,0,1
0.0746028,1,0,1,1,0,1
0.07460416,1,1,1,1,0,1
0.07460632,1,0,1,1,0,1
0.07460732,1,1,1,1,0,1
0.07461248,1,0,1,1,0,1
0.0746138,1,1,1,1,0,1
0.07461596,1,0,1,1,0,1
0.07461696,1,1,1,1,0,1
0.07462216,1,0,1,1,0,1
0.07462348,1,1,1,1,0,1
0.07462564,1,0,1,1,0,1
0.07462664,1,1,1,1,0,1
0.0746318,1,0,1,1,0,1
0.07463312,1,1,1,1,0,1
0.07463532,1,0,1,1,0,1
0.07463648,1,1,1,1,0,1
0.07464164,1,0,1,1,0,1
0.0746428,1,1,1,1,0,1
0.07464496,1,0,1,1,0,1
0.07464612,1,1,1,1,0,1
0.07465132,1,0,1,1,0,1
0.07465264,1,1,1,1,0,1
0.0746548,1,0,1,1,0,1
0.0746558,1,1,1,1,0,1
0.07466096,1,0,1,1,0,1
0.07466232,1,1,1,1,0,1
0.07466448,1,0,1,1,0,1
0.07466548,1,1,1,1,0,1
0.07467064,1,0,1,1,0,1
0.07467196,1,1,1,1,0,1
0.07467412,1,0,1,1,0,1
0.07467512,1,1,1,1,0,1
0.07468032,1,0,1,1,0,1
0.07468164,1,1,1,1,0,1
0.0746838,1,0,1,1,0,1
0.07468496,1,1,1,1,0,1
0.07469012,1,0,1,1,0,1
0.07469132,1,1,1,1,0,1
0.07469348,1,0,1,1,0,1
0.07469464,1,1,1,1,0,1
0.0746998,1,0,1,1,0,1
0.07470112,1,1,1,1,0,1
0.07470328,1,0,1,1,0,1
0.07470428,1,1,1,1,0,1
0.07470948,1,0,1,1,0,1
0.0747108,1,1,1,1,0,1
0.07471296,1,0,1,1,0,1
0.07471396,1,1,1,1,0,1
0.07471912,1,0,1,1,0,1
0.07472048,1,1,1,1,0,1
0.07472264,1,0,1,1,0,1
0.07472364,1,1,1,1,0,1
0.0747288,1,0,1,1,0,1
0.07473012,1,1,1,1,0,1
0.07473228,1,0,1,1,0,1
0.07473328,1,1,1,1,0,1
0.07473848,1,0,1,1,0,1
0.0747398,1,1,1,1,0,1
0.07474196,1,0,1,1,0,1
0.07474312,1,1,1,1,0,1
0.07474828,1,0,1,1,0,1
0.07474948,1,1,1,1,0,1
0.07475164,1,0,1,1,0,1
0.0747528,1,1,1,1,0,1
0.07475796,1,0,1,1,0,1
0.07475928,1,1,1,1,0,1
0.07476148,1,0,1,1,0,1
0.07476244,1,1,1,1,0,1
0.07476764,1,0,1,1,0,1
0.07476896,1,1,1,1,0,1
0.07477112,1,0,1,1,0,1
0.07477212,1,1,1,1,0,1
0.07477728,1,0,1,1,0,1
0.07477864,1,1,1,1,0,1
0.0747808,1,0,1,1,0,1
0.0747818,1,1,1,1,0,1
0.07478696,1,0,1,1,0,1
0.07478828,1,1,1,1,0,1
0.07479044,1,0,1,1,0,1
0.07479164,1,1,1,1,0,1
0.0747968,1,0,1,1,0,1
0.07479796,1,1,1,1,0,1
0.07480012,1,0,1,1,0,1
0.07480128,1,1,1,1,0,1
0.07480644,1,0,1,1,0,1
0.0748078,1,1,1,1,0,1
0.07480996,1,0,1,1,0,1
0.07481096,1,1,1,1,0,1
0.07481612,1,0,1,1,0,1
0.07481744,1,1,1,1,0,1
0.07481964,1,0,1,1,0,1
0.07482064,1,1,1,1,0,1
0.0748258,1,0,1,1,0,1
0.07482712,1,1,1,1,0,1
0.07482928,1,0,1,1,0,1
0.07483028,1,1,1,1,0,1
0.07483544,1,0,1,1,0,1
0.0748368,1,1,1,1,0,1
0.07483896,1,0,1,1,0,1
0.07484012,1,1,1,1,0,1
0.07484528,1,0,1,1,0,1
0.07484644,1,1,1,1,0,1
0.0748486,1,0,1,1,0,1
0.0748498,1,1,1,1,0,1
0.07485496,1,0,1,1,0,1
0.07485628,1,1,1,1,0,1
0.07485844,1,0,1,1,0,1
0.07485944,1,1,1,1,0,1
0.0748646,1,0,1,1,0,1
0.07486596,1,1,1,1,0,1
0.07486812,1,0,1,1,0,1
0.07486912,1,1,1,1,0,1
0.07487428,1,0,1,1,0,1
0.0748756,1,1,1,1,0,1
0.0748778,1,0,1,1,0,1
0.0748788,1,1,1,1,0,1
0.07488396,1,0,1,1,0,1
0.07488528,1,1,1,1,0,1
0.07488744,1,0,1,1,0,1
0.0748886,1,1,1,1,0,1
0.07489376,1,0,1,1,0,1
0.07489496,1,1,1,1,0,1
0.07489712,1,0,1,1,0,1
0.07489828,1,1,1,1,0,1
0.07490344,1,0,1,1,0,1
0.07490476,1,1,1,1,0,1
0.07490696,1,0,1,1,0,1
0.07490796,1,1,1,1,0,1
0.07491312,1,0,1,1,0,1
0.07491444,1,1,1,1,0,1
0.0749166,1,0,1,1,0,1
0.0749176,1,1,1,1,0,1
0.07492276,1,0,1,1,0,1
0.07492412,1,1,1,1,0,1
0.07492628,1,0,1,1,0,1
0.07492728,1,1,1,1,0,1
0.07493244,1,0,1,1,0,1
0.07493376,1,1,1,1,0,1
0.07493596,1,0,1,1,0,1
0.07493696,1,1,1,1,0,1
0.07494212,1,0,1,1,0,1
0.07494344,1,1,1,1,0,1
0.0749456,1,0,1,1,0,1
0.07494676,1,1,1,1,0,1
0.07495196,1,0,1,1,0,1
0.07495312,1,1,1,1,0,1
0.07495528,1,0,1,1,0,1
0.07495644,1,1,1,1,0,1
0.0749616,1,0,1,1,0,1
0.07496292,1,1,1,1,0,1
0.07496512,1,0,1,1,0,1
0.07496612,1,1,1,1,0,1
0.07497128,1,0,1,1,0,1
0.0749726,1,1,1,1,0,1
0.07497476,1,0,1,1,0,1
0.07497576,1,1,1,1,0,1
0.07498092,1,0,1,1,0,1
0.07498228,1,1,1,1,0,1
0.07498444,1,0,1,1,0,1
0.07498544,1,1,1,1,0,1
0.0749906,1,0,1,1,0,1
0.07499192,1,1,1,1,0,1
0.07499412,1,0,1,1,0,1
0.07499528,1,1,1,1,0,1
0.07500044,1,0,1,1,0,1
0.0750016,1,1,1,1,0,1
0.07500376,1,0,1,1,0,1
0.07500492,1,1,1,1,0,1
0.07501012,1,0,1,1,0,1
0.07501144,1,1,1,1,0,1
0.0750136,1,0,1,1,0,1
0.0750146,1,1,1,1,0,1
0.07501976,1,0,1,1,0,1
0.07502108,1,1,1,1,0,1
0.07502328,1,0,1,1,0,1
0.07502428,1,1,1,1,0,1
0.07502944,1,0,1,1,0,1
0.07503076,1,1,1,1,0,1
0.07503292,1,0,1,1,0,1
0.07503392,1,1,1,1,0,1
0.07503908,1,0,1,1,0,1
0.07504044,1,1,1,1,0,1
0.0750426,1,0,1,1,0,1
0.07504376,1,1,1,1,0,1
0.07504892,1,0,1,1,0,1
0.07505008,1,1,1,1,0,1
0.07505228,1,0,1,1,0,1
0.07505344,1,1,1,1,0,1
0.0750586,1,0,1,1,0,1
0.07505992,1,1,1,1,0,1
0.07506208,1,0,1,1,0,1
0.07506308,1,1,1,1,0,1
0.07506828,1,0,1,1,0,1
0.0750696,1,1,1,1,0,1
0.07507176,1,0,1,1,0,1
0.07507276,1,1,1,1,0,1
0.07507792,1,0,1,1,0,1
0.07507928,1,1,1,1,0,1
0.07508144,1,0,1,1,0,1
0.07508244,1,1,1,1,0,1
0.0750876,1,0,1,1,0,1
0.07508892,1,1,1,1,0,1
0.07509108,1,0,1,1,0,1
0.07509224,1,1,1,1,0,1
0.07509744,1,0,1,1,0,1
0.0750986,1,1,1,1,0,1
0.07510076,1,0,1,1,0,1
0.07510192,1,1,1,1,0,1
0.07510708,1,0,1,1,0,1
0.07510844,1,1,1,1,0,1
0.0751106,1,0,1,1,0,1
0.0751116,1,1,1,1,0,1
0.07511676,1,0,1,1,0,1
0.07511808,1,1,1,1,0,1
0.07512024,1,0,1,1,0,1
0.07512124,1,1,1,1,0,1
0.07512644,1,0,1,1,0,1
0.07512776,1,1,1,1,0,1
0.07512992,1,0,1,1,0,1
0.07513092,1,1,1,1,0,1
0.07513608,1,0,1,1,0,1
0.07513744,1,1,1,1,0,1
0.0751396,1,0,1,1,0,1
0.0751406,1,1,1,1,0,1
0.07514576,1,0,1,1,0,1
0.07514708,1,1,1,1,0,1
0.07514924,1,0,1,1,0,1
0.07515044,1,1,1,1,0,1
0.0751556,1,0,1,1,0,1
0.07515676,1,1,1,1,0,1
0.07515892,1,0,1,1,0,1
0.07516008,1,1,1,1,0,1
0.07516524,1,0,1,1,0,1
0.0751666,1,1,1,1,0,1
0.07516876,1,0,1,1,0,1
0.07516976,1,1,1,1,0,1
0.07517492,1,0,1,1,0,1
0.07517624,1,1,1,1,0,1
0.0751784,1,0,1,1,0,1
0.0751794,1,1,1,1,0,1
0.0751846,1,0,1,1,0,1
0.07518592,1,1,1,1,0,1
0.07518808,1,0,1,1,0,1
0.07518908,1,1,1,1,0,1
0.07519424,1,0,1,1,0,1
0.0751956,1,1,1,1,0,1
0.07519776,1,0,1,1,0,1
0.07519892,1,1,1,1,0,1
0.07520408,1,0,1,1,0,1
0.07520524,1,1,1,1,0,1
0.0752074,1,0,1,1,0,1
0.0752086,1,1,1,1,0,1
0.07521376,1,0,1,1,0,1
0.07521508,1,1,1,1,0,1
0.07521724,1,0,1,1,0,1
0.07521824,1,1,1,1,0,1
0.0752234,1,0,1,1,0,1
0.07522476,1,1,1,1,0,1
0.07522692,1,0,1,1,0,1
0.07522792,1,1,1,1,0,1
0.07523308,1,0,1,1,0,1
0.0752344,1,1,1,1,0,1
0.07523656,1,0,1,1,0,1
0.07523756,1,1,1,1,0,1
0.07524276,1,0,1,1,0,1
0.07524408,1,1,1,1,0,1
0.07524624,1,0,1,1,0,1
0.0752474,1,1,1,1,0,1
0.07525256,1,0,1,1,0,1
0.07525376,1,1,1,1,0,1
0.07525592,1,0,1,1,0,1
0.07525708,1,1,1,1,0,1
0.07526224,1,0,1,1,0,1
0.07526356,1,1,1,1,0,1
0.07526576,1,0,1,1,0,1
0.07526676,1,1,1,1,0,1
0.07527192,1,0,1,1,0,1
0.07527324,1,1,1,1,0,1
0.0752754,1,0,1,1,0,1
0.0752764,1,1,1,1,0,1
0.07528156,1,0,1,1,0,1
0.07528292,1,1,1,1,0,1
0.07528508,1,0,1,1,0,1
0.07528608,1,1,1,1,0,1
0.07529124,1,0,1,1,0,1
0.07529256,1,1,1,1,0,1
0.07529472,1,0,1,1,0,1
0.07529592,1,1,1,1,0,1
0.07530108,1,0,1,1,0,1
0.07530224,1,1,1,1,0,1
0.0753044,1,0,1,1,0,1
0.07530556,1,1,1,1,0,1
0.07531072,1,0,1,1,0,1
0.07531208,1,1,1,1,0,1
0.07531424,1,0,1,1,0,1
0.07531524,1,1,1,1,0,1
0.0753204,1,0,1,1,0,1
0.07532172,1,1,1,1,0,1
0.07532392,1,0,1,1,0,1
0.07532492,1,1,1,1,0,1
0.07533008,1,0,1,1,0,1
0.0753314,1,1,1,1,0,1
0.07533356,1,0,1,1,0,1
0.07533456,1,1,1,1,0,1
0.07533972,1,0,1,1,0,1
0.07534108,1,1,1,1,0,1
0.07534324,1,0,1,1,0,1
0.0753444,1,1,1,1,0,1
0.07534956,1,0,1,1,0,1
0.07535072,1,1,1,1,0,1
0.07535288,1,0,1,1,0,1
0.07535408,1,1,1,1,0,1
0.07535924,1,0,1,1,0,1
0.07536056,1,1,1,1,0,1
0.07536272,1,0,1,1,0,1
0.07536372,1,1,1,1,0,1
0.07536888,1,0,1,1,0,1
0.07537024,1,1,1,1,0,1
0.0753724,1,0,1,1,0,1
0.0753734,1,1,1,1,0,1
0.07537856,1,0,1,1,0,1
0.07537988,1,1,1,1,0,1
0.07538208,1,0,1,1,0,1
0.07538308,1,1,1,1,0,1
0.07538824,1,0,1,1,0,1
0.07538956,1,1,1,1,0,1
0.07539172,1,0,1,1,0,1
0.07539272,1,1,1,1,0,1
0.07539788,1,0,1,1,0,1
0.07539924,1,1,1,1,0,1
0.0754014,1,0,1,1,0,1
0.07540256,1,1,1,1,0,1
0.07540772,1,0,1,1,0,1
0.07540888,1,1,1,1,0,1
0.07541108,1,0,1,1,0,1
0.07541224,1,1,1,1,0,1
0.0754174,1,0,1,1,0,1
0.07541872,1,1,1,1,0,1
0.07542088,1,0,1,1,0,1
0.07542188,1,1,1,1,0,1
0.07542704,1,0,1,1,0,1
0.0754284,1,1,1,1,0,1
0.07543056,1,0,1,1,0,1
0.07543156,1,1,1,1,0,1
0.07543672,1,0,1,1,0,1
0.07543804,1,1,1,1,0,1
0.07544024,1,0,1,1,0,1
0.07544124,1,1,1,1,0,1
0.0754464,1,0,1,1,0,1
0.07544772,1,1,1,1,0,1
0.07544988,1,0,1,1,0,1
0.07545104,1,1,1,1,0,1
0.07545624,1,0,1,1,0,1
0.0754574,1,1,1,1,0,1
0.07545956,1,0,1,1,0,1
0.07546072,1,1,1,1,0,1
0.07546588,1,0,1,1,0,1
0.07546724,1,1,1,1,0,1
0.0754694,1,0,1,1,0,1
0.0754704,1,1,1,1,0,1
0.07547556,1,0,1,1,0,1
0.07547688,1,1,1,1,0,1
0.07547904,1,0,1,1,0,1
0.07548004,1,1,1,1,0,1
0.0754852,1,0,1,1,0,1
0.07548656,1,1,1,1,0,1
0.07548872,1,0,1,1,0,1
0.07548972,1,1,1,1,0,1
0.07549488,1,0,1,1,0,1
0.0754962,1,1,1,1,0,1
0.0754984,1,0,1,1,0,1
0.07549956,1,1,1,1,0,1
0.07550472,1,0,1,1,0,1
0.07550588,1,1,1,1,0,1
0.07550804,1,0,1,1,0,1
0.0755092,1,1,1,1,0,1
0.0755144,1,0,1,1,0,1
0.07551572,1,1,1,1,0,1
0.07551788,1,0,1,1,0,1
0.07551888,1,1,1,1,0,1
0.07552404,1,0,1,1,0,1
0.0755254,1,1,1,1,0,1
0.07552756,1,0,1,1,0,1
0.07552856,1,1,1,1,0,1
0.07553372,1,0,1,1,0,1
0.07553504,1,1,1,1,0,1
0.0755372,1,0,1,1,0,1
0.0755382,1,1,1,1,0,1
0.0755434,1,0,1,1,0,1
0.07554472,1,1,1,1,0,1
0.07554688,1,0,1,1,0,1
0.07554804,1,1,1,1,0,1
0.0755532,1,0,1,1,0,1
0.07555436,1,1,1,1,0,1
0.07555656,1,0,1,1,0,1
0.07555772,1,1,1,1,0,1
0.07556288,1,0,1,1,0,1
0.0755642,1,1,1,1,0,1
0.07556636,1,0,1,1,0,1
0.07556736,1,1,1,1,0,1
0.07557256,1,0,1,1,0,1
0.07557388,1,1,1,1,0,1
0.07557604,1,0,1,1,0,1
0.07557704,1,1,1,1,0,1
0.0755822,1,0,1,1,0,1
0.07558356,1,1,1,1,0,1
0.07558572,1,0,1,1,0,1
0.07558672,1,1,1,1,0,1
0.07559188,1,0,1,1,0,1
0.0755932,1,1,1,1,0,1
0.07559536,1,0,1,1,0,1
0.07559636,1,1,1,1,0,1
0.07560156,1,0,1,1,0,1
0.07560288,1,1,1,1,0,1
0.07560504,1,0,1,1,0,1
0.0756062,1,1,1,1,0,1
0.07561136,1,0,1,1,0,1
0.07561252,1,1,1,1,0,1
0.07561472,1,0,1,1,0,1
0.07561588,1,1,1,1,0,1
0.07562104,1,0,1,1,0,1
0.07562236,1,1,1,1,0,1
0.07562452,1,0,1,1,0,1
0.07562552,1,1,1,1,0,1
0.07563072,1,0,1,1,0,1
0.07563204,1,1,1,1,0,1
0.0756342,1,0,1,1,0,1
0.0756352,1,1,1,1,0,1
0.07564036,1,0,1,1,0,1
0.07564172,1,1,1,1,0,1
0.07564388,1,0,1,1,0,1
0.07564488,1,1,1,1,0,1
0.07565004,1,0,1,1,0,1
0.07565136,1,1,1,1,0,1
0.07565352,1,0,1,1,0,1
0.07565472,1,1,1,1,0,1
0.07565988,1,0,1,1,0,1
0.07566104,1,1,1,1,0,1
0.0756632,1,0,1,1,0,1
0.07566436,1,1,1,1,0,1
0.07566952,1,0,1,1,0,1
0.07567088,1,1,1,1,0,1
0.07567304,1,0,1,1,0,1
0.07567404,1,1,1,1,0,1
0.0756792,1,0,1,1,0,1
0.07568052,1,1,1,1,0,1
0.07568268,1,0,1,1,0,1
0.07568368,1,1,1,1,0,1
0.07568888,1,0,1,1,0,1
0.0756902,1,1,1,1,0,1
0.07569236,1,0,1,1,0,1
0.07569336,1,1,1,1,0,1
0.07569852,1,0,1,1,0,1
0.07569988,1,1,1,1,0,1
0.07570204,1,0,1,1,0,1
0.0757032,1,1,1,1,0,1
0.07570836,1,0,1,1,0,1
0.07570952,1,1,1,1,0,1
0.07571168,1,0,1,1,0,1
0.07571288,1,1,1,1,0,1
0.07571804,1,0,1,1,0,1
0.07571936,1,1,1,1,0,1
0.07572152,1,0,1,1,0,1
0.07572252,1,1,1,1,0,1
0.07572768,1,0,1,1,0,1
0.07572904,1,1,1,1,0,1
0.0757312,1,0,1,1,0,1
0.0757322,1,1,1,1,0,1
0.07573736,1,0,1,1,0,1
0.07573868,1,1,1,1,0,1
0.07574084,1,0,1,1,0,1
0.07574184,1,1,1,1,0,1
0.07574704,1,0,1,1,0,1
0.07574836,1,1,1,1,0,1
0.07575052,1,0,1,1,0,1
0.07575168,1,1,1,1,0,1
0.07575684,1,0,1,1,0,1
0.07575804,1,1,1,1,0,1
0.0757602,1,0,1,1,0,1
0.07576136,1,1,1,1,0,1
0.07576652,1,0,1,1,0,1
0.07576784,1,1,1,1,0,1
0.07577004,1,0,1,1,0,1
0.07577104,1,1,1,1,0,1
0.0757762,1,0,1,1,0,1
0.07577752,1,1,1,1,0,1
0.07577968,1,0,1,1,0,1
0.07578068,1,1,1,1,0,1
0.07578584,1,0,1,1,0,1
0.0757872,1,1,1,1,0,1
0.07578936,1,0,1,1,0,1
0.07579036,1,1,1,1,0,1
0.07579552,1,0,1,1,0,1
0.07579684,1,1,1,1,0,1
0.07579904,1,0,1,1,0,1
0.07580004,1,1,1,1,0,1
0.0758052,1,0,1,1,0,1
0.07580652,1,1,1,1,0,1
0.07580868,1,0,1,1,0,1
0.07580984,1,1,1,1,0,1
0.075815,1,0,1,1,0,1
0.0758162,1,1,1,1,0,1
0.07581836,1,0,1,1,0,1
0.07581952,1,1,1,1,0,1
0.07582468,1,0,1,1,0,1
0.075826,1,1,1,1,0,1
0.0758282,1,0,1,1,0,1
0.0758292,1,1,1,1,0,1
0.07583436,1,0,1,1,0,1
0.07583568,1,1,1,1,0,1
0.07583784,1,0,1,1,0,1
0.07583884,1,1,1,1,0,1
0.075844,1,0,1,1,0,1
0.07584536,1,1,1,1,0,1
0.07584752,1,0,1,1,0,1
0.07584852,1,1,1,1,0,1
0.07585368,1,0,1,1,0,1
0.075855,1,1,1,1,0,1
0.0758572,1,0,1,1,0,1
0.07585836,1,1,1,1,0,1
0.07586352,1,0,1,1,0,1
0.07586468,1,1,1,1,0,1
0.07586684,1,0,1,1,0,1
0.075868,1,1,1,1,0,1
0.07587316,1,0,1,1,0,1
0.07587452,1,1,1,1,0,1
0.07587668,1,0,1,1,0,1
0.07587768,1,1,1,1,0,1
0.07588284,1,0,1,1,0,1
0.07588416,1,1,1,1,0,1
0.07588636,1,0,1,1,0,1
0.07588736,1,1,1,1,0,1
0.07589252,1,0,1,1,0,1
0.07589384,1,1,1,1,0,1
0.075896,1,0,1,1,0,1
0.075897,1,1,1,1,0,1
0.07590216,1,0,1,1,0,1
0.07590352,1,1,1,1,0,1
0.07590568,1,0,1,1,0,1
0.07590684,1,1,1,1,0,1
0.075912,1,0,1,1,0,1
0.07591316,1,1,1,1,0,1
0.07591536,1,0,1,1,0,1
0.07591652,1,1,1,1,0,1
0.07592168,1,0,1,1,0,1
0.075923,1,1,1,1,0,1
0.07592516,1,0,1,1,0,1
0.07592616,1,1,1,1,0,1
0.07593136,1,0,1,1,0,1
0.07593268,1,1,1,1,0,1
0.07593484,1,0,1,1,0,1
0.07593584,1,1,1,1,0,1
0.075941,1,0,1,1,0,1
0.07594232,1,1,1,1,0,1
0.07594452,1,0,1,1,0,1
0.07594552,1,1,1,1,0,1
0.07595068,1,0,1,1,0,1
0.075952,1,1,1,1,0,1
0.07595416,1,0,1,1,0,1
0.07595532,1,1,1,1,0,1
0.07596052,1,0,1,1,0,1
0.07596168,1,1,1,1,0,1
0.07596384,1,0,1,1,0,1
0.075965,1,1,1,1,0,1
0.07597016,1,0,1,1,0,1
0.07597152,1,1,1,1,0,1
0.07597368,1,0,1,1,0,1
0.07597468,1,1,1,1,0,1
0.07597984,1,0,1,1,0,1
0.07598116,1,1,1,1,0,1
0.07598332,1,0,1,1,0,1
0.07598432,1,1,1,1,0,1
0.07598952,1,0,1,1,0,1
0.07599084,1,1,1,1,0,1
0.075993,1,0,1,1,0,1
0.075994,1,1,1,1,0,1
0.07599916,1,0,1,1,0,1
0.07600052,1,1,1,1,0,1
0.07600268,1,0,1,1,0,1
0.07600384,1,1,1,1,0,1
0.076009,1,0,1,1,0,1
0.07601016,1,1,1,1,0,1
0.07601232,1,0,1,1,0,1
0.07601348,1,1,1,1,0,1
0.07601868,1,0,1,1,0,1
0.07601984,1,1,1,1,0,1
0.076022,1,0,1,1,0,1
0.07602316,1,1,1,1,0,1
0.07602832,1,0,1,1,0,1
0.07602968,1,1,1,1,0,1
0.07603184,1,0,1,1,0,1
0.07603284,1,1,1,1,0,1
0.076038,1,0,1,1,0,1
0.07603932,1,1,1,1,0,1
0.07604148,1,0,1,1,0,1
0.07604248,1,1,1,1,0,1
0.07604768,1,0,1,1,0,1
0.076049,1,1,1,1,0,1
0.07605116,1,0,1,1,0,1
0.07605216,1,1,1,1,0,1
0.07605732,1,0,1,1,0,1
0.07605868,1,1,1,1,0,1
0.07606084,1,0,1,1,0,1
0.076062,1,1,1,1,0,1
0.07606716,1,0,1,1,0,1
0.07606832,1,1,1,1,0,1
0.07607048,1,0,1,1,0,1
0.07607164,1,1,1,1,0,1
0.07607684,1,0,1,1,0,1
0.07607816,1,1,1,1,0,1
0.07608032,1,0,1,1,0,1
0.07608132,1,1,1,1,0,1
0.07608648,1,0,1,1,0,1
0.07608784,1,1,1,1,0,1
0.07609,1,0,1,1,0,1
0.076091,1,1,1,1,0,1
0.07609616,1,0,1,1,0,1
0.07609748,1,1,1,1,0,1
0.07609964,1,0,1,1,0,1
0.07610064,1,1,1,1,0,1
0.07610584,1,0,1,1,0,1
0.07610716,1,1,1,1,0,1
0.07610932,1,0,1,1,0,1
0.07611048,1,1,1,1,0,1
0.07611564,1,0,1,1,0,1
0.07611684,1,1,1,1,0,1
0.076119,1,0,1,1,0,1
0.07612016,1,1,1,1,0,1
0.07612532,1,0,1,1,0,1
0.07612664,1,1,1,1,0,1
0.07612884,1,0,1,1,0,1
0.0761298,1,1,1,1,0,1
0.076135,1,0,1,1,0,1
0.07613632,1,1,1,1,0,1
0.07613848,1,0,1,1,0,1
0.07613948,1,1,1,1,0,1
0.07614464,1,0,1,1,0,1
0.076146,1,1,1,1,0,1
0.07614816,1,0,1,1,0,1
0.07614916,1,1,1,1,0,1
0.07615432,1,0,1,1,0,1
0.07615564,1,1,1,1,0,1
0.0761578,1,0,1,1,0,1
0.076159,1,1,1,1,0,1
0.07616416,1,0,1,1,0,1
0.07616532,1,1,1,1,0,1
0.07616748,1,0,1,1,0,1
0.07616864,1,1,1,1,0,1
0.0761738,1,0,1,1,0,1
0.07617516,1,1,1,1,0,1
0.07617732,1,0,1,1,0,1
0.07617832,1,1,1,1,0,1
0.07618348,1,0,1,1,0,1
0.0761848,1,1,1,1,0,1
0.076187,1,0,1,1,0,1
0.076188,1,1,1,1,0,1
0.07619316,1,0,1,1,0,1
0.07619448,1,1,1,1,0,1
0.07619664,1,0,1,1,0,1
0.07619764,1,1,1,1,0,1
0.0762028,1,0,1,1,0,1
0.07620416,1,1,1,1,0,1
0.07620632,1,0,1,1,0,1
0.07620748,1,1,1,1,0,1
0.07621264,1,0,1,1,0,1
0.0762138,1,1,1,1,0,1
0.07621596,1,0,1,1,0,1
0.07621716,1,1,1,1,0,1
0.07622232,1,0,1,1,0,1
0.07622364,1,1,1,1,0,1
0.0762258,1,0,1,1,0,1
0.0762268,1,1,1,1,0,1
0.07623196,1,0,1,1,0,1
0.07623332,1,1,1,1,0,1
0.07623548,1,0,1,1,0,1
0.07623648,1,1,1,1,0,1
0.07624164,1,0,1,1,0,1
0.07624296,1,1,1,1,0,1
0.07624516,1,0,1,1,0,1
0.07624616,1,1,1,1,0,1
0.07625132,1,0,1,1,0,1
0.07625264,1,1,1,1,0,1
0.0762548,1,0,1,1,0,1
0.0762558,1,1,1,1,0,1
0.07626096,1,0,1,1,0,1
0.07626232,1,1,1,1,0,1
0.07626448,1,0,1,1,0,1
0.07626564,1,1,1,1,0,1
0.0762708,1,0,1,1,0,1
0.07627196,1,1,1,1,0,1
0.07627412,1,0,1,1,0,1
0.07627532,1,1,1,1,0,1
0.07628048,1,0,1,1,0,1
0.0762818,1,1,1,1,0,1
0.07628396,1,0,1,1,0,1
0.07628496,1,1,1,1,0,1
0.07629012,1,0,1,1,0,1
0.07629148,1,1,1,1,0,1
0.07629364,1,0,1,1,0,1
0.07629464,1,1,1,1,0,1
0.0762998,1,0,1,1,0,1
0.07630112,1,1,1,1,0,1
0.07630332,1,0,1,1,0,1
0.07630432,1,1,1,1,0,1
0.07630948,1,0,1,1,0,1
0.0763108,1,1,1,1,0,1
0.07631296,1,0,1,1,0,1
0.07631412,1,1,1,1,0,1
0.07631932,1,0,1,1,0,1
0.07632048,1,1,1,1,0,1
0.07632264,1,0,1,1,0,1
0.0763238,1,1,1,1,0,1
0.07632896,1,0,1,1,0,1
0.07633028,1,1,1,1,0,1
0.07633248,1,0,1,1,0,1
0.07633348,1,1,1,1,0,1
0.07633864,1,0,1,1,0,1
0.07633996,1,1,1,1,0,1
0.07634212,1,0,1,1,0,1
0.07634312,1,1,1,1,0,1
0.07634828,1,0,1,1,0,1
0.07634964,1,1,1,1,0,1
0.0763518,1,0,1,1,0,1
0.0763528,1,1,1,1,0,1
0.07635796,1,0,1,1,0,1
0.07635928,1,1,1,1,0,1
0.07636148,1,0,1,1,0,1
0.07636264,1,1,1,1,0,1
0.0763678,1,0,1,1,0,1
0.07636896,1,1,1,1,0,1
0.07637112,1,0,1,1,0,1
0.07637228,1,1,1,1,0,1
0.07637748,1,0,1,1,0,1
0.0763788,1,1,1,1,0,1
0.07638096,1,0,1,1,0,1
0.07638196,1,1,1,1,0,1
0.07638712,1,0,1,1,0,1
0.07638848,1,1,1,1,0,1
0.07639064,1,0,1,1,0,1
0.07639164,1,1,1,1,0,1
0.0763968,1,0,1,1,0,1
0.07639812,1,1,1,1,0,1
0.07640028,1,0,1,1,0,1
0.07640128,1,1,1,1,0,1
0.07640644,1,0,1,1,0,1
0.0764078,1,1,1,1,0,1
0.07640996,1,0,1,1,0,1
0.07641112,1,1,1,1,0,1
0.07641628,1,0,1,1,0,1
0.07641744,1,1,1,1,0,1
0.07641964,1,0,1,1,0,1
0.0764208,1,1,1,1,0,1
0.07642596,1,0,1,1,0,1
0.07642728,1,1,1,1,0,1
0.07642944,1,0,1,1,0,1
0.07643044,1,1,1,1,0,1
0.07643564,1,0,1,1,0,1
0.07643696,1,1,1,1,0,1
0.07643912,1,0,1,1,0,1
0.07644012,1,1,1,1,0,1
0.07644528,1,0,1,1,0,1
0.07644664,1,1,1,1,0,1
0.0764488,1,0,1,1,0,1
0.0764498,1,1,1,1,0,1
0.07645496,1,0,1,1,0,1
0.07645628,1,1,1,1,0,1
0.07645844,1,0,1,1,0,1
0.07645944,1,1,1,1,0,1
0.0764646,1,0,1,1,0,1
0.07646596,1,1,1,1,0,1
0.07646812,1,0,1,1,0,1
0.07646928,1,1,1,1,0,1
0.07647444,1,0,1,1,0,1
0.0764756,1,1,1,1,0,1
0.0764778,1,0,1,1,0,1
0.07647896,1,1,1,1,0,1
0.07648412,1,0,1,1,0,1
0.07648544,1,1,1,1,0,1
0.0764876,1,0,1,1,0,1
0.0764886,1,1,1,1,0,1
0.0764938,1,0,1,1,0,1
0.07649512,1,1,1,1,0,1
0.07649728,1,0,1,1,0,1
0.07649828,1,1,1,1,0,1
0.07650344,1,0,1,1,0,1
0.0765048,1,1,1,1,0,1
0.07650696,1,0,1,1,0,1
0.07650796,1,1,1,1,0,1
0.07651312,1,0,1,1,0,1
0.07651444,1,1,1,1,0,1
0.0765166,1,0,1,1,0,1
0.0765178,1,1,1,1,0,1
0.07652296,1,0,1,1,0,1
0.07652412,1,1,1,1,0,1
0.07652628,1,0,1,1,0,1
0.07652744,1,1,1,1,0,1
0.0765326,1,0,1,1,0,1
0.07653396,1,1,1,1,0,1
0.07653612,1,0,1,1,0,1
0.07653712,1,1,1,1,0,1
0.07654228,1,0,1,1,0,1
0.0765436,1,1,1,1,0,1
0.07654576,1,0,1,1,0,1
0.07654676,1,1,1,1,0,1
0.07655196,1,0,1,1,0,1
0.07655328,1,1,1,1,0,1
0.07655544,1,0,1,1,0,1
0.07655644,1,1,1,1,0,1
0.0765616,1,0,1,1,0,1
0.07656296,1,1,1,1,0,1
0.07656512,1,0,1,1,0,1
0.07656628,1,1,1,1,0,1
0.07657144,1,0,1,1,0,1
0.0765726,1,1,1,1,0,1
0.07657476,1,0,1,1,0,1
0.07657596,1,1,1,1,0,1
0.07658112,1,0,1,1,0,1
0.07658244,1,1,1,1,0,1
0.0765846,1,0,1,1,0,1
0.0765856,1,1,1,1,0,1
0.07659076,1,0,1,1,0,1
0.07659212,1,1,1,1,0,1
0.07659428,1,0,1,1,0,1
0.07659528,1,1,1,1,0,1
0.07660044,1,0,1,1,0,1
0.07660176,1,1,1,1,0,1
0.07660392,1,0,1,1,0,1
0.07660492,1,1,1,1,0,1
0.07661012,1,0,1,1,0,1
0.07661144,1,1,1,1,0,1
0.0766136,1,0,1,1,0,1
0.07661476,1,1,1,1,0,1
0.07661992,1,0,1,1,0,1
0.07662112,1,1,1,1,0,1
0.07662328,1,0,1,1,0,1
0.07662444,1,1,1,1,0,1
0.0766296,1,0,1,1,0,1
0.07663092,1,1,1,1,0,1
0.07663312,1,0,1,1,0,1
0.07663412,1,1,1,1,0,1
0.07663928,1,0,1,1,0,1
0.0766406,1,1,1,1,0,1
0.07664276,1,0,1,1,0,1
0.07664376,1,1,1,1,0,1
0.07664892,1,0,1,1,0,1
0.07665028,1,1,1,1,0,1
0.07665244,1,0,1,1,0,1
0.07665344,1,1,1,1,0,1
0.0766586,1,0,1,1,0,1
0.07665992,1,1,1,1,0,1
0.07666208,1,0,1,1,0,1
0.07666308,1,1,1,1,0,1
0.07666828,1,0,1,1,0,1
0.0766696,1,1,1,1,0,1
0.07667176,1,0,1,1,0,1
0.07667292,1,1,1,1,0,1
0.07667808,1,0,1,1,0,1
0.07667928,1,1,1,1,0,1
0.07668144,1,0,1,1,0,1
0.0766826,1,1,1,1,0,1
0.07668776,1,0,1,1,0,1
0.07668908,1,1,1,1,0,1
0.07669128,1,0,1,1,0,1
0.07669228,1,1,1,1,0,1
0.07669744,1,0,1,1,0,1
0.07669876,1,1,1,1,0,1
0.07670092,1,0,1,1,0,1
0.07670192,1,1,1,1,0,1
0.07670708,1,0,1,1,0,1
0.07670844,1,1,1,1,0,1
0.0767106,1,0,1,1,0,1
0.0767116,1,1,1,1,0,1
0.07671676,1,0,1,1,0,1
0.07671808,1,1,1,1,0,1
0.07672028,1,0,1,1,0,1
0.07672144,1,1,1,1,0,1
0.0767266,1,0,1,1,0,1
0.07672776,1,1,1,1,0,1
0.07672992,1,0,1,1,0,1
0.07673108,1,1,1,1,0,1
0.07673624,1,0,1,1,0,1
0.0767376,1,1,1,1,0,1
0.07673976,1,0,1,1,0,1
0.07674076,1,1,1,1,0,1
0.07674592,1,0,1,1,0,1
0.07674724,1,1,1,1,0,1
0.07674944,1,0,1,1,0,1
0.07675044,1,1,1,1,0,1
0.0767556,1,0,1,1,0,1
0.07675692,1,1,1,1,0,1
0.07675908,1,0,1,1,0,1
0.07676008,1,1,1,1,0,1
0.07676524,1,0,1,1,0,1
0.0767666,1,1,1,1,0,1
0.07676876,1,0,1,1,0,1
0.07676992,1,1,1,1,0,1
0.07677508,1,0,1,1,0,1
0.07677624,1,1,1,1,0,1
0.07677844,1,0,1,1,0,1
0.0767796,1,1,1,1,0,1
0.07678476,1,0,1,1,0,1
0.07678608,1,1,1,1,0,1
0.07678824,1,0,1,1,0,1
0.07678924,1,1,1,1,0,1
0.0767944,1,0,1,1,0,1
0.07679576,1,1,1,1,0,1
0.07679792,1,0,1,1,0,1
0.07679892,1,1,1,1,0,1
0.07680408,1,0,1,1,0,1
0.0768054,1,1,1,1,0,1
0.0768076,1,0,1,1,0,1
0.0768086,1,1,1,1,0,1
0.07681376,1,0,1,1,0,1
0.07681508,1,1,1,1,0,1
0.07681724,1,0,1,1,0,1
0.0768184,1,1,1,1,0,1
0.0768236,1,0,1,1,0,1
0.07682476,1,1,1,1,0,1
0.07682692,1,0,1,1,0,1
0.07682808,1,1,1,1,0,1
0.07683324,1,0,1,1,0,1
0.0768346,1,1,1,1,0,1
0.07683676,1,0,1,1,0,1
0.07683776,1,1,1,1,0,1
0.07684292,1,0,1,1,0,1
0.07684424,1,1,1,1,0,1
0.0768464,1,0,1,1,0,1
0.0768474,1,1,1,1,0,1
0.07685256,1,0,1,1,0,1
0.07685392,1,1,1,1,0,1
0.07685608,1,0,1,1,0,1
0.07685708,1,1,1,1,0,1
0.07686224,1,0,1,1,0,1
0.07686356,1,1,1,1,0,1
0.07686576,1,0,1,1,0,1
0.07686692,1,1,1,1,0,1
0.07687208,1,0,1,1,0,1
0.07687324,1,1,1,1,0,1
0.0768754,1,0,1,1,0,1
0.07687656,1,1,1,1,0,1
0.07688176,1,0,1,1,0,1
0.07688292,1,1,1,1,0,1
0.07688508,1,0,1,1,0,1
0.07688624,1,1,1,1,0,1
0.0768914,1,0,1,1,0,1
0.07689276,1,1,1,1,0,1
0.07689492,1,0,1,1,0,1
0.07689592,1,1,1,1,0,1
0.07690108,1,0,1,1,0,1
0.0769024,1,1,1,1,0,1
0.07690456,1,0,1,1,0,1
0.07690556,1,1,1,1,0,1
0.07691076,1,0,1,1,0,1
0.07691208,1,1,1,1,0,1
0.07691424,1,0,1,1,0,1
0.07691524,1,1,1,1,0,1
0.0769204,1,0,1,1,0,1
0.07692172,1,1,1,1,0,1
0.07692392,1,0,1,1,0,1
0.07692508,1,1,1,1,0,1
0.07693024,1,0,1,1,0,1
0.0769314,1,1,1,1,0,1
0.07693356,1,0,1,1,0,1
0.07693472,1,1,1,1,0,1
0.07693992,1,0,1,1,0,1
0.07694124,1,1,1,1,0,1
0.0769434,1,0,1,1,0,1
0.0769444,1,1,1,1,0,1
0.07694956,1,0,1,1,0,1
0.07695092,1,1,1,1,0,1
0.07695308,1,0,1,1,0,1
0.07695408,1,1,1,1,0,1
0.07695924,1,0,1,1,0,1
0.07696056,1,1,1,1,0,1
0.07696272,1,0,1,1,0,1
0.07696372,1,1,1,1,0,1
0.07696892,1,0,1,1,0,1
0.07697024,1,1,1,1,0,1
0.0769724,1,0,1,1,0,1
0.07697356,1,1,1,1,0,1
0.07697872,1,0,1,1,0,1
0.07697992,1,1,1,1,0,1
0.07698208,1,0,1,1,0,1
0.07698324,1,1,1,1,0,1
0.0769884,1,0,1,1,0,1
0.07698972,1,1,1,1,0,1
0.07699188,1,0,1,1,0,1
0.07699288,1,1,1,1,0,1
0.07699808,1,0,1,1,0,1
0.0769994,1,1,1,1,0,1
0.07700156,1,0,1,1,0,1
0.07700256,1,1,1,1,0,1
0.07700772,1,0,1,1,0,1
0.07700908,1,1,1,1,0,1
0.07701124,1,0,1,1,0,1
0.07701224,1,1,1,1,0,1
0.0770174,1,0,1,1,0,1
0.07701872,1,1,1,1,0,1
0.07702088,1,0,1,1,0,1
0.07702208,1,1,1,1,0,1
0.07702724,1,0,1,1,0,1
0.0770284,1,1,1,1,0,1
0.07703056,1,0,1,1,0,1
0.07703172,1,1,1,1,0,1
0.07703688,1,0,1,1,0,1
0.07703824,1,1,1,1,0,1
0.0770404,1,0,1,1,0,1
0.0770414,1,1,1,1,0,1
0.07704656,1,0,1,1,0,1
0.07704788,1,1,1,1,0,1
0.07705004,1,0,1,1,0,1
0.07705104,1,1,1,1,0,1
0.07705624,1,0,1,1,0,1
0.07705756,1,1,1,1,0,1
0.07705972,1,0,1,1,0,1
0.07706072,1,1,1,1,0,1
0.07706588,1,0,1,1,0,1
0.07706724,1,1,1,1,0,1
0.0770694,1,0,1,1,0,1
0.07707056,1,1,1,1,0,1
0.07707572,1,0,1,1,0,1
0.07707688,1,1,1,1,0,1
0.07707904,1,0,1,1,0,1
0.07708024,1,1,1,1,0,1
0.0770854,1,0,1,1,0,1
0.07708672,1,1,1,1,0,1
0.07708888,1,0,1,1,0,1
0.07708988,1,1,1,1,0,1
0.07709504,1,0,1,1,0,1
0.0770964,1,1,1,1,0,1
0.07709856,1,0,1,1,0,1
0.07709956,1,1,1,1,0,1
0.07710472,1,0,1,1,0,1
0.07710604,1,1,1,1,0,1
0.07710824,1,0,1,1,0,1
0.07710924,1,1,1,1,0,1
0.0771144,1,0,1,1,0,1
0.07711572,1,1,1,1,0,1
0.07711788,1,0,1,1,0,1
0.07711888,1,1,1,1,0,1
0.07712404,1,0,1,1,0,1
0.0771254,1,1,1,1,0,1
0.07712756,1,0,1,1,0,1
0.07712872,1,1,1,1,0,1
0.07713388,1,0,1,1,0,1
0.07713504,1,1,1,1,0,1
0.0771372,1,0,1,1,0,1
0.0771384,1,1,1,1,0,1
0.07714356,1,0,1,1,0,1
0.07714488,1,1,1,1,0,1
0.07714704,1,0,1,1,0,1
0.07714804,1,1,1,1,0,1
0.0771532,1,0,1,1,0,1
0.07715456,1,1,1,1,0,1
0.07715672,1,0,1,1,0,1
0.07715772,1,1,1,1,0,1
0.07716288,1,0,1,1,0,1
0.0771642,1,1,1,1,0,1
0.0771664,1,0,1,1,0,1
0.0771674,1,1,1,1,0,1
0.07717256,1,0,1,1,0,1
0.07717388,1,1,1,1,0,1
0.07717604,1,0,1,1,0,1
0.0771772,1,1,1,1,0,1
0.07718236,1,0,1,1,0,1
0.07718356,1,1,1,1,0,1
0.07718572,1,0,1,1,0,1
0.07718688,1,1,1,1,0,1
0.07719204,1,0,1,1,0,1
0.07719336,1,1,1,1,0,1
0.07719556,1,0,1,1,0,1
0.07719656,1,1,1,1,0,1
0.07720172,1,0,1,1,0,1
0.07720304,1,1,1,1,0,1
0.0772052,1,0,1,1,0,1
0.0772062,1,1,1,1,0,1
0.07721136,1,0,1,1,0,1
0.07721272,1,1,1,1,0,1
0.07721488,1,0,1,1,0,1
0.07721588,1,1,1,1,0,1
0.07722104,1,0,1,1,0,1
0.07722236,1,1,1,1,0,1
0.07722456,1,0,1,1,0,1
0.07722572,1,1,1,1,0,1
0.07723088,1,0,1,1,0,1
0.07723204,1,1,1,1,0,1
0.0772342,1,0,1,1,0,1
0.07723536,1,1,1,1,0,1
0.07724056,1,0,1,1,0,1
0.07724188,1,1,1,1,0,1
0.07724404,1,0,1,1,0,1
0.07724504,1,1,1,1,0,1
0.0772502,1,0,1,1,0,1
0.07725152,1,1,1,1,0,1
0.07725372,1,0,1,1,0,1
0.07725472,1,1,1,1,0,1
0.07725988,1,0,1,1,0,1
0.0772612,1,1,1,1,0,1
0.07726336,1,0,1,1,0,1
0.07726436,1,1,1,1,0,1
0.07726952,1,0,1,1,0,1
0.07727088,1,1,1,1,0,1
0.07727304,1,0,1,1,0,1
0.0772742,1,1,1,1,0,1
0.07727936,1,0,1,1,0,1
0.07728052,1,1,1,1,0,1
0.07728272,1,0,1,1,0,1
0.07728388,1,1,1,1,0,1
0.07728904,1,0,1,1,0,1
0.07729036,1,1,1,1,0,1
0.07729252,1,0,1,1,0,1
0.07729352,1,1,1,1,0,1
0.07729872,1,0,1,1,0,1
0.07730004,1,1,1,1,0,1
0.0773022,1,0,1,1,0,1
0.0773032,1,1,1,1,0,1
0.07730836,1,0,1,1,0,1
0.07730968,1,1,1,1,0,1
0.07731188,1,0,1,1,0,1
0.07731288,1,1,1,1,0,1
0.07731804,1,0,1,1,0,1
0.07731936,1,1,1,1,0,1
0.07732152,1,0,1,1,0,1
0.07732252,1,1,1,1,0,1
0.07732768,1,0,1,1,0,1
0.07732904,1,1,1,1,0,1
0.0773312,1,0,1,1,0,1
0.07733236,1,1,1,1,0,1
0.07733752,1,0,1,1,0,1
0.07733868,1,1,1,1,0,1
0.07734088,1,0,1,1,0,1
0.07734204,1,1,1,1,0,1
0.0773472,1,0,1,1,0,1
0.07734852,1,1,1,1,0,1
0.07735068,1,0,1,1,0,1
0.07735168,1,1,1,1,0,1
0.07735688,1,0,1,1,0,1
0.0773582,1,1,1,1,0,1
0.07736036,1,0,1,1,0,1
0.07736136,1,1,1,1,0,1
0.07736652,1,0,1,1,0,1
0.07736788,1,1,1,1,0,1
0.07737004,1,0,1,1,0,1
0.07737104,1,1,1,1,0,1
0.0773762,1,0,1,1,0,1
0.07737752,1,1,1,1,0,1
0.07737968,1,0,1,1,0,1
0.07738084,1,1,1,1,0,1
0.07738604,1,0,1,1,0,1
0.0773872,1,1,1,1,0,1
0.07738936,1,0,1,1,0,1
0.07739052,1,1,1,1,0,1
0.07739568,1,0,1,1,0,1
0.07739704,1,1,1,1,0,1
0.0773992,1,0,1,1,0,1
0.0774002,1,1,1,1,0,1
0.07740536,1,0,1,1,0,1
0.07740668,1,1,1,1,0,1
0.07740884,1,0,1,1,0,1
0.07740984,1,1,1,1,0,1
0.07741504,1,0,1,1,0,1
0.07741636,1,1,1,1,0,1
0.07741852,1,0,1,1,0,1
0.07741952,1,1,1,1,0,1
0.07742468,1,0,1,1,0,1
0.07742604,1,1,1,1,0,1
0.0774282,1,0,1,1,0,1
0.07742936,1,1,1,1,0,1
0.07743452,1,0,1,1,0,1
0.07743568,1,1,1,1,0,1
0.07743784,1,0,1,1,0,1
0.077439,1,1,1,1,0,1
0.0774442,1,0,1,1,0,1
0.07744552,1,1,1,1,0,1
0.07744768,1,0,1,1,0,1
0.07744868,1,1,1,1,0,1
0.07745384,1,0,1,1,0,1
0.0774552,1,1,1,1,0,1
0.07745736,1,0,1,1,0,1
0.07745836,1,1,1,1,0,1
0.07746352,1,0,1,1,0,1
0.07746484,1,1,1,1,0,1
0.077467,1,0,1,1,0,1
0.077468,1,1,1,1,0,1
0.0774732,1,0,1,1,0,1
0.07747452,1,1,1,1,0,1
0.07747668,1,0,1,1,0,1
0.07747784,1,1,1,1,0,1
0.077483,1,0,1,1,0,1
0.0774842,1,1,1,1,0,1
0.07748636,1,0,1,1,0,1
0.07748752,1,1,1,1,0,1
0.07749268,1,0,1,1,0,1
0.077494,1,1,1,1,0,1
0.0774962,1,0,1,1,0,1
0.0774972,1,1,1,1,0,1
0.07750236,1,0,1,1,0,1
0.07750368,1,1,1,1,0,1
0.07750584,1,0,1,1,0,1
0.07750684,1,1,1,1,0,1
0.077512,1,0,1,1,0,1
0.07751336,1,1,1,1,0,1
0.07751552,1,0,1,1,0,1
0.07751652,1,1,1,1,0,1
0.07752168,1,0,1,1,0,1
0.077523,1,1,1,1,0,1
0.07752516,1,0,1,1,0,1
0.07752636,1,1,1,1,0,1
0.07753152,1,0,1,1,0,1
0.07753268,1,1,1,1,0,1
0.07753484,1,0,1,1,0,1
0.077536,1,1,1,1,0,1
0.07754116,1,0,1,1,0,1
0.07754236,1,1,1,1,0,1
0.07754452,1,0,1,1,0,1
0.07754568,1,1,1,1,0,1
0.07755084,1,0,1,1,0,1
0.07755216,1,1,1,1,0,1
0.07755436,1,0,1,1,0,1
0.07755536,1,1,1,1,0,1
0.07756052,1,0,1,1,0,1
0.07756184,1,1,1,1,0,1
0.077564,1,0,1,1,0,1
0.077565,1,1,1,1,0,1
0.07757016,1,0,1,1,0,1
0.07757152,1,1,1,1,0,1
0.07757368,1,0,1,1,0,1
0.07757468,1,1,1,1,0,1
0.07757984,1,0,1,1,0,1
0.07758116,1,1,1,1,0,1
0.07758332,1,0,1,1,0,1
0.07758452,1,1,1,1,0,1
0.07758968,1,0,1,1,0,1
0.07759084,1,1,1,1,0,1
0.077593,1,0,1,1,0,1
0.07759416,1,1,1,1,0,1
0.07759932,1,0,1,1,0,1
0.07760068,1,1,1,1,0,1
0.07760284,1,0,1,1,0,1
0.07760384,1,1,1,1,0,1
0.077609,1,0,1,1,0,1
0.07761032,1,1,1,1,0,1
0.07761252,1,0,1,1,0,1
0.07761352,1,1,1,1,0,1
0.07761868,1,0,1,1,0,1
0.07762,1,1,1,1,0,1
0.07762216,1,0,1,1,0,1
0.07762316,1,1,1,1,0,1
0.07762832,1,0,1,1,0,1
0.07762968,1,1,1,1,0,1
0.07763184,1,0,1,1,0,1
0.077633,1,1,1,1,0,1
0.07763816,1,0,1,1,0,1
0.07763932,1,1,1,1,0,1
0.07764148,1,0,1,1,0,1
0.07764268,1,1,1,1,0,1
0.07764784,1,0,1,1,0,1
0.07764916,1,1,1,1,0,1
0.07765132,1,0,1,1,0,1
0.07765232,1,1,1,1,0,1
0.07765748,1,0,1,1,0,1
0.07765884,1,1,1,1,0,1
0.077661,1,0,1,1,0,1
0.077662,1,1,1,1,0,1
0.07766716,1,0,1,1,0,1
0.07766848,1,1,1,1,0,1
0.07767068,1,0,1,1,0,1
0.07767168,1,1,1,1,0,1
0.07767684,1,0,1,1,0,1
0.07767816,1,1,1,1,0,1
0.07768032,1,0,1,1,0,1
0.07768148,1,1,1,1,0,1
0.07768668,1,0,1,1,0,1
0.07768784,1,1,1,1,0,1
0.07769,1,0,1,1,0,1
0.07769116,1,1,1,1,0,1
0.07769632,1,0,1,1,0,1
0.07769768,1,1,1,1,0,1
0.07769984,1,0,1,1,0,1
0.07770084,1,1,1,1,0,1
0.077706,1,0,1,1,0,1
0.07770732,1,1,1,1,0,1
0.07770948,1,0,1,1,0,1
0.07771048,1,1,1,1,0,1
0.07771564,1,0,1,1,0,1
0.077717,1,1,1,1,0,1
0.07771916,1,0,1,1,0,1
0.07772016,1,1,1,1,0,1
0.07772532,1,0,1,1,0,1
0.07772664,1,1,1,1,0,1
0.07772884,1,0,1,1,0,1
0.07773,1,1,1,1,0,1
0.07773516,1,0,1,1,0,1
0.07773632,1,1,1,1,0,1
0.07773848,1,0,1,1,0,1
0.07773964,1,1,1,1,0,1
0.07774484,1,0,1,1,0,1
0.07774616,1,1,1,1,0,1
0.07774832,1,0,1,1,0,1
0.07774932,1,1,1,1,0,1
0.07775448,1,0,1,1,0,1
0.07775584,1,1,1,1,0,1
0.077758,1,0,1,1,0,1
0.077759,1,1,1,1,0,1
0.07776416,1,0,1,1,0,1
0.07776548,1,1,1,1,0,1
0.07776764,1,0,1,1,0,1
0.07776864,1,1,1,1,0,1
0.0777738,1,0,1,1,0,1
0.07777516,1,1,1,1,0,1
0.07777732,1,0,1,1,0,1
0.07777832,1,1,1,1,0,1
0.07778348,1,0,1,1,0,1
0.0777848,1,1,1,1,0,1
0.077787,1,0,1,1,0,1
0.07778816,1,1,1,1,0,1
0.07779332,1,0,1,1,0,1
0.07779448,1,1,1,1,0,1
0.07779664,1,0,1,1,0,1
0.0777978,1,1,1,1,0,1
0.077803,1,0,1,1,0,1
0.07780432,1,1,1,1,0,1
0.07780648,1,0,1,1,0,1
0.07780748,1,1,1,1,0,1
0.07781264,1,0,1,1,0,1
0.077814,1,1,1,1,0,1
0.07781616,1,0,1,1,0,1
0.07781716,1,1,1,1,0,1
0.07782232,1,0,1,1,0,1
0.07782364,1,1,1,1,0,1
0.0778258,1,0,1,1,0,1
0.0778268,1,1,1,1,0,1
0.07783196,1,0,1,1,0,1
0.07783332,1,1,1,1,0,1
0.07783548,1,0,1,1,0,1
0.07783664,1,1,1,1,0,1
0.0778418,1,0,1,1,0,1
0.07784296,1,1,1,1,0,1
0.07784516,1,0,1,1,0,1
0.07784632,1,1,1,1,0,1
0.07785148,1,0,1,1,0,1
0.0778528,1,1,1,1,0,1
0.07785496,1,0,1,1,0,1
0.07785596,1,1,1,1,0,1
0.07786116,1,0,1,1,0,1
0.07786248,1,1,1,1,0,1
0.07786464,1,0,1,1,0,1
0.07786564,1,1,1,1,0,1
0.0778708,1,0,1,1,0,1
0.07787216,1,1,1,1,0,1
0.07787432,1,0,1,1,0,1
0.07787532,1,1,1,1,0,1
0.07788048,1,0,1,1,0,1
0.0778818,1,1,1,1,0,1
0.07788396,1,0,1,1,0,1
0.07788516,1,1,1,1,0,1
0.07789032,1,0,1,1,0,1
0.07789148,1,1,1,1,0,1
0.07789364,1,0,1,1,0,1
0.0778948,1,1,1,1,0,1
0.07789996,1,0,1,1,0,1
0.07790132,1,1,1,1,0,1
0.07790348,1,0,1,1,0,1
0.07790448,1,1,1,1,0,1
0.07790964,1,0,1,1,0,1
0.07791096,1,1,1,1,0,1
0.07791312,1,0,1,1,0,1
0.07791412,1,1,1,1,0,1
0.07791932,1,0,1,1,0,1
0.07792064,1,1,1,1,0,1
0.0779228,1,0,1,1,0,1
0.0779238,1,1,1,1,0,1
0.07792896,1,0,1,1,0,1
0.07793032,1,1,1,1,0,1
0.07793248,1,0,1,1,0,1
0.07793364,1,1,1,1,0,1
0.0779388,1,0,1,1,0,1
0.07793996,1,1,1,1,0,1
0.07794212,1,0,1,1,0,1
0.07794332,1,1,1,1,0,1
0.07794848,1,0,1,1,0,1
0.0779498,1,1,1,1,0,1
0.07795196,1,0,1,1,0,1
0.07795296,1,1,1,1,0,1
0.07795812,1,0,1,1,0,1
0.07795948,1,1,1,1,0,1
0.07796164,1,0,1,1,0,1
0.07796264,1,1,1,1,0,1
0.0779678,1,0,1,1,0,1
0.07796912,1,1,1,1,0,1
0.07797128,1,0,1,1,0,1
0.07797228,1,1,1,1,0,1
0.07797748,1,0,1,1,0,1
0.0779788,1,1,1,1,0,1
0.07798096,1,0,1,1,0,1
0.07798196,1,1,1,1,0,1
0.07798712,1,0,1,1,0,1
0.07798848,1,1,1,1,0,1
0.07799064,1,0,1,1,0,1
0.0779918,1,1,1,1,0,1
0.07799696,1,0,1,1,0,1
0.07799812,1,1,1,1,0,1
0.07800028,1,0,1,1,0,1
0.07800148,1,1,1,1,0,1
0.07800664,1,0,1,1,0,1
0.07800796,1,1,1,1,0,1
0.07801012,1,0,1,1,0,1
0.07801112,1,1,1,1,0,1
0.07801628,1,0,1,1,0,1
0.07801764,1,1,1,1,0,1
0.0780198,1,0,1,1,0,1
0.0780208,1,1,1,1,0,1
0.07802596,1,0,1,1,0,1
0.07802728,1,1,1,1,0,1
0.07802944,1,0,1,1,0,1
0.07803044,1,1,1,1,0,1
0.07803564,1,0,1,1,0,1
0.07803696,1,1,1,1,0,1
0.07803912,1,0,1,1,0,1
0.07804028,1,1,1,1,0,1
0.07804544,1,0,1,1,0,1
0.07804664,1,1,1,1,0,1
0.0780488,1,0,1,1,0,1
0.07804996,1,1,1,1,0,1
0.07805512,1,0,1,1,0,1
0.07805644,1,1,1,1,0,1
0.07805864,1,0,1,1,0,1
0.07805964,1,1,1,1,0,1
0.0780648,1,0,1,1,0,1
0.07806612,1,1,1,1,0,1
0.07806828,1,0,1,1,0,1
0.07806928,1,1,1,1,0,1
0.07807444,1,0,1,1,0,1
0.0780758,1,1,1,1,0,1
0.07807796,1,0,1,1,0,1
0.07807896,1,1,1,1,0,1
0.07808412,1,0,1,1,0,1
0.07808544,1,1,1,1,0,1
0.07808764,1,0,1,1,0,1
0.0780888,1,1,1,1,0,1
0.07809396,1,0,1,1,0,1
0.07809512,1,1,1,1,0,1
0.07809728,1,0,1,1,0,1
0.07809844,1,1,1,1,0,1
0.0781036,1,0,1,1,0,1
0.07810496,1,1,1,1,0,1
0.07810712,1,0,1,1,0,1
0.07810812,1,1,1,1,0,1
0.07811328,1,0,1,1,0,1
0.0781146,1,1,1,1,0,1
0.0781168,1,0,1,1,0,1
0.0781178,1,1,1,1,0,1
0.07812296,1,0,1,1,0,1
0.07812428,1,1,1,1,0,1
0.07812644,1,0,1,1,0,1
0.07812744,1,1,1,1,0,1
0.0781326,1,0,1,1,0,1
0.07813396,1,1,1,1,0,1
0.07813612,1,0,1,1,0,1
0.07813728,1,1,1,1,0,1
0.07814244,1,0,1,1,0,1
0.0781436,1,1,1,1,0,1
0.0781458,1,0,1,1,0,1
0.07814696,1,1,1,1,0,1
0.07815212,1,0,1,1,0,1
0.07815344,1,1,1,1,0,1
0.0781556,1,0,1,1,0,1
0.0781566,1,1,1,1,0,1
0.07816176,1,0,1,1,0,1
0.07816312,1,1,1,1,0,1
0.07816528,1,0,1,1,0,1
0.07816628,1,1,1,1,0,1
0.07817144,1,0,1,1,0,1
0.07817276,1,1,1,1,0,1
0.07817496,1,0,1,1,0,1
0.07817596,1,1,1,1,0,1
0.07818112,1,0,1,1,0,1
0.07818244,1,1,1,1,0,1
0.0781846,1,0,1,1,0,1
0.0781856,1,1,1,1,0,1
0.07819076,1,0,1,1,0,1
0.07819212,1,1,1,1,0,1
0.07819428,1,0,1,1,0,1
0.07819544,1,1,1,1,0,1
0.0782006,1,0,1,1,0,1
0.07820176,1,1,1,1,0,1
0.07820396,1,0,1,1,0,1
0.07820512,1,1,1,1,0,1
0.07821028,1,0,1,1,0,1
0.0782116,1,1,1,1,0,1
0.07821376,1,0,1,1,0,1
0.07821476,1,1,1,1,0,1
0.07821996,1,0,1,1,0,1
0.07822128,1,1,1,1,0,1
0.07822344,1,0,1,1,0,1
0.07822444,1,1,1,1,0,1
0.0782296,1,0,1,1,0,1
0.07823092,1,1,1,1,0,1
0.07823312,1,0,1,1,0,1
0.07823412,1,1,1,1,0,1
0.07823928,1,0,1,1,0,1
0.0782406,1,1,1,1,0,1
0.07824276,1,0,1,1,0,1
0.07824392,1,1,1,1,0,1
0.07824912,1,0,1,1,0,1
0.07825028,1,1,1,1,0,1
0.07825244,1,0,1,1,0,1
0.0782536,1,1,1,1,0,1
0.07825876,1,0,1,1,0,1
0.07826012,1,1,1,1,0,1
0.07826228,1,0,1,1,0,1
0.07826328,1,1,1,1,0,1
0.07826844,1,0,1,1,0,1
0.07826976,1,1,1,1,0,1
0.07827192,1,0,1,1,0,1
0.07827292,1,1,1,1,0,1
0.07827812,1,0,1,1,0,1
0.07827944,1,1,1,1,0,1
0.0782816,1,0,1,1,0,1
0.0782826,1,1,1,1,0,1
0.07828776,1,0,1,1,0,1
0.07828908,1,1,1,1,0,1
0.07829128,1,0,1,1,0,1
0.07829244,1,1,1,1,0,1
0.0782976,1,0,1,1,0,1
0.07829876,1,1,1,1,0,1
0.07830092,1,0,1,1,0,1
0.07830208,1,1,1,1,0,1
0.07830728,1,0,1,1,0,1
0.0783086,1,1,1,1,0,1
0.07831076,1,0,1,1,0,1
0.07831176,1,1,1,1,0,1
0.07831692,1,0,1,1,0,1
0.07831828,1,1,1,1,0,1
0.07832044,1,0,1,1,0,1
0.07832144,1,1,1,1,0,1
0.0783266,1,0,1,1,0,1
0.07832792,1,1,1,1,0,1
0.07833008,1,0,1,1,0,1
0.07833108,1,1,1,1,0,1
0.07833628,1,0,1,1,0,1
0.0783376,1,1,1,1,0,1
0.07833976,1,0,1,1,0,1
0.07834092,1,1,1,1,0,1
0.07834608,1,0,1,1,0,1
0.07834728,1,1,1,1,0,1
0.07834944,1,0,1,1,0,1
0.0783506,1,1,1,1,0,1
0.07835576,1,0,1,1,0,1
0.07835708,1,1,1,1,0,1
0.07835924,1,0,1,1,0,1
0.07836024,1,1,1,1,0,1
0.07836544,1,0,1,1,0,1
0.07836676,1,1,1,1,0,1
0.07836892,1,0,1,1,0,1
0.07836992,1,1,1,1,0,1
0.07837508,1,0,1,1,0,1
0.07837644,1,1,1,1,0,1
0.0783786,1,0,1,1,0,1
0.0783796,1,1,1,1,0,1
0.07838476,1,0,1,1,0,1
0.07838608,1,1,1,1,0,1
0.07838824,1,0,1,1,0,1
0.07838944,1,1,1,1,0,1
0.0783946,1,0,1,1,0,1
0.07839576,1,1,1,1,0,1
0.07839792,1,0,1,1,0,1
0.07839908,1,1,1,1,0,1
0.07840424,1,0,1,1,0,1
0.07840544,1,1,1,1,0,1
0.0784076,1,0,1,1,0,1
0.07840876,1,1,1,1,0,1
0.07841392,1,0,1,1,0,1
0.07841524,1,1,1,1,0,1
0.07841744,1,0,1,1,0,1
0.0784184,1,1,1,1,0,1
0.0784236,1,0,1,1,0,1
0.07842492,1,1,1,1,0,1
0.07842708,1,0,1,1,0,1
0.07842808,1,1,1,1,0,1
0.07843324,1,0,1,1,0,1
0.0784346,1,1,1,1,0,1
0.07843676,1,0,1,1,0,1
0.07843776,1,1,1,1,0,1
0.07844292,1,0,1,1,0,1
0.07844424,1,1,1,1,0,1
0.0784464,1,0,1,1,0,1
0.0784476,1,1,1,1,0,1
0.07845276,1,0,1,1,0,1
0.07845392,1,1,1,1,0,1
0.07845608,1,0,1,1,0,1
0.07845724,1,1,1,1,0,1
0.0784624,1,0,1,1,0,1
0.07846376,1,1,1,1,0,1
0.07846592,1,0,1,1,0,1
0.07846692,1,1,1,1,0,1
0.07847208,1,0,1,1,0,1
0.0784734,1,1,1,1,0,1
0.0784756,1,0,1,1,0,1
0.0784766,1,1,1,1,0,1
0.07848176,1,0,1,1,0,1
0.07848308,1,1,1,1,0,1
0.07848524,1,0,1,1,0,1
0.07848624,1,1,1,1,0,1
0.0784914,1,0,1,1,0,1
0.07849276,1,1,1,1,0,1
0.07849492,1,0,1,1,0,1
0.07849608,1,1,1,1,0,1
0.07850124,1,0,1,1,0,1
0.0785024,1,1,1,1,0,1
0.07850456,1,0,1,1,0,1
0.07850576,1,1,1,1,0,1
0.07851092,1,0,1,1,0,1
0.07851224,1,1,1,1,0,1
0.0785144,1,0,1,1,0,1
0.0785154,1,1,1,1,0,1
0.07852056,1,0,1,1,0,1
0.07852192,1,1,1,1,0,1
0.07852408,1,0,1,1,0,1
0.07852508,1,1,1,1,0,1
0.07853024,1,0,1,1,0,1
0.07853156,1,1,1,1,0,1
0.07853376,1,0,1,1,0,1
0.07853476,1,1,1,1,0,1
0.07853992,1,0,1,1,0,1
0.07854124,1,1,1,1,0,1
0.0785434,1,0,1,1,0,1
0.07854456,1,1,1,1,0,1
0.07854972,1,0,1,1,0,1
0.07855092,1,1,1,1,0,1
0.07855308,1,0,1,1,0,1
0.07855424,1,1,1,1,0,1
0.0785594,1,0,1,1,0,1
0.07856072,1,1,1,1,0,1
0.07856292,1,0,1,1,0,1
0.07856392,1,1,1,1,0,1
0.07856908,1,0,1,1,0,1
0.0785704,1,1,1,1,0,1
0.07857256,1,0,1,1,0,1
0.07857356,1,1,1,1,0,1
0.07857872,1,0,1,1,0,1
0.07858008,1,1,1,1,0,1
0.07858224,1,0,1,1,0,1
0.07858324,1,1,1,1,0,1
0.0785884,1,0,1,1,0,1
0.07858972,1,1,1,1,0,1
0.07859192,1,0,1,1,0,1
0.07859308,1,1,1,1,0,1
0.07859824,1,0,1,1,0,1
0.0785994,1,1,1,1,0,1
0.07860156,1,0,1,1,0,1
0.07860272,1,1,1,1,0,1
0.07860792,1,0,1,1,0,1
0.07860924,1,1,1,1,0,1
0.0786114,1,0,1,1,0,1
0.0786124,1,1,1,1,0,1
0.07861756,1,0,1,1,0,1
0.07861888,1,1,1,1,0,1
0.07862108,1,0,1,1,0,1
0.07862208,1,1,1,1,0,1
0.07862724,1,0,1,1,0,1
0.07862856,1,1,1,1,0,1
0.07863072,1,0,1,1,0,1
0.07863172,1,1,1,1,0,1
0.07863688,1,0,1,1,0,1
0.07863824,1,1,1,1,0,1
0.0786404,1,0,1,1,0,1
0.0786414,1,1,1,1,0,1
0.07864656,1,0,1,1,0,1
0.07864788,1,1,1,1,0,1
0.07865008,1,0,1,1,0,1
0.07865124,1,1,1,1,0,1
0.0786564,1,0,1,1,0,1
0.07865756,1,1,1,1,0,1
0.07865972,1,0,1,1,0,1
0.07866088,1,1,1,1,0,1
0.07866608,1,0,1,1,0,1
0.0786674,1,1,1,1,0,1
0.07866956,1,0,1,1,0,1
0.07867056,1,1,1,1,0,1
0.07867572,1,0,1,1,0,1
0.07867708,1,1,1,1,0,1
0.07867924,1,0,1,1,0,1
0.07868024,1,1,1,1,0,1
0.0786854,1,0,1,1,0,1
0.07868672,1,1,1,1,0,1
0.07868888,1,0,1,1,0,1
0.07868988,1,1,1,1,0,1
0.07869504,1,0,1,1,0,1
0.0786964,1,1,1,1,0,1
0.07869856,1,0,1,1,0,1
0.07869972,1,1,1,1,0,1
0.07870488,1,0,1,1,0,1
0.07870604,1,1,1,1,0,1
0.07870824,1,0,1,1,0,1
0.0787094,1,1,1,1,0,1
0.07871456,1,0,1,1,0,1
0.07871588,1,1,1,1,0,1
0.07871804,1,0,1,1,0,1
0.07871904,1,1,1,1,0,1
0.07872424,1,0,1,1,0,1
0.07872556,1,1,1,1,0,1
0.07872772,1,0,1,1,0,1
0.07872872,1,1,1,1,0,1
0.07873388,1,0,1,1,0,1
0.07873524,1,1,1,1,0,1
0.0787374,1,0,1,1,0,1
0.0787384,1,1,1,1,0,1
0.07874356,1,0,1,1,0,1
0.07874488,1,1,1,1,0,1
0.07874704,1,0,1,1,0,1
0.0787482,1,1,1,1,0,1
0.0787534,1,0,1,1,0,1
0.07875456,1,1,1,1,0,1
0.07875672,1,0,1,1,0,1
0.07875788,1,1,1,1,0,1
0.07876304,1,0,1,1,0,1
0.0787644,1,1,1,1,0,1
0.07876656,1,0,1,1,0,1
0.07876756,1,1,1,1,0,1
0.07877272,1,0,1,1,0,1
0.07877404,1,1,1,1,0,1
0.0787762,1,0,1,1,0,1
0.0787772,1,1,1,1,0,1
0.0787824,1,0,1,1,0,1
0.07878372,1,1,1,1,0,1
0.07878588,1,0,1,1,0,1
0.07878688,1,1,1,1,0,1
0.07879204,1,0,1,1,0,1
0.0787934,1,1,1,1,0,1
0.07879556,1,0,1,1,0,1
0.07879672,1,1,1,1,0,1
0.07880188,1,0,1,1,0,1
0.07880304,1,1,1,1,0,1
0.0788052,1,0,1,1,0,1
0.07880636,1,1,1,1,0,1
0.07881156,1,0,1,1,0,1
0.07881288,1,1,1,1,0,1
0.07881504,1,0,1,1,0,1
0.07881604,1,1,1,1,0,1
0.0788212,1,0,1,1,0,1
0.07882256,1,1,1,1,0,1
0.07882472,1,0,1,1,0,1
0.07882572,1,1,1,1,0,1
0.07883088,1,0,1,1,0,1
0.0788322,1,1,1,1,0,1
0.07883436,1,0,1,1,0,1
0.07883536,1,1,1,1,0,1
0.07884056,1,0,1,1,0,1
0.07884188,1,1,1,1,0,1
0.07884404,1,0,1,1,0,1
0.07884504,1,1,1,1,0,1
0.0788502,1,0,1,1,0,1
0.07885156,1,1,1,1,0,1
0.07885372,1,0,1,1,0,1
0.07885488,1,1,1,1,0,1
0.07886004,1,0,1,1,0,1
0.0788612,1,1,1,1,0,1
0.07886336,1,0,1,1,0,1
0.07886456,1,1,1,1,0,1
0.07886972,1,0,1,1,0,1
0.07887104,1,1,1,1,0,1
0.0788732,1,0,1,1,0,1
0.0788742,1,1,1,1,0,1
0.07887936,1,0,1,1,0,1
0.07888072,1,1,1,1,0,1
0.07888288,1,0,1,1,0,1
0.07888388,1,1,1,1,0,1
0.07888904,1,0,1,1,0,1
0.07889036,1,1,1,1,0,1
0.07889252,1,0,1,1,0,1
0.07889352,1,1,1,1,0,1
0.07889872,1,0,1,1,0,1
0.07890004,1,1,1,1,0,1
0.0789022,1,0,1,1,0,1
0.07890336,1,1,1,1,0,1
0.07890852,1,0,1,1,0,1
0.07890972,1,1,1,1,0,1
0.07891188,1,0,1,1,0,1
0.07891304,1,1,1,1,0,1
0.0789182,1,0,1,1,0,1
0.07891952,1,1,1,1,0,1
0.07892172,1,0,1,1,0,1
0.07892272,1,1,1,1,0,1
0.07892788,1,0,1,1,0,1
0.0789292,1,1,1,1,0,1
0.07893136,1,0,1,1,0,1
0.07893236,1,1,1,1,0,1
0.07893752,1,0,1,1,0,1
0.07893888,1,1,1,1,0,1
0.07894104,1,0,1,1,0,1
0.07894204,1,1,1,1,0,1
0.0789472,1,0,1,1,0,1
0.07894852,1,1,1,1,0,1
0.07895068,1,0,1,1,0,1
0.07895188,1,1,1,1,0,1
0.07895704,1,0,1,1,0,1
0.0789582,1,1,1,1,0,1
0.07896036,1,0,1,1,0,1
0.07896152,1,1,1,1,0,1
0.07896668,1,0,1,1,0,1
0.07896804,1,1,1,1,0,1
0.0789702,1,0,1,1,0,1
0.0789712,1,1,1,1,0,1
0.07897636,1,0,1,1,0,1
0.07897768,1,1,1,1,0,1
0.07897988,1,0,1,1,0,1
0.07898088,1,1,1,1,0,1
0.07898604,1,0,1,1,0,1
0.07898736,1,1,1,1,0,1
0.07898952,1,0,1,1,0,1
0.07899052,1,1,1,1,0,1
0.07899568,1,0,1,1,0,1
0.07899704,1,1,1,1,0,1
0.0789992,1,0,1,1,0,1
0.07900036,1,1,1,1,0,1
0.07900552,1,0,1,1,0,1
0.07900668,1,1,1,1,0,1
0.07900884,1,0,1,1,0,1
0.07901004,1,1,1,1,0,1
0.0790152,1,0,1,1,0,1
0.07901652,1,1,1,1,0,1
0.07901868,1,0,1,1,0,1
0.07901968,1,1,1,1,0,1
0.07902484,1,0,1,1,0,1
0.0790262,1,1,1,1,0,1
0.07902836,1,0,1,1,0,1
0.07902936,1,1,1,1,0,1
0.07903452,1,0,1,1,0,1
0.07903584,1,1,1,1,0,1
0.07903804,1,0,1,1,0,1
0.07903904,1,1,1,1,0,1
0.0790442,1,0,1,1,0,1
0.07904552,1,1,1,1,0,1
0.07904768,1,0,1,1,0,1
0.07904868,1,1,1,1,0,1
0.07905384,1,0,1,1,0,1
0.0790552,1,1,1,1,0,1
0.07905736,1,0,1,1,0,1
0.07905852,1,1,1,1,0,1
0.07906368,1,0,1,1,0,1
0.07906484,1,1,1,1,0,1
0.07906704,1,0,1,1,0,1
0.0790682,1,1,1,1,0,1
0.07907336,1,0,1,1,0,1
0.07907468,1,1,1,1,0,1
0.07907684,1,0,1,1,0,1
0.07907784,1,1,1,1,0,1
0.079083,1,0,1,1,0,1
0.07908436,1,1,1,1,0,1
0.07908652,1,0,1,1,0,1
0.07908752,1,1,1,1,0,1
0.07909268,1,0,1,1,0,1
0.079094,1,1,1,1,0,1
0.0790962,1,0,1,1,0,1
0.0790972,1,1,1,1,0,1
0.07910236,1,0,1,1,0,1
0.07910368,1,1,1,1,0,1
0.07910584,1,0,1,1,0,1
0.079107,1,1,1,1,0,1
0.0791122,1,0,1,1,0,1
0.07911336,1,1,1,1,0,1
0.07911552,1,0,1,1,0,1
0.07911668,1,1,1,1,0,1
0.07912184,1,0,1,1,0,1
0.0791232,1,1,1,1,0,1
0.07912536,1,0,1,1,0,1
0.07912636,1,1,1,1,0,1
0.07913152,1,0,1,1,0,1
0.07913284,1,1,1,1,0,1
0.079135,1,0,1,1,0,1
0.079136,1,1,1,1,0,1
0.07914116,1,0,1,1,0,1
0.07914252,1,1,1,1,0,1
0.07914468,1,0,1,1,0,1
0.07914568,1,1,1,1,0,1
0.07915084,1,0,1,1,0,1
0.07915216,1,1,1,1,0,1
0.07915436,1,0,1,1,0,1
0.07915552,1,1,1,1,0,1
0.07916068,1,0,1,1,0,1
0.07916184,1,1,1,1,0,1
0.079164,1,0,1,1,0,1
0.07916516,1,1,1,1,0,1
0.07917036,1,0,1,1,0,1
0.07917168,1,1,1,1,0,1
0.07917384,1,0,1,1,0,1
0.07917484,1,1,1,1,0,1
0.07918,1,0,1,1,0,1
0.07918136,1,1,1,1,0,1
0.07918352,1,0,1,1,0,1
0.07918452,1,1,1,1,0,1
0.07918968,1,0,1,1,0,1
0.079191,1,1,1,1,0,1
0.07919316,1,0,1,1,0,1
0.07919416,1,1,1,1,0,1
0.07919936,1,0,1,1,0,1
0.07920068,1,1,1,1,0,1
0.07920284,1,0,1,1,0,1
0.079204,1,1,1,1,0,1
0.07920916,1,0,1,1,0,1
0.07921032,1,1,1,1,0,1
0.07921252,1,0,1,1,0,1
0.07921368,1,1,1,1,0,1
0.07921884,1,0,1,1,0,1
0.07922016,1,1,1,1,0,1
0.07922232,1,0,1,1,0,1
0.07922332,1,1,1,1,0,1
0.07922852,1,0,1,1,0,1
0.07922984,1,1,1,1,0,1
0.079232,1,0,1,1,0,1
0.079233,1,1,1,1,0,1
0.07923816,1,0,1,1,0,1
0.07923952,1,1,1,1,0,1
0.07924168,1,0,1,1,0,1
0.07924268,1,1,1,1,0,1
0.07924784,1,0,1,1,0,1
0.07924916,1,1,1,1,0,1
0.07925132,1,0,1,1,0,1
0.07925252,1,1,1,1,0,1
0.07925768,1,0,1,1,0,1
0.07925884,1,1,1,1,0,1
0.079261,1,0,1,1,0,1
0.07926216,1,1,1,1,0,1
0.07926732,1,0,1,1,0,1
0.07926868,1,1,1,1,0,1
0.07927084,1,0,1,1,0,1
0.07927184,1,1,1,1,0,1
0.079277,1,0,1,1,0,1
0.07927832,1,1,1,1,0,1
0.07928048,1,0,1,1,0,1
0.07928148,1,1,1,1,0,1
0.07928668,1,0,1,1,0,1
0.079288,1,1,1,1,0,1
0.07929016,1,0,1,1,0,1
0.07929116,1,1,1,1,0,1
0.07929632,1,0,1,1,0,1
0.07929768,1,1,1,1,0,1
0.07929984,1,0,1,1,0,1
0.07930084,1,1,1,1,0,1
0.079306,1,0,1,1,0,1
0.07930732,1,1,1,1,0,1
0.07930948,1,0,1,1,0,1
0.07931068,1,1,1,1,0,1
0.07931584,1,0,1,1,0,1
0.079317,1,1,1,1,0,1
0.07931916,1,0,1,1,0,1
0.07932032,1,1,1,1,0,1
0.07932548,1,0,1,1,0,1
0.07932684,1,1,1,1,0,1
0.079329,1,0,1,1,0,1
0.07933,1,1,1,1,0,1
0.07933516,1,0,1,1,0,1
0.07933648,1,1,1,1,0,1
0.07933864,1,0,1,1,0,1
0.07933964,1,1,1,1,0,1
0.07934484,1,0,1,1,0,1
0.07934616,1,1,1,1,0,1
0.07934832,1,0,1,1,0,1
0.07934932,1,1,1,1,0,1
0.07935448,1,0,1,1,0,1
0.07935584,1,1,1,1,0,1
0.079358,1,0,1,1,0,1
0.07935916,1,1,1,1,0,1
0.07936432,1,0,1,1,0,1
0.07936548,1,1,1,1,0,1
0.07936764,1,0,1,1,0,1
0.07936884,1,1,1,1,0,1
0.079374,1,0,1,1,0,1
0.07937532,1,1,1,1,0,1
0.07937748,1,0,1,1,0,1
0.07937848,1,1,1,1,0,1
0.07938364,1,0,1,1,0,1
0.079385,1,1,1,1,0,1
0.07938716,1,0,1,1,0,1
0.07938816,1,1,1,1,0,1
0.07939332,1,0,1,1,0,1
0.07939464,1,1,1,1,0,1
0.07939684,1,0,1,1,0,1
0.0793978,1,1,1,1,0,1
0.079403,1,0,1,1,0,1
0.07940432,1,1,1,1,0,1
0.07940648,1,0,1,1,0,1
0.07940764,1,1,1,1,0,1
0.0794128,1,0,1,1,0,1
0.079414,1,1,1,1,0,1
0.07941616,1,0,1,1,0,1
0.07941732,1,1,1,1,0,1
0.07942248,1,0,1,1,0,1
0.0794238,1,1,1,1,0,1
0.079426,1,0,1,1,0,1
0.079427,1,1,1,1,0,1
0.07943216,1,0,1,1,0,1
0.07943348,1,1,1,1,0,1
0.07943564,1,0,1,1,0,1
0.07943664,1,1,1,1,0,1
0.0794418,1,0,1,1,0,1
0.07944316,1,1,1,1,0,1
0.07944532,1,0,1,1,0,1
0.07944632,1,1,1,1,0,1
0.07945148,1,0,1,1,0,1
0.0794528,1,1,1,1,0,1
0.079455,1,0,1,1,0,1
0.07945616,1,1,1,1,0,1
0.07946132,1,0,1,1,0,1
0.07946248,1,1,1,1,0,1
0.07946464,1,0,1,1,0,1
0.0794658,1,1,1,1,0,1
0.07947096,1,0,1,1,0,1
0.07947232,1,1,1,1,0,1
0.07947448,1,0,1,1,0,1
0.07947548,1,1,1,1,0,1
0.07948064,1,0,1,1,0,1
0.07948196,1,1,1,1,0,1
0.07948416,1,0,1,1,0,1
0.07948516,1,1,1,1,0,1
0.07949032,1,0,1,1,0,1
0.07949164,1,1,1,1,0,1
0.0794938,1,0,1,1,0,1
0.0794948,1,1,1,1,0,1
0.07949996,1,0,1,1,0,1
0.07950132,1,1,1,1,0,1
0.07950348,1,0,1,1,0,1
0.07950448,1,1,1,1,0,1
0.07950964,1,0,1,1,0,1
0.07951096,1,1,1,1,0,1
0.07951316,1,0,1,1,0,1
0.07951432,1,1,1,1,0,1
0.07951948,1,0,1,1,0,1
0.07952064,1,1,1,1,0,1
0.0795228,1,0,1,1,0,1
0.07952396,1,1,1,1,0,1
0.07952912,1,0,1,1,0,1
0.07953048,1,1,1,1,0,1
0.07953264,1,0,1,1,0,1
0.07953364,1,1,1,1,0,1
0.0795388,1,0,1,1,0,1
0.07954012,1,1,1,1,0,1
0.07954232,1,0,1,1,0,1
0.07954332,1,1,1,1,0,1
0.07954848,1,0,1,1,0,1
0.0795498,1,1,1,1,0,1
0.07955196,1,0,1,1,0,1
0.07955296,1,1,1,1,0,1
0.07955812,1,0,1,1,0,1
0.07955948,1,1,1,1,0,1
0.07956164,1,0,1,1,0,1
0.0795628,1,1,1,1,0,1
0.07956796,1,0,1,1,0,1
0.07956912,1,1,1,1,0,1
0.07957132,1,0,1,1,0,1
0.07957248,1,1,1,1,0,1
0.07957764,1,0,1,1,0,1
0.07957896,1,1,1,1,0,1
0.07958112,1,0,1,1,0,1
0.07958212,1,1,1,1,0,1
0.07958732,1,0,1,1,0,1
0.07958864,1,1,1,1,0,1
0.0795908,1,0,1,1,0,1
0.0795918,1,1,1,1,0,1
0.07959696,1,0,1,1,0,1
0.07959828,1,1,1,1,0,1
0.07960048,1,0,1,1,0,1
0.07960148,1,1,1,1,0,1
0.07960664,1,0,1,1,0,1
0.07960796,1,1,1,1,0,1
0.07961012,1,0,1,1,0,1
0.07961128,1,1,1,1,0,1
0.07961648,1,0,1,1,0,1
0.07961764,1,1,1,1,0,1
0.0796198,1,0,1,1,0,1
0.07962096,1,1,1,1,0,1
0.07962612,1,0,1,1,0,1
0.07962748,1,1,1,1,0,1
0.07962964,1,0,1,1,0,1
0.07963064,1,1,1,1,0,1
0.0796358,1,0,1,1,0,1
0.07963712,1,1,1,1,0,1
0.07963928,1,0,1,1,0,1
0.07964028,1,1,1,1,0,1
0.07964548,1,0,1,1,0,1
0.0796468,1,1,1,1,0,1
0.07964896,1,0,1,1,0,1
0.07964996,1,1,1,1,0,1
0.07965512,1,0,1,1,0,1
0.07965648,1,1,1,1,0,1
0.07965864,1,0,1,1,0,1
0.0796598,1,1,1,1,0,1
0.07966496,1,0,1,1,0,1
0.07966612,1,1,1,1,0,1
0.07966828,1,0,1,1,0,1
0.07966944,1,1,1,1,0,1
0.07967464,1,0,1,1,0,1
0.07967596,1,1,1,1,0,1
0.07967812,1,0,1,1,0,1
0.07967912,1,1,1,1,0,1
0.07968428,1,0,1,1,0,1
0.07968564,1,1,1,1,0,1
0.0796878,1,0,1,1,0,1
0.0796888,1,1,1,1,0,1
0.07969396,1,0,1,1,0,1
0.07969528,1,1,1,1,0,1
0.07969744,1,0,1,1,0,1
0.07969844,1,1,1,1,0,1
0.07970364,1,0,1,1,0,1
0.07970496,1,1,1,1,0,1
0.07970712,1,0,1,1,0,1
0.07970812,1,1,1,1,0,1
0.07971328,1,0,1,1,0,1
0.07971464,1,1,1,1,0,1
0.0797168,1,0,1,1,0,1
0.07971796,1,1,1,1,0,1
0.07972312,1,0,1,1,0,1
0.07972428,1,1,1,1,0,1
0.07972644,1,0,1,1,0,1
0.0797276,1,1,1,1,0,1
0.0797328,1,0,1,1,0,1
0.07973412,1,1,1,1,0,1
0.07973628,1,0,1,1,0,1
0.07973728,1,1,1,1,0,1
0.07974244,1,0,1,1,0,1
0.0797438,1,1,1,1,0,1
0.07974596,1,0,1,1,0,1
0.07974696,1,1,1,1,0,1
0.07975212,1,0,1,1,0,1
0.07975344,1,1,1,1,0,1
0.0797556,1,0,1,1,0,1
0.0797566,1,1,1,1,0,1
0.0797618,1,0,1,1,0,1
0.07976312,1,1,1,1,0,1
0.07976528,1,0,1,1,0,1
0.07976644,1,1,1,1,0,1
0.0797716,1,0,1,1,0,1
0.0797728,1,1,1,1,0,1
0.07977496,1,0,1,1,0,1
0.07977612,1,1,1,1,0,1
0.07978128,1,0,1,1,0,1
0.0797826,1,1,1,1,0,1
0.0797848,1,0,1,1,0,1
0.07978576,1,1,1,1,0,1
0.07979096,1,0,1,1,0,1
0.07979228,1,1,1,1,0,1
0.07979444,1,0,1,1,0,1
0.07979544,1,1,1,1,0,1
0.0798006,1,0,1,1,0,1
0.07980196,1,1,1,1,0,1
0.07980412,1,0,1,1,0,1
0.07980512,1,1,1,1,0,1
0.07981028,1,0,1,1,0,1
0.0798116,1,1,1,1,0,1
0.07981376,1,0,1,1,0,1
0.07981496,1,1,1,1,0,1
0.07982012,1,0,1,1,0,1
0.07982128,1,1,1,1,0,1
0.07982344,1,0,1,1,0,1
0.0798246,1,1,1,1,0,1
0.07982976,1,0,1,1,0,1
0.07983112,1,1,1,1,0,1
0.07983328,1,0,1,1,0,1
0.07983428,1,1,1,1,0,1
0.07983944,1,0,1,1,0,1
0.07984076,1,1,1,1,0,1
0.07984296,1,0,1,1,0,1
0.07984396,1,1,1,1,0,1
0.07984912,1,0,1,1,0,1
0.07985044,1,1,1,1,0,1
0.0798526,1,0,1,1,0,1
0.0798536,1,1,1,1,0,1
0.07985876,1,0,1,1,0,1
0.07986012,1,1,1,1,0,1
0.07986228,1,0,1,1,0,1
0.07986344,1,1,1,1,0,1
0.0798686,1,0,1,1,0,1
0.07986976,1,1,1,1,0,1
0.07987192,1,0,1,1,0,1
0.07987312,1,1,1,1,0,1
0.07987828,1,0,1,1,0,1
0.0798796,1,1,1,1,0,1
0.07988176,1,0,1,1,0,1
0.07988276,1,1,1,1,0,1
0.07988792,1,0,1,1,0,1
0.07988928,1,1,1,1,0,1
0.07989144,1,0,1,1,0,1
0.07989244,1,1,1,1,0,1
0.0798976,1,0,1,1,0,1
0.07989892,1,1,1,1,0,1
0.07990112,1,0,1,1,0,1
0.07990212,1,1,1,1,0,1
0.07990728,1,0,1,1,0,1
0.0799086,1,1,1,1,0,1
0.07991076,1,0,1,1,0,1
0.07991192,1,1,1,1,0,1
0.07991712,1,0,1,1,0,1
0.07991828,1,1,1,1,0,1
0.07992044,1,0,1,1,0,1
0.0799216,1,1,1,1,0,1
0.07992676,1,0,1,1,0,1
0.07992792,1,1,1,1,0,1
0.07993008,1,0,1,1,0,1
0.07993128,1,1,1,1,0,1
0.07993644,1,0,1,1,0,1
0.07993776,1,1,1,1,0,1
0.07993992,1,0,1,1,0,1
0.07994092,1,1,1,1,0,1
0.07994608,1,0,1,1,0,1
0.07994744,1,1,1,1,0,1
0.0799496,1,0,1,1,0,1
0.0799506,1,1,1,1,0,1
0.07995576,1,0,1,1,0,1
0.07995708,1,1,1,1,0,1
0.07995928,1,0,1,1,0,1
0.07996028,1,1,1,1,0,1
0.07996544,1,0,1,1,0,1
0.07996676,1,1,1,1,0,1
0.07996892,1,0,1,1,0,1
0.07997008,1,1,1,1,0,1
0.07997528,1,0,1,1,0,1
0.07997644,1,1,1,1,0,1
0.0799786,1,0,1,1,0,1
0.07997976,1,1,1,1,0,1
0.07998492,1,0,1,1,0,1
0.07998624,1,1,1,1,0,1
0.07998844,1,0,1,1,0,1
0.07998944,1,1,1,1,0,1
0.0799946,1,0,1,1,0,1
0.07999592,1,1,1,1,0,1
0.07999808,1,0,1,1,0,1
0.07999908,1,1,1,1,0,1
0.08000424,1,0,1,1,0,1
0.0800056,1,1,1,1,0,1
0.08000776,1,0,1,1,0,1
0.08000876,1,1,1,1,0,1
0.08001392,1,0,1,1,0,1
0.08001524,1,1,1,1,0,1
0.08001744,1,0,1,1,0,1
0.0800186,1,1,1,1,0,1
0.08002376,1,0,1,1,0,1
0.08002492,1,1,1,1,0,1
0.08002708,1,0,1,1,0,1
0.08002824,1,1,1,1,0,1
0.08003344,1,0,1,1,0,1
0.08003476,1,1,1,1,0,1
0.08003692,1,0,1,1,0,1
0.08003792,1,1,1,1,0,1
0.08004308,1,0,1,1,0,1
0.08004444,1,1,1,1,0,1
0.0800466,1,0,1,1,0,1
0.0800476,1,1,1,1,0,1
0.08005276,1,0,1,1,0,1
0.08005408,1,1,1,1,0,1
0.08005624,1,0,1,1,0,1
0.08005724,1,1,1,1,0,1
0.0800624,1,0,1,1,0,1
0.08006376,1,1,1,1,0,1
0.08006592,1,0,1,1,0,1
0.08006708,1,1,1,1,0,1
0.08007224,1,0,1,1,0,1
0.0800734,1,1,1,1,0,1
0.0800756,1,0,1,1,0,1
0.08007676,1,1,1,1,0,1
0.08008192,1,0,1,1,0,1
0.08008324,1,1,1,1,0,1
0.0800854,1,0,1,1,0,1
0.0800864,1,1,1,1,0,1
0.0800916,1,0,1,1,0,1
0.08009292,1,1,1,1,0,1
0.08009508,1,0,1,1,0,1
0.08009608,1,1,1,1,0,1
0.08010124,1,0,1,1,0,1
0.0801026,1,1,1,1,0,1
0.08010476,1,0,1,1,0,1
0.08010576,1,1,1,1,0,1
0.08011092,1,0,1,1,0,1
0.08011224,1,1,1,1,0,1
0.0801144,1,0,1,1,0,1
0.08011556,1,1,1,1,0,1
0.08012076,1,0,1,1,0,1
0.08012192,1,1,1,1,0,1
0.08012408,1,0,1,1,0,1
0.08012524,1,1,1,1,0,1
0.0801304,1,0,1,1,0,1
0.08013176,1,1,1,1,0,1
0.08013392,1,0,1,1,0,1
0.08013492,1,1,1,1,0,1
0.08014008,1,0,1,1,0,1
0.0801414,1,1,1,1,0,1
0.08014356,1,0,1,1,0,1
0.08014456,1,1,1,1,0,1
0.08014976,1,0,1,1,0,1
0.08015108,1,1,1,1,0,1
0.08015324,1,0,1,1,0,1
0.08015424,1,1,1,1,0,1
0.0801594,1,0,1,1,0,1
0.08016076,1,1,1,1,0,1
0.08016292,1,0,1,1,0,1
0.08016392,1,1,1,1,0,1
0.08016908,1,0,1,1,0,1
0.0801704,1,1,1,1,0,1
0.08017256,1,0,1,1,0,1
0.08017376,1,1,1,1,0,1
0.08017892,1,0,1,1,0,1
0.08018008,1,1,1,1,0,1
0.08018224,1,0,1,1,0,1
0.0801834,1,1,1,1,0,1
0.08018856,1,0,1,1,0,1
0.08018992,1,1,1,1,0,1
0.08019208,1,0,1,1,0,1
0.08019308,1,1,1,1,0,1
0.08019824,1,0,1,1,0,1
0.08019956,1,1,1,1,0,1
0.08020172,1,0,1,1,0,1
0.08020272,1,1,1,1,0,1
0.08020792,1,0,1,1,0,1
0.08020924,1,1,1,1,0,1
0.0802114,1,0,1,1,0,1
0.0802124,1,1,1,1,0,1
0.08021756,1,0,1,1,0,1
0.08021892,1,1,1,1,0,1
0.08022108,1,0,1,1,0,1
0.08022224,1,1,1,1,0,1
0.0802274,1,0,1,1,0,1
0.08022856,1,1,1,1,0,1
0.08023072,1,0,1,1,0,1
0.08023192,1,1,1,1,0,1
0.08023708,1,0,1,1,0,1
0.0802384,1,1,1,1,0,1
0.08024056,1,0,1,1,0,1
0.08024156,1,1,1,1,0,1
0.08024672,1,0,1,1,0,1
0.08024808,1,1,1,1,0,1
0.08025024,1,0,1,1,0,1
0.08025124,1,1,1,1,0,1
0.0802564,1,0,1,1,0,1
0.08025772,1,1,1,1,0,1
0.08025988,1,0,1,1,0,1
0.08026088,1,1,1,1,0,1
0.08026608,1,0,1,1,0,1
0.0802674,1,1,1,1,0,1
0.08026956,1,0,1,1,0,1
0.08027072,1,1,1,1,0,1
0.08027588,1,0,1,1,0,1
0.08027708,1,1,1,1,0,1
0.08027924,1,0,1,1,0,1
0.0802804,1,1,1,1,0,1
0.08028556,1,0,1,1,0,1
0.08028688,1,1,1,1,0,1
0.08028908,1,0,1,1,0,1
0.08029008,1,1,1,1,0,1
0.08029524,1,0,1,1,0,1
0.08029656,1,1,1,1,0,1
0.08029872,1,0,1,1,0,1
0.08029972,1,1,1,1,0,1
0.08030488,1,0,1,1,0,1
0.08030624,1,1,1,1,0,1
0.0803084,1,0,1,1,0,1
0.0803094,1,1,1,1,0,1
0.08031456,1,0,1,1,0,1
0.08031588,1,1,1,1,0,1
0.08031804,1,0,1,1,0,1
0.08031924,1,1,1,1,0,1
0.0803244,1,0,1,1,0,1
0.08032556,1,1,1,1,0,1
0.08032772,1,0,1,1,0,1
0.08032888,1,1,1,1,0,1
0.08033404,1,0,1,1,0,1
0.0803354,1,1,1,1,0,1
0.08033756,1,0,1,1,0,1
0.08033856,1,1,1,1,0,1
0.08034372,1,0,1,1,0,1
0.08034504,1,1,1,1,0,1
0.08034724,1,0,1,1,0,1
0.08034824,1,1,1,1,0,1
0.0803534,1,0,1,1,0,1
0.08035472,1,1,1,1,0,1
0.08035688,1,0,1,1,0,1
0.08035788,1,1,1,1,0,1
0.08036304,1,0,1,1,0,1
0.0803644,1,1,1,1,0,1
0.08036656,1,0,1,1,0,1
0.08036756,1,1,1,1,0,1
0.08037272,1,0,1,1,0,1
0.08037404,1,1,1,1,0,1
0.0803762,1,0,1,1,0,1
0.0803774,1,1,1,1,0,1
0.08038256,1,0,1,1,0,1
0.08038372,1,1,1,1,0,1
0.08038588,1,0,1,1,0,1
0.08038704,1,1,1,1,0,1
0.0803922,1,0,1,1,0,1
0.08039356,1,1,1,1,0,1
0.08039572,1,0,1,1,0,1
0.08039672,1,1,1,1,0,1
0.08040188,1,0,1,1,0,1
0.0804032,1,1,1,1,0,1
0.0804054,1,0,1,1,0,1
0.0804064,1,1,1,1,0,1
0.08041156,1,0,1,1,0,1
0.08041288,1,1,1,1,0,1
0.08041504,1,0,1,1,0,1
0.08041604,1,1,1,1,0,1
0.0804212,1,0,1,1,0,1
0.08042256,1,1,1,1,0,1
0.08042472,1,0,1,1,0,1
0.08042588,1,1,1,1,0,1
0.08043104,1,0,1,1,0,1
0.0804322,1,1,1,1,0,1
0.0804344,1,0,1,1,0,1
0.08043556,1,1,1,1,0,1
0.08044072,1,0,1,1,0,1
0.08044204,1,1,1,1,0,1
0.0804442,1,0,1,1,0,1
0.0804452,1,1,1,1,0,1
0.08045036,1,0,1,1,0,1
0.08045172,1,1,1,1,0,1
0.08045388,1,0,1,1,0,1
0.08045488,1,1,1,1,0,1
0.08046004,1,0,1,1,0,1
0.08046136,1,1,1,1,0,1
0.08046356,1,0,1,1,0,1
0.08046456,1,1,1,1,0,1
0.08046972,1,0,1,1,0,1
0.08047104,1,1,1,1,0,1
0.0804732,1,0,1,1,0,1
0.08047436,1,1,1,1,0,1
0.08047956,1,0,1,1,0,1
0.08048072,1,1,1,1,0,1
0.08048288,1,0,1,1,0,1
0.08048404,1,1,1,1,0,1
0.0804892,1,0,1,1,0,1
0.08049056,1,1,1,1,0,1
0.08049272,1,0,1,1,0,1
0.08049372,1,1,1,1,0,1
0.08049888,1,0,1,1,0,1
0.0805002,1,1,1,1,0,1
0.08050236,1,0,1,1,0,1
0.08050336,1,1,1,1,0,1
0.08050852,1,0,1,1,0,1
0.08050988,1,1,1,1,0,1
0.08051204,1,0,1,1,0,1
0.08051304,1,1,1,1,0,1
0.0805182,1,0,1,1,0,1
0.08051952,1,1,1,1,0,1
0.08052172,1,0,1,1,0,1
0.08052288,1,1,1,1,0,1
0.08052804,1,0,1,1,0,1
0.0805292,1,1,1,1,0,1
0.08053136,1,0,1,1,0,1
0.08053252,1,1,1,1,0,1
0.08053772,1,0,1,1,0,1
0.08053904,1,1,1,1,0,1
0.0805412,1,0,1,1,0,1
0.0805422,1,1,1,1,0,1
0.08054736,1,0,1,1,0,1
0.08054872,1,1,1,1,0,1
0.08055088,1,0,1,1,0,1
0.08055188,1,1,1,1,0,1
0.08055704,1,0,1,1,0,1
0.08055836,1,1,1,1,0,1
0.08056052,1,0,1,1,0,1
0.08056152,1,1,1,1,0,1
0.08056672,1,0,1,1,0,1
0.08056804,1,1,1,1,0,1
0.0805702,1,0,1,1,0,1
0.0805712,1,1,1,1,0,1
0.08057636,1,0,1,1,0,1
0.08057768,1,1,1,1,0,1
0.08057988,1,0,1,1,0,1
0.08058104,1,1,1,1,0,1
0.0805862,1,0,1,1,0,1
0.08058736,1,1,1,1,0,1
0.08058952,1,0,1,1,0,1
0.08059068,1,1,1,1,0,1
0.08059588,1,0,1,1,0,1
0.0805972,1,1,1,1,0,1
0.08059936,1,0,1,1,0,1
0.08060036,1,1,1,1,0,1
0.08060552,1,0,1,1,0,1
0.08060688,1,1,1,1,0,1
0.08060904,1,0,1,1,0,1
0.08061004,1,1,1,1,0,1
0.0806152,1,0,1,1,0,1
0.08061652,1,1,1,1,0,1
0.08061868,1,0,1,1,0,1
0.08061968,1,1,1,1,0,1
0.08062488,1,0,1,1,0,1
0.0806262,1,1,1,1,0,1
0.08062836,1,0,1,1,0,1
0.08062952,1,1,1,1,0,1
0.08063468,1,0,1,1,0,1
0.08063584,1,1,1,1,0,1
0.08063804,1,0,1,1,0,1
0.0806392,1,1,1,1,0,1
0.08064436,1,0,1,1,0,1
0.08064568,1,1,1,1,0,1
0.08064784,1,0,1,1,0,1
0.08064884,1,1,1,1,0,1
0.08065404,1,0,1,1,0,1
0.08065536,1,1,1,1,0,1
0.08065752,1,0,1,1,0,1
0.08065852,1,1,1,1,0,1
0.08066368,1,0,1,1,0,1
0.08066504,1,1,1,1,0,1
0.0806672,1,0,1,1,0,1
0.0806682,1,1,1,1,0,1
0.08067336,1,0,1,1,0,1
0.08067468,1,1,1,1,0,1
0.08067684,1,0,1,1,0,1
0.08067804,1,1,1,1,0,1
0.0806832,1,0,1,1,0,1
0.08068436,1,1,1,1,0,1
0.08068652,1,0,1,1,0,1
0.08068768,1,1,1,1,0,1
0.08069284,1,0,1,1,0,1
0.0806942,1,1,1,1,0,1
0.08069636,1,0,1,1,0,1
0.08069736,1,1,1,1,0,1
0.08070252,1,0,1,1,0,1
0.08070384,1,1,1,1,0,1
0.080706,1,0,1,1,0,1
0.080707,1,1,1,1,0,1
0.0807122,1,0,1,1,0,1
0.08071352,1,1,1,1,0,1
0.08071568,1,0,1,1,0,1
0.08071668,1,1,1,1,0,1
0.08072184,1,0,1,1,0,1
0.0807232,1,1,1,1,0,1
0.08072536,1,0,1,1,0,1
0.08072652,1,1,1,1,0,1
0.08073168,1,0,1,1,0,1
0.08073284,1,1,1,1,0,1
0.080735,1,0,1,1,0,1
0.0807362,1,1,1,1,0,1
0.08074136,1,0,1,1,0,1
0.08074268,1,1,1,1,0,1
0.08074484,1,0,1,1,0,1
0.08074584,1,1,1,1,0,1
0.080751,1,0,1,1,0,1
0.08075236,1,1,1,1,0,1
0.08075452,1,0,1,1,0,1
0.08075552,1,1,1,1,0,1
0.08076068,1,0,1,1,0,1
0.080762,1,1,1,1,0,1
0.0807642,1,0,1,1,0,1
0.08076516,1,1,1,1,0,1
0.08077036,1,0,1,1,0,1
0.08077168,1,1,1,1,0,1
0.08077384,1,0,1,1,0,1
0.080775,1,1,1,1,0,1
0.08078016,1,0,1,1,0,1
0.08078136,1,1,1,1,0,1
0.08078352,1,0,1,1,0,1
0.08078468,1,1,1,1,0,1
0.08078984,1,0,1,1,0,1
0.080791,1,1,1,1,0,1
0.08079316,1,0,1,1,0,1
0.08079436,1,1,1,1,0,1
0.08079952,1,0,1,1,0,1
0.08080084,1,1,1,1,0,1
0.080803,1,0,1,1,0,1
0.080804,1,1,1,1,0,1
0.08080916,1,0,1,1,0,1
0.08081052,1,1,1,1,0,1
0.08081268,1,0,1,1,0,1
0.08081368,1,1,1,1,0,1
0.08081884,1,0,1,1,0,1
0.08082016,1,1,1,1,0,1
0.08082236,1,0,1,1,0,1
0.08082336,1,1,1,1,0,1
0.08082852,1,0,1,1,0,1
0.08082984,1,1,1,1,0,1
0.080832,1,0,1,1,0,1
0.08083316,1,1,1,1,0,1
0.08083832,1,0,1,1,0,1
0.08083952,1,1,1,1,0,1
0.08084168,1,0,1,1,0,1
0.08084284,1,1,1,1,0,1
0.080848,1,0,1,1,0,1
0.08084932,1,1,1,1,0,1
0.08085152,1,0,1,1,0,1
0.08085252,1,1,1,1,0,1
0.08085768,1,0,1,1,0,1
0.080859,1,1,1,1,0,1
0.08086116,1,0,1,1,0,1
0.08086216,1,1,1,1,0,1
0.08086732,1,0,1,1,0,1
0.08086868,1,1,1,1,0,1
0.08087084,1,0,1,1,0,1
0.08087184,1,1,1,1,0,1
0.080877,1,0,1,1,0,1
0.08087832,1,1,1,1,0,1
0.08088052,1,0,1,1,0,1
0.08088168,1,1,1,1,0,1
0.08088684,1,0,1,1,0,1
0.080888,1,1,1,1,0,1
0.08089016,1,0,1,1,0,1
0.08089132,1,1,1,1,0,1
0.08089652,1,0,1,1,0,1
0.08089784,1,1,1,1,0,1
0.0809,1,0,1,1,0,1
0.080901,1,1,1,1,0,1
0.08090616,1,0,1,1,0,1
0.08090748,1,1,1,1,0,1
0.08090968,1,0,1,1,0,1
0.08091068,1,1,1,1,0,1
0.08091584,1,0,1,1,0,1
0.08091716,1,1,1,1,0,1
0.08091932,1,0,1,1,0,1
0.08092032,1,1,1,1,0,1
0.08092548,1,0,1,1,0,1
0.08092684,1,1,1,1,0,1
0.080929,1,0,1,1,0,1
0.08093016,1,1,1,1,0,1
0.08093532,1,0,1,1,0,1
0.08093648,1,1,1,1,0,1
0.08093868,1,0,1,1,0,1
0.08093984,1,1,1,1,0,1
0.080945,1,0,1,1,0,1
0.08094632,1,1,1,1,0,1
0.08094848,1,0,1,1,0,1
0.08094948,1,1,1,1,0,1
0.08095468,1,0,1,1,0,1
0.080956,1,1,1,1,0,1
0.08095816,1,0,1,1,0,1
0.08095916,1,1,1,1,0,1
0.08096432,1,0,1,1,0,1
0.08096564,1,1,1,1,0,1
0.08096784,1,0,1,1,0,1
0.08096884,1,1,1,1,0,1
0.080974,1,0,1,1,0,1
0.08097532,1,1,1,1,0,1
0.08097748,1,0,1,1,0,1
0.08097864,1,1,1,1,0,1
0.08098384,1,0,1,1,0,1
0.080985,1,1,1,1,0,1
0.08098716,1,0,1,1,0,1
0.08098832,1,1,1,1,0,1
0.08099348,1,0,1,1,0,1
0.08099484,1,1,1,1,0,1
0.080997,1,0,1,1,0,1
0.080998,1,1,1,1,0,1
0.08100316,1,0,1,1,0,1
0.08100448,1,1,1,1,0,1
0.08100664,1,0,1,1,0,1
0.08100764,1,1,1,1,0,1
0.08101284,1,0,1,1,0,1
0.08101416,1,1,1,1,0,1
0.08101632,1,0,1,1,0,1
0.08101732,1,1,1,1,0,1
0.08102248,1,0,1,1,0,1
0.08102384,1,1,1,1,0,1
0.081026,1,0,1,1,0,1
0.081027,1,1,1,1,0,1
0.08103216,1,0,1,1,0,1
0.08103348,1,1,1,1,0,1
0.08103564,1,0,1,1,0,1
0.0810368,1,1,1,1,0,1
0.081042,1,0,1,1,0,1
0.08104316,1,1,1,1,0,1
0.08104532,1,0,1,1,0,1
0.08104648,1,1,1,1,0,1
0.08105164,1,0,1,1,0,1
0.081053,1,1,1,1,0,1
0.08105516,1,0,1,1,0,1
0.08105616,1,1,1,1,0,1
0.08106132,1,0,1,1,0,1
0.08106264,1,1,1,1,0,1
0.0810648,1,0,1,1,0,1
0.0810658,1,1,1,1,0,1
0.081071,1,0,1,1,0,1
0.08107232,1,1,1,1,0,1
0.08107448,1,0,1,1,0,1
0.08107548,1,1,1,1,0,1
0.08108064,1,0,1,1,0,1
0.081082,1,1,1,1,0,1
0.08108416,1,0,1,1,0,1
0.08108532,1,1,1,1,0,1
0.08109048,1,0,1,1,0,1
0.08109164,1,1,1,1,0,1
0.0810938,1,0,1,1,0,1
0.08109496,1,1,1,1,0,1
0.08110016,1,0,1,1,0,1
0.08110148,1,1,1,1,0,1
0.08110364,1,0,1,1,0,1
0.08110464,1,1,1,1,0,1
0.0811098,1,0,1,1,0,1
0.08111116,1,1,1,1,0,1
0.08111332,1,0,1,1,0,1
0.08111432,1,1,1,1,0,1
0.08111948,1,0,1,1,0,1
0.0811208,1,1,1,1,0,1
0.08112296,1,0,1,1,0,1
0.08112396,1,1,1,1,0,1
0.08112916,1,0,1,1,0,1
0.08113048,1,1,1,1,0,1
0.08113264,1,0,1,1,0,1
0.0811338,1,1,1,1,0,1
0.08113896,1,0,1,1,0,1
0.08114016,1,1,1,1,0,1
0.08114232,1,0,1,1,0,1
0.08114348,1,1,1,1,0,1
0.08114864,1,0,1,1,0,1
0.08114996,1,1,1,1,0,1
0.08115216,1,0,1,1,0,1
0.08115312,1,1,1,1,0,1
0.08115832,1,0,1,1,0,1
0.08115964,1,1,1,1,0,1
0.0811618,1,0,1,1,0,1
0.0811628,1,1,1,1,0,1
0.08116796,1,0,1,1,0,1
0.08116932,1,1,1,1,0,1
0.08117148,1,0,1,1,0,1
0.08117248,1,1,1,1,0,1
0.08117764,1,0,1,1,0,1
0.08117896,1,1,1,1,0,1
0.08118112,1,0,1,1,0,1
0.08118232,1,1,1,1,0,1
0.08118748,1,0,1,1,0,1
0.08118864,1,1,1,1,0,1
0.0811908,1,0,1,1,0,1
0.08119196,1,1,1,1,0,1
0.08119712,1,0,1,1,0,1
0.08119848,1,1,1,1,0,1
0.08120064,1,0,1,1,0,1
0.08120164,1,1,1,1,0,1
0.0812068,1,0,1,1,0,1
0.08120812,1,1,1,1,0,1
0.08121032,1,0,1,1,0,1
0.08121132,1,1,1,1,0,1
0.08121648,1,0,1,1,0,1
0.0812178,1,1,1,1,0,1
0.08121996,1,0,1,1,0,1
0.08122096,1,1,1,1,0,1
0.08122612,1,0,1,1,0,1
0.08122748,1,1,1,1,0,1
0.08122964,1,0,1,1,0,1
0.08123064,1,1,1,1,0,1
0.0812358,1,0,1,1,0,1
0.08123712,1,1,1,1,0,1
0.08123928,1,0,1,1,0,1
0.08124048,1,1,1,1,0,1
0.08124564,1,0,1,1,0,1
0.0812468,1,1,1,1,0,1
0.08124896,1,0,1,1,0,1
0.08125012,1,1,1,1,0,1
0.08125528,1,0,1,1,0,1
0.08125664,1,1,1,1,0,1
0.0812588,1,0,1,1,0,1
0.0812598,1,1,1,1,0,1
0.08126496,1,0,1,1,0,1
0.08126628,1,1,1,1,0,1
0.08126848,1,0,1,1,0,1
0.08126948,1,1,1,1,0,1
0.08127464,1,0,1,1,0,1
0.08127596,1,1,1,1,0,1
0.08127812,1,0,1,1,0,1
0.08127912,1,1,1,1,0,1
0.08128428,1,0,1,1,0,1
0.08128564,1,1,1,1,0,1
0.0812878,1,0,1,1,0,1
0.08128896,1,1,1,1,0,1
0.08129412,1,0,1,1,0,1
0.08129528,1,1,1,1,0,1
0.08129744,1,0,1,1,0,1
0.08129864,1,1,1,1,0,1
0.0813038,1,0,1,1,0,1
0.08130512,1,1,1,1,0,1
0.08130728,1,0,1,1,0,1
0.08130828,1,1,1,1,0,1
0.08131344,1,0,1,1,0,1
0.0813148,1,1,1,1,0,1
0.08131696,1,0,1,1,0,1
0.08131796,1,1,1,1,0,1
0.08132312,1,0,1,1,0,1
0.08132444,1,1,1,1,0,1
0.08132664,1,0,1,1,0,1
0.08132764,1,1,1,1,0,1
0.0813328,1,0,1,1,0,1
0.08133412,1,1,1,1,0,1
0.08133628,1,0,1,1,0,1
0.08133744,1,1,1,1,0,1
0.08134264,1,0,1,1,0,1
0.0813438,1,1,1,1,0,1
0.08134596,1,0,1,1,0,1
0.08134712,1,1,1,1,0,1
0.08135228,1,0,1,1,0,1
0.0813536,1,1,1,1,0,1
0.0813558,1,0,1,1,0,1
0.0813568,1,1,1,1,0,1
0.08136196,1,0,1,1,0,1
0.08136328,1,1,1,1,0,1
0.08136544,1,0,1,1,0,1
0.08136644,1,1,1,1,0,1
0.0813716,1,0,1,1,0,1
0.08137296,1,1,1,1,0,1
0.08137512,1,0,1,1,0,1
0.08137612,1,1,1,1,0,1
0.08138128,1,0,1,1,0,1
0.0813826,1,1,1,1,0,1
0.0813848,1,0,1,1,0,1
0.08138596,1,1,1,1,0,1
0.08139112,1,0,1,1,0,1
0.08139228,1,1,1,1,0,1
0.08139444,1,0,1,1,0,1
0.0813956,1,1,1,1,0,1
0.0814008,1,0,1,1,0,1
0.08140212,1,1,1,1,0,1
0.08140428,1,0,1,1,0,1
0.08140528,1,1,1,1,0,1
0.08141044,1,0,1,1,0,1
0.0814118,1,1,1,1,0,1
0.08141396,1,0,1,1,0,1
0.08141496,1,1,1,1,0,1
0.08142012,1,0,1,1,0,1
0.08142144,1,1,1,1,0,1
0.0814236,1,0,1,1,0,1
0.0814246,1,1,1,1,0,1
0.08142976,1,0,1,1,0,1
0.08143112,1,1,1,1,0,1
0.08143328,1,0,1,1,0,1
0.08143444,1,1,1,1,0,1
0.0814396,1,0,1,1,0,1
0.08144076,1,1,1,1,0,1
0.08144296,1,0,1,1,0,1
0.08144412,1,1,1,1,0,1
0.08144928,1,0,1,1,0,1
0.08145044,1,1,1,1,0,1
0.0814526,1,0,1,1,0,1
0.08145376,1,1,1,1,0,1
0.08145896,1,0,1,1,0,1
0.08146028,1,1,1,1,0,1
0.08146244,1,0,1,1,0,1
0.08146344,1,1,1,1,0,1
0.0814686,1,0,1,1,0,1
0.08146996,1,1,1,1,0,1
0.08147212,1,0,1,1,0,1
0.08147312,1,1,1,1,0,1
0.08147828,1,0,1,1,0,1
0.0814796,1,1,1,1,0,1
0.08148176,1,0,1,1,0,1
0.08148276,1,1,1,1,0,1
0.08148792,1,0,1,1,0,1
0.08148928,1,1,1,1,0,1
0.08149144,1,0,1,1,0,1
0.0814926,1,1,1,1,0,1
0.08149776,1,0,1,1,0,1
0.08149892,1,1,1,1,0,1
0.08150112,1,0,1,1,0,1
0.08150228,1,1,1,1,0,1
0.08150744,1,0,1,1,0,1
0.08150876,1,1,1,1,0,1
0.08151092,1,0,1,1,0,1
0.08151192,1,1,1,1,0,1
0.08151712,1,0,1,1,0,1
0.08151844,1,1,1,1,0,1
0.0815206,1,0,1,1,0,1
0.0815216,1,1,1,1,0,1
0.08152676,1,0,1,1,0,1
0.08152812,1,1,1,1,0,1
0.08153028,1,0,1,1,0,1
0.08153128,1,1,1,1,0,1
0.08153644,1,0,1,1,0,1
0.08153776,1,1,1,1,0,1
0.08153992,1,0,1,1,0,1
0.08154112,1,1,1,1,0,1
0.08154628,1,0,1,1,0,1
0.08154744,1,1,1,1,0,1
0.0815496,1,0,1,1,0,1
0.08155076,1,1,1,1,0,1
0.08155592,1,0,1,1,0,1
0.08155728,1,1,1,1,0,1
0.08155944,1,0,1,1,0,1
0.08156044,1,1,1,1,0,1
0.0815656,1,0,1,1,0,1
0.08156692,1,1,1,1,0,1
0.08156908,1,0,1,1,0,1
0.08157008,1,1,1,1,0,1
0.08157528,1,0,1,1,0,1
0.0815766,1,1,1,1,0,1
0.08157876,1,0,1,1,0,1
0.08157976,1,1,1,1,0,1
0.08158492,1,0,1,1,0,1
0.08158628,1,1,1,1,0,1
0.08158844,1,0,1,1,0,1
0.0815896,1,1,1,1,0,1
0.08159476,1,0,1,1,0,1
0.08159592,1,1,1,1,0,1
0.08159808,1,0,1,1,0,1
0.08159928,1,1,1,1,0,1
0.08160444,1,0,1,1,0,1
0.08160576,1,1,1,1,0,1
0.08160792,1,0,1,1,0,1
0.08160892,1,1,1,1,0,1
0.08161408,1,0,1,1,0,1
0.08161544,1,1,1,1,0,1
0.0816176,1,0,1,1,0,1
0.0816186,1,1,1,1,0,1
0.08162376,1,0,1,1,0,1
0.08162508,1,1,1,1,0,1
0.08162724,1,0,1,1,0,1
0.08162824,1,1,1,1,0,1
0.08163344,1,0,1,1,0,1
0.08163476,1,1,1,1,0,1
0.08163692,1,0,1,1,0,1
0.08163808,1,1,1,1,0,1
0.08164324,1,0,1,1,0,1
0.08164444,1,1,1,1,0,1
0.0816466,1,0,1,1,0,1
0.08164776,1,1,1,1,0,1
0.08165292,1,0,1,1,0,1
0.08165424,1,1,1,1,0,1
0.08165644,1,0,1,1,0,1
0.08165744,1,1,1,1,0,1
0.0816626,1,0,1,1,0,1
0.08166392,1,1,1,1,0,1
0.08166608,1,0,1,1,0,1
0.08166708,1,1,1,1,0,1
0.08167224,1,0,1,1,0,1
0.0816736,1,1,1,1,0,1
0.08167576,1,0,1,1,0,1
0.08167676,1,1,1,1,0,1
0.08168192,1,0,1,1,0,1
0.08168324,1,1,1,1,0,1
0.0816854,1,0,1,1,0,1
0.0816864,1,1,1,1,0,1
0.0816916,1,0,1,1,0,1
0.08169292,1,1,1,1,0,1
0.08169508,1,0,1,1,0,1
0.08169624,1,1,1,1,0,1
0.0817014,1,0,1,1,0,1
0.0817026,1,1,1,1,0,1
0.08170476,1,0,1,1,0,1
0.08170592,1,1,1,1,0,1
0.08171108,1,0,1,1,0,1
0.0817124,1,1,1,1,0,1
0.0817146,1,0,1,1,0,1
0.0817156,1,1,1,1,0,1
0.08172076,1,0,1,1,0,1
0.08172208,1,1,1,1,0,1
0.08172424,1,0,1,1,0,1
0.08172524,1,1,1,1,0,1
0.0817304,1,0,1,1,0,1
0.08173176,1,1,1,1,0,1
0.08173392,1,0,1,1,0,1
0.08173492,1,1,1,1,0,1
0.08174008,1,0,1,1,0,1
0.0817414,1,1,1,1,0,1
0.0817436,1,0,1,1,0,1
0.08174476,1,1,1,1,0,1
0.08174992,1,0,1,1,0,1
0.08175108,1,1,1,1,0,1
0.08175324,1,0,1,1,0,1
0.0817544,1,1,1,1,0,1
0.08175956,1,0,1,1,0,1
0.08176092,1,1,1,1,0,1
0.08176308,1,0,1,1,0,1
0.08176408,1,1,1,1,0,1
0.08176924,1,0,1,1,0,1
0.08177056,1,1,1,1,0,1
0.08177276,1,0,1,1,0,1
0.08177376,1,1,1,1,0,1
0.08177892,1,0,1,1,0,1
0.08178024,1,1,1,1,0,1
0.0817824,1,0,1,1,0,1
0.0817834,1,1,1,1,0,1
0.08178856,1,0,1,1,0,1
0.08178992,1,1,1,1,0,1
0.08179208,1,0,1,1,0,1
0.08179324,1,1,1,1,0,1
0.0817984,1,0,1,1,0,1
0.08179956,1,1,1,1,0,1
0.08180176,1,0,1,1,0,1
0.08180292,1,1,1,1,0,1
0.08180808,1,0,1,1,0,1
0.0818094,1,1,1,1,0,1
0.08181156,1,0,1,1,0,1
0.08181256,1,1,1,1,0,1
0.08181772,1,0,1,1,0,1
0.08181908,1,1,1,1,0,1
0.08182124,1,0,1,1,0,1
0.08182224,1,1,1,1,0,1
0.0818274,1,0,1,1,0,1
0.08182872,1,1,1,1,0,1
0.08183092,1,0,1,1,0,1
0.08183192,1,1,1,1,0,1
0.08183708,1,0,1,1,0,1
0.0818384,1,1,1,1,0,1
0.08184056,1,0,1,1,0,1
0.08184172,1,1,1,1,0,1
0.08184692,1,0,1,1,0,1
0.08184808,1,1,1,1,0,1
0.08185024,1,0,1,1,0,1
0.0818514,1,1,1,1,0,1
0.08185656,1,0,1,1,0,1
0.08185792,1,1,1,1,0,1
0.08186008,1,0,1,1,0,1
0.08186108,1,1,1,1,0,1
0.08186624,1,0,1,1,0,1
0.08186756,1,1,1,1,0,1
0.08186972,1,0,1,1,0,1
0.08187072,1,1,1,1,0,1
0.08187588,1,0,1,1,0,1
0.08187724,1,1,1,1,0,1
0.0818794,1,0,1,1,0,1
0.0818804,1,1,1,1,0,1
0.08188556,1,0,1,1,0,1
0.08188688,1,1,1,1,0,1
0.08188908,1,0,1,1,0,1
0.08189008,1,1,1,1,0,1
0.08189524,1,0,1,1,0,1
0.08189656,1,1,1,1,0,1
0.08189872,1,0,1,1,0,1
0.08189988,1,1,1,1,0,1
0.08190508,1,0,1,1,0,1
0.08190624,1,1,1,1,0,1
0.0819084,1,0,1,1,0,1
0.08190956,1,1,1,1,0,1
0.08191472,1,0,1,1,0,1
0.08191608,1,1,1,1,0,1
0.08191824,1,0,1,1,0,1
0.08191924,1,1,1,1,0,1
0.0819244,1,0,1,1,0,1
0.08192572,1,1,1,1,0,1
0.08192788,1,0,1,1,0,1
0.08192888,1,1,1,1,0,1
0.08193408,1,0,1,1,0,1
0.0819354,1,1,1,1,0,1
0.08193756,1,0,1,1,0,1
0.08193856,1,1,1,1,0,1
0.08194372,1,0,1,1,0,1
0.08194504,1,1,1,1,0,1
0.08194724,1,0,1,1,0,1
0.0819484,1,1,1,1,0,1
0.08195356,1,0,1,1,0,1
0.08195472,1,1,1,1,0,1
0.08195688,1,0,1,1,0,1
0.08195804,1,1,1,1,0,1
0.08196324,1,0,1,1,0,1
0.08196456,1,1,1,1,0,1
0.08196672,1,0,1,1,0,1
0.08196772,1,1,1,1,0,1
0.08197288,1,0,1,1,0,1
0.08197424,1,1,1,1,0,1
0.0819764,1,0,1,1,0,1
0.0819774,1,1,1,1,0,1
0.08198256,1,0,1,1,0,1
0.08198388,1,1,1,1,0,1
0.08198604,1,0,1,1,0,1
0.08198704,1,1,1,1,0,1
0.08199224,1,0,1,1,0,1
0.08199356,1,1,1,1,0,1
0.08199572,1,0,1,1,0,1
0.08199688,1,1,1,1,0,1
0.08200204,1,0,1,1,0,1
0.08200324,1,1,1,1,0,1
0.0820054,1,0,1,1,0,1
0.08200656,1,1,1,1,0,1
0.08201172,1,0,1,1,0,1
0.08201304,1,1,1,1,0,1
0.0820152,1,0,1,1,0,1
0.0820162,1,1,1,1,0,1
0.0820214,1,0,1,1,0,1
0.08202272,1,1,1,1,0,1
0.08202488,1,0,1,1,0,1
0.08202588,1,1,1,1,0,1
0.08203104,1,0,1,1,0,1
0.0820324,1,1,1,1,0,1
0.08203456,1,0,1,1,0,1
0.08203556,1,1,1,1,0,1
0.08204072,1,0,1,1,0,1
0.08204204,1,1,1,1,0,1
0.0820442,1,0,1,1,0,1
0.0820454,1,1,1,1,0,1
0.08205056,1,0,1,1,0,1
0.08205172,1,1,1,1,0,1
0.08205388,1,0,1,1,0,1
0.08205504,1,1,1,1,0,1
0.0820602,1,0,1,1,0,1
0.08206156,1,1,1,1,0,1
0.08206372,1,0,1,1,0,1
0.08206472,1,1,1,1,0,1
0.08206988,1,0,1,1,0,1
0.0820712,1,1,1,1,0,1
0.08207336,1,0,1,1,0,1
0.08207436,1,1,1,1,0,1
0.08207956,1,0,1,1,0,1
0.08208088,1,1,1,1,0,1
0.08208304,1,0,1,1,0,1
0.08208404,1,1,1,1,0,1
0.0820892,1,0,1,1,0,1
0.08209056,1,1,1,1,0,1
0.08209272,1,0,1,1,0,1
0.08209372,1,1,1,1,0,1
0.08209888,1,0,1,1,0,1
0.0821002,1,1,1,1,0,1
0.08210236,1,0,1,1,0,1
0.08210356,1,1,1,1,0,1
0.08210872,1,0,1,1,0,1
0.08210988,1,1,1,1,0,1
0.08211204,1,0,1,1,0,1
0.0821132,1,1,1,1,0,1
0.08211836,1,0,1,1,0,1
0.08211972,1,1,1,1,0,1
0.08212188,1,0,1,1,0,1
0.08212288,1,1,1,1,0,1
0.08212804,1,0,1,1,0,1
0.08212936,1,1,1,1,0,1
0.08213156,1,0,1,1,0,1
0.08213256,1,1,1,1,0,1
0.08213772,1,0,1,1,0,1
0.08213904,1,1,1,1,0,1
0.0821412,1,0,1,1,0,1
0.0821422,1,1,1,1,0,1
0.08214736,1,0,1,1,0,1
0.08214872,1,1,1,1,0,1
0.08215088,1,0,1,1,0,1
0.08215204,1,1,1,1,0,1
0.0821572,1,0,1,1,0,1
0.08215836,1,1,1,1,0,1
0.08216052,1,0,1,1,0,1
0.08216172,1,1,1,1,0,1
0.08216688,1,0,1,1,0,1
0.0821682,1,1,1,1,0,1
0.08217036,1,0,1,1,0,1
0.08217136,1,1,1,1,0,1
0.08217652,1,0,1,1,0,1
0.08217788,1,1,1,1,0,1
0.08218004,1,0,1,1,0,1
0.08218104,1,1,1,1,0,1
0.0821862,1,0,1,1,0,1
0.08218752,1,1,1,1,0,1
0.08218972,1,0,1,1,0,1
0.08219072,1,1,1,1,0,1
0.08219588,1,0,1,1,0,1
0.0821972,1,1,1,1,0,1
0.08219936,1,0,1,1,0,1
0.08220052,1,1,1,1,0,1
0.08220568,1,0,1,1,0,1
0.08220688,1,1,1,1,0,1
0.08220904,1,0,1,1,0,1
0.0822102,1,1,1,1,0,1
0.08221536,1,0,1,1,0,1
0.08221668,1,1,1,1,0,1
0.08221888,1,0,1,1,0,1
0.08221988,1,1,1,1,0,1
0.08222504,1,0,1,1,0,1
0.08222636,1,1,1,1,0,1
0.08222852,1,0,1,1,0,1
0.08222952,1,1,1,1,0,1
0.08223468,1,0,1,1,0,1
0.08223604,1,1,1,1,0,1
0.0822382,1,0,1,1,0,1
0.0822392,1,1,1,1,0,1
0.08224436,1,0,1,1,0,1
0.08224568,1,1,1,1,0,1
0.08224788,1,0,1,1,0,1
0.08224904,1,1,1,1,0,1
0.0822542,1,0,1,1,0,1
0.08225536,1,1,1,1,0,1
0.08225752,1,0,1,1,0,1
0.08225868,1,1,1,1,0,1
0.08226388,1,0,1,1,0,1
0.0822652,1,1,1,1,0,1
0.08226736,1,0,1,1,0,1
0.08226836,1,1,1,1,0,1
0.08227352,1,0,1,1,0,1
0.08227484,1,1,1,1,0,1
0.08227704,1,0,1,1,0,1
0.08227804,1,1,1,1,0,1
0.0822832,1,0,1,1,0,1
0.08228452,1,1,1,1,0,1
0.08228668,1,0,1,1,0,1
0.08228768,1,1,1,1,0,1
0.08229284,1,0,1,1,0,1
0.0822942,1,1,1,1,0,1
0.08229636,1,0,1,1,0,1
0.08229752,1,1,1,1,0,1
0.08230268,1,0,1,1,0,1
0.08230384,1,1,1,1,0,1
0.08230604,1,0,1,1,0,1
0.0823072,1,1,1,1,0,1
0.08231236,1,0,1,1,0,1
0.08231352,1,1,1,1,0,1
0.08231568,1,0,1,1,0,1
0.08231684,1,1,1,1,0,1
0.08232204,1,0,1,1,0,1
0.08232336,1,1,1,1,0,1
0.08232552,1,0,1,1,0,1
0.08232652,1,1,1,1,0,1
0.08233168,1,0,1,1,0,1
0.082333,1,1,1,1,0,1
0.0823352,1,0,1,1,0,1
0.0823362,1,1,1,1,0,1
0.08234136,1,0,1,1,0,1
0.08234268,1,1,1,1,0,1
0.08234484,1,0,1,1,0,1
0.08234584,1,1,1,1,0,1
0.082351,1,0,1,1,0,1
0.08235236,1,1,1,1,0,1
0.08235452,1,0,1,1,0,1
0.08235568,1,1,1,1,0,1
0.08236084,1,0,1,1,0,1
0.082362,1,1,1,1,0,1
0.0823642,1,0,1,1,0,1
0.08236536,1,1,1,1,0,1
0.08237052,1,0,1,1,0,1
0.08237184,1,1,1,1,0,1
0.082374,1,0,1,1,0,1
0.082375,1,1,1,1,0,1
0.0823802,1,0,1,1,0,1
0.08238152,1,1,1,1,0,1
0.08238368,1,0,1,1,0,1
0.08238468,1,1,1,1,0,1
0.08238984,1,0,1,1,0,1
0.0823912,1,1,1,1,0,1
0.08239336,1,0,1,1,0,1
0.08239436,1,1,1,1,0,1
0.08239952,1,0,1,1,0,1
0.08240084,1,1,1,1,0,1
0.082403,1,0,1,1,0,1
0.08240416,1,1,1,1,0,1
0.08240936,1,0,1,1,0,1
0.08241052,1,1,1,1,0,1
0.08241268,1,0,1,1,0,1
0.08241384,1,1,1,1,0,1
0.082419,1,0,1,1,0,1
0.08242036,1,1,1,1,0,1
0.08242252,1,0,1,1,0,1
0.08242352,1,1,1,1,0,1
0.08242868,1,0,1,1,0,1
0.08243,1,1,1,1,0,1
0.08243216,1,0,1,1,0,1
0.08243316,1,1,1,1,0,1
0.08243836,1,0,1,1,0,1
0.08243968,1,1,1,1,0,1
0.08244184,1,0,1,1,0,1
0.08244284,1,1,1,1,0,1
0.082448,1,0,1,1,0,1
0.08244936,1,1,1,1,0,1
0.08245152,1,0,1,1,0,1
0.08245268,1,1,1,1,0,1
0.08245784,1,0,1,1,0,1
0.082459,1,1,1,1,0,1
0.08246116,1,0,1,1,0,1
0.08246232,1,1,1,1,0,1
0.08246752,1,0,1,1,0,1
0.08246884,1,1,1,1,0,1
0.082471,1,0,1,1,0,1
0.082472,1,1,1,1,0,1
0.08247716,1,0,1,1,0,1
0.08247852,1,1,1,1,0,1
0.08248068,1,0,1,1,0,1
0.08248168,1,1,1,1,0,1
0.08248684,1,0,1,1,0,1
0.08248816,1,1,1,1,0,1
0.08249032,1,0,1,1,0,1
0.08249132,1,1,1,1,0,1
0.08249652,1,0,1,1,0,1
0.08249784,1,1,1,1,0,1
0.0825,1,0,1,1,0,1
0.08250116,1,1,1,1,0,1
0.08250632,1,0,1,1,0,1
0.08250752,1,1,1,1,0,1
0.08250968,1,0,1,1,0,1
0.08251084,1,1,1,1,0,1
0.082516,1,0,1,1,0,1
0.08251732,1,1,1,1,0,1
0.08251952,1,0,1,1,0,1
0.08252052,1,1,1,1,0,1
0.08252568,1,0,1,1,0,1
0.082527,1,1,1,1,0,1
0.08252916,1,0,1,1,0,1
0.08253016,1,1,1,1,0,1
0.08253532,1,0,1,1,0,1
0.08253668,1,1,1,1,0,1
0.08253884,1,0,1,1,0,1
0.08253984,1,1,1,1,0,1
0.082545,1,0,1,1,0,1
0.08254632,1,1,1,1,0,1
0.08254848,1,0,1,1,0,1
0.08254948,1,1,1,1,0,1
0.08255468,1,0,1,1,0,1
0.082556,1,1,1,1,0,1
0.08255816,1,0,1,1,0,1
0.08255932,1,1,1,1,0,1
0.08256448,1,0,1,1,0,1
0.08256568,1,1,1,1,0,1
0.08256784,1,0,1,1,0,1
0.082569,1,1,1,1,0,1
0.08257416,1,0,1,1,0,1
0.08257548,1,1,1,1,0,1
0.08257768,1,0,1,1,0,1
0.08257868,1,1,1,1,0,1
0.08258384,1,0,1,1,0,1
0.08258516,1,1,1,1,0,1
0.08258732,1,0,1,1,0,1
0.08258832,1,1,1,1,0,1
0.08259348,1,0,1,1,0,1
0.08259484,1,1,1,1,0,1
0.082597,1,0,1,1,0,1
0.082598,1,1,1,1,0,1
0.08260316,1,0,1,1,0,1
0.08260448,1,1,1,1,0,1
0.08260664,1,0,1,1,0,1
0.08260784,1,1,1,1,0,1
0.082613,1,0,1,1,0,1
0.08261416,1,1,1,1,0,1
0.08261632,1,0,1,1,0,1
0.08261748,1,1,1,1,0,1
0.08262264,1,0,1,1,0,1
0.082624,1,1,1,1,0,1
0.08262616,1,0,1,1,0,1
0.08262716,1,1,1,1,0,1
0.08263232,1,0,1,1,0,1
0.08263364,1,1,1,1,0,1
0.08263584,1,0,1,1,0,1
0.08263684,1,1,1,1,0,1
0.082642,1,0,1,1,0,1
0.08264332,1,1,1,1,0,1
0.08264548,1,0,1,1,0,1
0.08264648,1,1,1,1,0,1
0.08265164,1,0,1,1,0,1
0.082653,1,1,1,1,0,1
0.08265516,1,0,1,1,0,1
0.08265632,1,1,1,1,0,1
0.08266148,1,0,1,1,0,1
0.08266264,1,1,1,1,0,1
0.0826648,1,0,1,1,0,1
0.082666,1,1,1,1,0,1
0.08267116,1,0,1,1,0,1
0.08267248,1,1,1,1,0,1
0.08267464,1,0,1,1,0,1
0.08267564,1,1,1,1,0,1
0.0826808,1,0,1,1,0,1
0.08268216,1,1,1,1,0,1
0.08268432,1,0,1,1,0,1
0.08268532,1,1,1,1,0,1
0.08269048,1,0,1,1,0,1
0.0826918,1,1,1,1,0,1
0.082694,1,0,1,1,0,1
0.082695,1,1,1,1,0,1
0.08270016,1,0,1,1,0,1
0.08270148,1,1,1,1,0,1
0.08270364,1,0,1,1,0,1
0.0827048,1,1,1,1,0,1
0.08271,1,0,1,1,0,1
0.08271116,1,1,1,1,0,1
0.08271332,1,0,1,1,0,1
0.08271448,1,1,1,1,0,1
0.08271964,1,0,1,1,0,1
0.082721,1,1,1,1,0,1
0.08272316,1,0,1,1,0,1
0.08272416,1,1,1,1,0,1
0.08272932,1,0,1,1,0,1
0.08273064,1,1,1,1,0,1
0.0827328,1,0,1,1,0,1
0.0827338,1,1,1,1,0,1
0.08273896,1,0,1,1,0,1
0.08274032,1,1,1,1,0,1
0.08274248,1,0,1,1,0,1
0.08274348,1,1,1,1,0,1
0.08274864,1,0,1,1,0,1
0.08274996,1,1,1,1,0,1
0.08275216,1,0,1,1,0,1
0.08275316,1,1,1,1,0,1
0.08275832,1,0,1,1,0,1
0.08275964,1,1,1,1,0,1
0.0827618,1,0,1,1,0,1
0.08276296,1,1,1,1,0,1
0.08276816,1,0,1,1,0,1
0.08276932,1,1,1,1,0,1
0.08277148,1,0,1,1,0,1
0.08277264,1,1,1,1,0,1
0.0827778,1,0,1,1,0,1
0.08277916,1,1,1,1,0,1
0.08278132,1,0,1,1,0,1
0.08278232,1,1,1,1,0,1
0.08278748,1,0,1,1,0,1
0.0827888,1,1,1,1,0,1
0.08279096,1,0,1,1,0,1
0.08279196,1,1,1,1,0,1
0.08279712,1,0,1,1,0,1
0.08279848,1,1,1,1,0,1
0.08280064,1,0,1,1,0,1
0.08280164,1,1,1,1,0,1
0.0828068,1,0,1,1,0,1
0.08280812,1,1,1,1,0,1
0.08281032,1,0,1,1,0,1
0.08281148,1,1,1,1,0,1
0.08281664,1,0,1,1,0,1
0.0828178,1,1,1,1,0,1
0.08281996,1,0,1,1,0,1
0.08282112,1,1,1,1,0,1
0.08282632,1,0,1,1,0,1
0.08282764,1,1,1,1,0,1
0.0828298,1,0,1,1,0,1
0.0828308,1,1,1,1,0,1
0.08283596,1,0,1,1,0,1
0.08283732,1,1,1,1,0,1
0.08283948,1,0,1,1,0,1
0.08284048,1,1,1,1,0,1
0.08284564,1,0,1,1,0,1
0.08284696,1,1,1,1,0,1
0.08284912,1,0,1,1,0,1
0.08285012,1,1,1,1,0,1
0.08285528,1,0,1,1,0,1
0.08285664,1,1,1,1,0,1
0.0828588,1,0,1,1,0,1
0.08285996,1,1,1,1,0,1
0.08286512,1,0,1,1,0,1
0.08286628,1,1,1,1,0,1
0.08286848,1,0,1,1,0,1
0.08286964,1,1,1,1,0,1
0.0828748,1,0,1,1,0,1
0.08287612,1,1,1,1,0,1
0.08287828,1,0,1,1,0,1
0.08287928,1,1,1,1,0,1
0.08288448,1,0,1,1,0,1
0.0828858,1,1,1,1,0,1
0.08288796,1,0,1,1,0,1
0.08288896,1,1,1,1,0,1
0.08289412,1,0,1,1,0,1
0.08289548,1,1,1,1,0,1
0.08289764,1,0,1,1,0,1
0.08289864,1,1,1,1,0,1
0.0829038,1,0,1,1,0,1
0.08290512,1,1,1,1,0,1
0.08290728,1,0,1,1,0,1
0.08290848,1,1,1,1,0,1
0.08291364,1,0,1,1,0,1
0.0829148,1,1,1,1,0,1
0.08291696,1,0,1,1,0,1
0.08291812,1,1,1,1,0,1
0.08292328,1,0,1,1,0,1
0.08292464,1,1,1,1,0,1
0.0829268,1,0,1,1,0,1
0.0829278,1,1,1,1,0,1
0.08293296,1,0,1,1,0,1
0.08293428,1,1,1,1,0,1
0.08293644,1,0,1,1,0,1
0.08293744,1,1,1,1,0,1
0.08294264,1,0,1,1,0,1
0.08294396,1,1,1,1,0,1
0.08294612,1,0,1,1,0,1
0.08294712,1,1,1,1,0,1
0.08295228,1,0,1,1,0,1
0.08295364,1,1,1,1,0,1
0.0829558,1,0,1,1,0,1
0.08295696,1,1,1,1,0,1
0.08296212,1,0,1,1,0,1
0.08296328,1,1,1,1,0,1
0.08296544,1,0,1,1,0,1
0.08296664,1,1,1,1,0,1
0.0829718,1,0,1,1,0,1
0.08297296,1,1,1,1,0,1
0.08297512,1,0,1,1,0,1
0.08297628,1,1,1,1,0,1
0.08298144,1,0,1,1,0,1
0.0829828,1,1,1,1,0,1
0.08298496,1,0,1,1,0,1
0.08298596,1,1,1,1,0,1
0.08299112,1,0,1,1,0,1
0.08299244,1,1,1,1,0,1
0.0829946,1,0,1,1,0,1
0.0829956,1,1,1,1,0,1
0.0830008,1,0,1,1,0,1
0.08300212,1,1,1,1,0,1
0.08300428,1,0,1,1,0,1
0.08300528,1,1,1,1,0,1
0.08301044,1,0,1,1,0,1
0.0830118,1,1,1,1,0,1
0.08301396,1,0,1,1,0,1
0.08301512,1,1,1,1,0,1
0.08302028,1,0,1,1,0,1
0.08302144,1,1,1,1,0,1
0.0830236,1,0,1,1,0,1
0.0830248,1,1,1,1,0,1
0.08302996,1,0,1,1,0,1
0.08303128,1,1,1,1,0,1
0.08303344,1,0,1,1,0,1
0.08303444,1,1,1,1,0,1
0.0830396,1,0,1,1,0,1
0.08304096,1,1,1,1,0,1
0.08304312,1,0,1,1,0,1
0.08304412,1,1,1,1,0,1
0.08304928,1,0,1,1,0,1
0.0830506,1,1,1,1,0,1
0.08305276,1,0,1,1,0,1
0.08305376,1,1,1,1,0,1
0.08305896,1,0,1,1,0,1
0.08306028,1,1,1,1,0,1
0.08306244,1,0,1,1,0,1
0.0830636,1,1,1,1,0,1
0.08306876,1,0,1,1,0,1
0.08306996,1,1,1,1,0,1
0.08307212,1,0,1,1,0,1
0.08307328,1,1,1,1,0,1
0.08307844,1,0,1,1,0,1
0.08307976,1,1,1,1,0,1
0.08308196,1,0,1,1,0,1
0.08308296,1,1,1,1,0,1
0.08308812,1,0,1,1,0,1
0.08308944,1,1,1,1,0,1
0.0830916,1,0,1,1,0,1
0.0830926,1,1,1,1,0,1
0.08309776,1,0,1,1,0,1
0.08309912,1,1,1,1,0,1
0.08310128,1,0,1,1,0,1
0.08310228,1,1,1,1,0,1
0.08310744,1,0,1,1,0,1
0.08310876,1,1,1,1,0,1
0.08311096,1,0,1,1,0,1
0.08311212,1,1,1,1,0,1
0.08311728,1,0,1,1,0,1
0.08311844,1,1,1,1,0,1
0.0831206,1,0,1,1,0,1
0.08312176,1,1,1,1,0,1
0.08312692,1,0,1,1,0,1
0.08312828,1,1,1,1,0,1
0.08313044,1,0,1,1,0,1
0.08313144,1,1,1,1,0,1
0.0831366,1,0,1,1,0,1
0.08313792,1,1,1,1,0,1
0.08314012,1,0,1,1,0,1
0.08314112,1,1,1,1,0,1
0.08314628,1,0,1,1,0,1
0.0831476,1,1,1,1,0,1
0.08314976,1,0,1,1,0,1
0.08315076,1,1,1,1,0,1
0.08315592,1,0,1,1,0,1
0.08315728,1,1,1,1,0,1
0.08315944,1,0,1,1,0,1
0.0831606,1,1,1,1,0,1
0.08316576,1,0,1,1,0,1
0.08316692,1,1,1,1,0,1
0.08316912,1,0,1,1,0,1
0.08317028,1,1,1,1,0,1
0.08317544,1,0,1,1,0,1
0.08317676,1,1,1,1,0,1
0.08317892,1,0,1,1,0,1
0.08317992,1,1,1,1,0,1
0.08318508,1,0,1,1,0,1
0.08318644,1,1,1,1,0,1
0.0831886,1,0,1,1,0,1
0.0831896,1,1,1,1,0,1
0.08319476,1,0,1,1,0,1
0.08319608,1,1,1,1,0,1
0.08319828,1,0,1,1,0,1
0.08319928,1,1,1,1,0,1
0.08320444,1,0,1,1,0,1
0.08320576,1,1,1,1,0,1
0.08320792,1,0,1,1,0,1
0.08320892,1,1,1,1,0,1
0.08321408,1,0,1,1,0,1
0.08321544,1,1,1,1,0,1
0.0832176,1,0,1,1,0,1
0.08321876,1,1,1,1,0,1
0.08322392,1,0,1,1,0,1
0.08322508,1,1,1,1,0,1
0.08322728,1,0,1,1,0,1
0.08322844,1,1,1,1,0,1
0.0832336,1,0,1,1,0,1
0.08323492,1,1,1,1,0,1
0.08323708,1,0,1,1,0,1
0.08323808,1,1,1,1,0,1
0.08324328,1,0,1,1,0,1
0.0832446,1,1,1,1,0,1
0.08324676,1,0,1,1,0,1
0.08324776,1,1,1,1,0,1
0.08325292,1,0,1,1,0,1
0.08325424,1,1,1,1,0,1
0.08325644,1,0,1,1,0,1
0.08325744,1,1,1,1,0,1
0.0832626,1,0,1,1,0,1
0.08326392,1,1,1,1,0,1
0.08326608,1,0,1,1,0,1
0.08326724,1,1,1,1,0,1
0.08327244,1,0,1,1,0,1
0.0832736,1,1,1,1,0,1
0.08327576,1,0,1,1,0,1
0.08327692,1,1,1,1,0,1
0.08328208,1,0,1,1,0,1
0.08328344,1,1,1,1,0,1
0.0832856,1,0,1,1,0,1
0.0832866,1,1,1,1,0,1
0.08329176,1,0,1,1,0,1
0.08329308,1,1,1,1,0,1
0.08329524,1,0,1,1,0,1
0.08329624,1,1,1,1,0,1
0.08330144,1,0,1,1,0,1
0.08330276,1,1,1,1,0,1
0.08330492,1,0,1,1,0,1
0.08330592,1,1,1,1,0,1
0.08331108,1,0,1,1,0,1
0.0833124,1,1,1,1,0,1
0.0833146,1,0,1,1,0,1
0.08331576,1,1,1,1,0,1
0.08332092,1,0,1,1,0,1
0.08332208,1,1,1,1,0,1
0.08332424,1,0,1,1,0,1
0.0833254,1,1,1,1,0,1
0.0833306,1,0,1,1,0,1
0.08333192,1,1,1,1,0,1
0.08333408,1,0,1,1,0,1
0.08333508,1,1,1,1,0,1
0.08334024,1,0,1,1,0,1
0.0833416,1,1,1,1,0,1
0.08334376,1,0,1,1,0,1
0.08334476,1,1,1,1,0,1
0.08334992,1,0,1,1,0,1
0.08335124,1,1,1,1,0,1
0.0833534,1,0,1,1,0,1
0.0833544,1,1,1,1,0,1
0.0833596,1,0,1,1,0,1
0.08336092,1,1,1,1,0,1
0.08336308,1,0,1,1,0,1
0.08336424,1,1,1,1,0,1
0.0833694,1,0,1,1,0,1
0.0833706,1,1,1,1,0,1
0.08337276,1,0,1,1,0,1
0.08337392,1,1,1,1,0,1
0.08337908,1,0,1,1,0,1
0.0833804,1,1,1,1,0,1
0.08338256,1,0,1,1,0,1
0.08338356,1,1,1,1,0,1
0.08338876,1,0,1,1,0,1
0.08339008,1,1,1,1,0,1
0.08339224,1,0,1,1,0,1
0.08339324,1,1,1,1,0,1
0.0833984,1,0,1,1,0,1
0.08339976,1,1,1,1,0,1
0.08340192,1,0,1,1,0,1
0.08340292,1,1,1,1,0,1
0.08340808,1,0,1,1,0,1
0.0834094,1,1,1,1,0,1
0.08341156,1,0,1,1,0,1
0.08341256,1,1,1,1,0,1
0.08341776,1,0,1,1,0,1
0.08341908,1,1,1,1,0,1
0.08342124,1,0,1,1,0,1
0.0834224,1,1,1,1,0,1
0.08342756,1,0,1,1,0,1
0.08342876,1,1,1,1,0,1
0.08343092,1,0,1,1,0,1
0.08343208,1,1,1,1,0,1
0.08343724,1,0,1,1,0,1
0.08343856,1,1,1,1,0,1
0.08344072,1,0,1,1,0,1
0.08344172,1,1,1,1,0,1
0.08344692,1,0,1,1,0,1
0.08344824,1,1,1,1,0,1
0.0834504,1,0,1,1,0,1
0.0834514,1,1,1,1,0,1
0.08345656,1,0,1,1,0,1
0.08345792,1,1,1,1,0,1
0.08346008,1,0,1,1,0,1
0.08346108,1,1,1,1,0,1
0.08346624,1,0,1,1,0,1
0.08346756,1,1,1,1,0,1
0.08346972,1,0,1,1,0,1
0.08347092,1,1,1,1,0,1
0.08347608,1,0,1,1,0,1
0.08347724,1,1,1,1,0,1
0.0834794,1,0,1,1,0,1
0.08348056,1,1,1,1,0,1
0.08348572,1,0,1,1,0,1
0.08348708,1,1,1,1,0,1
0.08348924,1,0,1,1,0,1
0.08349024,1,1,1,1,0,1
0.0834954,1,0,1,1,0,1
0.08349672,1,1,1,1,0,1
0.08349892,1,0,1,1,0,1
0.08349992,1,1,1,1,0,1
0.08350508,1,0,1,1,0,1
0.0835064,1,1,1,1,0,1
0.08350856,1,0,1,1,0,1
0.08350956,1,1,1,1,0,1
0.08351472,1,0,1,1,0,1
0.08351608,1,1,1,1,0,1
0.08351824,1,0,1,1,0,1
0.0835194,1,1,1,1,0,1
0.08352456,1,0,1,1,0,1
0.08352572,1,1,1,1,0,1
0.08352788,1,0,1,1,0,1
0.08352908,1,1,1,1,0,1
0.08353424,1,0,1,1,0,1
0.08353556,1,1,1,1,0,1
0.08353772,1,0,1,1,0,1
0.08353872,1,1,1,1,0,1
0.08354388,1,0,1,1,0,1
0.08354524,1,1,1,1,0,1
0.0835474,1,0,1,1,0,1
0.0835484,1,1,1,1,0,1
0.08355356,1,0,1,1,0,1
0.08355488,1,1,1,1,0,1
0.08355708,1,0,1,1,0,1
0.08355808,1,1,1,1,0,1
0.08356324,1,0,1,1,0,1
0.08356456,1,1,1,1,0,1
0.08356672,1,0,1,1,0,1
0.08356788,1,1,1,1,0,1
0.08357304,1,0,1,1,0,1
0.08357424,1,1,1,1,0,1
0.0835764,1,0,1,1,0,1
0.08357756,1,1,1,1,0,1
0.08358272,1,0,1,1,0,1
0.08358404,1,1,1,1,0,1
0.08358624,1,0,1,1,0,1
0.08358724,1,1,1,1,0,1
0.0835924,1,0,1,1,0,1
0.08359372,1,1,1,1,0,1
0.08359588,1,0,1,1,0,1
0.08359688,1,1,1,1,0,1
0.08360204,1,0,1,1,0,1
0.0836034,1,1,1,1,0,1
0.08360556,1,0,1,1,0,1
0.08360656,1,1,1,1,0,1
0.08361172,1,0,1,1,0,1
0.08361304,1,1,1,1,0,1
0.08361524,1,0,1,1,0,1
0.08361624,1,1,1,1,0,1
0.0836214,1,0,1,1,0,1
0.08362272,1,1,1,1,0,1
0.08362488,1,0,1,1,0,1
0.08362604,1,1,1,1,0,1
0.08363124,1,0,1,1,0,1
0.0836324,1,1,1,1,0,1
0.08363456,1,0,1,1,0,1
0.08363572,1,1,1,1,0,1
0.08364088,1,0,1,1,0,1
0.0836422,1,1,1,1,0,1
0.0836444,1,0,1,1,0,1
0.0836454,1,1,1,1,0,1
0.08365056,1,0,1,1,0,1
0.08365188,1,1,1,1,0,1
0.08365404,1,0,1,1,0,1
0.08365504,1,1,1,1,0,1
0.0836602,1,0,1,1,0,1
0.08366156,1,1,1,1,0,1
0.08366372,1,0,1,1,0,1
0.08366472,1,1,1,1,0,1
0.08366988,1,0,1,1,0,1
0.0836712,1,1,1,1,0,1
0.0836734,1,0,1,1,0,1
0.08367456,1,1,1,1,0,1
0.08367972,1,0,1,1,0,1
0.08368088,1,1,1,1,0,1
0.08368304,1,0,1,1,0,1
0.0836842,1,1,1,1,0,1
0.0836894,1,0,1,1,0,1
0.08369072,1,1,1,1,0,1
0.08369288,1,0,1,1,0,1
0.08369388,1,1,1,1,0,1
0.08369904,1,0,1,1,0,1
0.08370036,1,1,1,1,0,1
0.08370256,1,0,1,1,0,1
0.08370356,1,1,1,1,0,1
0.08370872,1,0,1,1,0,1
0.08371004,1,1,1,1,0,1
0.0837122,1,0,1,1,0,1
0.0837132,1,1,1,1,0,1
0.08371836,1,0,1,1,0,1
0.08371972,1,1,1,1,0,1
0.08372188,1,0,1,1,0,1
0.08372304,1,1,1,1,0,1
0.0837282,1,0,1,1,0,1
0.08372936,1,1,1,1,0,1
0.08373156,1,0,1,1,0,1
0.08373272,1,1,1,1,0,1
0.08373788,1,0,1,1,0,1
0.0837392,1,1,1,1,0,1
0.08374136,1,0,1,1,0,1
0.08374236,1,1,1,1,0,1
0.08374756,1,0,1,1,0,1
0.08374888,1,1,1,1,0,1
0.08375104,1,0,1,1,0,1
0.08375204,1,1,1,1,0,1
0.0837572,1,0,1,1,0,1
0.08375856,1,1,1,1,0,1
0.08376072,1,0,1,1,0,1
0.08376172,1,1,1,1,0,1
0.08376688,1,0,1,1,0,1
0.0837682,1,1,1,1,0,1
0.08377036,1,0,1,1,0,1
0.08377152,1,1,1,1,0,1
0.08377672,1,0,1,1,0,1
0.08377788,1,1,1,1,0,1
0.08378004,1,0,1,1,0,1
0.0837812,1,1,1,1,0,1
0.08378636,1,0,1,1,0,1
0.08378772,1,1,1,1,0,1
0.08378988,1,0,1,1,0,1
0.08379088,1,1,1,1,0,1
0.08379604,1,0,1,1,0,1
0.08379736,1,1,1,1,0,1
0.08379952,1,0,1,1,0,1
0.08380052,1,1,1,1,0,1
0.08380572,1,0,1,1,0,1
0.08380704,1,1,1,1,0,1
0.0838092,1,0,1,1,0,1
0.0838102,1,1,1,1,0,1
0.08381536,1,0,1,1,0,1
0.08381672,1,1,1,1,0,1
0.08381888,1,0,1,1,0,1
0.08382004,1,1,1,1,0,1
0.0838252,1,0,1,1,0,1
0.08382636,1,1,1,1,0,1
0.08382852,1,0,1,1,0,1
0.08382968,1,1,1,1,0,1
0.08383488,1,0,1,1,0,1
0.08383604,1,1,1,1,0,1
0.0838382,1,0,1,1,0,1
0.08383936,1,1,1,1,0,1
0.08384452,1,0,1,1,0,1
0.08384588,1,1,1,1,0,1
0.08384804,1,0,1,1,0,1
0.08384904,1,1,1,1,0,1
0.0838542,1,0,1,1,0,1
0.08385552,1,1,1,1,0,1
0.08385768,1,0,1,1,0,1
0.08385868,1,1,1,1,0,1
0.08386388,1,0,1,1,0,1
0.0838652,1,1,1,1,0,1
0.08386736,1,0,1,1,0,1
0.08386836,1,1,1,1,0,1
0.08387352,1,0,1,1,0,1
0.08387488,1,1,1,1,0,1
0.08387704,1,0,1,1,0,1
0.0838782,1,1,1,1,0,1
0.08388336,1,0,1,1,0,1
0.08388452,1,1,1,1,0,1
0.08388668,1,0,1,1,0,1
0.08388788,1,1,1,1,0,1
0.08389304,1,0,1,1,0,1
0.08389436,1,1,1,1,0,1
0.08389652,1,0,1,1,0,1
0.08389752,1,1,1,1,0,1
0.08390268,1,0,1,1,0,1
0.08390404,1,1,1,1,0,1
0.0839062,1,0,1,1,0,1
0.0839072,1,1,1,1,0,1
0.08391236,1,0,1,1,0,1
0.08391368,1,1,1,1,0,1
0.08391584,1,0,1,1,0,1
0.08391684,1,1,1,1,0,1
0.08392204,1,0,1,1,0,1
0.08392336,1,1,1,1,0,1
0.08392552,1,0,1,1,0,1
0.08392668,1,1,1,1,0,1
0.08393184,1,0,1,1,0,1
0.08393304,1,1,1,1,0,1
0.0839352,1,0,1,1,0,1
0.08393636,1,1,1,1,0,1
0.08394152,1,0,1,1,0,1
0.08394284,1,1,1,1,0,1
0.08394504,1,0,1,1,0,1
0.08394604,1,1,1,1,0,1
0.0839512,1,0,1,1,0,1
0.08395252,1,1,1,1,0,1
0.08395468,1,0,1,1,0,1
0.08395568,1,1,1,1,0,1
0.08396084,1,0,1,1,0,1
0.0839622,1,1,1,1,0,1
0.08396436,1,0,1,1,0,1
0.08396536,1,1,1,1,0,1
0.08397052,1,0,1,1,0,1
0.08397184,1,1,1,1,0,1
0.083974,1,0,1,1,0,1
0.0839752,1,1,1,1,0,1
0.08398036,1,0,1,1,0,1
0.08398152,1,1,1,1,0,1
0.08398368,1,0,1,1,0,1
0.08398484,1,1,1,1,0,1
0.08399,1,0,1,1,0,1
0.08399136,1,1,1,1,0,1
0.08399352,1,0,1,1,0,1
0.08399452,1,1,1,1,0,1
0.08399968,1,0,1,1,0,1
0.084001,1,1,1,1,0,1
0.0840032,1,0,1,1,0,1
0.0840042,1,1,1,1,0,1
0.08400936,1,0,1,1,0,1
0.08401068,1,1,1,1,0,1
0.08401284,1,0,1,1,0,1
0.08401384,1,1,1,1,0,1
0.084019,1,0,1,1,0,1
0.08402036,1,1,1,1,0,1
0.08402252,1,0,1,1,0,1
0.08402368,1,1,1,1,0,1
0.08402884,1,0,1,1,0,1
0.08403,1,1,1,1,0,1
0.08403216,1,0,1,1,0,1
0.08403336,1,1,1,1,0,1
0.08403852,1,0,1,1,0,1
0.08403984,1,1,1,1,0,1
0.084042,1,0,1,1,0,1
0.084043,1,1,1,1,0,1
0.08404816,1,0,1,1,0,1
0.08404952,1,1,1,1,0,1
0.08405168,1,0,1,1,0,1
0.08405268,1,1,1,1,0,1
0.08405784,1,0,1,1,0,1
0.08405916,1,1,1,1,0,1
0.08406136,1,0,1,1,0,1
0.08406236,1,1,1,1,0,1
0.08406752,1,0,1,1,0,1
0.08406884,1,1,1,1,0,1
0.084071,1,0,1,1,0,1
0.084072,1,1,1,1,0,1
0.08407716,1,0,1,1,0,1
0.08407852,1,1,1,1,0,1
0.08408068,1,0,1,1,0,1
0.08408184,1,1,1,1,0,1
0.084087,1,0,1,1,0,1
0.08408816,1,1,1,1,0,1
0.08409036,1,0,1,1,0,1
0.08409152,1,1,1,1,0,1
0.08409668,1,0,1,1,0,1
0.084098,1,1,1,1,0,1
0.08410016,1,0,1,1,0,1
0.08410116,1,1,1,1,0,1
0.08410632,1,0,1,1,0,1
0.08410768,1,1,1,1,0,1
0.08410984,1,0,1,1,0,1
0.08411084,1,1,1,1,0,1
0.084116,1,0,1,1,0,1
0.08411732,1,1,1,1,0,1
0.08411952,1,0,1,1,0,1
0.08412052,1,1,1,1,0,1
0.08412568,1,0,1,1,0,1
0.084127,1,1,1,1,0,1
0.08412916,1,0,1,1,0,1
0.08413032,1,1,1,1,0,1
0.08413552,1,0,1,1,0,1
0.08413668,1,1,1,1,0,1
0.08413884,1,0,1,1,0,1
0.08414,1,1,1,1,0,1
0.08414516,1,0,1,1,0,1
0.08414652,1,1,1,1,0,1
0.08414868,1,0,1,1,0,1
0.08414968,1,1,1,1,0,1
0.08415484,1,0,1,1,0,1
0.08415616,1,1,1,1,0,1
0.08415832,1,0,1,1,0,1
0.08415932,1,1,1,1,0,1
0.08416448,1,0,1,1,0,1
0.08416584,1,1,1,1,0,1
0.084168,1,0,1,1,0,1
0.084169,1,1,1,1,0,1
0.08417416,1,0,1,1,0,1
0.08417548,1,1,1,1,0,1
0.08417768,1,0,1,1,0,1
0.08417884,1,1,1,1,0,1
0.084184,1,0,1,1,0,1
0.08418516,1,1,1,1,0,1
0.08418732,1,0,1,1,0,1
0.08418848,1,1,1,1,0,1
0.08419368,1,0,1,1,0,1
0.084195,1,1,1,1,0,1
0.08419716,1,0,1,1,0,1
0.08419816,1,1,1,1,0,1
0.08420332,1,0,1,1,0,1
0.08420468,1,1,1,1,0,1
0.08420684,1,0,1,1,0,1
0.08420784,1,1,1,1,0,1
0.084213,1,0,1,1,0,1
0.08421432,1,1,1,1,0,1
0.08421648,1,0,1,1,0,1
0.08421748,1,1,1,1,0,1
0.08422264,1,0,1,1,0,1
0.084224,1,1,1,1,0,1
0.08422616,1,0,1,1,0,1
0.08422732,1,1,1,1,0,1
0.08423248,1,0,1,1,0,1
0.08423364,1,1,1,1,0,1
0.08423584,1,0,1,1,0,1
0.084237,1,1,1,1,0,1
0.08424216,1,0,1,1,0,1
0.08424348,1,1,1,1,0,1
0.08424564,1,0,1,1,0,1
0.08424664,1,1,1,1,0,1
0.08425184,1,0,1,1,0,1
0.08425316,1,1,1,1,0,1
0.08425532,1,0,1,1,0,1
0.08425632,1,1,1,1,0,1
0.08426148,1,0,1,1,0,1
0.08426284,1,1,1,1,0,1
0.084265,1,0,1,1,0,1
0.084266,1,1,1,1,0,1
0.08427116,1,0,1,1,0,1
0.08427248,1,1,1,1,0,1
0.08427464,1,0,1,1,0,1
0.08427564,1,1,1,1,0,1
0.08428084,1,0,1,1,0,1
0.08428216,1,1,1,1,0,1
0.08428432,1,0,1,1,0,1
0.08428548,1,1,1,1,0,1
0.08429064,1,0,1,1,0,1
0.0842918,1,1,1,1,0,1
0.084294,1,0,1,1,0,1
0.08429516,1,1,1,1,0,1
0.08430032,1,0,1,1,0,1
0.08430164,1,1,1,1,0,1
0.0843038,1,0,1,1,0,1
0.0843048,1,1,1,1,0,1
0.08431,1,0,1,1,0,1
0.08431132,1,1,1,1,0,1
0.08431348,1,0,1,1,0,1
0.08431448,1,1,1,1,0,1
0.08431964,1,0,1,1,0,1
0.084321,1,1,1,1,0,1
0.08432316,1,0,1,1,0,1
0.08432416,1,1,1,1,0,1
0.08432932,1,0,1,1,0,1
0.08433064,1,1,1,1,0,1
0.0843328,1,0,1,1,0,1
0.084334,1,1,1,1,0,1
0.08433916,1,0,1,1,0,1
0.08434032,1,1,1,1,0,1
0.08434248,1,0,1,1,0,1
0.08434364,1,1,1,1,0,1
0.0843488,1,0,1,1,0,1
0.08435016,1,1,1,1,0,1
0.08435232,1,0,1,1,0,1
0.08435332,1,1,1,1,0,1
0.08435848,1,0,1,1,0,1
0.0843598,1,1,1,1,0,1
0.08436196,1,0,1,1,0,1
0.08436296,1,1,1,1,0,1
0.08436816,1,0,1,1,0,1
0.08436948,1,1,1,1,0,1
0.08437164,1,0,1,1,0,1
0.08437264,1,1,1,1,0,1
0.0843778,1,0,1,1,0,1
0.08437916,1,1,1,1,0,1
0.08438132,1,0,1,1,0,1
0.08438248,1,1,1,1,0,1
0.08438764,1,0,1,1,0,1
0.0843888,1,1,1,1,0,1
0.08439096,1,0,1,1,0,1
0.08439216,1,1,1,1,0,1
0.08439732,1,0,1,1,0,1
0.08439864,1,1,1,1,0,1
0.0844008,1,0,1,1,0,1
0.0844018,1,1,1,1,0,1
0.08440696,1,0,1,1,0,1
0.08440832,1,1,1,1,0,1
0.08441048,1,0,1,1,0,1
0.08441148,1,1,1,1,0,1
0.08441664,1,0,1,1,0,1
0.08441796,1,1,1,1,0,1
0.08442012,1,0,1,1,0,1
0.08442112,1,1,1,1,0,1
0.08442632,1,0,1,1,0,1
0.08442764,1,1,1,1,0,1
0.0844298,1,0,1,1,0,1
0.08443096,1,1,1,1,0,1
0.08443612,1,0,1,1,0,1
0.08443732,1,1,1,1,0,1
0.08443948,1,0,1,1,0,1
0.08444064,1,1,1,1,0,1
0.0844458,1,0,1,1,0,1
0.08444712,1,1,1,1,0,1
0.08444932,1,0,1,1,0,1
0.08445032,1,1,1,1,0,1
0.08445548,1,0,1,1,0,1
0.0844568,1,1,1,1,0,1
0.08445896,1,0,1,1,0,1
0.08445996,1,1,1,1,0,1
0.08446512,1,0,1,1,0,1
0.08446648,1,1,1,1,0,1
0.08446864,1,0,1,1,0,1
0.08446964,1,1,1,1,0,1
0.0844748,1,0,1,1,0,1
0.08447612,1,1,1,1,0,1
0.08447832,1,0,1,1,0,1
0.08447932,1,1,1,1,0,1
0.08448448,1,0,1,1,0,1
0.0844858,1,1,1,1,0,1
0.08448796,1,0,1,1,0,1
0.08448912,1,1,1,1,0,1
0.08449428,1,0,1,1,0,1
0.08449548,1,1,1,1,0,1
0.08449764,1,0,1,1,0,1
0.0844988,1,1,1,1,0,1
0.08450396,1,0,1,1,0,1
0.08450528,1,1,1,1,0,1
0.08450748,1,0,1,1,0,1
0.08450848,1,1,1,1,0,1
0.08451364,1,0,1,1,0,1
0.08451496,1,1,1,1,0,1
0.08451712,1,0,1,1,0,1
0.08451812,1,1,1,1,0,1
0.08452328,1,0,1,1,0,1
0.08452464,1,1,1,1,0,1
0.0845268,1,0,1,1,0,1
0.0845278,1,1,1,1,0,1
0.08453296,1,0,1,1,0,1
0.08453428,1,1,1,1,0,1
0.08453648,1,0,1,1,0,1
0.08453764,1,1,1,1,0,1
0.0845428,1,0,1,1,0,1
0.08454396,1,1,1,1,0,1
0.08454612,1,0,1,1,0,1
0.08454728,1,1,1,1,0,1
0.08455244,1,0,1,1,0,1
0.0845538,1,1,1,1,0,1
0.08455596,1,0,1,1,0,1
0.08455696,1,1,1,1,0,1
0.08456212,1,0,1,1,0,1
0.08456344,1,1,1,1,0,1
0.08456564,1,0,1,1,0,1
0.08456664,1,1,1,1,0,1
0.0845718,1,0,1,1,0,1
0.08457312,1,1,1,1,0,1
0.08457528,1,0,1,1,0,1
0.08457628,1,1,1,1,0,1
0.08458144,1,0,1,1,0,1
0.0845828,1,1,1,1,0,1
0.08458496,1,0,1,1,0,1
0.08458612,1,1,1,1,0,1
0.08459128,1,0,1,1,0,1
0.08459244,1,1,1,1,0,1
0.08459464,1,0,1,1,0,1
0.0845958,1,1,1,1,0,1
0.08460096,1,0,1,1,0,1
0.08460228,1,1,1,1,0,1
0.08460444,1,0,1,1,0,1
0.08460544,1,1,1,1,0,1
0.08461064,1,0,1,1,0,1
0.08461196,1,1,1,1,0,1
0.08461412,1,0,1,1,0,1
0.08461512,1,1,1,1,0,1
0.08462028,1,0,1,1,0,1
0.0846216,1,1,1,1,0,1
0.0846238,1,0,1,1,0,1
0.0846248,1,1,1,1,0,1
0.08462996,1,0,1,1,0,1
0.08463128,1,1,1,1,0,1
0.08463344,1,0,1,1,0,1
0.0846346,1,1,1,1,0,1
0.0846398,1,0,1,1,0,1
0.08464096,1,1,1,1,0,1
0.08464312,1,0,1,1,0,1
0.08464428,1,1,1,1,0,1
0.08464944,1,0,1,1,0,1
0.0846508,1,1,1,1,0,1
0.08465296,1,0,1,1,0,1
0.08465396,1,1,1,1,0,1
0.08465912,1,0,1,1,0,1
0.08466044,1,1,1,1,0,1
0.0846626,1,0,1,1,0,1
0.0846636,1,1,1,1,0,1
0.0846688,1,0,1,1,0,1
0.08467012,1,1,1,1,0,1
0.08467228,1,0,1,1,0,1
0.08467328,1,1,1,1,0,1
0.08467844,1,0,1,1,0,1
0.08467976,1,1,1,1,0,1
0.08468196,1,0,1,1,0,1
0.08468312,1,1,1,1,0,1
0.08468828,1,0,1,1,0,1
0.08468944,1,1,1,1,0,1
0.0846916,1,0,1,1,0,1
0.08469276,1,1,1,1,0,1
0.08469796,1,0,1,1,0,1
0.08469912,1,1,1,1,0,1
0.08470128,1,0,1,1,0,1
0.08470244,1,1,1,1,0,1
0.0847076,1,0,1,1,0,1
0.08470896,1,1,1,1,0,1
0.08471112,1,0,1,1,0,1
0.08471212,1,1,1,1,0,1
0.08471728,1,0,1,1,0,1
0.0847186,1,1,1,1,0,1
0.08472076,1,0,1,1,0,1
0.08472176,1,1,1,1,0,1
0.08472696,1,0,1,1,0,1
0.08472828,1,1,1,1,0,1
0.08473044,1,0,1,1,0,1
0.08473144,1,1,1,1,0,1
0.0847366,1,0,1,1,0,1
0.08473796,1,1,1,1,0,1
0.08474012,1,0,1,1,0,1
0.08474128,1,1,1,1,0,1
0.08474644,1,0,1,1,0,1
0.0847476,1,1,1,1,0,1
0.08474976,1,0,1,1,0,1
0.08475092,1,1,1,1,0,1
0.08475612,1,0,1,1,0,1
0.08475744,1,1,1,1,0,1
0.0847596,1,0,1,1,0,1
0.0847606,1,1,1,1,0,1
0.08476576,1,0,1,1,0,1
0.08476712,1,1,1,1,0,1
0.08476928,1,0,1,1,0,1
0.08477028,1,1,1,1,0,1
0.08477544,1,0,1,1,0,1
0.08477676,1,1,1,1,0,1
0.08477892,1,0,1,1,0,1
0.08477992,1,1,1,1,0,1
0.08478512,1,0,1,1,0,1
0.08478644,1,1,1,1,0,1
0.0847886,1,0,1,1,0,1
0.08478976,1,1,1,1,0,1
0.08479492,1,0,1,1,0,1
0.08479612,1,1,1,1,0,1
0.08479828,1,0,1,1,0,1
0.08479944,1,1,1,1,0,1
0.0848046,1,0,1,1,0,1
0.08480592,1,1,1,1,0,1
0.08480812,1,0,1,1,0,1
0.08480908,1,1,1,1,0,1
0.08481428,1,0,1,1,0,1
0.0848156,1,1,1,1,0,1
0.08481776,1,0,1,1,0,1
0.08481876,1,1,1,1,0,1
0.08482392,1,0,1,1,0,1
0.08482528,1,1,1,1,0,1
0.08482744,1,0,1,1,0,1
0.08482844,1,1,1,1,0,1
0.0848336,1,0,1,1,0,1
0.08483492,1,1,1,1,0,1
0.08483708,1,0,1,1,0,1
0.08483828,1,1,1,1,0,1
0.08484344,1,0,1,1,0,1
0.0848446,1,1,1,1,0,1
0.08484676,1,0,1,1,0,1
0.08484792,1,1,1,1,0,1
0.08485308,1,0,1,1,0,1
0.08485444,1,1,1,1,0,1
0.0848566,1,0,1,1,0,1
0.0848576,1,1,1,1,0,1
0.08486276,1,0,1,1,0,1
0.08486408,1,1,1,1,0,1
0.08486628,1,0,1,1,0,1
0.08486728,1,1,1,1,0,1
0.08487244,1,0,1,1,0,1
0.08487376,1,1,1,1,0,1
0.08487592,1,0,1,1,0,1
0.08487692,1,1,1,1,0,1
0.08488208,1,0,1,1,0,1
0.08488344,1,1,1,1,0,1
0.0848856,1,0,1,1,0,1
0.08488676,1,1,1,1,0,1
0.08489192,1,0,1,1,0,1
0.08489308,1,1,1,1,0,1
0.08489524,1,0,1,1,0,1
0.08489644,1,1,1,1,0,1
0.0849016,1,0,1,1,0,1
0.08490292,1,1,1,1,0,1
0.08490508,1,0,1,1,0,1
0.08490608,1,1,1,1,0,1
0.08491124,1,0,1,1,0,1
0.0849126,1,1,1,1,0,1
0.08491476,1,0,1,1,0,1
0.08491576,1,1,1,1,0,1
0.08492092,1,0,1,1,0,1
0.08492224,1,1,1,1,0,1
0.08492444,1,0,1,1,0,1
0.08492544,1,1,1,1,0,1
0.0849306,1,0,1,1,0,1
0.08493192,1,1,1,1,0,1
0.08493408,1,0,1,1,0,1
0.08493508,1,1,1,1,0,1
0.08494024,1,0,1,1,0,1
0.0849416,1,1,1,1,0,1
0.08494376,1,0,1,1,0,1
0.08494492,1,1,1,1,0,1
0.08495008,1,0,1,1,0,1
0.08495124,1,1,1,1,0,1
0.0849534,1,0,1,1,0,1
0.0849546,1,1,1,1,0,1
0.08495976,1,0,1,1,0,1
0.08496108,1,1,1,1,0,1
0.08496324,1,0,1,1,0,1
0.08496424,1,1,1,1,0,1
0.0849694,1,0,1,1,0,1
0.08497076,1,1,1,1,0,1
0.08497292,1,0,1,1,0,1
0.08497392,1,1,1,1,0,1
0.08497908,1,0,1,1,0,1
0.0849804,1,1,1,1,0,1
0.0849826,1,0,1,1,0,1
0.0849836,1,1,1,1,0,1
0.08498876,1,0,1,1,0,1
0.08499008,1,1,1,1,0,1
0.08499224,1,0,1,1,0,1
0.0849934,1,1,1,1,0,1
0.0849986,1,0,1,1,0,1
0.08499976,1,1,1,1,0,1
0.08500192,1,0,1,1,0,1
0.08500308,1,1,1,1,0,1
0.08500824,1,0,1,1,0,1
0.08500956,1,1,1,1,0,1
0.08501176,1,0,1,1,0,1
0.08501276,1,1,1,1,0,1
0.08501792,1,0,1,1,0,1
0.08501924,1,1,1,1,0,1
0.0850214,1,0,1,1,0,1
0.0850224,1,1,1,1,0,1
0.08502756,1,0,1,1,0,1
0.08502892,1,1,1,1,0,1
0.08503108,1,0,1,1,0,1
0.08503208,1,1,1,1,0,1
0.08503724,1,0,1,1,0,1
0.08503856,1,1,1,1,0,1
0.08504076,1,0,1,1,0,1
0.08504192,1,1,1,1,0,1
0.08504708,1,0,1,1,0,1
0.08504824,1,1,1,1,0,1
0.0850504,1,0,1,1,0,1
0.08505156,1,1,1,1,0,1
0.08505676,1,0,1,1,0,1
0.08505808,1,1,1,1,0,1
0.08506024,1,0,1,1,0,1
0.08506124,1,1,1,1,0,1
0.0850664,1,0,1,1,0,1
0.08506772,1,1,1,1,0,1
0.08506992,1,0,1,1,0,1
0.08507092,1,1,1,1,0,1
0.08507608,1,0,1,1,0,1
0.0850774,1,1,1,1,0,1
0.08507956,1,0,1,1,0,1
0.08508056,1,1,1,1,0,1
0.08508572,1,0,1,1,0,1
0.08508708,1,1,1,1,0,1
0.08508924,1,0,1,1,0,1
0.0850904,1,1,1,1,0,1
0.08509556,1,0,1,1,0,1
0.08509672,1,1,1,1,0,1
0.08509892,1,0,1,1,0,1
0.08510008,1,1,1,1,0,1
0.08510524,1,0,1,1,0,1
0.08510656,1,1,1,1,0,1
0.08510872,1,0,1,1,0,1
0.08510972,1,1,1,1,0,1
0.08511492,1,0,1,1,0,1
0.08511624,1,1,1,1,0,1
0.0851184,1,0,1,1,0,1
0.0851194,1,1,1,1,0,1
0.08512456,1,0,1,1,0,1
0.08512592,1,1,1,1,0,1
0.08512808,1,0,1,1,0,1
0.08512908,1,1,1,1,0,1
0.08513424,1,0,1,1,0,1
0.08513556,1,1,1,1,0,1
0.08513772,1,0,1,1,0,1
0.08513872,1,1,1,1,0,1
0.08514388,1,0,1,1,0,1
0.08514524,1,1,1,1,0,1
0.0851474,1,0,1,1,0,1
0.08514856,1,1,1,1,0,1
0.08515372,1,0,1,1,0,1
0.08515488,1,1,1,1,0,1
0.08515708,1,0,1,1,0,1
0.08515824,1,1,1,1,0,1
0.0851634,1,0,1,1,0,1
0.08516472,1,1,1,1,0,1
0.08516688,1,0,1,1,0,1
0.08516788,1,1,1,1,0,1
0.08517308,1,0,1,1,0,1
0.0851744,1,1,1,1,0,1
0.08517656,1,0,1,1,0,1
0.08517756,1,1,1,1,0,1
0.08518272,1,0,1,1,0,1
0.08518408,1,1,1,1,0,1
0.08518624,1,0,1,1,0,1
0.08518724,1,1,1,1,0,1
0.0851924,1,0,1,1,0,1
0.08519372,1,1,1,1,0,1
0.08519588,1,0,1,1,0,1
0.08519704,1,1,1,1,0,1
0.08520224,1,0,1,1,0,1
0.0852034,1,1,1,1,0,1
0.08520556,1,0,1,1,0,1
0.08520672,1,1,1,1,0,1
0.08521188,1,0,1,1,0,1
0.08521324,1,1,1,1,0,1
0.0852154,1,0,1,1,0,1
0.0852164,1,1,1,1,0,1
0.08522156,1,0,1,1,0,1
0.08522288,1,1,1,1,0,1
0.08522504,1,0,1,1,0,1
0.08522604,1,1,1,1,0,1
0.08523124,1,0,1,1,0,1
0.08523256,1,1,1,1,0,1
0.08523472,1,0,1,1,0,1
0.08523572,1,1,1,1,0,1
0.08524088,1,0,1,1,0,1
0.08524224,1,1,1,1,0,1
0.0852444,1,0,1,1,0,1
0.08524556,1,1,1,1,0,1
0.08525072,1,0,1,1,0,1
0.08525188,1,1,1,1,0,1
0.08525404,1,0,1,1,0,1
0.08525524,1,1,1,1,0,1
0.0852604,1,0,1,1,0,1
0.08526172,1,1,1,1,0,1
0.08526388,1,0,1,1,0,1
0.08526488,1,1,1,1,0,1
0.08527004,1,0,1,1,0,1
0.0852714,1,1,1,1,0,1
0.08527356,1,0,1,1,0,1
0.08527456,1,1,1,1,0,1
0.08527972,1,0,1,1,0,1
0.08528104,1,1,1,1,0,1
0.0852832,1,0,1,1,0,1
0.0852842,1,1,1,1,0,1
0.0852894,1,0,1,1,0,1
0.08529072,1,1,1,1,0,1
0.08529288,1,0,1,1,0,1
0.08529404,1,1,1,1,0,1
0.0852992,1,0,1,1,0,1
0.0853004,1,1,1,1,0,1
0.08530256,1,0,1,1,0,1
0.08530372,1,1,1,1,0,1
0.08530888,1,0,1,1,0,1
0.0853102,1,1,1,1,0,1
0.0853124,1,0,1,1,0,1
0.0853134,1,1,1,1,0,1
0.08531856,1,0,1,1,0,1
0.08531988,1,1,1,1,0,1
0.08532204,1,0,1,1,0,1
0.08532304,1,1,1,1,0,1
0.0853282,1,0,1,1,0,1
0.08532956,1,1,1,1,0,1
0.08533172,1,0,1,1,0,1
0.08533272,1,1,1,1,0,1
0.08533788,1,0,1,1,0,1
0.0853392,1,1,1,1,0,1
0.08534136,1,0,1,1,0,1
0.08534256,1,1,1,1,0,1
0.08534772,1,0,1,1,0,1
0.08534888,1,1,1,1,0,1
0.08535104,1,0,1,1,0,1
0.0853522,1,1,1,1,0,1
0.08535736,1,0,1,1,0,1
0.08535856,1,1,1,1,0,1
0.08536072,1,0,1,1,0,1
0.08536188,1,1,1,1,0,1
0.08536704,1,0,1,1,0,1
0.08536836,1,1,1,1,0,1
0.08537056,1,0,1,1,0,1
0.08537156,1,1,1,1,0,1
0.08537672,1,0,1,1,0,1
0.08537804,1,1,1,1,0,1
0.0853802,1,0,1,1,0,1
0.0853812,1,1,1,1,0,1
0.08538636,1,0,1,1,0,1
0.08538772,1,1,1,1,0,1
0.08538988,1,0,1,1,0,1
0.08539088,1,1,1,1,0,1
0.08539604,1,0,1,1,0,1
0.08539736,1,1,1,1,0,1
0.08539952,1,0,1,1,0,1
0.08540072,1,1,1,1,0,1
0.08540588,1,0,1,1,0,1
0.08540704,1,1,1,1,0,1
0.0854092,1,0,1,1,0,1
0.08541036,1,1,1,1,0,1
0.08541552,1,0,1,1,0,1
0.08541688,1,1,1,1,0,1
0.08541904,1,0,1,1,0,1
0.08542004,1,1,1,1,0,1
0.0854252,1,0,1,1,0,1
0.08542652,1,1,1,1,0,1
0.08542872,1,0,1,1,0,1
0.08542972,1,1,1,1,0,1
0.08543488,1,0,1,1,0,1
0.0854362,1,1,1,1,0,1
0.08543836,1,0,1,1,0,1
0.08543936,1,1,1,1,0,1
0.08544452,1,0,1,1,0,1
0.08544588,1,1,1,1,0,1
0.08544804,1,0,1,1,0,1
0.0854492,1,1,1,1,0,1
0.08545436,1,0,1,1,0,1
0.08545552,1,1,1,1,0,1
0.08545772,1,0,1,1,0,1
0.08545888,1,1,1,1,0,1
0.08546404,1,0,1,1,0,1
0.08546536,1,1,1,1,0,1
0.08546752,1,0,1,1,0,1
0.08546852,1,1,1,1,0,1
0.08547368,1,0,1,1,0,1
0.08547504,1,1,1,1,0,1
0.0854772,1,0,1,1,0,1
0.0854782,1,1,1,1,0,1
0.08548336,1,0,1,1,0,1
0.08548468,1,1,1,1,0,1
0.08548688,1,0,1,1,0,1
0.08548788,1,1,1,1,0,1
0.08549304,1,0,1,1,0,1
0.08549436,1,1,1,1,0,1
0.08549652,1,0,1,1,0,1
0.08549768,1,1,1,1,0,1
0.08550288,1,0,1,1,0,1
0.08550404,1,1,1,1,0,1
0.0855062,1,0,1,1,0,1
0.08550736,1,1,1,1,0,1
0.08551252,1,0,1,1,0,1
0.08551388,1,1,1,1,0,1
0.08551604,1,0,1,1,0,1
0.08551704,1,1,1,1,0,1
0.0855222,1,0,1,1,0,1
0.08552352,1,1,1,1,0,1
0.08552568,1,0,1,1,0,1
0.08552668,1,1,1,1,0,1
0.08553184,1,0,1,1,0,1
0.0855332,1,1,1,1,0,1
0.08553536,1,0,1,1,0,1
0.08553636,1,1,1,1,0,1
0.08554152,1,0,1,1,0,1
0.08554284,1,1,1,1,0,1
0.08554504,1,0,1,1,0,1
0.0855462,1,1,1,1,0,1
0.08555136,1,0,1,1,0,1
0.08555252,1,1,1,1,0,1
0.08555468,1,0,1,1,0,1
0.08555584,1,1,1,1,0,1
0.08556104,1,0,1,1,0,1
0.08556236,1,1,1,1,0,1
0.08556452,1,0,1,1,0,1
0.08556552,1,1,1,1,0,1
0.08557068,1,0,1,1,0,1
0.08557204,1,1,1,1,0,1
0.0855742,1,0,1,1,0,1
0.0855752,1,1,1,1,0,1
0.08558036,1,0,1,1,0,1
0.08558168,1,1,1,1,0,1
0.08558384,1,0,1,1,0,1
0.08558484,1,1,1,1,0,1
0.08559004,1,0,1,1,0,1
0.08559136,1,1,1,1,0,1
0.08559352,1,0,1,1,0,1
0.08559452,1,1,1,1,0,1
0.08559968,1,0,1,1,0,1
0.085601,1,1,1,1,0,1
0.0856032,1,0,1,1,0,1
0.08560436,1,1,1,1,0,1
0.08560952,1,0,1,1,0,1
0.08561068,1,1,1,1,0,1
0.08561284,1,0,1,1,0,1
0.085614,1,1,1,1,0,1
0.0856192,1,0,1,1,0,1
0.08562052,1,1,1,1,0,1
0.08562268,1,0,1,1,0,1
0.08562368,1,1,1,1,0,1
0.08562884,1,0,1,1,0,1
0.0856302,1,1,1,1,0,1
0.08563236,1,0,1,1,0,1
0.08563336,1,1,1,1,0,1
0.08563852,1,0,1,1,0,1
0.08563984,1,1,1,1,0,1
0.085642,1,0,1,1,0,1
0.085643,1,1,1,1,0,1
0.0856482,1,0,1,1,0,1
0.08564952,1,1,1,1,0,1
0.08565168,1,0,1,1,0,1
0.08565284,1,1,1,1,0,1
0.085658,1,0,1,1,0,1
0.08565916,1,1,1,1,0,1
0.08566136,1,0,1,1,0,1
0.08566252,1,1,1,1,0,1
0.08566768,1,0,1,1,0,1
0.085669,1,1,1,1,0,1
0.08567116,1,0,1,1,0,1
0.08567216,1,1,1,1,0,1
0.08567736,1,0,1,1,0,1
0.08567868,1,1,1,1,0,1
0.08568084,1,0,1,1,0,1
0.08568184,1,1,1,1,0,1
0.085687,1,0,1,1,0,1
0.08568836,1,1,1,1,0,1
0.08569052,1,0,1,1,0,1
0.08569152,1,1,1,1,0,1
0.08569668,1,0,1,1,0,1
0.085698,1,1,1,1,0,1
0.08570016,1,0,1,1,0,1
0.08570136,1,1,1,1,0,1
0.08570652,1,0,1,1,0,1
0.08570768,1,1,1,1,0,1
0.08570984,1,0,1,1,0,1
0.085711,1,1,1,1,0,1
0.08571616,1,0,1,1,0,1
0.08571752,1,1,1,1,0,1
0.08571968,1,0,1,1,0,1
0.08572068,1,1,1,1,0,1
0.08572584,1,0,1,1,0,1
0.08572716,1,1,1,1,0,1
0.08572932,1,0,1,1,0,1
0.08573032,1,1,1,1,0,1
0.08573552,1,0,1,1,0,1
0.08573684,1,1,1,1,0,1
0.085739,1,0,1,1,0,1
0.08574,1,1,1,1,0,1
0.08574516,1,0,1,1,0,1
0.08574652,1,1,1,1,0,1
0.08574868,1,0,1,1,0,1
0.08574984,1,1,1,1,0,1
0.085755,1,0,1,1,0,1
0.08575616,1,1,1,1,0,1
0.08575832,1,0,1,1,0,1
0.08575952,1,1,1,1,0,1
0.08576468,1,0,1,1,0,1
0.085766,1,1,1,1,0,1
0.08576816,1,0,1,1,0,1
0.08576916,1,1,1,1,0,1
0.08577432,1,0,1,1,0,1
0.08577568,1,1,1,1,0,1
0.08577784,1,0,1,1,0,1
0.08577884,1,1,1,1,0,1
0.085784,1,0,1,1,0,1
0.08578532,1,1,1,1,0,1
0.08578748,1,0,1,1,0,1
0.08578848,1,1,1,1,0,1
0.08579368,1,0,1,1,0,1
0.085795,1,1,1,1,0,1
0.08579716,1,0,1,1,0,1
0.08579816,1,1,1,1,0,1
0.08580332,1,0,1,1,0,1
0.08580468,1,1,1,1,0,1
0.08580684,1,0,1,1,0,1
0.085808,1,1,1,1,0,1
0.08581316,1,0,1,1,0,1
0.08581432,1,1,1,1,0,1
0.08581648,1,0,1,1,0,1
0.08581768,1,1,1,1,0,1
0.08582284,1,0,1,1,0,1
0.08582416,1,1,1,1,0,1
0.08582632,1,0,1,1,0,1
0.08582732,1,1,1,1,0,1
0.08583248,1,0,1,1,0,1
0.08583384,1,1,1,1,0,1
0.085836,1,0,1,1,0,1
0.085837,1,1,1,1,0,1
0.08584216,1,0,1,1,0,1
0.08584348,1,1,1,1,0,1
0.08584568,1,0,1,1,0,1
0.08584668,1,1,1,1,0,1
0.08585184,1,0,1,1,0,1
0.08585316,1,1,1,1,0,1
0.08585532,1,0,1,1,0,1
0.08585648,1,1,1,1,0,1
0.08586164,1,0,1,1,0,1
0.08586284,1,1,1,1,0,1
0.085865,1,0,1,1,0,1
0.08586616,1,1,1,1,0,1
0.08587132,1,0,1,1,0,1
0.08587264,1,1,1,1,0,1
0.08587484,1,0,1,1,0,1
0.08587584,1,1,1,1,0,1
0.085881,1,0,1,1,0,1
0.08588232,1,1,1,1,0,1
0.08588448,1,0,1,1,0,1
0.08588548,1,1,1,1,0,1
0.08589064,1,0,1,1,0,1
0.085892,1,1,1,1,0,1
0.08589416,1,0,1,1,0,1
0.08589516,1,1,1,1,0,1
0.08590032,1,0,1,1,0,1
0.08590164,1,1,1,1,0,1
0.08590384,1,0,1,1,0,1
0.085905,1,1,1,1,0,1
0.08591016,1,0,1,1,0,1
0.08591132,1,1,1,1,0,1
0.08591348,1,0,1,1,0,1
0.08591464,1,1,1,1,0,1
0.0859198,1,0,1,1,0,1
0.08592116,1,1,1,1,0,1
0.08592332,1,0,1,1,0,1
0.08592432,1,1,1,1,0,1
0.08592948,1,0,1,1,0,1
0.0859308,1,1,1,1,0,1
0.085933,1,0,1,1,0,1
0.085934,1,1,1,1,0,1
0.08593916,1,0,1,1,0,1
0.08594048,1,1,1,1,0,1
0.08594264,1,0,1,1,0,1
0.08594364,1,1,1,1,0,1
0.0859488,1,0,1,1,0,1
0.08595016,1,1,1,1,0,1
0.08595232,1,0,1,1,0,1
0.08595348,1,1,1,1,0,1
0.08595864,1,0,1,1,0,1
0.0859598,1,1,1,1,0,1
0.085962,1,0,1,1,0,1
0.08596316,1,1,1,1,0,1
0.08596832,1,0,1,1,0,1
0.08596964,1,1,1,1,0,1
0.0859718,1,0,1,1,0,1
0.0859728,1,1,1,1,0,1
0.085978,1,0,1,1,0,1
0.08597932,1,1,1,1,0,1
0.08598148,1,0,1,1,0,1
0.08598248,1,1,1,1,0,1
0.08598764,1,0,1,1,0,1
0.08598896,1,1,1,1,0,1
0.08599116,1,0,1,1,0,1
0.08599216,1,1,1,1,0,1
0.08599732,1,0,1,1,0,1
0.08599864,1,1,1,1,0,1
0.0860008,1,0,1,1,0,1
0.0860018,1,1,1,1,0,1
0.08600696,1,0,1,1,0,1
0.08600832,1,1,1,1,0,1
0.08601048,1,0,1,1,0,1
0.08601164,1,1,1,1,0,1
0.0860168,1,0,1,1,0,1
0.08601796,1,1,1,1,0,1
0.08602016,1,0,1,1,0,1
0.08602132,1,1,1,1,0,1
0.08602648,1,0,1,1,0,1
0.0860278,1,1,1,1,0,1
0.08602996,1,0,1,1,0,1
0.08603096,1,1,1,1,0,1
0.08603616,1,0,1,1,0,1
0.08603748,1,1,1,1,0,1
0.08603964,1,0,1,1,0,1
0.08604064,1,1,1,1,0,1
0.0860458,1,0,1,1,0,1
0.08604712,1,1,1,1,0,1
0.08604932,1,0,1,1,0,1
0.08605032,1,1,1,1,0,1
0.08605548,1,0,1,1,0,1
0.0860568,1,1,1,1,0,1
0.08605896,1,0,1,1,0,1
0.08606012,1,1,1,1,0,1
0.08606532,1,0,1,1,0,1
0.08606648,1,1,1,1,0,1
0.08606864,1,0,1,1,0,1
0.0860698,1,1,1,1,0,1
0.08607496,1,0,1,1,0,1
0.08607632,1,1,1,1,0,1
0.08607848,1,0,1,1,0,1
0.08607948,1,1,1,1,0,1
0.08608464,1,0,1,1,0,1
0.08608596,1,1,1,1,0,1
0.08608812,1,0,1,1,0,1
0.08608912,1,1,1,1,0,1
0.08609432,1,0,1,1,0,1
0.08609564,1,1,1,1,0,1
0.0860978,1,0,1,1,0,1
0.0860988,1,1,1,1,0,1
0.08610396,1,0,1,1,0,1
0.08610532,1,1,1,1,0,1
0.08610748,1,0,1,1,0,1
0.08610864,1,1,1,1,0,1
0.0861138,1,0,1,1,0,1
0.08611496,1,1,1,1,0,1
0.08611712,1,0,1,1,0,1
0.08611828,1,1,1,1,0,1
0.08612348,1,0,1,1,0,1
0.0861248,1,1,1,1,0,1
0.08612696,1,0,1,1,0,1
0.08612796,1,1,1,1,0,1
0.08613312,1,0,1,1,0,1
0.08613448,1,1,1,1,0,1
0.08613664,1,0,1,1,0,1
0.08613764,1,1,1,1,0,1
0.0861428,1,0,1,1,0,1
0.08614412,1,1,1,1,0,1
0.08614628,1,0,1,1,0,1
0.08614728,1,1,1,1,0,1
0.08615248,1,0,1,1,0,1
0.0861538,1,1,1,1,0,1
0.08615596,1,0,1,1,0,1
0.08615712,1,1,1,1,0,1
0.08616228,1,0,1,1,0,1
0.08616348,1,1,1,1,0,1
0.08616564,1,0,1,1,0,1
0.0861668,1,1,1,1,0,1
0.08617196,1,0,1,1,0,1
0.08617328,1,1,1,1,0,1
0.08617548,1,0,1,1,0,1
0.08617644,1,1,1,1,0,1
0.08618164,1,0,1,1,0,1
0.08618296,1,1,1,1,0,1
0.08618512,1,0,1,1,0,1
0.08618612,1,1,1,1,0,1
0.08619128,1,0,1,1,0,1
0.08619264,1,1,1,1,0,1
0.0861948,1,0,1,1,0,1
0.0861958,1,1,1,1,0,1
0.08620096,1,0,1,1,0,1
0.08620228,1,1,1,1,0,1
0.08620444,1,0,1,1,0,1
0.08620564,1,1,1,1,0,1
0.0862108,1,0,1,1,0,1
0.08621196,1,1,1,1,0,1
0.08621412,1,0,1,1,0,1
0.08621528,1,1,1,1,0,1
0.08622044,1,0,1,1,0,1
0.08622164,1,1,1,1,0,1
0.0862238,1,0,1,1,0,1
0.08622496,1,1,1,1,0,1
0.08623012,1,0,1,1,0,1
0.08623144,1,1,1,1,0,1
0.08623364,1,0,1,1,0,1
0.08623464,1,1,1,1,0,1
0.0862398,1,0,1,1,0,1
0.08624112,1,1,1,1,0,1
0.08624328,1,0,1,1,0,1
0.08624428,1,1,1,1,0,1
0.08624944,1,0,1,1,0,1
0.0862508,1,1,1,1,0,1
0.08625296,1,0,1,1,0,1
0.08625396,1,1,1,1,0,1
0.08625912,1,0,1,1,0,1
0.08626044,1,1,1,1,0,1
0.0862626,1,0,1,1,0,1
0.0862638,1,1,1,1,0,1
0.08626896,1,0,1,1,0,1
0.08627012,1,1,1,1,0,1
0.08627228,1,0,1,1,0,1
0.08627344,1,1,1,1,0,1
0.0862786,1,0,1,1,0,1
0.08627996,1,1,1,1,0,1
0.08628212,1,0,1,1,0,1
0.08628312,1,1,1,1,0,1
0.08628828,1,0,1,1,0,1
0.0862896,1,1,1,1,0,1
0.0862918,1,0,1,1,0,1
0.0862928,1,1,1,1,0,1
0.08629796,1,0,1,1,0,1
0.08629928,1,1,1,1,0,1
0.08630144,1,0,1,1,0,1
0.08630244,1,1,1,1,0,1
0.0863076,1,0,1,1,0,1
0.08630896,1,1,1,1,0,1
0.08631112,1,0,1,1,0,1
0.08631228,1,1,1,1,0,1
0.08631744,1,0,1,1,0,1
0.0863186,1,1,1,1,0,1
0.08632076,1,0,1,1,0,1
0.08632196,1,1,1,1,0,1
0.08632712,1,0,1,1,0,1
0.08632844,1,1,1,1,0,1
0.0863306,1,0,1,1,0,1
0.0863316,1,1,1,1,0,1
0.08633676,1,0,1,1,0,1
0.08633812,1,1,1,1,0,1
0.08634028,1,0,1,1,0,1
0.08634128,1,1,1,1,0,1
0.08634644,1,0,1,1,0,1
0.08634776,1,1,1,1,0,1
0.08634996,1,0,1,1,0,1
0.08635096,1,1,1,1,0,1
0.08635612,1,0,1,1,0,1
0.08635744,1,1,1,1,0,1
0.0863596,1,0,1,1,0,1
0.08636076,1,1,1,1,0,1
0.08636596,1,0,1,1,0,1
0.08636712,1,1,1,1,0,1
0.08636928,1,0,1,1,0,1
0.08637044,1,1,1,1,0,1
0.0863756,1,0,1,1,0,1
0.08637692,1,1,1,1,0,1
0.08637912,1,0,1,1,0,1
0.08638012,1,1,1,1,0,1
0.08638528,1,0,1,1,0,1
0.0863866,1,1,1,1,0,1
0.08638876,1,0,1,1,0,1
0.08638976,1,1,1,1,0,1
0.08639492,1,0,1,1,0,1
0.08639628,1,1,1,1,0,1
0.08639844,1,0,1,1,0,1
0.08639944,1,1,1,1,0,1
0.0864046,1,0,1,1,0,1
0.08640592,1,1,1,1,0,1
0.08640812,1,0,1,1,0,1
0.08640928,1,1,1,1,0,1
0.08641444,1,0,1,1,0,1
0.0864156,1,1,1,1,0,1
0.08641776,1,0,1,1,0,1
0.08641892,1,1,1,1,0,1
0.08642412,1,0,1,1,0,1
0.08642544,1,1,1,1,0,1
0.0864276,1,0,1,1,0,1
0.0864286,1,1,1,1,0,1
0.08643376,1,0,1,1,0,1
0.08643512,1,1,1,1,0,1
0.08643728,1,0,1,1,0,1
0.08643828,1,1,1,1,0,1
0.08644344,1,0,1,1,0,1
0.08644476,1,1,1,1,0,1
0.08644692,1,0,1,1,0,1
0.08644792,1,1,1,1,0,1
0.08645308,1,0,1,1,0,1
0.08645444,1,1,1,1,0,1
0.0864566,1,0,1,1,0,1
0.0864576,1,1,1,1,0,1
0.08646276,1,0,1,1,0,1
0.08646408,1,1,1,1,0,1
0.08646628,1,0,1,1,0,1
0.08646744,1,1,1,1,0,1
0.0864726,1,0,1,1,0,1
0.08647376,1,1,1,1,0,1
0.08647592,1,0,1,1,0,1
0.08647708,1,1,1,1,0,1
0.08648228,1,0,1,1,0,1
0.0864836,1,1,1,1,0,1
0.08648576,1,0,1,1,0,1
0.08648676,1,1,1,1,0,1
0.08649192,1,0,1,1,0,1
0.08649328,1,1,1,1,0,1
0.08649544,1,0,1,1,0,1
0.08649644,1,1,1,1,0,1
0.0865016,1,0,1,1,0,1
0.08650292,1,1,1,1,0,1
0.08650508,1,0,1,1,0,1
0.08650608,1,1,1,1,0,1
0.08651124,1,0,1,1,0,1
0.0865126,1,1,1,1,0,1
0.08651476,1,0,1,1,0,1
0.08651592,1,1,1,1,0,1
0.08652108,1,0,1,1,0,1
0.08652224,1,1,1,1,0,1
0.08652444,1,0,1,1,0,1
0.0865256,1,1,1,1,0,1
0.08653076,1,0,1,1,0,1
0.08653208,1,1,1,1,0,1
0.08653424,1,0,1,1,0,1
0.08653524,1,1,1,1,0,1
0.08654044,1,0,1,1,0,1
0.08654176,1,1,1,1,0,1
0.08654392,1,0,1,1,0,1
0.08654492,1,1,1,1,0,1
0.08655008,1,0,1,1,0,1
0.08655144,1,1,1,1,0,1
0.0865536,1,0,1,1,0,1
0.0865546,1,1,1,1,0,1
0.08655976,1,0,1,1,0,1
0.08656108,1,1,1,1,0,1
0.08656324,1,0,1,1,0,1
0.0865644,1,1,1,1,0,1
0.0865696,1,0,1,1,0,1
0.08657076,1,1,1,1,0,1
0.08657292,1,0,1,1,0,1
0.08657408,1,1,1,1,0,1
0.08657924,1,0,1,1,0,1
0.0865806,1,1,1,1,0,1
0.08658276,1,0,1,1,0,1
0.08658376,1,1,1,1,0,1
0.08658892,1,0,1,1,0,1
0.08659024,1,1,1,1,0,1
0.0865924,1,0,1,1,0,1
0.0865934,1,1,1,1,0,1
0.0865986,1,0,1,1,0,1
0.08659992,1,1,1,1,0,1
0.08660208,1,0,1,1,0,1
0.08660308,1,1,1,1,0,1
0.08660824,1,0,1,1,0,1
0.0866096,1,1,1,1,0,1
0.08661176,1,0,1,1,0,1
0.08661292,1,1,1,1,0,1
0.08661808,1,0,1,1,0,1
0.08661924,1,1,1,1,0,1
0.0866214,1,0,1,1,0,1
0.0866226,1,1,1,1,0,1
0.08662776,1,0,1,1,0,1
0.08662908,1,1,1,1,0,1
0.08663124,1,0,1,1,0,1
0.08663224,1,1,1,1,0,1
0.0866374,1,0,1,1,0,1
0.08663876,1,1,1,1,0,1
0.08664092,1,0,1,1,0,1
0.08664192,1,1,1,1,0,1
0.08664708,1,0,1,1,0,1
0.0866484,1,1,1,1,0,1
0.08665056,1,0,1,1,0,1
0.08665156,1,1,1,1,0,1
0.08665676,1,0,1,1,0,1
0.08665808,1,1,1,1,0,1
0.08666024,1,0,1,1,0,1
0.08666124,1,1,1,1,0,1
0.0866664,1,0,1,1,0,1
0.08666776,1,1,1,1,0,1
0.08666992,1,0,1,1,0,1
0.08667108,1,1,1,1,0,1
0.08667624,1,0,1,1,0,1
0.0866774,1,1,1,1,0,1
0.08667956,1,0,1,1,0,1
0.08668076,1,1,1,1,0,1
0.08668592,1,0,1,1,0,1
0.08668724,1,1,1,1,0,1
0.0866894,1,0,1,1,0,1
0.0866904,1,1,1,1,0,1
0.08669556,1,0,1,1,0,1
0.08669692,1,1,1,1,0,1
0.08669908,1,0,1,1,0,1
0.08670008,1,1,1,1,0,1
0.08670524,1,0,1,1,0,1
0.08670656,1,1,1,1,0,1
0.08670872,1,0,1,1,0,1
0.08670972,1,1,1,1,0,1
0.08671492,1,0,1,1,0,1
0.08671624,1,1,1,1,0,1
0.0867184,1,0,1,1,0,1
0.08671956,1,1,1,1,0,1
0.08672472,1,0,1,1,0,1
0.08672592,1,1,1,1,0,1
0.08672808,1,0,1,1,0,1
0.08672924,1,1,1,1,0,1
0.0867344,1,0,1,1,0,1
0.08673572,1,1,1,1,0,1
0.08673792,1,0,1,1,0,1
0.08673892,1,1,1,1,0,1
0.08674408,1,0,1,1,0,1
0.0867454,1,1,1,1,0,1
0.08674756,1,0,1,1,0,1
0.08674856,1,1,1,1,0,1
0.08675372,1,0,1,1,0,1
0.08675508,1,1,1,1,0,1
0.08675724,1,0,1,1,0,1
0.08675824,1,1,1,1,0,1
0.0867634,1,0,1,1,0,1
0.08676472,1,1,1,1,0,1
0.08676688,1,0,1,1,0,1
0.08676808,1,1,1,1,0,1
0.08677324,1,0,1,1,0,1
0.0867744,1,1,1,1,0,1
0.08677656,1,0,1,1,0,1
0.08677772,1,1,1,1,0,1
0.08678288,1,0,1,1,0,1
0.08678424,1,1,1,1,0,1
0.0867864,1,0,1,1,0,1
0.0867874,1,1,1,1,0,1
0.08679256,1,0,1,1,0,1
0.08679388,1,1,1,1,0,1
0.08679608,1,0,1,1,0,1
0.08679708,1,1,1,1,0,1
0.08680224,1,0,1,1,0,1
0.08680356,1,1,1,1,0,1
0.08680572,1,0,1,1,0,1
0.08680672,1,1,1,1,0,1
0.08681188,1,0,1,1,0,1
0.08681324,1,1,1,1,0,1
0.0868154,1,0,1,1,0,1
0.08681656,1,1,1,1,0,1
0.08682172,1,0,1,1,0,1
0.08682288,1,1,1,1,0,1
0.08682508,1,0,1,1,0,1
0.08682624,1,1,1,1,0,1
0.0868314,1,0,1,1,0,1
0.08683272,1,1,1,1,0,1
0.08683488,1,0,1,1,0,1
0.08683588,1,1,1,1,0,1
0.08684104,1,0,1,1,0,1
0.0868424,1,1,1,1,0,1
0.08684456,1,0,1,1,0,1
0.08684556,1,1,1,1,0,1
0.08685072,1,0,1,1,0,1
0.08685204,1,1,1,1,0,1
0.08685424,1,0,1,1,0,1
0.08685524,1,1,1,1,0,1
0.0868604,1,0,1,1,0,1
0.08686172,1,1,1,1,0,1
0.08686388,1,0,1,1,0,1
0.08686504,1,1,1,1,0,1
0.08687024,1,0,1,1,0,1
0.0868714,1,1,1,1,0,1
0.08687356,1,0,1,1,0,1
0.08687472,1,1,1,1,0,1
0.08687988,1,0,1,1,0,1
0.08688104,1,1,1,1,0,1
0.08688324,1,0,1,1,0,1
0.0868844,1,1,1,1,0,1
0.08688956,1,0,1,1,0,1
0.08689088,1,1,1,1,0,1
0.08689304,1,0,1,1,0,1
0.08689404,1,1,1,1,0,1
0.0868992,1,0,1,1,0,1
0.08690056,1,1,1,1,0,1
0.08690272,1,0,1,1,0,1
0.08690372,1,1,1,1,0,1
0.08690888,1,0,1,1,0,1
0.0869102,1,1,1,1,0,1
0.0869124,1,0,1,1,0,1
0.0869134,1,1,1,1,0,1
0.08691856,1,0,1,1,0,1
0.08691988,1,1,1,1,0,1
0.08692204,1,0,1,1,0,1
0.0869232,1,1,1,1,0,1
0.0869284,1,0,1,1,0,1
0.08692956,1,1,1,1,0,1
0.08693172,1,0,1,1,0,1
0.08693288,1,1,1,1,0,1
0.08693804,1,0,1,1,0,1
0.0869394,1,1,1,1,0,1
0.08694156,1,0,1,1,0,1
0.08694256,1,1,1,1,0,1
0.08694772,1,0,1,1,0,1
0.08694904,1,1,1,1,0,1
0.0869512,1,0,1,1,0,1
0.0869522,1,1,1,1,0,1
0.0869574,1,0,1,1,0,1
0.08695872,1,1,1,1,0,1
0.08696088,1,0,1,1,0,1
0.08696188,1,1,1,1,0,1
0.08696704,1,0,1,1,0,1
0.08696836,1,1,1,1,0,1
0.08697056,1,0,1,1,0,1
0.08697172,1,1,1,1,0,1
0.08697688,1,0,1,1,0,1
0.08697804,1,1,1,1,0,1
0.0869802,1,0,1,1,0,1
0.08698136,1,1,1,1,0,1
0.08698656,1,0,1,1,0,1
0.08698788,1,1,1,1,0,1
0.08699004,1,0,1,1,0,1
0.08699104,1,1,1,1,0,1
0.0869962,1,0,1,1,0,1
0.08699756,1,1,1,1,0,1
0.08699972,1,0,1,1,0,1
0.08700072,1,1,1,1,0,1
0.08700588,1,0,1,1,0,1
0.0870072,1,1,1,1,0,1
0.08700936,1,0,1,1,0,1
0.08701036,1,1,1,1,0,1
0.08701556,1,0,1,1,0,1
0.08701688,1,1,1,1,0,1
0.08701904,1,0,1,1,0,1
0.0870202,1,1,1,1,0,1
0.08702536,1,0,1,1,0,1
0.08702652,1,1,1,1,0,1
0.08702872,1,0,1,1,0,1
0.08702988,1,1,1,1,0,1
0.08703504,1,0,1,1,0,1
0.08703636,1,1,1,1,0,1
0.08703852,1,0,1,1,0,1
0.08703952,1,1,1,1,0,1
0.08704472,1,0,1,1,0,1
0.08704604,1,1,1,1,0,1
0.0870482,1,0,1,1,0,1
0.0870492,1,1,1,1,0,1
0.08705436,1,0,1,1,0,1
0.08705572,1,1,1,1,0,1
0.08705788,1,0,1,1,0,1
0.08705888,1,1,1,1,0,1
0.08706404,1,0,1,1,0,1
0.08706536,1,1,1,1,0,1
0.08706752,1,0,1,1,0,1
0.08706872,1,1,1,1,0,1
0.08707388,1,0,1,1,0,1
0.08707504,1,1,1,1,0,1
0.0870772,1,0,1,1,0,1
0.08707836,1,1,1,1,0,1
0.08708352,1,0,1,1,0,1
0.08708488,1,1,1,1,0,1
0.08708704,1,0,1,1,0,1
0.08708804,1,1,1,1,0,1
0.0870932,1,0,1,1,0,1
0.08709452,1,1,1,1,0,1
0.08709668,1,0,1,1,0,1
0.08709768,1,1,1,1,0,1
0.08710288,1,0,1,1,0,1
0.0871042,1,1,1,1,0,1
0.08710636,1,0,1,1,0,1
0.08710736,1,1,1,1,0,1
0.08711252,1,0,1,1,0,1
0.08711388,1,1,1,1,0,1
0.08711604,1,0,1,1,0,1
0.08711704,1,1,1,1,0,1
0.0871222,1,0,1,1,0,1
0.08712352,1,1,1,1,0,1
0.08712568,1,0,1,1,0,1
0.08712688,1,1,1,1,0,1
0.08713204,1,0,1,1,0,1
0.0871332,1,1,1,1,0,1
0.08713536,1,0,1,1,0,1
0.08713652,1,1,1,1,0,1
0.08714168,1,0,1,1,0,1
0.08714304,1,1,1,1,0,1
0.0871452,1,0,1,1,0,1
0.0871462,1,1,1,1,0,1
0.08715136,1,0,1,1,0,1
0.08715268,1,1,1,1,0,1
0.08715488,1,0,1,1,0,1
0.08715584,1,1,1,1,0,1
0.08716104,1,0,1,1,0,1
0.08716236,1,1,1,1,0,1
0.08716452,1,0,1,1,0,1
0.08716552,1,1,1,1,0,1
0.08717068,1,0,1,1,0,1
0.08717204,1,1,1,1,0,1
0.0871742,1,0,1,1,0,1
0.08717536,1,1,1,1,0,1
0.08718052,1,0,1,1,0,1
0.08718168,1,1,1,1,0,1
0.08718384,1,0,1,1,0,1
0.08718504,1,1,1,1,0,1
0.0871902,1,0,1,1,0,1
0.08719152,1,1,1,1,0,1
0.08719368,1,0,1,1,0,1
0.08719468,1,1,1,1,0,1
0.08719984,1,0,1,1,0,1
0.0872012,1,1,1,1,0,1
0.08720336,1,0,1,1,0,1
0.08720436,1,1,1,1,0,1
0.08720952,1,0,1,1,0,1
0.08721084,1,1,1,1,0,1
0.08721304,1,0,1,1,0,1
0.08721404,1,1,1,1,0,1
0.0872192,1,0,1,1,0,1
0.08722052,1,1,1,1,0,1
0.08722268,1,0,1,1,0,1
0.08722384,1,1,1,1,0,1
0.087229,1,0,1,1,0,1
0.0872302,1,1,1,1,0,1
0.08723236,1,0,1,1,0,1
0.08723352,1,1,1,1,0,1
0.08723868,1,0,1,1,0,1
0.08724,1,1,1,1,0,1
0.0872422,1,0,1,1,0,1
0.0872432,1,1,1,1,0,1
0.08724836,1,0,1,1,0,1
0.08724968,1,1,1,1,0,1
0.08725184,1,0,1,1,0,1
0.08725284,1,1,1,1,0,1
0.087258,1,0,1,1,0,1
0.08725936,1,1,1,1,0,1
0.08726152,1,0,1,1,0,1
0.08726252,1,1,1,1,0,1
0.08726768,1,0,1,1,0,1
0.087269,1,1,1,1,0,1
0.0872712,1,0,1,1,0,1
0.08727236,1,1,1,1,0,1
0.08727752,1,0,1,1,0,1
0.08727868,1,1,1,1,0,1
0.08728084,1,0,1,1,0,1
0.087282,1,1,1,1,0,1
0.08728716,1,0,1,1,0,1
0.08728852,1,1,1,1,0,1
0.08729068,1,0,1,1,0,1
0.08729168,1,1,1,1,0,1
0.08729684,1,0,1,1,0,1
0.08729816,1,1,1,1,0,1
0.08730036,1,0,1,1,0,1
0.08730136,1,1,1,1,0,1
0.08730652,1,0,1,1,0,1
0.08730784,1,1,1,1,0,1
0.08731,1,0,1,1,0,1
0.087311,1,1,1,1,0,1
0.08731616,1,0,1,1,0,1
0.08731752,1,1,1,1,0,1
0.08731968,1,0,1,1,0,1
0.08732068,1,1,1,1,0,1
0.08732584,1,0,1,1,0,1
0.08732716,1,1,1,1,0,1
0.08732936,1,0,1,1,0,1
0.08733052,1,1,1,1,0,1
0.08733568,1,0,1,1,0,1
0.08733684,1,1,1,1,0,1
0.087339,1,0,1,1,0,1
0.08734016,1,1,1,1,0,1
0.08734536,1,0,1,1,0,1
0.08734668,1,1,1,1,0,1
0.08734884,1,0,1,1,0,1
0.08734984,1,1,1,1,0,1
0.087355,1,0,1,1,0,1
0.08735632,1,1,1,1,0,1
0.08735852,1,0,1,1,0,1
0.08735952,1,1,1,1,0,1
0.08736468,1,0,1,1,0,1
0.087366,1,1,1,1,0,1
0.08736816,1,0,1,1,0,1
0.08736916,1,1,1,1,0,1
0.08737432,1,0,1,1,0,1
0.08737568,1,1,1,1,0,1
0.08737784,1,0,1,1,0,1
0.087379,1,1,1,1,0,1
0.08738416,1,0,1,1,0,1
0.08738532,1,1,1,1,0,1
0.08738752,1,0,1,1,0,1
0.08738868,1,1,1,1,0,1
0.08739384,1,0,1,1,0,1
0.08739516,1,1,1,1,0,1
0.08739732,1,0,1,1,0,1
0.08739832,1,1,1,1,0,1
0.08740352,1,0,1,1,0,1
0.08740484,1,1,1,1,0,1
0.087407,1,0,1,1,0,1
0.087408,1,1,1,1,0,1
0.08741316,1,0,1,1,0,1
0.08741448,1,1,1,1,0,1
0.08741668,1,0,1,1,0,1
0.08741768,1,1,1,1,0,1
0.08742284,1,0,1,1,0,1
0.08742416,1,1,1,1,0,1
0.08742632,1,0,1,1,0,1
0.08742748,1,1,1,1,0,1
0.08743268,1,0,1,1,0,1
0.08743384,1,1,1,1,0,1
0.087436,1,0,1,1,0,1
0.08743716,1,1,1,1,0,1
0.08744232,1,0,1,1,0,1
0.08744368,1,1,1,1,0,1
0.08744584,1,0,1,1,0,1
0.08744684,1,1,1,1,0,1
0.087452,1,0,1,1,0,1
0.08745332,1,1,1,1,0,1
0.08745548,1,0,1,1,0,1
0.08745648,1,1,1,1,0,1
0.08746168,1,0,1,1,0,1
0.087463,1,1,1,1,0,1
0.08746516,1,0,1,1,0,1
0.08746616,1,1,1,1,0,1
0.08747132,1,0,1,1,0,1
0.08747268,1,1,1,1,0,1
0.08747484,1,0,1,1,0,1
0.087476,1,1,1,1,0,1
0.08748116,1,0,1,1,0,1
0.08748232,1,1,1,1,0,1
0.08748448,1,0,1,1,0,1
0.08748564,1,1,1,1,0,1
0.08749084,1,0,1,1,0,1
0.08749216,1,1,1,1,0,1
0.08749432,1,0,1,1,0,1
0.08749532,1,1,1,1,0,1
0.08750048,1,0,1,1,0,1
0.08750184,1,1,1,1,0,1
0.087504,1,0,1,1,0,1
0.087505,1,1,1,1,0,1
0.08751016,1,0,1,1,0,1
0.08751148,1,1,1,1,0,1
0.08751364,1,0,1,1,0,1
0.08751464,1,1,1,1,0,1
0.08751984,1,0,1,1,0,1
0.08752116,1,1,1,1,0,1
0.08752332,1,0,1,1,0,1
0.08752432,1,1,1,1,0,1
0.08752948,1,0,1,1,0,1
0.08753084,1,1,1,1,0,1
0.087533,1,0,1,1,0,1
0.08753416,1,1,1,1,0,1
0.08753932,1,0,1,1,0,1
0.08754048,1,1,1,1,0,1
0.08754264,1,0,1,1,0,1
0.0875438,1,1,1,1,0,1
0.087549,1,0,1,1,0,1
0.08755032,1,1,1,1,0,1
0.08755248,1,0,1,1,0,1
0.08755348,1,1,1,1,0,1
0.08755864,1,0,1,1,0,1
0.08756,1,1,1,1,0,1
0.08756216,1,0,1,1,0,1
0.08756316,1,1,1,1,0,1
0.08756832,1,0,1,1,0,1
0.08756964,1,1,1,1,0,1
0.0875718,1,0,1,1,0,1
0.0875728,1,1,1,1,0,1
0.087578,1,0,1,1,0,1
0.08757932,1,1,1,1,0,1
0.08758148,1,0,1,1,0,1
0.08758264,1,1,1,1,0,1
0.0875878,1,0,1,1,0,1
0.087589,1,1,1,1,0,1
0.08759116,1,0,1,1,0,1
0.08759232,1,1,1,1,0,1
0.08759748,1,0,1,1,0,1
0.0875988,1,1,1,1,0,1
0.087601,1,0,1,1,0,1
0.087602,1,1,1,1,0,1
0.08760716,1,0,1,1,0,1
0.08760848,1,1,1,1,0,1
0.08761064,1,0,1,1,0,1
0.08761164,1,1,1,1,0,1
0.0876168,1,0,1,1,0,1
0.08761816,1,1,1,1,0,1
0.08762032,1,0,1,1,0,1
0.08762132,1,1,1,1,0,1
0.08762648,1,0,1,1,0,1
0.0876278,1,1,1,1,0,1
0.08762996,1,0,1,1,0,1
0.08763116,1,1,1,1,0,1
0.08763632,1,0,1,1,0,1
0.08763748,1,1,1,1,0,1
0.08763964,1,0,1,1,0,1
0.0876408,1,1,1,1,0,1
0.08764596,1,0,1,1,0,1
0.08764732,1,1,1,1,0,1
0.08764948,1,0,1,1,0,1
0.08765048,1,1,1,1,0,1
0.08765564,1,0,1,1,0,1
0.08765696,1,1,1,1,0,1
0.08765916,1,0,1,1,0,1
0.08766016,1,1,1,1,0,1
0.08766532,1,0,1,1,0,1
0.08766664,1,1,1,1,0,1
0.0876688,1,0,1,1,0,1
0.0876698,1,1,1,1,0,1
0.08767496,1,0,1,1,0,1
0.08767632,1,1,1,1,0,1
0.08767848,1,0,1,1,0,1
0.08767964,1,1,1,1,0,1
0.0876848,1,0,1,1,0,1
0.08768596,1,1,1,1,0,1
0.08768812,1,0,1,1,0,1
0.08768932,1,1,1,1,0,1
0.08769448,1,0,1,1,0,1
0.0876958,1,1,1,1,0,1
0.08769796,1,0,1,1,0,1
0.08769896,1,1,1,1,0,1
0.08770412,1,0,1,1,0,1
0.08770548,1,1,1,1,0,1
0.08770764,1,0,1,1,0,1
0.08770864,1,1,1,1,0,1
0.0877138,1,0,1,1,0,1
0.08771512,1,1,1,1,0,1
0.08771732,1,0,1,1,0,1
0.08771832,1,1,1,1,0,1
0.08772348,1,0,1,1,0,1
0.0877248,1,1,1,1,0,1
0.08772696,1,0,1,1,0,1
0.08772812,1,1,1,1,0,1
0.08773332,1,0,1,1,0,1
0.08773448,1,1,1,1,0,1
0.08773664,1,0,1,1,0,1
0.0877378,1,1,1,1,0,1
0.08774296,1,0,1,1,0,1
0.08774412,1,1,1,1,0,1
0.08774628,1,0,1,1,0,1
0.08774748,1,1,1,1,0,1
0.08775264,1,0,1,1,0,1
0.08775396,1,1,1,1,0,1
0.08775612,1,0,1,1,0,1
0.08775712,1,1,1,1,0,1
0.08776228,1,0,1,1,0,1
0.08776364,1,1,1,1,0,1
0.0877658,1,0,1,1,0,1
0.0877668,1,1,1,1,0,1
0.08777196,1,0,1,1,0,1
0.08777328,1,1,1,1,0,1
0.08777548,1,0,1,1,0,1
0.08777648,1,1,1,1,0,1
0.08778164,1,0,1,1,0,1
0.08778296,1,1,1,1,0,1
0.08778512,1,0,1,1,0,1
0.08778628,1,1,1,1,0,1
0.08779148,1,0,1,1,0,1
0.08779264,1,1,1,1,0,1
0.0877948,1,0,1,1,0,1
0.08779596,1,1,1,1,0,1
0.08780112,1,0,1,1,0,1
0.08780248,1,1,1,1,0,1
0.08780464,1,0,1,1,0,1
0.08780564,1,1,1,1,0,1
0.0878108,1,0,1,1,0,1
0.08781212,1,1,1,1,0,1
0.08781428,1,0,1,1,0,1
0.08781528,1,1,1,1,0,1
0.08782044,1,0,1,1,0,1
0.0878218,1,1,1,1,0,1
0.08782396,1,0,1,1,0,1
0.08782496,1,1,1,1,0,1
0.08783012,1,0,1,1,0,1
0.08783144,1,1,1,1,0,1
0.08783364,1,0,1,1,0,1
0.0878348,1,1,1,1,0,1
0.08783996,1,0,1,1,0,1
0.08784112,1,1,1,1,0,1
0.08784328,1,0,1,1,0,1
0.08784444,1,1,1,1,0,1
0.08784964,1,0,1,1,0,1
0.08785096,1,1,1,1,0,1
0.08785312,1,0,1,1,0,1
0.08785412,1,1,1,1,0,1
0.08785928,1,0,1,1,0,1
0.08786064,1,1,1,1,0,1
0.0878628,1,0,1,1,0,1
0.0878638,1,1,1,1,0,1
0.08786896,1,0,1,1,0,1
0.08787028,1,1,1,1,0,1
0.08787244,1,0,1,1,0,1
0.08787344,1,1,1,1,0,1
0.0878786,1,0,1,1,0,1
0.08787996,1,1,1,1,0,1
0.08788212,1,0,1,1,0,1
0.08788328,1,1,1,1,0,1
0.08788844,1,0,1,1,0,1
0.0878896,1,1,1,1,0,1
0.0878918,1,0,1,1,0,1
0.08789296,1,1,1,1,0,1
0.08789812,1,0,1,1,0,1
0.08789944,1,1,1,1,0,1
0.0879016,1,0,1,1,0,1
0.0879026,1,1,1,1,0,1
0.0879078,1,0,1,1,0,1
0.08790912,1,1,1,1,0,1
0.08791128,1,0,1,1,0,1
0.08791228,1,1,1,1,0,1
0.08791744,1,0,1,1,0,1
0.0879188,1,1,1,1,0,1
0.08792096,1,0,1,1,0,1
0.08792196,1,1,1,1,0,1
0.08792712,1,0,1,1,0,1
0.08792844,1,1,1,1,0,1
0.0879306,1,0,1,1,0,1
0.08793176,1,1,1,1,0,1
0.08793696,1,0,1,1,0,1
0.08793812,1,1,1,1,0,1
0.08794028,1,0,1,1,0,1
0.08794144,1,1,1,1,0,1
0.0879466,1,0,1,1,0,1
0.08794796,1,1,1,1,0,1
0.08795012,1,0,1,1,0,1
0.08795112,1,1,1,1,0,1
0.08795628,1,0,1,1,0,1
0.0879576,1,1,1,1,0,1
0.08795976,1,0,1,1,0,1
0.08796076,1,1,1,1,0,1
0.08796596,1,0,1,1,0,1
0.08796728,1,1,1,1,0,1
0.08796944,1,0,1,1,0,1
0.08797044,1,1,1,1,0,1
0.0879756,1,0,1,1,0,1
0.08797696,1,1,1,1,0,1
0.08797912,1,0,1,1,0,1
0.08798012,1,1,1,1,0,1
0.08798528,1,0,1,1,0,1
0.0879866,1,1,1,1,0,1
0.08798876,1,0,1,1,0,1
0.08798996,1,1,1,1,0,1
0.08799512,1,0,1,1,0,1
0.08799628,1,1,1,1,0,1
0.08799844,1,0,1,1,0,1
0.0879996,1,1,1,1,0,1
0.08800476,1,0,1,1,0,1
0.08800612,1,1,1,1,0,1
0.08800828,1,0,1,1,0,1
0.08800928,1,1,1,1,0,1
0.08801444,1,0,1,1,0,1
0.08801576,1,1,1,1,0,1
0.08801792,1,0,1,1,0,1
0.08801892,1,1,1,1,0,1
0.08802412,1,0,1,1,0,1
0.08802544,1,1,1,1,0,1
0.0880276,1,0,1,1,0,1
0.0880286,1,1,1,1,0,1
0.08803376,1,0,1,1,0,1
0.08803512,1,1,1,1,0,1
0.08803728,1,0,1,1,0,1
0.08803844,1,1,1,1,0,1
0.0880436,1,0,1,1,0,1
0.08804476,1,1,1,1,0,1
0.08804692,1,0,1,1,0,1
0.08804812,1,1,1,1,0,1
0.08805328,1,0,1,1,0,1
0.0880546,1,1,1,1,0,1
0.08805676,1,0,1,1,0,1
0.08805776,1,1,1,1,0,1
0.08806292,1,0,1,1,0,1
0.08806428,1,1,1,1,0,1
0.08806644,1,0,1,1,0,1
0.08806744,1,1,1,1,0,1
0.0880726,1,0,1,1,0,1
0.08807392,1,1,1,1,0,1
0.08807608,1,0,1,1,0,1
0.08807708,1,1,1,1,0,1
0.08808228,1,0,1,1,0,1
0.0880836,1,1,1,1,0,1
0.08808576,1,0,1,1,0,1
0.08808692,1,1,1,1,0,1
0.08809208,1,0,1,1,0,1
0.08809328,1,1,1,1,0,1
0.08809544,1,0,1,1,0,1
0.0880966,1,1,1,1,0,1
0.08810176,1,0,1,1,0,1
0.08810308,1,1,1,1,0,1
0.08810528,1,0,1,1,0,1
0.08810628,1,1,1,1,0,1
0.08811144,1,0,1,1,0,1
0.08811276,1,1,1,1,0,1
0.08811492,1,0,1,1,0,1
0.08811592,1,1,1,1,0,1
0.08812108,1,0,1,1,0,1
0.08812244,1,1,1,1,0,1
0.0881246,1,0,1,1,0,1
0.0881256,1,1,1,1,0,1
0.08813076,1,0,1,1,0,1
0.08813208,1,1,1,1,0,1
0.08813424,1,0,1,1,0,1
0.08813544,1,1,1,1,0,1
0.0881406,1,0,1,1,0,1
0.08814176,1,1,1,1,0,1
0.08814392,1,0,1,1,0,1
0.08814508,1,1,1,1,0,1
0.08815024,1,0,1,1,0,1
0.0881516,1,1,1,1,0,1
0.08815376,1,0,1,1,0,1
0.08815476,1,1,1,1,0,1
0.08815992,1,0,1,1,0,1
0.08816124,1,1,1,1,0,1
0.08816344,1,0,1,1,0,1
0.08816444,1,1,1,1,0,1
0.0881696,1,0,1,1,0,1
0.08817092,1,1,1,1,0,1
0.08817308,1,0,1,1,0,1
0.08817408,1,1,1,1,0,1
0.08817924,1,0,1,1,0,1
0.0881806,1,1,1,1,0,1
0.08818276,1,0,1,1,0,1
0.08818376,1,1,1,1,0,1
0.08818892,1,0,1,1,0,1
0.08819024,1,1,1,1,0,1
0.08819244,1,0,1,1,0,1
0.0881936,1,1,1,1,0,1
0.08819876,1,0,1,1,0,1
0.08819992,1,1,1,1,0,1
0.08820208,1,0,1,1,0,1
0.08820324,1,1,1,1,0,1
0.0882084,1,0,1,1,0,1
0.08820976,1,1,1,1,0,1
0.08821192,1,0,1,1,0,1
0.08821292,1,1,1,1,0,1
0.08821808,1,0,1,1,0,1
0.0882194,1,1,1,1,0,1
0.0882216,1,0,1,1,0,1
0.0882226,1,1,1,1,0,1
0.08822776,1,0,1,1,0,1
0.08822908,1,1,1,1,0,1
0.08823124,1,0,1,1,0,1
0.08823224,1,1,1,1,0,1
0.0882374,1,0,1,1,0,1
0.08823876,1,1,1,1,0,1
0.08824092,1,0,1,1,0,1
0.08824208,1,1,1,1,0,1
0.08824724,1,0,1,1,0,1
0.0882484,1,1,1,1,0,1
0.0882506,1,0,1,1,0,1
0.08825176,1,1,1,1,0,1
0.08825692,1,0,1,1,0,1
0.08825824,1,1,1,1,0,1
0.0882604,1,0,1,1,0,1
0.0882614,1,1,1,1,0,1
0.08826656,1,0,1,1,0,1
0.08826792,1,1,1,1,0,1
0.08827008,1,0,1,1,0,1
0.08827108,1,1,1,1,0,1
0.08827624,1,0,1,1,0,1
0.08827756,1,1,1,1,0,1
0.08827976,1,0,1,1,0,1
0.08828076,1,1,1,1,0,1
0.08828592,1,0,1,1,0,1
0.08828724,1,1,1,1,0,1
0.0882894,1,0,1,1,0,1
0.08829056,1,1,1,1,0,1
0.08829576,1,0,1,1,0,1
0.08829692,1,1,1,1,0,1
0.08829908,1,0,1,1,0,1
0.08830024,1,1,1,1,0,1
0.0883054,1,0,1,1,0,1
0.08830676,1,1,1,1,0,1
0.08830892,1,0,1,1,0,1
0.08830992,1,1,1,1,0,1
0.08831508,1,0,1,1,0,1
0.0883164,1,1,1,1,0,1
0.08831856,1,0,1,1,0,1
0.08831956,1,1,1,1,0,1
0.08832476,1,0,1,1,0,1
0.08832608,1,1,1,1,0,1
0.08832824,1,0,1,1,0,1
0.08832924,1,1,1,1,0,1
0.0883344,1,0,1,1,0,1
0.08833572,1,1,1,1,0,1
0.08833792,1,0,1,1,0,1
0.08833908,1,1,1,1,0,1
0.08834424,1,0,1,1,0,1
0.0883454,1,1,1,1,0,1
0.08834756,1,0,1,1,0,1
0.08834872,1,1,1,1,0,1
0.08835392,1,0,1,1,0,1
0.08835524,1,1,1,1,0,1
0.0883574,1,0,1,1,0,1
0.0883584,1,1,1,1,0,1
0.08836356,1,0,1,1,0,1
0.08836492,1,1,1,1,0,1
0.08836708,1,0,1,1,0,1
0.08836808,1,1,1,1,0,1
0.08837324,1,0,1,1,0,1
0.08837456,1,1,1,1,0,1
0.08837672,1,0,1,1,0,1
0.08837772,1,1,1,1,0,1
0.08838292,1,0,1,1,0,1
0.08838424,1,1,1,1,0,1
0.0883864,1,0,1,1,0,1
0.08838756,1,1,1,1,0,1
0.08839272,1,0,1,1,0,1
0.08839388,1,1,1,1,0,1
0.08839608,1,0,1,1,0,1
0.08839724,1,1,1,1,0,1
0.0884024,1,0,1,1,0,1
0.08840356,1,1,1,1,0,1
0.08840572,1,0,1,1,0,1
0.08840688,1,1,1,1,0,1
0.08841208,1,0,1,1,0,1
0.0884134,1,1,1,1,0,1
0.08841556,1,0,1,1,0,1
0.08841656,1,1,1,1,0,1
0.08842172,1,0,1,1,0,1
0.08842308,1,1,1,1,0,1
0.08842524,1,0,1,1,0,1
0.08842624,1,1,1,1,0,1
0.0884314,1,0,1,1,0,1
0.08843272,1,1,1,1,0,1
0.08843488,1,0,1,1,0,1
0.08843588,1,1,1,1,0,1
0.08844108,1,0,1,1,0,1
0.0884424,1,1,1,1,0,1
0.08844456,1,0,1,1,0,1
0.08844572,1,1,1,1,0,1
0.08845088,1,0,1,1,0,1
0.08845208,1,1,1,1,0,1
0.08845424,1,0,1,1,0,1
0.0884554,1,1,1,1,0,1
0.08846056,1,0,1,1,0,1
0.08846188,1,1,1,1,0,1
0.08846404,1,0,1,1,0,1
0.08846504,1,1,1,1,0,1
0.08847024,1,0,1,1,0,1
0.08847156,1,1,1,1,0,1
0.08847372,1,0,1,1,0,1
0.08847472,1,1,1,1,0,1
0.08847988,1,0,1,1,0,1
0.08848124,1,1,1,1,0,1
0.0884834,1,0,1,1,0,1
0.0884844,1,1,1,1,0,1
0.08848956,1,0,1,1,0,1
0.08849088,1,1,1,1,0,1
0.08849304,1,0,1,1,0,1
0.08849424,1,1,1,1,0,1
0.0884994,1,0,1,1,0,1
0.08850056,1,1,1,1,0,1
0.08850272,1,0,1,1,0,1
0.08850388,1,1,1,1,0,1
0.08850904,1,0,1,1,0,1
0.0885104,1,1,1,1,0,1
0.08851256,1,0,1,1,0,1
0.08851356,1,1,1,1,0,1
0.08851872,1,0,1,1,0,1
0.08852004,1,1,1,1,0,1
0.08852224,1,0,1,1,0,1
0.0885232,1,1,1,1,0,1
0.0885284,1,0,1,1,0,1
0.08852972,1,1,1,1,0,1
0.08853188,1,0,1,1,0,1
0.08853288,1,1,1,1,0,1
0.08853804,1,0,1,1,0,1
0.0885394,1,1,1,1,0,1
0.08854156,1,0,1,1,0,1
0.08854272,1,1,1,1,0,1
0.08854788,1,0,1,1,0,1
0.08854904,1,1,1,1,0,1
0.0885512,1,0,1,1,0,1
0.0885524,1,1,1,1,0,1
0.08855756,1,0,1,1,0,1
0.08855888,1,1,1,1,0,1
0.08856104,1,0,1,1,0,1
0.08856204,1,1,1,1,0,1
0.0885672,1,0,1,1,0,1
0.08856856,1,1,1,1,0,1
0.08857072,1,0,1,1,0,1
0.08857172,1,1,1,1,0,1
0.08857688,1,0,1,1,0,1
0.0885782,1,1,1,1,0,1
0.0885804,1,0,1,1,0,1
0.0885814,1,1,1,1,0,1
0.08858656,1,0,1,1,0,1
0.08858788,1,1,1,1,0,1
0.08859004,1,0,1,1,0,1
0.0885912,1,1,1,1,0,1
0.08859636,1,0,1,1,0,1
0.08859756,1,1,1,1,0,1
0.08859972,1,0,1,1,0,1
0.08860088,1,1,1,1,0,1
0.08860604,1,0,1,1,0,1
0.08860736,1,1,1,1,0,1
0.08860956,1,0,1,1,0,1
0.08861056,1,1,1,1,0,1
0.08861572,1,0,1,1,0,1
0.08861704,1,1,1,1,0,1
0.0886192,1,0,1,1,0,1
0.0886202,1,1,1,1,0,1
0.08862536,1,0,1,1,0,1
0.08862672,1,1,1,1,0,1
0.08862888,1,0,1,1,0,1
0.08862988,1,1,1,1,0,1
0.08863504,1,0,1,1,0,1
0.08863636,1,1,1,1,0,1
0.08863856,1,0,1,1,0,1
0.08863956,1,1,1,1,0,1
0.08864472,1,0,1,1,0,1
0.08864604,1,1,1,1,0,1
0.0886482,1,0,1,1,0,1
0.08864936,1,1,1,1,0,1
0.08865452,1,0,1,1,0,1
0.08865572,1,1,1,1,0,1
0.08865788,1,0,1,1,0,1
0.08865904,1,1,1,1,0,1
0.0886642,1,0,1,1,0,1
0.08866552,1,1,1,1,0,1
0.08866772,1,0,1,1,0,1
0.08866872,1,1,1,1,0,1
0.08867388,1,0,1,1,0,1
0.0886752,1,1,1,1,0,1
0.08867736,1,0,1,1,0,1
0.08867836,1,1,1,1,0,1
0.08868352,1,0,1,1,0,1
0.08868488,1,1,1,1,0,1
0.08868704,1,0,1,1,0,1
0.08868804,1,1,1,1,0,1
0.0886932,1,0,1,1,0,1
0.08869452,1,1,1,1,0,1
0.08869672,1,0,1,1,0,1
0.08869788,1,1,1,1,0,1
0.08870304,1,0,1,1,0,1
0.0887042,1,1,1,1,0,1
0.08870636,1,0,1,1,0,1
0.08870752,1,1,1,1,0,1
0.08871272,1,0,1,1,0,1
0.08871404,1,1,1,1,0,1
0.0887162,1,0,1,1,0,1
0.0887172,1,1,1,1,0,1
0.08872236,1,0,1,1,0,1
0.08872368,1,1,1,1,0,1
0.08872588,1,0,1,1,0,1
0.08872688,1,1,1,1,0,1
0.08873204,1,0,1,1,0,1
0.08873336,1,1,1,1,0,1
0.08873552,1,0,1,1,0,1
0.08873652,1,1,1,1,0,1
0.08874168,1,0,1,1,0,1
0.08874304,1,1,1,1,0,1
0.0887452,1,0,1,1,0,1
0.08874636,1,1,1,1,0,1
0.08875152,1,0,1,1,0,1
0.08875268,1,1,1,1,0,1
0.08875488,1,0,1,1,0,1
0.08875604,1,1,1,1,0,1
0.0887612,1,0,1,1,0,1
0.08876252,1,1,1,1,0,1
0.08876468,1,0,1,1,0,1
0.08876568,1,1,1,1,0,1
0.08877088,1,0,1,1,0,1
0.0887722,1,1,1,1,0,1
0.08877436,1,0,1,1,0,1
0.08877536,1,1,1,1,0,1
0.08878052,1,0,1,1,0,1
0.08878188,1,1,1,1,0,1
0.08878404,1,0,1,1,0,1
0.08878504,1,1,1,1,0,1
0.0887902,1,0,1,1,0,1
0.08879152,1,1,1,1,0,1
0.08879368,1,0,1,1,0,1
0.08879484,1,1,1,1,0,1
0.08880004,1,0,1,1,0,1
0.0888012,1,1,1,1,0,1
0.08880336,1,0,1,1,0,1
0.08880452,1,1,1,1,0,1
0.08880968,1,0,1,1,0,1
0.08881104,1,1,1,1,0,1
0.0888132,1,0,1,1,0,1
0.0888142,1,1,1,1,0,1
0.08881936,1,0,1,1,0,1
0.08882068,1,1,1,1,0,1
0.08882284,1,0,1,1,0,1
0.08882384,1,1,1,1,0,1
0.08882904,1,0,1,1,0,1
0.08883036,1,1,1,1,0,1
0.08883252,1,0,1,1,0,1
0.08883352,1,1,1,1,0,1
0.08883868,1,0,1,1,0,1
0.08884004,1,1,1,1,0,1
0.0888422,1,0,1,1,0,1
0.0888432,1,1,1,1,0,1
0.08884836,1,0,1,1,0,1
0.08884968,1,1,1,1,0,1
0.08885184,1,0,1,1,0,1
0.088853,1,1,1,1,0,1
0.0888582,1,0,1,1,0,1
0.08885936,1,1,1,1,0,1
0.08886152,1,0,1,1,0,1
0.08886268,1,1,1,1,0,1
0.08886784,1,0,1,1,0,1
0.0888692,1,1,1,1,0,1
0.08887136,1,0,1,1,0,1
0.08887236,1,1,1,1,0,1
0.08887752,1,0,1,1,0,1
0.08887884,1,1,1,1,0,1
0.088881,1,0,1,1,0,1
0.088882,1,1,1,1,0,1
0.0888872,1,0,1,1,0,1
0.08888852,1,1,1,1,0,1
0.08889068,1,0,1,1,0,1
0.08889168,1,1,1,1,0,1
0.08889684,1,0,1,1,0,1
0.0888982,1,1,1,1,0,1
0.08890036,1,0,1,1,0,1
0.08890152,1,1,1,1,0,1
0.08890668,1,0,1,1,0,1
0.08890784,1,1,1,1,0,1
0.08891,1,0,1,1,0,1
0.08891116,1,1,1,1,0,1
0.08891636,1,0,1,1,0,1
0.08891768,1,1,1,1,0,1
0.08891984,1,0,1,1,0,1
0.08892084,1,1,1,1,0,1
0.088926,1,0,1,1,0,1
0.08892736,1,1,1,1,0,1
0.08892952,1,0,1,1,0,1
0.08893052,1,1,1,1,0,1
0.08893568,1,0,1,1,0,1
0.088937,1,1,1,1,0,1
0.08893916,1,0,1,1,0,1
0.08894016,1,1,1,1,0,1
0.08894536,1,0,1,1,0,1
0.08894668,1,1,1,1,0,1
0.08894884,1,0,1,1,0,1
0.08895,1,1,1,1,0,1
0.08895516,1,0,1,1,0,1
0.08895636,1,1,1,1,0,1
0.08895852,1,0,1,1,0,1
0.08895968,1,1,1,1,0,1
0.08896484,1,0,1,1,0,1
0.08896616,1,1,1,1,0,1
0.08896836,1,0,1,1,0,1
0.08896936,1,1,1,1,0,1
0.08897452,1,0,1,1,0,1
0.08897584,1,1,1,1,0,1
0.088978,1,0,1,1,0,1
0.088979,1,1,1,1,0,1
0.08898416,1,0,1,1,0,1
0.08898552,1,1,1,1,0,1
0.08898768,1,0,1,1,0,1
0.08898868,1,1,1,1,0,1
0.08899384,1,0,1,1,0,1
0.08899516,1,1,1,1,0,1
0.08899732,1,0,1,1,0,1
0.08899852,1,1,1,1,0,1
0.08900368,1,0,1,1,0,1
0.08900484,1,1,1,1,0,1
0.089007,1,0,1,1,0,1
0.08900816,1,1,1,1,0,1
0.08901332,1,0,1,1,0,1
0.08901468,1,1,1,1,0,1
0.08901684,1,0,1,1,0,1
0.08901784,1,1,1,1,0,1
0.089023,1,0,1,1,0,1
0.08902432,1,1,1,1,0,1
0.08902652,1,0,1,1,0,1
0.08902752,1,1,1,1,0,1
0.08903268,1,0,1,1,0,1
0.089034,1,1,1,1,0,1
0.08903616,1,0,1,1,0,1
0.08903716,1,1,1,1,0,1
0.08904232,1,0,1,1,0,1
0.08904368,1,1,1,1,0,1
0.08904584,1,0,1,1,0,1
0.08904684,1,1,1,1,0,1
0.089052,1,0,1,1,0,1
0.08905332,1,1,1,1,0,1
0.08905548,1,0,1,1,0,1
0.08905668,1,1,1,1,0,1
0.08906184,1,0,1,1,0,1
0.089063,1,1,1,1,0,1
0.08906516,1,0,1,1,0,1
0.08906632,1,1,1,1,0,1
0.08907148,1,0,1,1,0,1
0.08907284,1,1,1,1,0,1
0.089075,1,0,1,1,0,1
0.089076,1,1,1,1,0,1
0.08908116,1,0,1,1,0,1
0.08908248,1,1,1,1,0,1
0.08908468,1,0,1,1,0,1
0.08908568,1,1,1,1,0,1
0.08909084,1,0,1,1,0,1
0.08909216,1,1,1,1,0,1
0.08909432,1,0,1,1,0,1
0.08909532,1,1,1,1,0,1
0.08910048,1,0,1,1,0,1
0.08910184,1,1,1,1,0,1
0.089104,1,0,1,1,0,1
0.08910516,1,1,1,1,0,1
0.08911032,1,0,1,1,0,1
0.08911148,1,1,1,1,0,1
0.08911364,1,0,1,1,0,1
0.08911484,1,1,1,1,0,1
0.08912,1,0,1,1,0,1
0.08912132,1,1,1,1,0,1
0.08912348,1,0,1,1,0,1
0.08912448,1,1,1,1,0,1
0.08912964,1,0,1,1,0,1
0.089131,1,1,1,1,0,1
0.08913316,1,0,1,1,0,1
0.08913416,1,1,1,1,0,1
0.08913932,1,0,1,1,0,1
0.08914064,1,1,1,1,0,1
0.08914284,1,0,1,1,0,1
0.08914384,1,1,1,1,0,1
0.089149,1,0,1,1,0,1
0.08915032,1,1,1,1,0,1
0.08915248,1,0,1,1,0,1
0.08915364,1,1,1,1,0,1
0.08915884,1,0,1,1,0,1
0.08916,1,1,1,1,0,1
0.08916216,1,0,1,1,0,1
0.08916332,1,1,1,1,0,1
0.08916848,1,0,1,1,0,1
0.08916984,1,1,1,1,0,1
0.089172,1,0,1,1,0,1
0.089173,1,1,1,1,0,1
0.08917816,1,0,1,1,0,1
0.08917948,1,1,1,1,0,1
0.08918164,1,0,1,1,0,1
0.08918264,1,1,1,1,0,1
0.0891878,1,0,1,1,0,1
0.08918916,1,1,1,1,0,1
0.08919132,1,0,1,1,0,1
0.08919232,1,1,1,1,0,1
0.08919748,1,0,1,1,0,1
0.0891988,1,1,1,1,0,1
0.089201,1,0,1,1,0,1
0.08920216,1,1,1,1,0,1
0.08920732,1,0,1,1,0,1
0.08920848,1,1,1,1,0,1
0.08921064,1,0,1,1,0,1
0.0892118,1,1,1,1,0,1
0.089217,1,0,1,1,0,1
0.08921832,1,1,1,1,0,1
0.08922048,1,0,1,1,0,1
0.08922148,1,1,1,1,0,1
0.08922664,1,0,1,1,0,1
0.089228,1,1,1,1,0,1
0.08923016,1,0,1,1,0,1
0.08923116,1,1,1,1,0,1
0.08923632,1,0,1,1,0,1
0.08923764,1,1,1,1,0,1
0.0892398,1,0,1,1,0,1
0.0892408,1,1,1,1,0,1
0.08924596,1,0,1,1,0,1
0.08924732,1,1,1,1,0,1
0.08924948,1,0,1,1,0,1
0.08925064,1,1,1,1,0,1
0.0892558,1,0,1,1,0,1
0.08925696,1,1,1,1,0,1
0.08925916,1,0,1,1,0,1
0.08926032,1,1,1,1,0,1
0.08926548,1,0,1,1,0,1
0.08926664,1,1,1,1,0,1
0.0892688,1,0,1,1,0,1
0.08926996,1,1,1,1,0,1
0.08927516,1,0,1,1,0,1
0.08927648,1,1,1,1,0,1
0.08927864,1,0,1,1,0,1
0.08927964,1,1,1,1,0,1
0.0892848,1,0,1,1,0,1
0.08928616,1,1,1,1,0,1
0.08928832,1,0,1,1,0,1
0.08928932,1,1,1,1,0,1
0.08929448,1,0,1,1,0,1
0.0892958,1,1,1,1,0,1
0.08929796,1,0,1,1,0,1
0.08929896,1,1,1,1,0,1
0.08930412,1,0,1,1,0,1
0.08930548,1,1,1,1,0,1
0.08930764,1,0,1,1,0,1
0.0893088,1,1,1,1,0,1
0.08931396,1,0,1,1,0,1
0.08931512,1,1,1,1,0,1
0.08931732,1,0,1,1,0,1
0.08931848,1,1,1,1,0,1
0.08932364,1,0,1,1,0,1
0.08932496,1,1,1,1,0,1
0.08932712,1,0,1,1,0,1
0.08932812,1,1,1,1,0,1
0.08933332,1,0,1,1,0,1
0.08933464,1,1,1,1,0,1
0.0893368,1,0,1,1,0,1
0.0893378,1,1,1,1,0,1
0.08934296,1,0,1,1,0,1
0.08934432,1,1,1,1,0,1
0.08934648,1,0,1,1,0,1
0.08934748,1,1,1,1,0,1
0.08935264,1,0,1,1,0,1
0.08935396,1,1,1,1,0,1
0.08935612,1,0,1,1,0,1
0.08935732,1,1,1,1,0,1
0.08936248,1,0,1,1,0,1
0.08936364,1,1,1,1,0,1
0.0893658,1,0,1,1,0,1
0.08936696,1,1,1,1,0,1
0.08937212,1,0,1,1,0,1
0.08937348,1,1,1,1,0,1
0.08937564,1,0,1,1,0,1
0.08937664,1,1,1,1,0,1
0.0893818,1,0,1,1,0,1
0.08938312,1,1,1,1,0,1
0.08938528,1,0,1,1,0,1
0.08938628,1,1,1,1,0,1
0.08939148,1,0,1,1,0,1
0.0893928,1,1,1,1,0,1
0.08939496,1,0,1,1,0,1
0.08939596,1,1,1,1,0,1
0.08940112,1,0,1,1,0,1
0.08940248,1,1,1,1,0,1
0.08940464,1,0,1,1,0,1
0.0894058,1,1,1,1,0,1
0.08941096,1,0,1,1,0,1
0.08941212,1,1,1,1,0,1
0.08941428,1,0,1,1,0,1
0.08941548,1,1,1,1,0,1
0.08942064,1,0,1,1,0,1
0.08942196,1,1,1,1,0,1
0.08942412,1,0,1,1,0,1
0.08942512,1,1,1,1,0,1
0.08943028,1,0,1,1,0,1
0.08943164,1,1,1,1,0,1
0.0894338,1,0,1,1,0,1
0.0894348,1,1,1,1,0,1
0.08943996,1,0,1,1,0,1
0.08944128,1,1,1,1,0,1
0.08944344,1,0,1,1,0,1
0.08944444,1,1,1,1,0,1
0.08944964,1,0,1,1,0,1
0.08945096,1,1,1,1,0,1
0.08945312,1,0,1,1,0,1
0.08945428,1,1,1,1,0,1
0.08945944,1,0,1,1,0,1
0.08946064,1,1,1,1,0,1
0.0894628,1,0,1,1,0,1
0.08946396,1,1,1,1,0,1
0.08946912,1,0,1,1,0,1
0.08947044,1,1,1,1,0,1
0.08947264,1,0,1,1,0,1
0.08947364,1,1,1,1,0,1
0.0894788,1,0,1,1,0,1
0.08948012,1,1,1,1,0,1
0.08948228,1,0,1,1,0,1
0.08948328,1,1,1,1,0,1
0.08948844,1,0,1,1,0,1
0.0894898,1,1,1,1,0,1
0.08949196,1,0,1,1,0,1
0.08949296,1,1,1,1,0,1
0.08949812,1,0,1,1,0,1
0.08949944,1,1,1,1,0,1
0.08950164,1,0,1,1,0,1
0.0895026,1,1,1,1,0,1
0.0895078,1,0,1,1,0,1
0.08950912,1,1,1,1,0,1
0.08951128,1,0,1,1,0,1
0.08951244,1,1,1,1,0,1
0.0895176,1,0,1,1,0,1
0.0895188,1,1,1,1,0,1
0.08952096,1,0,1,1,0,1
0.08952212,1,1,1,1,0,1
0.08952728,1,0,1,1,0,1
0.0895286,1,1,1,1,0,1
0.0895308,1,0,1,1,0,1
0.0895318,1,1,1,1,0,1
0.08953696,1,0,1,1,0,1
0.08953828,1,1,1,1,0,1
0.08954044,1,0,1,1,0,1
0.08954144,1,1,1,1,0,1
0.0895466,1,0,1,1,0,1
0.08954796,1,1,1,1,0,1
0.08955012,1,0,1,1,0,1
0.08955112,1,1,1,1,0,1
0.08955628,1,0,1,1,0,1
0.0895576,1,1,1,1,0,1
0.0895598,1,0,1,1,0,1
0.08956096,1,1,1,1,0,1
0.08956612,1,0,1,1,0,1
0.08956728,1,1,1,1,0,1
0.08956944,1,0,1,1,0,1
0.0895706,1,1,1,1,0,1
0.08957576,1,0,1,1,0,1
0.08957712,1,1,1,1,0,1
0.08957928,1,0,1,1,0,1
0.08958028,1,1,1,1,0,1
0.08958544,1,0,1,1,0,1
0.08958676,1,1,1,1,0,1
0.08958896,1,0,1,1,0,1
0.08958996,1,1,1,1,0,1
0.08959512,1,0,1,1,0,1
0.08959644,1,1,1,1,0,1
0.0895986,1,0,1,1,0,1
0.0895996,1,1,1,1,0,1
0.08960476,1,0,1,1,0,1
0.08960612,1,1,1,1,0,1
0.08960828,1,0,1,1,0,1
0.08960944,1,1,1,1,0,1
0.0896146,1,0,1,1,0,1
0.08961576,1,1,1,1,0,1
0.08961796,1,0,1,1,0,1
0.08961912,1,1,1,1,0,1
0.08962428,1,0,1,1,0,1
0.0896256,1,1,1,1,0,1
0.08962776,1,0,1,1,0,1
0.08962876,1,1,1,1,0,1
0.08963392,1,0,1,1,0,1
0.08963528,1,1,1,1,0,1
0.08963744,1,0,1,1,0,1
0.08963844,1,1,1,1,0,1
0.0896436,1,0,1,1,0,1
0.08964492,1,1,1,1,0,1
0.08964712,1,0,1,1,0,1
0.08964812,1,1,1,1,0,1
0.08965328,1,0,1,1,0,1
0.0896546,1,1,1,1,0,1
0.08965676,1,0,1,1,0,1
0.08965792,1,1,1,1,0,1
0.08966312,1,0,1,1,0,1
0.08966428,1,1,1,1,0,1
0.08966644,1,0,1,1,0,1
0.0896676,1,1,1,1,0,1
0.08967276,1,0,1,1,0,1
0.08967412,1,1,1,1,0,1
0.08967628,1,0,1,1,0,1
0.08967728,1,1,1,1,0,1
0.08968244,1,0,1,1,0,1
0.08968376,1,1,1,1,0,1
0.08968592,1,0,1,1,0,1
0.08968692,1,1,1,1,0,1
0.08969212,1,0,1,1,0,1
0.08969344,1,1,1,1,0,1
0.0896956,1,0,1,1,0,1
0.0896966,1,1,1,1,0,1
0.08970176,1,0,1,1,0,1
0.08970308,1,1,1,1,0,1
0.08970528,1,0,1,1,0,1
0.08970628,1,1,1,1,0,1
0.08971144,1,0,1,1,0,1
0.08971276,1,1,1,1,0,1
0.08971492,1,0,1,1,0,1
0.08971608,1,1,1,1,0,1
0.08972128,1,0,1,1,0,1
0.08972244,1,1,1,1,0,1
0.0897246,1,0,1,1,0,1
0.08972576,1,1,1,1,0,1
0.08973092,1,0,1,1,0,1
0.08973228,1,1,1,1,0,1
0.08973444,1,0,1,1,0,1
0.08973544,1,1,1,1,0,1
0.0897406,1,0,1,1,0,1
0.08974192,1,1,1,1,0,1
0.08974408,1,0,1,1,0,1
0.08974508,1,1,1,1,0,1
0.08975028,1,0,1,1,0,1
0.0897516,1,1,1,1,0,1
0.08975376,1,0,1,1,0,1
0.08975476,1,1,1,1,0,1
0.08975992,1,0,1,1,0,1
0.08976124,1,1,1,1,0,1
0.08976344,1,0,1,1,0,1
0.0897646,1,1,1,1,0,1
0.08976976,1,0,1,1,0,1
0.08977092,1,1,1,1,0,1
0.08977308,1,0,1,1,0,1
0.08977424,1,1,1,1,0,1
0.08977944,1,0,1,1,0,1
0.08978076,1,1,1,1,0,1
0.08978292,1,0,1,1,0,1
0.08978392,1,1,1,1,0,1
0.08978908,1,0,1,1,0,1
0.08979044,1,1,1,1,0,1
0.0897926,1,0,1,1,0,1
0.0897936,1,1,1,1,0,1
0.08979876,1,0,1,1,0,1
0.08980008,1,1,1,1,0,1
0.08980224,1,0,1,1,0,1
0.08980324,1,1,1,1,0,1
0.08980844,1,0,1,1,0,1
0.08980976,1,1,1,1,0,1
0.08981192,1,0,1,1,0,1
0.08981308,1,1,1,1,0,1
0.08981824,1,0,1,1,0,1
0.08981944,1,1,1,1,0,1
0.0898216,1,0,1,1,0,1
0.08982276,1,1,1,1,0,1
0.08982792,1,0,1,1,0,1
0.08982924,1,1,1,1,0,1
0.0898314,1,0,1,1,0,1
0.0898324,1,1,1,1,0,1
0.0898376,1,0,1,1,0,1
0.08983892,1,1,1,1,0,1
0.08984108,1,0,1,1,0,1
0.08984208,1,1,1,1,0,1
0.08984724,1,0,1,1,0,1
0.0898486,1,1,1,1,0,1
0.08985076,1,0,1,1,0,1
0.08985176,1,1,1,1,0,1
0.08985692,1,0,1,1,0,1
0.08985824,1,1,1,1,0,1
0.0898604,1,0,1,1,0,1
0.0898616,1,1,1,1,0,1
0.08986676,1,0,1,1,0,1
0.08986792,1,1,1,1,0,1
0.08987008,1,0,1,1,0,1
0.08987124,1,1,1,1,0,1
0.0898764,1,0,1,1,0,1
0.08987776,1,1,1,1,0,1
0.08987992,1,0,1,1,0,1
0.08988092,1,1,1,1,0,1
0.08988608,1,0,1,1,0,1
0.0898874,1,1,1,1,0,1
0.0898896,1,0,1,1,0,1
0.08989056,1,1,1,1,0,1
0.08989576,1,0,1,1,0,1
0.08989708,1,1,1,1,0,1
0.08989924,1,0,1,1,0,1
0.08990024,1,1,1,1,0,1
0.0899054,1,0,1,1,0,1
0.08990676,1,1,1,1,0,1
0.08990892,1,0,1,1,0,1
0.08991008,1,1,1,1,0,1
0.08991524,1,0,1,1,0,1
0.0899164,1,1,1,1,0,1
0.08991856,1,0,1,1,0,1
0.08991976,1,1,1,1,0,1
0.08992492,1,0,1,1,0,1
0.08992608,1,1,1,1,0,1
0.08992824,1,0,1,1,0,1
0.0899294,1,1,1,1,0,1
0.08993456,1,0,1,1,0,1
0.08993592,1,1,1,1,0,1
0.08993808,1,0,1,1,0,1
0.08993908,1,1,1,1,0,1
0.08994424,1,0,1,1,0,1
0.08994556,1,1,1,1,0,1
0.08994776,1,0,1,1,0,1
0.08994876,1,1,1,1,0,1
0.08995392,1,0,1,1,0,1
0.08995524,1,1,1,1,0,1
0.0899574,1,0,1,1,0,1
0.0899584,1,1,1,1,0,1
0.08996356,1,0,1,1,0,1
0.08996492,1,1,1,1,0,1
0.08996708,1,0,1,1,0,1
0.08996824,1,1,1,1,0,1
0.0899734,1,0,1,1,0,1
0.08997456,1,1,1,1,0,1
0.08997672,1,0,1,1,0,1
0.08997792,1,1,1,1,0,1
0.08998308,1,0,1,1,0,1
0.0899844,1,1,1,1,0,1
0.08998656,1,0,1,1,0,1
0.08998756,1,1,1,1,0,1
0.08999272,1,0,1,1,0,1
0.08999408,1,1,1,1,0,1
0.08999624,1,0,1,1,0,1
0.08999724,1,1,1,1,0,1
0.0900024,1,0,1,1,0,1
0.09000372,1,1,1,1,0,1
0.09000592,1,0,1,1,0,1
0.09000692,1,1,1,1,0,1
0.09001208,1,0,1,1,0,1
0.0900134,1,1,1,1,0,1
0.09001556,1,0,1,1,0,1
0.09001672,1,1,1,1,0,1
0.09002188,1,0,1,1,0,1
0.09002308,1,1,1,1,0,1
0.09002524,1,0,1,1,0,1
0.0900264,1,1,1,1,0,1
0.09003156,1,0,1,1,0,1
0.09003288,1,1,1,1,0,1
0.09003508,1,0,1,1,0,1
0.09003608,1,1,1,1,0,1
0.09004124,1,0,1,1,0,1
0.09004256,1,1,1,1,0,1
0.09004472,1,0,1,1,0,1
0.09004572,1,1,1,1,0,1
0.09005088,1,0,1,1,0,1
0.09005224,1,1,1,1,0,1
0.0900544,1,0,1,1,0,1
0.0900554,1,1,1,1,0,1
0.09006056,1,0,1,1,0,1
0.09006188,1,1,1,1,0,1
0.09006408,1,0,1,1,0,1
0.09006524,1,1,1,1,0,1
0.0900704,1,0,1,1,0,1
0.09007156,1,1,1,1,0,1
0.09007372,1,0,1,1,0,1
0.09007488,1,1,1,1,0,1
0.09008008,1,0,1,1,0,1
0.0900814,1,1,1,1,0,1
0.09008356,1,0,1,1,0,1
0.09008456,1,1,1,1,0,1
0.09008972,1,0,1,1,0,1
0.09009104,1,1,1,1,0,1
0.09009324,1,0,1,1,0,1
0.09009424,1,1,1,1,0,1
0.0900994,1,0,1,1,0,1
0.09010072,1,1,1,1,0,1
0.09010288,1,0,1,1,0,1
0.09010388,1,1,1,1,0,1
0.09010904,1,0,1,1,0,1
0.0901104,1,1,1,1,0,1
0.09011256,1,0,1,1,0,1
0.09011372,1,1,1,1,0,1
0.09011888,1,0,1,1,0,1
0.09012004,1,1,1,1,0,1
0.09012224,1,0,1,1,0,1
0.0901234,1,1,1,1,0,1
0.09012856,1,0,1,1,0,1
0.09012988,1,1,1,1,0,1
0.09013204,1,0,1,1,0,1
0.09013304,1,1,1,1,0,1
0.09013824,1,0,1,1,0,1
0.09013956,1,1,1,1,0,1
0.09014172,1,0,1,1,0,1
0.09014272,1,1,1,1,0,1
0.09014788,1,0,1,1,0,1
0.0901492,1,1,1,1,0,1
0.0901514,1,0,1,1,0,1
0.0901524,1,1,1,1,0,1
0.09015756,1,0,1,1,0,1
0.09015888,1,1,1,1,0,1
0.09016104,1,0,1,1,0,1
0.09016204,1,1,1,1,0,1
0.0901672,1,0,1,1,0,1
0.09016856,1,1,1,1,0,1
0.09017072,1,0,1,1,0,1
0.09017188,1,1,1,1,0,1
0.09017704,1,0,1,1,0,1
0.0901782,1,1,1,1,0,1
0.0901804,1,0,1,1,0,1
0.09018156,1,1,1,1,0,1
0.09018672,1,0,1,1,0,1
0.09018804,1,1,1,1,0,1
0.0901902,1,0,1,1,0,1
0.0901912,1,1,1,1,0,1
0.0901964,1,0,1,1,0,1
0.09019772,1,1,1,1,0,1
0.09019988,1,0,1,1,0,1
0.09020088,1,1,1,1,0,1
0.09020604,1,0,1,1,0,1
0.0902074,1,1,1,1,0,1
0.09020956,1,0,1,1,0,1
0.09021056,1,1,1,1,0,1
0.09021572,1,0,1,1,0,1
0.09021704,1,1,1,1,0,1
0.0902192,1,0,1,1,0,1
0.09022036,1,1,1,1,0,1
0.09022556,1,0,1,1,0,1
0.09022672,1,1,1,1,0,1
0.09022888,1,0,1,1,0,1
0.09023004,1,1,1,1,0,1
0.0902352,1,0,1,1,0,1
0.09023656,1,1,1,1,0,1
0.09023872,1,0,1,1,0,1
0.09023972,1,1,1,1,0,1
0.09024488,1,0,1,1,0,1
0.0902462,1,1,1,1,0,1
0.09024836,1,0,1,1,0,1
0.09024936,1,1,1,1,0,1
0.09025456,1,0,1,1,0,1
0.09025588,1,1,1,1,0,1
0.09025804,1,0,1,1,0,1
0.09025904,1,1,1,1,0,1
0.0902642,1,0,1,1,0,1
0.09026556,1,1,1,1,0,1
0.09026772,1,0,1,1,0,1
0.09026888,1,1,1,1,0,1
0.09027404,1,0,1,1,0,1
0.0902752,1,1,1,1,0,1
0.09027736,1,0,1,1,0,1
0.09027852,1,1,1,1,0,1
0.09028372,1,0,1,1,0,1
0.09028504,1,1,1,1,0,1
0.0902872,1,0,1,1,0,1
0.0902882,1,1,1,1,0,1
0.09029336,1,0,1,1,0,1
0.09029472,1,1,1,1,0,1
0.09029688,1,0,1,1,0,1
0.09029788,1,1,1,1,0,1
0.09030304,1,0,1,1,0,1
0.09030436,1,1,1,1,0,1
0.09030652,1,0,1,1,0,1
0.09030752,1,1,1,1,0,1
0.09031272,1,0,1,1,0,1
0.09031404,1,1,1,1,0,1
0.0903162,1,0,1,1,0,1
0.09031736,1,1,1,1,0,1
0.09032252,1,0,1,1,0,1
0.09032372,1,1,1,1,0,1
0.09032588,1,0,1,1,0,1
0.09032704,1,1,1,1,0,1
0.0903322,1,0,1,1,0,1
0.09033352,1,1,1,1,0,1
0.09033572,1,0,1,1,0,1
0.09033672,1,1,1,1,0,1
0.09034188,1,0,1,1,0,1
0.0903432,1,1,1,1,0,1
0.09034536,1,0,1,1,0,1
0.09034636,1,1,1,1,0,1
0.09035152,1,0,1,1,0,1
0.09035288,1,1,1,1,0,1
0.09035504,1,0,1,1,0,1
0.09035604,1,1,1,1,0,1
0.0903612,1,0,1,1,0,1
0.09036252,1,1,1,1,0,1
0.09036468,1,0,1,1,0,1
0.09036568,1,1,1,1,0,1
0.09037088,1,0,1,1,0,1
0.0903722,1,1,1,1,0,1
0.09037436,1,0,1,1,0,1
0.09037552,1,1,1,1,0,1
0.09038068,1,0,1,1,0,1
0.09038188,1,1,1,1,0,1
0.09038404,1,0,1,1,0,1
0.0903852,1,1,1,1,0,1
0.09039036,1,0,1,1,0,1
0.09039168,1,1,1,1,0,1
0.09039388,1,0,1,1,0,1
0.09039488,1,1,1,1,0,1
0.09040004,1,0,1,1,0,1
0.09040136,1,1,1,1,0,1
0.09040352,1,0,1,1,0,1
0.09040452,1,1,1,1,0,1
0.09040968,1,0,1,1,0,1
0.09041104,1,1,1,1,0,1
0.0904132,1,0,1,1,0,1
0.0904142,1,1,1,1,0,1
0.09041936,1,0,1,1,0,1
0.09042068,1,1,1,1,0,1
0.09042284,1,0,1,1,0,1
0.09042404,1,1,1,1,0,1
0.0904292,1,0,1,1,0,1
0.09043036,1,1,1,1,0,1
0.09043252,1,0,1,1,0,1
0.09043368,1,1,1,1,0,1
0.09043884,1,0,1,1,0,1
0.0904402,1,1,1,1,0,1
0.09044236,1,0,1,1,0,1
0.09044336,1,1,1,1,0,1
0.09044852,1,0,1,1,0,1
0.09044984,1,1,1,1,0,1
0.09045204,1,0,1,1,0,1
0.09045304,1,1,1,1,0,1
0.0904582,1,0,1,1,0,1
0.09045952,1,1,1,1,0,1
0.09046168,1,0,1,1,0,1
0.09046268,1,1,1,1,0,1
0.09046784,1,0,1,1,0,1
0.0904692,1,1,1,1,0,1
0.09047136,1,0,1,1,0,1
0.09047252,1,1,1,1,0,1
0.09047768,1,0,1,1,0,1
0.09047884,1,1,1,1,0,1
0.090481,1,0,1,1,0,1
0.0904822,1,1,1,1,0,1
0.09048736,1,0,1,1,0,1
0.09048868,1,1,1,1,0,1
0.09049084,1,0,1,1,0,1
0.09049184,1,1,1,1,0,1
0.090497,1,0,1,1,0,1
0.09049836,1,1,1,1,0,1
0.09050052,1,0,1,1,0,1
0.09050152,1,1,1,1,0,1
0.09050668,1,0,1,1,0,1
0.090508,1,1,1,1,0,1
0.0905102,1,0,1,1,0,1
0.0905112,1,1,1,1,0,1
0.09051636,1,0,1,1,0,1
0.09051768,1,1,1,1,0,1
0.09051984,1,0,1,1,0,1
0.090521,1,1,1,1,0,1
0.0905262,1,0,1,1,0,1
0.09052736,1,1,1,1,0,1
0.09052952,1,0,1,1,0,1
0.09053068,1,1,1,1,0,1
0.09053584,1,0,1,1,0,1
0.0905372,1,1,1,1,0,1
0.09053936,1,0,1,1,0,1
0.09054036,1,1,1,1,0,1
0.09054552,1,0,1,1,0,1
0.09054684,1,1,1,1,0,1
0.090549,1,0,1,1,0,1
0.09055,1,1,1,1,0,1
0.09055516,1,0,1,1,0,1
0.09055652,1,1,1,1,0,1
0.09055868,1,0,1,1,0,1
0.09055968,1,1,1,1,0,1
0.09056484,1,0,1,1,0,1
0.09056616,1,1,1,1,0,1
0.09056836,1,0,1,1,0,1
0.09056936,1,1,1,1,0,1
0.09057452,1,0,1,1,0,1
0.09057584,1,1,1,1,0,1
0.090578,1,0,1,1,0,1
0.09057916,1,1,1,1,0,1
0.09058436,1,0,1,1,0,1
0.09058552,1,1,1,1,0,1
0.09058768,1,0,1,1,0,1
0.09058884,1,1,1,1,0,1
0.090594,1,0,1,1,0,1
0.09059536,1,1,1,1,0,1
0.09059752,1,0,1,1,0,1
0.09059852,1,1,1,1,0,1
0.09060368,1,0,1,1,0,1
0.090605,1,1,1,1,0,1
0.09060716,1,0,1,1,0,1
0.09060816,1,1,1,1,0,1
0.09061332,1,0,1,1,0,1
0.09061468,1,1,1,1,0,1
0.09061684,1,0,1,1,0,1
0.09061784,1,1,1,1,0,1
0.090623,1,0,1,1,0,1
0.09062432,1,1,1,1,0,1
0.09062652,1,0,1,1,0,1
0.09062768,1,1,1,1,0,1
0.09063284,1,0,1,1,0,1
0.090634,1,1,1,1,0,1
0.09063616,1,0,1,1,0,1
0.09063732,1,1,1,1,0,1
0.09064252,1,0,1,1,0,1
0.09064384,1,1,1,1,0,1
0.090646,1,0,1,1,0,1
0.090647,1,1,1,1,0,1
0.09065216,1,0,1,1,0,1
0.09065352,1,1,1,1,0,1
0.09065568,1,0,1,1,0,1
0.09065668,1,1,1,1,0,1
0.09066184,1,0,1,1,0,1
0.09066316,1,1,1,1,0,1
0.09066532,1,0,1,1,0,1
0.09066632,1,1,1,1,0,1
0.09067148,1,0,1,1,0,1
0.09067284,1,1,1,1,0,1
0.090675,1,0,1,1,0,1
0.09067616,1,1,1,1,0,1
0.09068132,1,0,1,1,0,1
0.09068248,1,1,1,1,0,1
0.09068468,1,0,1,1,0,1
0.09068584,1,1,1,1,0,1
0.090691,1,0,1,1,0,1
0.09069232,1,1,1,1,0,1
0.09069448,1,0,1,1,0,1
0.09069548,1,1,1,1,0,1
0.09070068,1,0,1,1,0,1
0.090702,1,1,1,1,0,1
0.09070416,1,0,1,1,0,1
0.09070516,1,1,1,1,0,1
0.09071032,1,0,1,1,0,1
0.09071168,1,1,1,1,0,1
0.09071384,1,0,1,1,0,1
0.09071484,1,1,1,1,0,1
0.09072,1,0,1,1,0,1
0.09072132,1,1,1,1,0,1
0.09072348,1,0,1,1,0,1
0.09072468,1,1,1,1,0,1
0.09072984,1,0,1,1,0,1
0.090731,1,1,1,1,0,1
0.09073316,1,0,1,1,0,1
0.09073432,1,1,1,1,0,1
0.09073948,1,0,1,1,0,1
0.09074084,1,1,1,1,0,1
0.090743,1,0,1,1,0,1
0.090744,1,1,1,1,0,1
0.09074916,1,0,1,1,0,1
0.09075048,1,1,1,1,0,1
0.09075264,1,0,1,1,0,1
0.09075364,1,1,1,1,0,1
0.09075884,1,0,1,1,0,1
0.09076016,1,1,1,1,0,1
0.09076232,1,0,1,1,0,1
0.09076332,1,1,1,1,0,1
0.09076848,1,0,1,1,0,1
0.09076984,1,1,1,1,0,1
0.090772,1,0,1,1,0,1
0.09077316,1,1,1,1,0,1
0.09077832,1,0,1,1,0,1
0.09077948,1,1,1,1,0,1
0.09078164,1,0,1,1,0,1
0.09078284,1,1,1,1,0,1
0.090788,1,0,1,1,0,1
0.09078916,1,1,1,1,0,1
0.09079132,1,0,1,1,0,1
0.09079248,1,1,1,1,0,1
0.09079764,1,0,1,1,0,1
0.090799,1,1,1,1,0,1
0.09080116,1,0,1,1,0,1
0.09080216,1,1,1,1,0,1
0.09080732,1,0,1,1,0,1
0.09080864,1,1,1,1,0,1
0.0908108,1,0,1,1,0,1
0.0908118,1,1,1,1,0,1
0.090817,1,0,1,1,0,1
0.09081832,1,1,1,1,0,1
0.09082048,1,0,1,1,0,1
0.09082148,1,1,1,1,0,1
0.09082664,1,0,1,1,0,1
0.090828,1,1,1,1,0,1
0.09083016,1,0,1,1,0,1
0.09083132,1,1,1,1,0,1
0.09083648,1,0,1,1,0,1
0.09083764,1,1,1,1,0,1
0.0908398,1,0,1,1,0,1
0.090841,1,1,1,1,0,1
0.09084616,1,0,1,1,0,1
0.09084748,1,1,1,1,0,1
0.09084964,1,0,1,1,0,1
0.09085064,1,1,1,1,0,1
0.0908558,1,0,1,1,0,1
0.09085716,1,1,1,1,0,1
0.09085932,1,0,1,1,0,1
0.09086032,1,1,1,1,0,1
0.09086548,1,0,1,1,0,1
0.0908668,1,1,1,1,0,1
0.09086896,1,0,1,1,0,1
0.09086996,1,1,1,1,0,1
0.09087516,1,0,1,1,0,1
0.09087648,1,1,1,1,0,1
0.09087864,1,0,1,1,0,1
0.0908798,1,1,1,1,0,1
0.09088496,1,0,1,1,0,1
0.09088616,1,1,1,1,0,1
0.09088832,1,0,1,1,0,1
0.09088948,1,1,1,1,0,1
0.09089464,1,0,1,1,0,1
0.09089596,1,1,1,1,0,1
0.09089816,1,0,1,1,0,1
0.09089916,1,1,1,1,0,1
0.09090432,1,0,1,1,0,1
0.09090564,1,1,1,1,0,1
0.0909078,1,0,1,1,0,1
0.0909088,1,1,1,1,0,1
0.09091396,1,0,1,1,0,1
0.09091532,1,1,1,1,0,1
0.09091748,1,0,1,1,0,1
0.09091848,1,1,1,1,0,1
0.09092364,1,0,1,1,0,1
0.09092496,1,1,1,1,0,1
0.09092716,1,0,1,1,0,1
0.09092832,1,1,1,1,0,1
0.09093348,1,0,1,1,0,1
0.09093464,1,1,1,1,0,1
0.0909368,1,0,1,1,0,1
0.09093796,1,1,1,1,0,1
0.09094312,1,0,1,1,0,1
0.09094448,1,1,1,1,0,1
0.09094664,1,0,1,1,0,1
0.09094764,1,1,1,1,0,1
0.0909528,1,0,1,1,0,1
0.09095412,1,1,1,1,0,1
0.09095632,1,0,1,1,0,1
0.09095732,1,1,1,1,0,1
0.09096248,1,0,1,1,0,1
0.0909638,1,1,1,1,0,1
0.09096596,1,0,1,1,0,1
0.09096696,1,1,1,1,0,1
0.09097212,1,0,1,1,0,1
0.09097348,1,1,1,1,0,1
0.09097564,1,0,1,1,0,1
0.0909768,1,1,1,1,0,1
0.09098196,1,0,1,1,0,1
0.09098312,1,1,1,1,0,1
0.09098532,1,0,1,1,0,1
0.09098648,1,1,1,1,0,1
0.09099164,1,0,1,1,0,1
0.09099296,1,1,1,1,0,1
0.09099512,1,0,1,1,0,1
0.09099612,1,1,1,1,0,1
0.09100128,1,0,1,1,0,1
0.09100264,1,1,1,1,0,1
0.0910048,1,0,1,1,0,1
0.0910058,1,1,1,1,0,1
0.09101096,1,0,1,1,0,1
0.09101228,1,1,1,1,0,1
0.09101448,1,0,1,1,0,1
0.09101548,1,1,1,1,0,1
0.09102064,1,0,1,1,0,1
0.09102196,1,1,1,1,0,1
0.09102412,1,0,1,1,0,1
0.09102512,1,1,1,1,0,1
0.09103028,1,0,1,1,0,1
0.09103164,1,1,1,1,0,1
0.0910338,1,0,1,1,0,1
0.09103496,1,1,1,1,0,1
0.09104012,1,0,1,1,0,1
0.09104128,1,1,1,1,0,1
0.09104348,1,0,1,1,0,1
0.09104464,1,1,1,1,0,1
0.0910498,1,0,1,1,0,1
0.09105112,1,1,1,1,0,1
0.09105328,1,0,1,1,0,1
0.09105428,1,1,1,1,0,1
0.09105948,1,0,1,1,0,1
0.0910608,1,1,1,1,0,1
0.09106296,1,0,1,1,0,1
0.09106396,1,1,1,1,0,1
0.09106912,1,0,1,1,0,1
0.09107044,1,1,1,1,0,1
0.09107264,1,0,1,1,0,1
0.09107364,1,1,1,1,0,1
0.0910788,1,0,1,1,0,1
0.09108012,1,1,1,1,0,1
0.09108228,1,0,1,1,0,1
0.09108344,1,1,1,1,0,1
0.09108864,1,0,1,1,0,1
0.0910898,1,1,1,1,0,1
0.09109196,1,0,1,1,0,1
0.09109312,1,1,1,1,0,1
0.09109828,1,0,1,1,0,1
0.09109964,1,1,1,1,0,1
0.0911018,1,0,1,1,0,1
0.0911028,1,1,1,1,0,1
0.09110796,1,0,1,1,0,1
0.09110928,1,1,1,1,0,1
0.09111144,1,0,1,1,0,1
0.09111244,1,1,1,1,0,1
0.09111764,1,0,1,1,0,1
0.09111896,1,1,1,1,0,1
0.09112112,1,0,1,1,0,1
0.09112212,1,1,1,1,0,1
0.09112728,1,0,1,1,0,1
0.0911286,1,1,1,1,0,1
0.0911308,1,0,1,1,0,1
0.09113196,1,1,1,1,0,1
0.09113712,1,0,1,1,0,1
0.09113828,1,1,1,1,0,1
0.09114044,1,0,1,1,0,1
0.0911416,1,1,1,1,0,1
0.0911468,1,0,1,1,0,1
0.09114812,1,1,1,1,0,1
0.09115028,1,0,1,1,0,1
0.09115128,1,1,1,1,0,1
0.09115644,1,0,1,1,0,1
0.0911578,1,1,1,1,0,1
0.09115996,1,0,1,1,0,1
0.09116096,1,1,1,1,0,1
0.09116612,1,0,1,1,0,1
0.09116744,1,1,1,1,0,1
0.0911696,1,0,1,1,0,1
0.0911706,1,1,1,1,0,1
0.0911758,1,0,1,1,0,1
0.09117712,1,1,1,1,0,1
0.09117928,1,0,1,1,0,1
0.09118044,1,1,1,1,0,1
0.0911856,1,0,1,1,0,1
0.0911868,1,1,1,1,0,1
0.09118896,1,0,1,1,0,1
0.09119012,1,1,1,1,0,1
0.09119528,1,0,1,1,0,1
0.0911966,1,1,1,1,0,1
0.09119876,1,0,1,1,0,1
0.09119976,1,1,1,1,0,1
0.09120496,1,0,1,1,0,1
0.09120628,1,1,1,1,0,1
0.09120844,1,0,1,1,0,1
0.09120944,1,1,1,1,0,1
0.0912146,1,0,1,1,0,1
0.09121596,1,1,1,1,0,1
0.09121812,1,0,1,1,0,1
0.09121912,1,1,1,1,0,1
0.09122428,1,0,1,1,0,1
0.0912256,1,1,1,1,0,1
0.09122776,1,0,1,1,0,1
0.09122876,1,1,1,1,0,1
0.09123396,1,0,1,1,0,1
0.09123528,1,1,1,1,0,1
0.09123744,1,0,1,1,0,1
0.0912386,1,1,1,1,0,1
0.09124376,1,0,1,1,0,1
0.09124496,1,1,1,1,0,1
0.09124712,1,0,1,1,0,1
0.09124828,1,1,1,1,0,1
0.09125344,1,0,1,1,0,1
0.09125476,1,1,1,1,0,1
0.09125692,1,0,1,1,0,1
0.09125792,1,1,1,1,0,1
0.09126312,1,0,1,1,0,1
0.09126444,1,1,1,1,0,1
0.0912666,1,0,1,1,0,1
0.0912676,1,1,1,1,0,1
0.09127276,1,0,1,1,0,1
0.09127412,1,1,1,1,0,1
0.09127628,1,0,1,1,0,1
0.09127728,1,1,1,1,0,1
0.09128244,1,0,1,1,0,1
0.09128376,1,1,1,1,0,1
0.09128592,1,0,1,1,0,1
0.09128712,1,1,1,1,0,1
0.09129228,1,0,1,1,0,1
0.09129344,1,1,1,1,0,1
0.0912956,1,0,1,1,0,1
0.09129676,1,1,1,1,0,1
0.09130192,1,0,1,1,0,1
0.09130328,1,1,1,1,0,1
0.09130544,1,0,1,1,0,1
0.09130644,1,1,1,1,0,1
0.0913116,1,0,1,1,0,1
0.09131292,1,1,1,1,0,1
0.09131512,1,0,1,1,0,1
0.09131612,1,1,1,1,0,1
0.09132128,1,0,1,1,0,1
0.0913226,1,1,1,1,0,1
0.09132476,1,0,1,1,0,1
0.09132576,1,1,1,1,0,1
0.09133092,1,0,1,1,0,1
0.09133228,1,1,1,1,0,1
0.09133444,1,0,1,1,0,1
0.0913356,1,1,1,1,0,1
0.09134076,1,0,1,1,0,1
0.09134192,1,1,1,1,0,1
0.09134408,1,0,1,1,0,1
0.09134528,1,1,1,1,0,1
0.09135044,1,0,1,1,0,1
0.09135176,1,1,1,1,0,1
0.09135392,1,0,1,1,0,1
0.09135492,1,1,1,1,0,1
0.09136008,1,0,1,1,0,1
0.09136144,1,1,1,1,0,1
0.0913636,1,0,1,1,0,1
0.0913646,1,1,1,1,0,1
0.09136976,1,0,1,1,0,1
0.09137108,1,1,1,1,0,1
0.09137328,1,0,1,1,0,1
0.09137428,1,1,1,1,0,1
0.09137944,1,0,1,1,0,1
0.09138076,1,1,1,1,0,1
0.09138292,1,0,1,1,0,1
0.09138408,1,1,1,1,0,1
0.09138924,1,0,1,1,0,1
0.09139044,1,1,1,1,0,1
0.0913926,1,0,1,1,0,1
0.09139376,1,1,1,1,0,1
0.09139892,1,0,1,1,0,1
0.09140024,1,1,1,1,0,1
0.09140244,1,0,1,1,0,1
0.09140344,1,1,1,1,0,1
0.0914086,1,0,1,1,0,1
0.09140992,1,1,1,1,0,1
0.09141208,1,0,1,1,0,1
0.09141308,1,1,1,1,0,1
0.09141824,1,0,1,1,0,1
0.0914196,1,1,1,1,0,1
0.09142176,1,0,1,1,0,1
0.09142276,1,1,1,1,0,1
0.09142792,1,0,1,1,0,1
0.09142924,1,1,1,1,0,1
0.09143144,1,0,1,1,0,1
0.0914326,1,1,1,1,0,1
0.09143776,1,0,1,1,0,1
0.09143892,1,1,1,1,0,1
0.09144108,1,0,1,1,0,1
0.09144224,1,1,1,1,0,1
0.09144744,1,0,1,1,0,1
0.0914486,1,1,1,1,0,1
0.09145076,1,0,1,1,0,1
0.09145192,1,1,1,1,0,1
0.09145708,1,0,1,1,0,1
0.0914584,1,1,1,1,0,1
0.0914606,1,0,1,1,0,1
0.0914616,1,1,1,1,0,1
0.09146676,1,0,1,1,0,1
0.09146808,1,1,1,1,0,1
0.09147024,1,0,1,1,0,1
0.09147124,1,1,1,1,0,1
0.0914764,1,0,1,1,0,1
0.09147776,1,1,1,1,0,1
0.09147992,1,0,1,1,0,1
0.09148092,1,1,1,1,0,1
0.09148608,1,0,1,1,0,1
0.0914874,1,1,1,1,0,1
0.0914896,1,0,1,1,0,1
0.09149076,1,1,1,1,0,1
0.09149592,1,0,1,1,0,1
0.09149708,1,1,1,1,0,1
0.09149924,1,0,1,1,0,1
0.0915004,1,1,1,1,0,1
0.0915056,1,0,1,1,0,1
0.09150692,1,1,1,1,0,1
0.09150908,1,0,1,1,0,1
0.09151008,1,1,1,1,0,1
0.09151524,1,0,1,1,0,1
0.09151656,1,1,1,1,0,1
0.09151876,1,0,1,1,0,1
0.09151976,1,1,1,1,0,1
0.09152492,1,0,1,1,0,1
0.09152624,1,1,1,1,0,1
0.0915284,1,0,1,1,0,1
0.0915294,1,1,1,1,0,1
0.09153456,1,0,1,1,0,1
0.09153592,1,1,1,1,0,1
0.09153808,1,0,1,1,0,1
0.09153924,1,1,1,1,0,1
0.0915444,1,0,1,1,0,1
0.09154556,1,1,1,1,0,1
0.09154776,1,0,1,1,0,1
0.09154892,1,1,1,1,0,1
0.09155408,1,0,1,1,0,1
0.0915554,1,1,1,1,0,1
0.09155756,1,0,1,1,0,1
0.09155856,1,1,1,1,0,1
0.09156376,1,0,1,1,0,1
0.09156508,1,1,1,1,0,1
0.09156724,1,0,1,1,0,1
0.09156824,1,1,1,1,0,1
0.0915734,1,0,1,1,0,1
0.09157476,1,1,1,1,0,1
0.09157692,1,0,1,1,0,1
0.09157792,1,1,1,1,0,1
0.09158308,1,0,1,1,0,1
0.0915844,1,1,1,1,0,1
0.09158656,1,0,1,1,0,1
0.09158772,1,1,1,1,0,1
0.09159292,1,0,1,1,0,1
0.09159408,1,1,1,1,0,1
0.09159624,1,0,1,1,0,1
0.0915974,1,1,1,1,0,1
0.09160256,1,0,1,1,0,1
0.09160392,1,1,1,1,0,1
0.09160608,1,0,1,1,0,1
0.09160708,1,1,1,1,0,1
0.09161224,1,0,1,1,0,1
0.09161356,1,1,1,1,0,1
0.09161572,1,0,1,1,0,1
0.09161672,1,1,1,1,0,1
0.09162192,1,0,1,1,0,1
0.09162324,1,1,1,1,0,1
0.0916254,1,0,1,1,0,1
0.0916264,1,1,1,1,0,1
0.09163156,1,0,1,1,0,1
0.09163292,1,1,1,1,0,1
0.09163508,1,0,1,1,0,1
0.09163624,1,1,1,1,0,1
0.0916414,1,0,1,1,0,1
0.09164256,1,1,1,1,0,1
0.09164472,1,0,1,1,0,1
0.09164588,1,1,1,1,0,1
0.09165108,1,0,1,1,0,1
0.0916524,1,1,1,1,0,1
0.09165456,1,0,1,1,0,1
0.09165556,1,1,1,1,0,1
0.09166072,1,0,1,1,0,1
0.09166208,1,1,1,1,0,1
0.09166424,1,0,1,1,0,1
0.09166524,1,1,1,1,0,1
0.0916704,1,0,1,1,0,1
0.09167172,1,1,1,1,0,1
0.09167388,1,0,1,1,0,1
0.09167488,1,1,1,1,0,1
0.09168008,1,0,1,1,0,1
0.0916814,1,1,1,1,0,1
0.09168356,1,0,1,1,0,1
0.09168456,1,1,1,1,0,1
0.09168972,1,0,1,1,0,1
0.09169108,1,1,1,1,0,1
0.09169324,1,0,1,1,0,1
0.0916944,1,1,1,1,0,1
0.09169956,1,0,1,1,0,1
0.09170072,1,1,1,1,0,1
0.09170288,1,0,1,1,0,1
0.09170408,1,1,1,1,0,1
0.09170924,1,0,1,1,0,1
0.09171056,1,1,1,1,0,1
0.09171272,1,0,1,1,0,1
0.09171372,1,1,1,1,0,1
0.09171888,1,0,1,1,0,1
0.09172024,1,1,1,1,0,1
0.0917224,1,0,1,1,0,1
0.0917234,1,1,1,1,0,1
0.09172856,1,0,1,1,0,1
0.09172988,1,1,1,1,0,1
0.09173204,1,0,1,1,0,1
0.09173304,1,1,1,1,0,1
0.09173824,1,0,1,1,0,1
0.09173956,1,1,1,1,0,1
0.09174172,1,0,1,1,0,1
0.09174288,1,1,1,1,0,1
0.09174804,1,0,1,1,0,1
0.09174924,1,1,1,1,0,1
0.0917514,1,0,1,1,0,1
0.09175256,1,1,1,1,0,1
0.09175772,1,0,1,1,0,1
0.09175904,1,1,1,1,0,1
0.09176124,1,0,1,1,0,1
0.09176224,1,1,1,1,0,1
0.0917674,1,0,1,1,0,1
0.09176872,1,1,1,1,0,1
0.09177088,1,0,1,1,0,1
0.09177188,1,1,1,1,0,1
0.09177704,1,0,1,1,0,1
0.0917784,1,1,1,1,0,1
0.09178056,1,0,1,1,0,1
0.09178156,1,1,1,1,0,1
0.09178672,1,0,1,1,0,1
0.09178804,1,1,1,1,0,1
0.0917902,1,0,1,1,0,1
0.0917914,1,1,1,1,0,1
0.09179656,1,0,1,1,0,1
0.09179772,1,1,1,1,0,1
0.09179988,1,0,1,1,0,1
0.09180104,1,1,1,1,0,1
0.0918062,1,0,1,1,0,1
0.09180756,1,1,1,1,0,1
0.09180972,1,0,1,1,0,1
0.09181072,1,1,1,1,0,1
0.09181588,1,0,1,1,0,1
0.0918172,1,1,1,1,0,1
0.0918194,1,0,1,1,0,1
0.0918204,1,1,1,1,0,1
0.09182556,1,0,1,1,0,1
0.09182688,1,1,1,1,0,1
0.09182904,1,0,1,1,0,1
0.09183004,1,1,1,1,0,1
0.0918352,1,0,1,1,0,1
0.09183656,1,1,1,1,0,1
0.09183872,1,0,1,1,0,1
0.09183988,1,1,1,1,0,1
0.09184504,1,0,1,1,0,1
0.0918462,1,1,1,1,0,1
0.09184836,1,0,1,1,0,1
0.09184956,1,1,1,1,0,1
0.09185472,1,0,1,1,0,1
0.09185604,1,1,1,1,0,1
0.0918582,1,0,1,1,0,1
0.0918592,1,1,1,1,0,1
0.09186436,1,0,1,1,0,1
0.09186572,1,1,1,1,0,1
0.09186788,1,0,1,1,0,1
0.09186888,1,1,1,1,0,1
0.09187404,1,0,1,1,0,1
0.09187536,1,1,1,1,0,1
0.09187756,1,0,1,1,0,1
0.09187856,1,1,1,1,0,1
0.09188372,1,0,1,1,0,1
0.09188504,1,1,1,1,0,1
0.0918872,1,0,1,1,0,1
0.0918882,1,1,1,1,0,1
0.09189336,1,0,1,1,0,1
0.09189472,1,1,1,1,0,1
0.09189688,1,0,1,1,0,1
0.09189804,1,1,1,1,0,1
0.0919032,1,0,1,1,0,1
0.09190436,1,1,1,1,0,1
0.09190656,1,0,1,1,0,1
0.09190772,1,1,1,1,0,1
0.09191288,1,0,1,1,0,1
0.0919142,1,1,1,1,0,1
0.09191636,1,0,1,1,0,1
0.09191736,1,1,1,1,0,1
0.09192252,1,0,1,1,0,1
0.09192388,1,1,1,1,0,1
0.09192604,1,0,1,1,0,1
0.09192704,1,1,1,1,0,1
0.0919322,1,0,1,1,0,1
0.09193352,1,1,1,1,0,1
0.09193572,1,0,1,1,0,1
0.09193672,1,1,1,1,0,1
0.09194188,1,0,1,1,0,1
0.0919432,1,1,1,1,0,1
0.09194536,1,0,1,1,0,1
0.09194652,1,1,1,1,0,1
0.09195172,1,0,1,1,0,1
0.09195288,1,1,1,1,0,1
0.09195504,1,0,1,1,0,1
0.0919562,1,1,1,1,0,1
0.09196136,1,0,1,1,0,1
0.09196272,1,1,1,1,0,1
0.09196488,1,0,1,1,0,1
0.09196588,1,1,1,1,0,1
0.09197104,1,0,1,1,0,1
0.09197236,1,1,1,1,0,1
0.09197452,1,0,1,1,0,1
0.09197552,1,1,1,1,0,1
0.09198068,1,0,1,1,0,1
0.09198204,1,1,1,1,0,1
0.0919842,1,0,1,1,0,1
0.0919852,1,1,1,1,0,1
0.09199036,1,0,1,1,0,1
0.09199168,1,1,1,1,0,1
0.09199388,1,0,1,1,0,1
0.09199504,1,1,1,1,0,1
0.0920002,1,0,1,1,0,1
0.09200136,1,1,1,1,0,1
0.09200352,1,0,1,1,0,1
0.09200468,1,1,1,1,0,1
0.09200988,1,0,1,1,0,1
0.0920112,1,1,1,1,0,1
0.09201336,1,0,1,1,0,1
0.09201436,1,1,1,1,0,1
0.09201952,1,0,1,1,0,1
0.09202088,1,1,1,1,0,1
0.09202304,1,0,1,1,0,1
0.09202404,1,1,1,1,0,1
0.0920292,1,0,1,1,0,1
0.09203052,1,1,1,1,0,1
0.09203268,1,0,1,1,0,1
0.09203368,1,1,1,1,0,1
0.09203884,1,0,1,1,0,1
0.0920402,1,1,1,1,0,1
0.09204236,1,0,1,1,0,1
0.09204352,1,1,1,1,0,1
0.09204868,1,0,1,1,0,1
0.09204984,1,1,1,1,0,1
0.09205204,1,0,1,1,0,1
0.0920532,1,1,1,1,0,1
0.09205836,1,0,1,1,0,1
0.09205968,1,1,1,1,0,1
0.09206184,1,0,1,1,0,1
0.09206284,1,1,1,1,0,1
0.09206804,1,0,1,1,0,1
0.09206936,1,1,1,1,0,1
0.09207152,1,0,1,1,0,1
0.09207252,1,1,1,1,0,1
0.09207768,1,0,1,1,0,1
0.09207904,1,1,1,1,0,1
0.0920812,1,0,1,1,0,1
0.0920822,1,1,1,1,0,1
0.09208736,1,0,1,1,0,1
0.09208868,1,1,1,1,0,1
0.09209084,1,0,1,1,0,1
0.09209184,1,1,1,1,0,1
0.09209704,1,0,1,1,0,1
0.09209836,1,1,1,1,0,1
0.09210052,1,0,1,1,0,1
0.09210168,1,1,1,1,0,1
0.09210684,1,0,1,1,0,1
0.092108,1,1,1,1,0,1
0.0921102,1,0,1,1,0,1
0.09211136,1,1,1,1,0,1
0.09211652,1,0,1,1,0,1
0.09211784,1,1,1,1,0,1
0.09212,1,0,1,1,0,1
0.092121,1,1,1,1,0,1
0.0921262,1,0,1,1,0,1
0.09212752,1,1,1,1,0,1
0.09212968,1,0,1,1,0,1
0.09213068,1,1,1,1,0,1
0.09213584,1,0,1,1,0,1
0.0921372,1,1,1,1,0,1
0.09213936,1,0,1,1,0,1
0.09214036,1,1,1,1,0,1
0.09214552,1,0,1,1,0,1
0.09214684,1,1,1,1,0,1
0.092149,1,0,1,1,0,1
0.0921502,1,1,1,1,0,1
0.09215536,1,0,1,1,0,1
0.09215652,1,1,1,1,0,1
0.09215868,1,0,1,1,0,1
0.09215984,1,1,1,1,0,1
0.092165,1,0,1,1,0,1
0.09216636,1,1,1,1,0,1
0.09216852,1,0,1,1,0,1
0.09216952,1,1,1,1,0,1
0.09217468,1,0,1,1,0,1
0.092176,1,1,1,1,0,1
0.09217816,1,0,1,1,0,1
0.09217916,1,1,1,1,0,1
0.09218436,1,0,1,1,0,1
0.09218568,1,1,1,1,0,1
0.09218784,1,0,1,1,0,1
0.09218884,1,1,1,1,0,1
0.092194,1,0,1,1,0,1
0.09219536,1,1,1,1,0,1
0.09219752,1,0,1,1,0,1
0.09219868,1,1,1,1,0,1
0.09220384,1,0,1,1,0,1
0.092205,1,1,1,1,0,1
0.09220716,1,0,1,1,0,1
0.09220836,1,1,1,1,0,1
0.09221352,1,0,1,1,0,1
0.09221484,1,1,1,1,0,1
0.092217,1,0,1,1,0,1
0.092218,1,1,1,1,0,1
0.09222316,1,0,1,1,0,1
0.09222452,1,1,1,1,0,1
0.09222668,1,0,1,1,0,1
0.09222768,1,1,1,1,0,1
0.09223284,1,0,1,1,0,1
0.09223416,1,1,1,1,0,1
0.09223632,1,0,1,1,0,1
0.09223732,1,1,1,1,0,1
0.09224252,1,0,1,1,0,1
0.09224384,1,1,1,1,0,1
0.092246,1,0,1,1,0,1
0.09224716,1,1,1,1,0,1
0.09225232,1,0,1,1,0,1
0.09225352,1,1,1,1,0,1
0.09225568,1,0,1,1,0,1
0.09225684,1,1,1,1,0,1
0.092262,1,0,1,1,0,1
0.09226332,1,1,1,1,0,1
0.09226552,1,0,1,1,0,1
0.09226652,1,1,1,1,0,1
0.09227168,1,0,1,1,0,1
0.092273,1,1,1,1,0,1
0.09227516,1,0,1,1,0,1
0.09227616,1,1,1,1,0,1
0.09228132,1,0,1,1,0,1
0.09228268,1,1,1,1,0,1
0.09228484,1,0,1,1,0,1
0.09228584,1,1,1,1,0,1
0.092291,1,0,1,1,0,1
0.09229232,1,1,1,1,0,1
0.09229452,1,0,1,1,0,1
0.09229568,1,1,1,1,0,1
0.09230084,1,0,1,1,0,1
0.092302,1,1,1,1,0,1
0.09230416,1,0,1,1,0,1
0.09230532,1,1,1,1,0,1
0.09231048,1,0,1,1,0,1
0.09231168,1,1,1,1,0,1
0.09231384,1,0,1,1,0,1
0.092315,1,1,1,1,0,1
0.09232016,1,0,1,1,0,1
0.09232148,1,1,1,1,0,1
0.09232368,1,0,1,1,0,1
0.09232468,1,1,1,1,0,1
0.09232984,1,0,1,1,0,1
0.09233116,1,1,1,1,0,1
0.09233332,1,0,1,1,0,1
0.09233432,1,1,1,1,0,1
0.09233948,1,0,1,1,0,1
0.09234084,1,1,1,1,0,1
0.092343,1,0,1,1,0,1
0.092344,1,1,1,1,0,1
0.09234916,1,0,1,1,0,1
0.09235048,1,1,1,1,0,1
0.09235268,1,0,1,1,0,1
0.09235384,1,1,1,1,0,1
0.092359,1,0,1,1,0,1
0.09236016,1,1,1,1,0,1
0.09236232,1,0,1,1,0,1
0.09236348,1,1,1,1,0,1
0.09236864,1,0,1,1,0,1
0.09237,1,1,1,1,0,1
0.09237216,1,0,1,1,0,1
0.09237316,1,1,1,1,0,1
0.09237832,1,0,1,1,0,1
0.09237964,1,1,1,1,0,1
0.09238184,1,0,1,1,0,1
0.09238284,1,1,1,1,0,1
0.092388,1,0,1,1,0,1
0.09238932,1,1,1,1,0,1
0.09239148,1,0,1,1,0,1
0.09239248,1,1,1,1,0,1
0.09239764,1,0,1,1,0,1
0.092399,1,1,1,1,0,1
0.09240116,1,0,1,1,0,1
0.09240232,1,1,1,1,0,1
0.09240748,1,0,1,1,0,1
0.09240864,1,1,1,1,0,1
0.09241084,1,0,1,1,0,1
0.092412,1,1,1,1,0,1
0.09241716,1,0,1,1,0,1
0.09241848,1,1,1,1,0,1
0.09242064,1,0,1,1,0,1
0.09242164,1,1,1,1,0,1
0.09242684,1,0,1,1,0,1
0.09242816,1,1,1,1,0,1
0.09243032,1,0,1,1,0,1
0.09243132,1,1,1,1,0,1
0.09243648,1,0,1,1,0,1
0.0924378,1,1,1,1,0,1
0.09244,1,0,1,1,0,1
0.092441,1,1,1,1,0,1
0.09244616,1,0,1,1,0,1
0.09244748,1,1,1,1,0,1
0.09244964,1,0,1,1,0,1
0.0924508,1,1,1,1,0,1
0.092456,1,0,1,1,0,1
0.09245716,1,1,1,1,0,1
0.09245932,1,0,1,1,0,1
0.09246048,1,1,1,1,0,1
0.09246564,1,0,1,1,0,1
0.092467,1,1,1,1,0,1
0.09246916,1,0,1,1,0,1
0.09247016,1,1,1,1,0,1
0.09247532,1,0,1,1,0,1
0.09247664,1,1,1,1,0,1
0.0924788,1,0,1,1,0,1
0.0924798,1,1,1,1,0,1
0.092485,1,0,1,1,0,1
0.09248632,1,1,1,1,0,1
0.09248848,1,0,1,1,0,1
0.09248948,1,1,1,1,0,1
0.09249464,1,0,1,1,0,1
0.09249596,1,1,1,1,0,1
0.09249816,1,0,1,1,0,1
0.09249932,1,1,1,1,0,1
0.09250448,1,0,1,1,0,1
0.09250564,1,1,1,1,0,1
0.0925078,1,0,1,1,0,1
0.09250896,1,1,1,1,0,1
0.09251416,1,0,1,1,0,1
0.09251548,1,1,1,1,0,1
0.09251764,1,0,1,1,0,1
0.09251864,1,1,1,1,0,1
0.0925238,1,0,1,1,0,1
0.09252516,1,1,1,1,0,1
0.09252732,1,0,1,1,0,1
0.09252832,1,1,1,1,0,1
0.09253348,1,0,1,1,0,1
0.0925348,1,1,1,1,0,1
0.09253696,1,0,1,1,0,1
0.09253796,1,1,1,1,0,1
0.09254316,1,0,1,1,0,1
0.09254448,1,1,1,1,0,1
0.09254664,1,0,1,1,0,1
0.09254764,1,1,1,1,0,1
0.0925528,1,0,1,1,0,1
0.09255416,1,1,1,1,0,1
0.09255632,1,0,1,1,0,1
0.09255748,1,1,1,1,0,1
0.09256264,1,0,1,1,0,1
0.0925638,1,1,1,1,0,1
0.09256596,1,0,1,1,0,1
0.09256712,1,1,1,1,0,1
0.09257232,1,0,1,1,0,1
0.09257364,1,1,1,1,0,1
0.0925758,1,0,1,1,0,1
0.0925768,1,1,1,1,0,1
0.09258196,1,0,1,1,0,1
0.09258332,1,1,1,1,0,1
0.09258548,1,0,1,1,0,1
0.09258648,1,1,1,1,0,1
0.09259164,1,0,1,1,0,1
0.09259296,1,1,1,1,0,1
0.09259512,1,0,1,1,0,1
0.09259612,1,1,1,1,0,1
0.09260132,1,0,1,1,0,1
0.09260264,1,1,1,1,0,1
0.0926048,1,0,1,1,0,1
0.09260596,1,1,1,1,0,1
0.09261112,1,0,1,1,0,1
0.09261232,1,1,1,1,0,1
0.09261448,1,0,1,1,0,1
0.09261564,1,1,1,1,0,1
0.0926208,1,0,1,1,0,1
0.09262212,1,1,1,1,0,1
0.09262432,1,0,1,1,0,1
0.09262528,1,1,1,1,0,1
0.09263048,1,0,1,1,0,1
0.0926318,1,1,1,1,0,1
0.09263396,1,0,1,1,0,1
0.09263496,1,1,1,1,0,1
0.09264012,1,0,1,1,0,1
0.09264148,1,1,1,1,0,1
0.09264364,1,0,1,1,0,1
0.09264464,1,1,1,1,0,1
0.0926498,1,0,1,1,0,1
0.09265112,1,1,1,1,0,1
0.09265328,1,0,1,1,0,1
0.09265448,1,1,1,1,0,1
0.09265964,1,0,1,1,0,1
0.0926608,1,1,1,1,0,1
0.09266296,1,0,1,1,0,1
0.09266412,1,1,1,1,0,1
0.09266928,1,0,1,1,0,1
0.09267064,1,1,1,1,0,1
0.0926728,1,0,1,1,0,1
0.0926738,1,1,1,1,0,1
0.09267896,1,0,1,1,0,1
0.09268028,1,1,1,1,0,1
0.09268248,1,0,1,1,0,1
0.09268348,1,1,1,1,0,1
0.09268864,1,0,1,1,0,1
0.09268996,1,1,1,1,0,1
0.09269212,1,0,1,1,0,1
0.09269312,1,1,1,1,0,1
0.09269828,1,0,1,1,0,1
0.09269964,1,1,1,1,0,1
0.0927018,1,0,1,1,0,1
0.09270296,1,1,1,1,0,1
0.09270812,1,0,1,1,0,1
0.09270928,1,1,1,1,0,1
0.09271144,1,0,1,1,0,1
0.09271264,1,1,1,1,0,1
0.0927178,1,0,1,1,0,1
0.09271912,1,1,1,1,0,1
0.09272128,1,0,1,1,0,1
0.09272228,1,1,1,1,0,1
0.09272744,1,0,1,1,0,1
0.0927288,1,1,1,1,0,1
0.09273096,1,0,1,1,0,1
0.09273196,1,1,1,1,0,1
0.09273712,1,0,1,1,0,1
0.09273844,1,1,1,1,0,1
0.09274064,1,0,1,1,0,1
0.09274164,1,1,1,1,0,1
0.0927468,1,0,1,1,0,1
0.09274812,1,1,1,1,0,1
0.09275028,1,0,1,1,0,1
0.09275128,1,1,1,1,0,1
0.09275644,1,0,1,1,0,1
0.0927578,1,1,1,1,0,1
0.09275996,1,0,1,1,0,1
0.09276112,1,1,1,1,0,1
0.09276628,1,0,1,1,0,1
0.09276744,1,1,1,1,0,1
0.0927696,1,0,1,1,0,1
0.0927708,1,1,1,1,0,1
0.09277596,1,0,1,1,0,1
0.09277728,1,1,1,1,0,1
0.09277944,1,0,1,1,0,1
0.09278044,1,1,1,1,0,1
0.0927856,1,0,1,1,0,1
0.09278696,1,1,1,1,0,1
0.09278912,1,0,1,1,0,1
0.09279012,1,1,1,1,0,1
0.09279528,1,0,1,1,0,1
0.0927966,1,1,1,1,0,1
0.0927988,1,0,1,1,0,1
0.0927998,1,1,1,1,0,1
0.09280496,1,0,1,1,0,1
0.09280628,1,1,1,1,0,1
0.09280844,1,0,1,1,0,1
0.0928096,1,1,1,1,0,1
0.0928148,1,0,1,1,0,1
0.09281596,1,1,1,1,0,1
0.09281812,1,0,1,1,0,1
0.09281928,1,1,1,1,0,1
0.09282444,1,0,1,1,0,1
0.09282576,1,1,1,1,0,1
0.09282796,1,0,1,1,0,1
0.09282896,1,1,1,1,0,1
0.09283412,1,0,1,1,0,1
0.09283544,1,1,1,1,0,1
0.0928376,1,0,1,1,0,1
0.0928386,1,1,1,1,0,1
0.09284376,1,0,1,1,0,1
0.09284512,1,1,1,1,0,1
0.09284728,1,0,1,1,0,1
0.09284828,1,1,1,1,0,1
0.09285344,1,0,1,1,0,1
0.09285476,1,1,1,1,0,1
0.09285696,1,0,1,1,0,1
0.09285812,1,1,1,1,0,1
0.09286328,1,0,1,1,0,1
0.09286444,1,1,1,1,0,1
0.0928666,1,0,1,1,0,1
0.09286776,1,1,1,1,0,1
0.09287296,1,0,1,1,0,1
0.09287428,1,1,1,1,0,1
0.09287644,1,0,1,1,0,1
0.09287744,1,1,1,1,0,1
0.0928826,1,0,1,1,0,1
0.09288392,1,1,1,1,0,1
0.09288612,1,0,1,1,0,1
0.09288712,1,1,1,1,0,1
0.09289228,1,0,1,1,0,1
0.0928936,1,1,1,1,0,1
0.09289576,1,0,1,1,0,1
0.09289676,1,1,1,1,0,1
0.09290192,1,0,1,1,0,1
0.09290328,1,1,1,1,0,1
0.09290544,1,0,1,1,0,1
0.0929066,1,1,1,1,0,1
0.09291176,1,0,1,1,0,1
0.09291292,1,1,1,1,0,1
0.09291512,1,0,1,1,0,1
0.09291628,1,1,1,1,0,1
0.09292144,1,0,1,1,0,1
0.09292276,1,1,1,1,0,1
0.09292492,1,0,1,1,0,1
0.09292592,1,1,1,1,0,1
0.09293112,1,0,1,1,0,1
0.09293244,1,1,1,1,0,1
0.0929346,1,0,1,1,0,1
0.0929356,1,1,1,1,0,1
0.09294076,1,0,1,1,0,1
0.09294212,1,1,1,1,0,1
0.09294428,1,0,1,1,0,1
0.09294528,1,1,1,1,0,1
0.09295044,1,0,1,1,0,1
0.09295176,1,1,1,1,0,1
0.09295392,1,0,1,1,0,1
0.09295492,1,1,1,1,0,1
0.09296008,1,0,1,1,0,1
0.09296144,1,1,1,1,0,1
0.0929636,1,0,1,1,0,1
0.09296476,1,1,1,1,0,1
0.09296992,1,0,1,1,0,1
0.09297108,1,1,1,1,0,1
0.09297328,1,0,1,1,0,1
0.09297444,1,1,1,1,0,1
0.0929796,1,0,1,1,0,1
0.09298092,1,1,1,1,0,1
0.09298308,1,0,1,1,0,1
0.09298408,1,1,1,1,0,1
0.09298928,1,0,1,1,0,1
0.0929906,1,1,1,1,0,1
0.09299276,1,0,1,1,0,1
0.09299376,1,1,1,1,0,1
0.09299892,1,0,1,1,0,1
0.09300028,1,1,1,1,0,1
0.09300244,1,0,1,1,0,1
0.09300344,1,1,1,1,0,1
0.0930086,1,0,1,1,0,1
0.09300992,1,1,1,1,0,1
0.09301208,1,0,1,1,0,1
0.09301324,1,1,1,1,0,1
0.09301844,1,0,1,1,0,1
0.0930196,1,1,1,1,0,1
0.09302176,1,0,1,1,0,1
0.09302292,1,1,1,1,0,1
0.09302808,1,0,1,1,0,1
0.09302944,1,1,1,1,0,1
0.0930316,1,0,1,1,0,1
0.0930326,1,1,1,1,0,1
0.09303776,1,0,1,1,0,1
0.09303908,1,1,1,1,0,1
0.09304124,1,0,1,1,0,1
0.09304224,1,1,1,1,0,1
0.09304744,1,0,1,1,0,1
0.09304876,1,1,1,1,0,1
0.09305092,1,0,1,1,0,1
0.09305192,1,1,1,1,0,1
0.09305708,1,0,1,1,0,1
0.09305844,1,1,1,1,0,1
0.0930606,1,0,1,1,0,1
0.09306176,1,1,1,1,0,1
0.09306692,1,0,1,1,0,1
0.09306808,1,1,1,1,0,1
0.09307024,1,0,1,1,0,1
0.09307144,1,1,1,1,0,1
0.0930766,1,0,1,1,0,1
0.09307792,1,1,1,1,0,1
0.09308008,1,0,1,1,0,1
0.09308108,1,1,1,1,0,1
0.09308624,1,0,1,1,0,1
0.0930876,1,1,1,1,0,1
0.09308976,1,0,1,1,0,1
0.09309076,1,1,1,1,0,1
0.09309592,1,0,1,1,0,1
0.09309724,1,1,1,1,0,1
0.0930994,1,0,1,1,0,1
0.0931004,1,1,1,1,0,1
0.0931056,1,0,1,1,0,1
0.09310692,1,1,1,1,0,1
0.09310908,1,0,1,1,0,1
0.09311024,1,1,1,1,0,1
0.0931154,1,0,1,1,0,1
0.0931166,1,1,1,1,0,1
0.09311876,1,0,1,1,0,1
0.09311992,1,1,1,1,0,1
0.09312508,1,0,1,1,0,1
0.0931264,1,1,1,1,0,1
0.0931286,1,0,1,1,0,1
0.0931296,1,1,1,1,0,1
0.09313476,1,0,1,1,0,1
0.09313608,1,1,1,1,0,1
0.09313824,1,0,1,1,0,1
0.09313924,1,1,1,1,0,1
0.0931444,1,0,1,1,0,1
0.09314576,1,1,1,1,0,1
0.09314792,1,0,1,1,0,1
0.09314892,1,1,1,1,0,1
0.09315408,1,0,1,1,0,1
0.0931554,1,1,1,1,0,1
0.09315756,1,0,1,1,0,1
0.09315876,1,1,1,1,0,1
0.09316392,1,0,1,1,0,1
0.09316508,1,1,1,1,0,1
0.09316724,1,0,1,1,0,1
0.0931684,1,1,1,1,0,1
0.09317356,1,0,1,1,0,1
0.09317492,1,1,1,1,0,1
0.09317708,1,0,1,1,0,1
0.09317808,1,1,1,1,0,1
0.09318324,1,0,1,1,0,1
0.09318456,1,1,1,1,0,1
0.09318676,1,0,1,1,0,1
0.09318776,1,1,1,1,0,1
0.09319292,1,0,1,1,0,1
0.09319424,1,1,1,1,0,1
0.0931964,1,0,1,1,0,1
0.0931974,1,1,1,1,0,1
0.09320256,1,0,1,1,0,1
0.09320392,1,1,1,1,0,1
0.09320608,1,0,1,1,0,1
0.09320708,1,1,1,1,0,1
0.09321224,1,0,1,1,0,1
0.09321356,1,1,1,1,0,1
0.09321572,1,0,1,1,0,1
0.09321692,1,1,1,1,0,1
0.09322208,1,0,1,1,0,1
0.09322324,1,1,1,1,0,1
0.0932254,1,0,1,1,0,1
0.09322656,1,1,1,1,0,1
0.09323172,1,0,1,1,0,1
0.09323308,1,1,1,1,0,1
0.09323524,1,0,1,1,0,1
0.09323624,1,1,1,1,0,1
0.0932414,1,0,1,1,0,1
0.09324272,1,1,1,1,0,1
0.09324492,1,0,1,1,0,1
0.09324592,1,1,1,1,0,1
0.09325108,1,0,1,1,0,1
0.0932524,1,1,1,1,0,1
0.09325456,1,0,1,1,0,1
0.09325556,1,1,1,1,0,1
0.09326072,1,0,1,1,0,1
0.09326208,1,1,1,1,0,1
0.09326424,1,0,1,1,0,1
0.0932654,1,1,1,1,0,1
0.09327056,1,0,1,1,0,1
0.09327172,1,1,1,1,0,1
0.09327392,1,0,1,1,0,1
0.09327508,1,1,1,1,0,1
0.09328024,1,0,1,1,0,1
0.09328156,1,1,1,1,0,1
0.09328372,1,0,1,1,0,1
0.09328472,1,1,1,1,0,1
0.09328988,1,0,1,1,0,1
0.09329124,1,1,1,1,0,1
0.0932934,1,0,1,1,0,1
0.0932944,1,1,1,1,0,1
0.09329956,1,0,1,1,0,1
0.09330088,1,1,1,1,0,1
0.09330308,1,0,1,1,0,1
0.09330408,1,1,1,1,0,1
0.09330924,1,0,1,1,0,1
0.09331056,1,1,1,1,0,1
0.09331272,1,0,1,1,0,1
0.09331388,1,1,1,1,0,1
0.09331908,1,0,1,1,0,1
0.09332024,1,1,1,1,0,1
0.0933224,1,0,1,1,0,1
0.09332356,1,1,1,1,0,1
0.09332872,1,0,1,1,0,1
0.09333008,1,1,1,1,0,1
0.09333224,1,0,1,1,0,1
0.09333324,1,1,1,1,0,1
0.0933384,1,0,1,1,0,1
0.09333972,1,1,1,1,0,1
0.09334188,1,0,1,1,0,1
0.09334288,1,1,1,1,0,1
0.09334804,1,0,1,1,0,1
0.0933494,1,1,1,1,0,1
0.09335156,1,0,1,1,0,1
0.09335256,1,1,1,1,0,1
0.09335772,1,0,1,1,0,1
0.09335904,1,1,1,1,0,1
0.09336124,1,0,1,1,0,1
0.0933624,1,1,1,1,0,1
0.09336756,1,0,1,1,0,1
0.09336872,1,1,1,1,0,1
0.09337088,1,0,1,1,0,1
0.09337204,1,1,1,1,0,1
0.09337724,1,0,1,1,0,1
0.09337856,1,1,1,1,0,1
0.09338072,1,0,1,1,0,1
0.09338172,1,1,1,1,0,1
0.09338688,1,0,1,1,0,1
0.09338824,1,1,1,1,0,1
0.0933904,1,0,1,1,0,1
0.0933914,1,1,1,1,0,1
0.09339656,1,0,1,1,0,1
0.09339788,1,1,1,1,0,1
0.09340004,1,0,1,1,0,1
0.09340104,1,1,1,1,0,1
0.09340624,1,0,1,1,0,1
0.09340756,1,1,1,1,0,1
0.09340972,1,0,1,1,0,1
0.09341072,1,1,1,1,0,1
0.09341588,1,0,1,1,0,1
0.0934172,1,1,1,1,0,1
0.0934194,1,0,1,1,0,1
0.09342056,1,1,1,1,0,1
0.09342572,1,0,1,1,0,1
0.09342688,1,1,1,1,0,1
0.09342904,1,0,1,1,0,1
0.0934302,1,1,1,1,0,1
0.0934354,1,0,1,1,0,1
0.09343672,1,1,1,1,0,1
0.09343888,1,0,1,1,0,1
0.09343988,1,1,1,1,0,1
0.09344504,1,0,1,1,0,1
0.0934464,1,1,1,1,0,1
0.09344856,1,0,1,1,0,1
0.09344956,1,1,1,1,0,1
0.09345472,1,0,1,1,0,1
0.09345604,1,1,1,1,0,1
0.0934582,1,0,1,1,0,1
0.0934592,1,1,1,1,0,1
0.0934644,1,0,1,1,0,1
0.09346572,1,1,1,1,0,1
0.09346788,1,0,1,1,0,1
0.09346904,1,1,1,1,0,1
0.0934742,1,0,1,1,0,1
0.09347536,1,1,1,1,0,1
0.09347756,1,0,1,1,0,1
0.09347872,1,1,1,1,0,1
0.09348388,1,0,1,1,0,1
0.0934852,1,1,1,1,0,1
0.09348736,1,0,1,1,0,1
0.09348836,1,1,1,1,0,1
0.09349356,1,0,1,1,0,1
0.09349488,1,1,1,1,0,1
0.09349704,1,0,1,1,0,1
0.09349804,1,1,1,1,0,1
0.0935032,1,0,1,1,0,1
0.09350456,1,1,1,1,0,1
0.09350672,1,0,1,1,0,1
0.09350772,1,1,1,1,0,1
0.09351288,1,0,1,1,0,1
0.0935142,1,1,1,1,0,1
0.09351636,1,0,1,1,0,1
0.09351756,1,1,1,1,0,1
0.09352272,1,0,1,1,0,1
0.09352388,1,1,1,1,0,1
0.09352604,1,0,1,1,0,1
0.0935272,1,1,1,1,0,1
0.09353236,1,0,1,1,0,1
0.09353372,1,1,1,1,0,1
0.09353588,1,0,1,1,0,1
0.09353688,1,1,1,1,0,1
0.09354204,1,0,1,1,0,1
0.09354336,1,1,1,1,0,1
0.09354552,1,0,1,1,0,1
0.09354652,1,1,1,1,0,1
0.09355172,1,0,1,1,0,1
0.09355304,1,1,1,1,0,1
0.0935552,1,0,1,1,0,1
0.0935562,1,1,1,1,0,1
0.09356136,1,0,1,1,0,1
0.09356272,1,1,1,1,0,1
0.09356488,1,0,1,1,0,1
0.09356604,1,1,1,1,0,1
0.0935712,1,0,1,1,0,1
0.09357236,1,1,1,1,0,1
0.09357452,1,0,1,1,0,1
0.09357572,1,1,1,1,0,1
0.09358088,1,0,1,1,0,1
0.0935822,1,1,1,1,0,1
0.09358436,1,0,1,1,0,1
0.09358536,1,1,1,1,0,1
0.09359052,1,0,1,1,0,1
0.09359188,1,1,1,1,0,1
0.09359404,1,0,1,1,0,1
0.09359504,1,1,1,1,0,1
0.0936002,1,0,1,1,0,1
0.09360152,1,1,1,1,0,1
0.09360368,1,0,1,1,0,1
0.09360468,1,1,1,1,0,1
0.09360988,1,0,1,1,0,1
0.0936112,1,1,1,1,0,1
0.09361336,1,0,1,1,0,1
0.09361436,1,1,1,1,0,1
0.09361952,1,0,1,1,0,1
0.09362088,1,1,1,1,0,1
0.09362304,1,0,1,1,0,1
0.0936242,1,1,1,1,0,1
0.09362936,1,0,1,1,0,1
0.09363052,1,1,1,1,0,1
0.09363268,1,0,1,1,0,1
0.09363388,1,1,1,1,0,1
0.09363904,1,0,1,1,0,1
0.09364036,1,1,1,1,0,1
0.09364252,1,0,1,1,0,1
0.09364352,1,1,1,1,0,1
0.09364868,1,0,1,1,0,1
0.09365004,1,1,1,1,0,1
0.0936522,1,0,1,1,0,1
0.0936532,1,1,1,1,0,1
0.09365836,1,0,1,1,0,1
0.09365968,1,1,1,1,0,1
0.09366188,1,0,1,1,0,1
0.09366284,1,1,1,1,0,1
0.09366804,1,0,1,1,0,1
0.09366936,1,1,1,1,0,1
0.09367152,1,0,1,1,0,1
0.09367268,1,1,1,1,0,1
0.09367784,1,0,1,1,0,1
0.09367904,1,1,1,1,0,1
0.0936812,1,0,1,1,0,1
0.09368236,1,1,1,1,0,1
0.09368752,1,0,1,1,0,1
0.09368884,1,1,1,1,0,1
0.09369104,1,0,1,1,0,1
0.09369204,1,1,1,1,0,1
0.0936972,1,0,1,1,0,1
0.09369852,1,1,1,1,0,1
0.09370068,1,0,1,1,0,1
0.09370168,1,1,1,1,0,1
0.09370684,1,0,1,1,0,1
0.0937082,1,1,1,1,0,1
0.09371036,1,0,1,1,0,1
0.09371136,1,1,1,1,0,1
0.09371652,1,0,1,1,0,1
0.09371784,1,1,1,1,0,1
0.09372004,1,0,1,1,0,1
0.0937212,1,1,1,1,0,1
0.09372636,1,0,1,1,0,1
0.09372752,1,1,1,1,0,1
0.09372968,1,0,1,1,0,1
0.09373084,1,1,1,1,0,1
0.093736,1,0,1,1,0,1
0.09373736,1,1,1,1,0,1
0.09373952,1,0,1,1,0,1
0.09374052,1,1,1,1,0,1
0.09374568,1,0,1,1,0,1
0.093747,1,1,1,1,0,1
0.0937492,1,0,1,1,0,1
0.0937502,1,1,1,1,0,1
0.09375536,1,0,1,1,0,1
0.09375668,1,1,1,1,0,1
0.09375884,1,0,1,1,0,1
0.09375984,1,1,1,1,0,1
0.093765,1,0,1,1,0,1
0.09376636,1,1,1,1,0,1
0.09376852,1,0,1,1,0,1
0.09376968,1,1,1,1,0,1
0.09377484,1,0,1,1,0,1
0.093776,1,1,1,1,0,1
0.0937782,1,0,1,1,0,1
0.09377936,1,1,1,1,0,1
0.09378452,1,0,1,1,0,1
0.09378584,1,1,1,1,0,1
0.093788,1,0,1,1,0,1
0.093789,1,1,1,1,0,1
0.0937942,1,0,1,1,0,1
0.09379552,1,1,1,1,0,1
0.09379768,1,0,1,1,0,1
0.09379868,1,1,1,1,0,1
0.09380384,1,0,1,1,0,1
0.09380516,1,1,1,1,0,1
0.09380736,1,0,1,1,0,1
0.09380836,1,1,1,1,0,1
0.09381352,1,0,1,1,0,1
0.09381484,1,1,1,1,0,1
0.093817,1,0,1,1,0,1
0.09381816,1,1,1,1,0,1
0.09382336,1,0,1,1,0,1
0.09382452,1,1,1,1,0,1
0.09382668,1,0,1,1,0,1
0.09382784,1,1,1,1,0,1
0.093833,1,0,1,1,0,1
0.09383416,1,1,1,1,0,1
0.09383636,1,0,1,1,0,1
0.09383752,1,1,1,1,0,1
0.09384268,1,0,1,1,0,1
0.093844,1,1,1,1,0,1
0.09384616,1,0,1,1,0,1
0.09384716,1,1,1,1,0,1
0.09385236,1,0,1,1,0,1
0.09385368,1,1,1,1,0,1
0.09385584,1,0,1,1,0,1
0.09385684,1,1,1,1,0,1
0.093862,1,0,1,1,0,1
0.09386332,1,1,1,1,0,1
0.09386552,1,0,1,1,0,1
0.09386652,1,1,1,1,0,1
0.09387168,1,0,1,1,0,1
0.093873,1,1,1,1,0,1
0.09387516,1,0,1,1,0,1
0.09387632,1,1,1,1,0,1
0.09388152,1,0,1,1,0,1
0.09388268,1,1,1,1,0,1
0.09388484,1,0,1,1,0,1
0.093886,1,1,1,1,0,1
0.09389116,1,0,1,1,0,1
0.09389252,1,1,1,1,0,1
0.09389468,1,0,1,1,0,1
0.09389568,1,1,1,1,0,1
0.09390084,1,0,1,1,0,1
0.09390216,1,1,1,1,0,1
0.09390432,1,0,1,1,0,1
0.09390532,1,1,1,1,0,1
0.09391052,1,0,1,1,0,1
0.09391184,1,1,1,1,0,1
0.093914,1,0,1,1,0,1
0.093915,1,1,1,1,0,1
0.09392016,1,0,1,1,0,1
0.09392152,1,1,1,1,0,1
0.09392368,1,0,1,1,0,1
0.09392484,1,1,1,1,0,1
0.09393,1,0,1,1,0,1
0.09393116,1,1,1,1,0,1
0.09393332,1,0,1,1,0,1
0.09393448,1,1,1,1,0,1
0.09393968,1,0,1,1,0,1
0.093941,1,1,1,1,0,1
0.09394316,1,0,1,1,0,1
0.09394416,1,1,1,1,0,1
0.09394932,1,0,1,1,0,1
0.09395068,1,1,1,1,0,1
0.09395284,1,0,1,1,0,1
0.09395384,1,1,1,1,0,1
0.093959,1,0,1,1,0,1
0.09396032,1,1,1,1,0,1
0.09396248,1,0,1,1,0,1
0.09396348,1,1,1,1,0,1
0.09396868,1,0,1,1,0,1
0.09397,1,1,1,1,0,1
0.09397216,1,0,1,1,0,1
0.09397332,1,1,1,1,0,1
0.09397848,1,0,1,1,0,1
0.09397968,1,1,1,1,0,1
0.09398184,1,0,1,1,0,1
0.093983,1,1,1,1,0,1
0.09398816,1,0,1,1,0,1
0.09398948,1,1,1,1,0,1
0.09399168,1,0,1,1,0,1
0.09399264,1,1,1,1,0,1
0.09399784,1,0,1,1,0,1
0.09399916,1,1,1,1,0,1
0.09400132,1,0,1,1,0,1
0.09400232,1,1,1,1,0,1
0.09400748,1,0,1,1,0,1
0.09400884,1,1,1,1,0,1
0.094011,1,0,1,1,0,1
0.094012,1,1,1,1,0,1
0.09401716,1,0,1,1,0,1
0.09401848,1,1,1,1,0,1
0.09402064,1,0,1,1,0,1
0.09402184,1,1,1,1,0,1
0.094027,1,0,1,1,0,1
0.09402816,1,1,1,1,0,1
0.09403032,1,0,1,1,0,1
0.09403148,1,1,1,1,0,1
0.09403664,1,0,1,1,0,1
0.094038,1,1,1,1,0,1
0.09404016,1,0,1,1,0,1
0.09404116,1,1,1,1,0,1
0.09404632,1,0,1,1,0,1
0.09404764,1,1,1,1,0,1
0.09404984,1,0,1,1,0,1
0.09405084,1,1,1,1,0,1
0.094056,1,0,1,1,0,1
0.09405732,1,1,1,1,0,1
0.09405948,1,0,1,1,0,1
0.09406048,1,1,1,1,0,1
0.09406564,1,0,1,1,0,1
0.094067,1,1,1,1,0,1
0.09406916,1,0,1,1,0,1
0.09407016,1,1,1,1,0,1
0.09407532,1,0,1,1,0,1
0.09407664,1,1,1,1,0,1
0.0940788,1,0,1,1,0,1
0.09408,1,1,1,1,0,1
0.09408516,1,0,1,1,0,1
0.09408632,1,1,1,1,0,1
0.09408848,1,0,1,1,0,1
0.09408964,1,1,1,1,0,1
0.0940948,1,0,1,1,0,1
0.09409616,1,1,1,1,0,1
0.09409832,1,0,1,1,0,1
0.09409932,1,1,1,1,0,1
0.09410448,1,0,1,1,0,1
0.0941058,1,1,1,1,0,1
0.094108,1,0,1,1,0,1
0.094109,1,1,1,1,0,1
0.09411416,1,0,1,1,0,1
0.09411548,1,1,1,1,0,1
0.09411764,1,0,1,1,0,1
0.09411864,1,1,1,1,0,1
0.0941238,1,0,1,1,0,1
0.09412516,1,1,1,1,0,1
0.09412732,1,0,1,1,0,1
0.09412848,1,1,1,1,0,1
0.09413364,1,0,1,1,0,1
0.0941348,1,1,1,1,0,1
0.09413696,1,0,1,1,0,1
0.09413816,1,1,1,1,0,1
0.09414332,1,0,1,1,0,1
0.09414464,1,1,1,1,0,1
0.0941468,1,0,1,1,0,1
0.0941478,1,1,1,1,0,1
0.09415296,1,0,1,1,0,1
0.09415432,1,1,1,1,0,1
0.09415648,1,0,1,1,0,1
0.09415748,1,1,1,1,0,1
0.09416264,1,0,1,1,0,1
0.09416396,1,1,1,1,0,1
0.09416616,1,0,1,1,0,1
0.09416716,1,1,1,1,0,1
0.09417232,1,0,1,1,0,1
0.09417364,1,1,1,1,0,1
0.0941758,1,0,1,1,0,1
0.09417696,1,1,1,1,0,1
0.09418216,1,0,1,1,0,1
0.09418332,1,1,1,1,0,1
0.09418548,1,0,1,1,0,1
0.09418664,1,1,1,1,0,1
0.0941918,1,0,1,1,0,1
0.09419312,1,1,1,1,0,1
0.09419532,1,0,1,1,0,1
0.09419632,1,1,1,1,0,1
0.09420148,1,0,1,1,0,1
0.0942028,1,1,1,1,0,1
0.09420496,1,0,1,1,0,1
0.09420596,1,1,1,1,0,1
0.09421112,1,0,1,1,0,1
0.09421248,1,1,1,1,0,1
0.09421464,1,0,1,1,0,1
0.09421564,1,1,1,1,0,1
0.0942208,1,0,1,1,0,1
0.09422212,1,1,1,1,0,1
0.09422432,1,0,1,1,0,1
0.09422548,1,1,1,1,0,1
0.09423064,1,0,1,1,0,1
0.0942318,1,1,1,1,0,1
0.09423396,1,0,1,1,0,1
0.09423512,1,1,1,1,0,1
0.09424032,1,0,1,1,0,1
0.09424164,1,1,1,1,0,1
0.0942438,1,0,1,1,0,1
0.0942448,1,1,1,1,0,1
0.09424996,1,0,1,1,0,1
0.09425128,1,1,1,1,0,1
0.09425348,1,0,1,1,0,1
0.09425448,1,1,1,1,0,1
0.09425964,1,0,1,1,0,1
0.09426096,1,1,1,1,0,1
0.09426312,1,0,1,1,0,1
0.09426412,1,1,1,1,0,1
0.09426928,1,0,1,1,0,1
0.09427064,1,1,1,1,0,1
0.0942728,1,0,1,1,0,1
0.0942738,1,1,1,1,0,1
0.09427896,1,0,1,1,0,1
0.09428028,1,1,1,1,0,1
0.09428248,1,0,1,1,0,1
0.09428364,1,1,1,1,0,1
0.0942888,1,0,1,1,0,1
0.09428996,1,1,1,1,0,1
0.09429212,1,0,1,1,0,1
0.09429328,1,1,1,1,0,1
0.09429848,1,0,1,1,0,1
0.0942998,1,1,1,1,0,1
0.09430196,1,0,1,1,0,1
0.09430296,1,1,1,1,0,1
0.09430812,1,0,1,1,0,1
0.09430948,1,1,1,1,0,1
0.09431164,1,0,1,1,0,1
0.09431264,1,1,1,1,0,1
0.0943178,1,0,1,1,0,1
0.09431912,1,1,1,1,0,1
0.09432128,1,0,1,1,0,1
0.09432228,1,1,1,1,0,1
0.09432744,1,0,1,1,0,1
0.0943288,1,1,1,1,0,1
0.09433096,1,0,1,1,0,1
0.09433212,1,1,1,1,0,1
0.09433728,1,0,1,1,0,1
0.09433844,1,1,1,1,0,1
0.09434064,1,0,1,1,0,1
0.0943418,1,1,1,1,0,1
0.09434696,1,0,1,1,0,1
0.09434828,1,1,1,1,0,1
0.09435044,1,0,1,1,0,1
0.09435144,1,1,1,1,0,1
0.09435664,1,0,1,1,0,1
0.09435796,1,1,1,1,0,1
0.09436012,1,0,1,1,0,1
0.09436112,1,1,1,1,0,1
0.09436628,1,0,1,1,0,1
0.09436764,1,1,1,1,0,1
0.0943698,1,0,1,1,0,1
0.0943708,1,1,1,1,0,1
0.09437596,1,0,1,1,0,1
0.09437728,1,1,1,1,0,1
0.09437944,1,0,1,1,0,1
0.0943806,1,1,1,1,0,1
0.0943858,1,0,1,1,0,1
0.09438696,1,1,1,1,0,1
0.09438912,1,0,1,1,0,1
0.09439028,1,1,1,1,0,1
0.09439544,1,0,1,1,0,1
0.0943968,1,1,1,1,0,1
0.09439896,1,0,1,1,0,1
0.09439996,1,1,1,1,0,1
0.09440512,1,0,1,1,0,1
0.09440644,1,1,1,1,0,1
0.0944086,1,0,1,1,0,1
0.0944096,1,1,1,1,0,1
0.0944148,1,0,1,1,0,1
0.09441612,1,1,1,1,0,1
0.09441828,1,0,1,1,0,1
0.09441928,1,1,1,1,0,1
0.09442444,1,0,1,1,0,1
0.0944258,1,1,1,1,0,1
0.09442796,1,0,1,1,0,1
0.09442912,1,1,1,1,0,1
0.09443428,1,0,1,1,0,1
0.09443544,1,1,1,1,0,1
0.0944376,1,0,1,1,0,1
0.0944388,1,1,1,1,0,1
0.09444396,1,0,1,1,0,1
0.09444528,1,1,1,1,0,1
0.09444744,1,0,1,1,0,1
0.09444844,1,1,1,1,0,1
0.0944536,1,0,1,1,0,1
0.09445496,1,1,1,1,0,1
0.09445712,1,0,1,1,0,1
0.09445812,1,1,1,1,0,1
0.09446328,1,0,1,1,0,1
0.0944646,1,1,1,1,0,1
0.09446676,1,0,1,1,0,1
0.09446776,1,1,1,1,0,1
0.09447296,1,0,1,1,0,1
0.09447428,1,1,1,1,0,1
0.09447644,1,0,1,1,0,1
0.09447744,1,1,1,1,0,1
0.0944826,1,0,1,1,0,1
0.09448396,1,1,1,1,0,1
0.09448612,1,0,1,1,0,1
0.09448728,1,1,1,1,0,1
0.09449244,1,0,1,1,0,1
0.0944936,1,1,1,1,0,1
0.09449576,1,0,1,1,0,1
0.09449696,1,1,1,1,0,1
0.09450212,1,0,1,1,0,1
0.09450344,1,1,1,1,0,1
0.0945056,1,0,1,1,0,1
0.0945066,1,1,1,1,0,1
0.09451176,1,0,1,1,0,1
0.09451312,1,1,1,1,0,1
0.09451528,1,0,1,1,0,1
0.09451628,1,1,1,1,0,1
0.09452144,1,0,1,1,0,1
0.09452276,1,1,1,1,0,1
0.09452492,1,0,1,1,0,1
0.09452592,1,1,1,1,0,1
0.09453112,1,0,1,1,0,1
0.09453244,1,1,1,1,0,1
0.0945346,1,0,1,1,0,1
0.09453576,1,1,1,1,0,1
0.09454092,1,0,1,1,0,1
0.09454212,1,1,1,1,0,1
0.09454428,1,0,1,1,0,1
0.09454544,1,1,1,1,0,1
0.0945506,1,0,1,1,0,1
0.09455192,1,1,1,1,0,1
0.09455412,1,0,1,1,0,1
0.09455512,1,1,1,1,0,1
0.09456028,1,0,1,1,0,1
0.0945616,1,1,1,1,0,1
0.09456376,1,0,1,1,0,1
0.09456476,1,1,1,1,0,1
0.09456992,1,0,1,1,0,1
0.09457128,1,1,1,1,0,1
0.09457344,1,0,1,1,0,1
0.09457444,1,1,1,1,0,1
0.0945796,1,0,1,1,0,1
0.09458092,1,1,1,1,0,1
0.09458308,1,0,1,1,0,1
0.09458428,1,1,1,1,0,1
0.09458944,1,0,1,1,0,1
0.0945906,1,1,1,1,0,1
0.09459276,1,0,1,1,0,1
0.09459392,1,1,1,1,0,1
0.09459908,1,0,1,1,0,1
0.09460044,1,1,1,1,0,1
0.0946026,1,0,1,1,0,1
0.0946036,1,1,1,1,0,1
0.09460876,1,0,1,1,0,1
0.09461008,1,1,1,1,0,1
0.09461228,1,0,1,1,0,1
0.09461328,1,1,1,1,0,1
0.09461844,1,0,1,1,0,1
0.09461976,1,1,1,1,0,1
0.09462192,1,0,1,1,0,1
0.09462292,1,1,1,1,0,1
0.09462808,1,0,1,1,0,1
0.09462944,1,1,1,1,0,1
0.0946316,1,0,1,1,0,1
0.09463276,1,1,1,1,0,1
0.09463792,1,0,1,1,0,1
0.09463908,1,1,1,1,0,1
0.09464128,1,0,1,1,0,1
0.09464244,1,1,1,1,0,1
0.0946476,1,0,1,1,0,1
0.09464892,1,1,1,1,0,1
0.09465108,1,0,1,1,0,1
0.09465208,1,1,1,1,0,1
0.09465724,1,0,1,1,0,1
0.0946586,1,1,1,1,0,1
0.09466076,1,0,1,1,0,1
0.09466176,1,1,1,1,0,1
0.09466692,1,0,1,1,0,1
0.09466824,1,1,1,1,0,1
0.09467044,1,0,1,1,0,1
0.09467144,1,1,1,1,0,1
0.0946766,1,0,1,1,0,1
0.09467792,1,1,1,1,0,1
0.09468008,1,0,1,1,0,1
0.09468124,1,1,1,1,0,1
0.09468644,1,0,1,1,0,1
0.0946876,1,1,1,1,0,1
0.09468976,1,0,1,1,0,1
0.09469092,1,1,1,1,0,1
0.09469608,1,0,1,1,0,1
0.09469744,1,1,1,1,0,1
0.0946996,1,0,1,1,0,1
0.0947006,1,1,1,1,0,1
0.09470576,1,0,1,1,0,1
0.09470708,1,1,1,1,0,1
0.09470924,1,0,1,1,0,1
0.09471024,1,1,1,1,0,1
0.0947154,1,0,1,1,0,1
0.09471676,1,1,1,1,0,1
0.09471892,1,0,1,1,0,1
0.09471992,1,1,1,1,0,1
0.09472508,1,0,1,1,0,1
0.0947264,1,1,1,1,0,1
0.0947286,1,0,1,1,0,1
0.0947296,1,1,1,1,0,1
0.09473476,1,0,1,1,0,1
0.09473608,1,1,1,1,0,1
0.09473824,1,0,1,1,0,1
0.0947394,1,1,1,1,0,1
0.0947446,1,0,1,1,0,1
0.09474576,1,1,1,1,0,1
0.09474792,1,0,1,1,0,1
0.09474908,1,1,1,1,0,1
0.09475424,1,0,1,1,0,1
0.0947556,1,1,1,1,0,1
0.09475776,1,0,1,1,0,1
0.09475876,1,1,1,1,0,1
0.09476392,1,0,1,1,0,1
0.09476524,1,1,1,1,0,1
0.0947674,1,0,1,1,0,1
0.0947684,1,1,1,1,0,1
0.09477356,1,0,1,1,0,1
0.09477492,1,1,1,1,0,1
0.09477708,1,0,1,1,0,1
0.09477808,1,1,1,1,0,1
0.09478324,1,0,1,1,0,1
0.09478456,1,1,1,1,0,1
0.09478676,1,0,1,1,0,1
0.09478792,1,1,1,1,0,1
0.09479308,1,0,1,1,0,1
0.09479424,1,1,1,1,0,1
0.0947964,1,0,1,1,0,1
0.09479756,1,1,1,1,0,1
0.09480276,1,0,1,1,0,1
0.09480408,1,1,1,1,0,1
0.09480624,1,0,1,1,0,1
0.09480724,1,1,1,1,0,1
0.0948124,1,0,1,1,0,1
0.09481376,1,1,1,1,0,1
0.09481592,1,0,1,1,0,1
0.09481692,1,1,1,1,0,1
0.09482208,1,0,1,1,0,1
0.0948234,1,1,1,1,0,1
0.09482556,1,0,1,1,0,1
0.09482656,1,1,1,1,0,1
0.09483176,1,0,1,1,0,1
0.09483308,1,1,1,1,0,1
0.09483524,1,0,1,1,0,1
0.0948364,1,1,1,1,0,1
0.09484156,1,0,1,1,0,1
0.09484272,1,1,1,1,0,1
0.09484492,1,0,1,1,0,1
0.09484608,1,1,1,1,0,1
0.09485124,1,0,1,1,0,1
0.09485256,1,1,1,1,0,1
0.09485472,1,0,1,1,0,1
0.09485572,1,1,1,1,0,1
0.09486092,1,0,1,1,0,1
0.09486224,1,1,1,1,0,1
0.0948644,1,0,1,1,0,1
0.0948654,1,1,1,1,0,1
0.09487056,1,0,1,1,0,1
0.09487192,1,1,1,1,0,1
0.09487408,1,0,1,1,0,1
0.09487508,1,1,1,1,0,1
0.09488024,1,0,1,1,0,1
0.09488156,1,1,1,1,0,1
0.09488372,1,0,1,1,0,1
0.09488492,1,1,1,1,0,1
0.09489008,1,0,1,1,0,1
0.09489124,1,1,1,1,0,1
0.0948934,1,0,1,1,0,1
0.09489456,1,1,1,1,0,1
0.09489972,1,0,1,1,0,1
0.09490108,1,1,1,1,0,1
0.09490324,1,0,1,1,0,1
0.09490424,1,1,1,1,0,1
0.0949094,1,0,1,1,0,1
0.09491072,1,1,1,1,0,1
0.09491288,1,0,1,1,0,1
0.09491388,1,1,1,1,0,1
0.09491908,1,0,1,1,0,1
0.0949204,1,1,1,1,0,1
0.09492256,1,0,1,1,0,1
0.09492356,1,1,1,1,0,1
0.09492872,1,0,1,1,0,1
0.09493008,1,1,1,1,0,1
0.09493224,1,0,1,1,0,1
0.09493324,1,1,1,1,0,1
0.0949384,1,0,1,1,0,1
0.09493972,1,1,1,1,0,1
0.09494188,1,0,1,1,0,1
0.09494308,1,1,1,1,0,1
0.09494824,1,0,1,1,0,1
0.0949494,1,1,1,1,0,1
0.09495156,1,0,1,1,0,1
0.09495272,1,1,1,1,0,1
0.09495788,1,0,1,1,0,1
0.09495924,1,1,1,1,0,1
0.0949614,1,0,1,1,0,1
0.0949624,1,1,1,1,0,1
0.09496756,1,0,1,1,0,1
0.09496888,1,1,1,1,0,1
0.09497104,1,0,1,1,0,1
0.09497204,1,1,1,1,0,1
0.09497724,1,0,1,1,0,1
0.09497856,1,1,1,1,0,1
0.09498072,1,0,1,1,0,1
0.09498172,1,1,1,1,0,1
0.09498688,1,0,1,1,0,1
0.09498824,1,1,1,1,0,1
0.0949904,1,0,1,1,0,1
0.09499156,1,1,1,1,0,1
0.09499672,1,0,1,1,0,1
0.09499788,1,1,1,1,0,1
0.09500004,1,0,1,1,0,1
0.09500124,1,1,1,1,0,1
0.0950064,1,0,1,1,0,1
0.09500772,1,1,1,1,0,1
0.09500988,1,0,1,1,0,1
0.09501088,1,1,1,1,0,1
0.09501604,1,0,1,1,0,1
0.0950174,1,1,1,1,0,1
0.09501956,1,0,1,1,0,1
0.09502056,1,1,1,1,0,1
0.09502572,1,0,1,1,0,1
0.09502704,1,1,1,1,0,1
0.09502924,1,0,1,1,0,1
0.0950302,1,1,1,1,0,1
0.0950354,1,0,1,1,0,1
0.09503672,1,1,1,1,0,1
0.09503888,1,0,1,1,0,1
0.09504004,1,1,1,1,0,1
0.0950452,1,0,1,1,0,1
0.0950464,1,1,1,1,0,1
0.09504856,1,0,1,1,0,1
0.09504972,1,1,1,1,0,1
0.09505488,1,0,1,1,0,1
0.0950562,1,1,1,1,0,1
0.0950584,1,0,1,1,0,1
0.0950594,1,1,1,1,0,1
0.09506456,1,0,1,1,0,1
0.09506588,1,1,1,1,0,1
0.09506804,1,0,1,1,0,1
0.09506904,1,1,1,1,0,1
0.0950742,1,0,1,1,0,1
0.09507556,1,1,1,1,0,1
0.09507772,1,0,1,1,0,1
0.09507872,1,1,1,1,0,1
0.09508388,1,0,1,1,0,1
0.0950852,1,1,1,1,0,1
0.0950874,1,0,1,1,0,1
0.09508856,1,1,1,1,0,1
0.09509372,1,0,1,1,0,1
0.09509488,1,1,1,1,0,1
0.09509704,1,0,1,1,0,1
0.0950982,1,1,1,1,0,1
0.09510336,1,0,1,1,0,1
0.09510472,1,1,1,1,0,1
0.09510688,1,0,1,1,0,1
0.09510788,1,1,1,1,0,1
0.09511304,1,0,1,1,0,1
0.09511436,1,1,1,1,0,1
0.09511656,1,0,1,1,0,1
0.09511756,1,1,1,1,0,1
0.09512272,1,0,1,1,0,1
0.09512404,1,1,1,1,0,1
0.0951262,1,0,1,1,0,1
0.0951272,1,1,1,1,0,1
0.09513236,1,0,1,1,0,1
0.09513372,1,1,1,1,0,1
0.09513588,1,0,1,1,0,1
0.09513688,1,1,1,1,0,1
0.09514204,1,0,1,1,0,1
0.09514336,1,1,1,1,0,1
0.09514556,1,0,1,1,0,1
0.09514672,1,1,1,1,0,1
0.09515188,1,0,1,1,0,1
0.09515304,1,1,1,1,0,1
0.0951552,1,0,1,1,0,1
0.09515636,1,1,1,1,0,1
0.09516152,1,0,1,1,0,1
0.09516288,1,1,1,1,0,1
0.09516504,1,0,1,1,0,1
0.09516604,1,1,1,1,0,1
0.0951712,1,0,1,1,0,1
0.09517252,1,1,1,1,0,1
0.09517472,1,0,1,1,0,1
0.09517572,1,1,1,1,0,1
0.09518088,1,0,1,1,0,1
0.0951822,1,1,1,1,0,1
0.09518436,1,0,1,1,0,1
0.09518536,1,1,1,1,0,1
0.09519052,1,0,1,1,0,1
0.09519188,1,1,1,1,0,1
0.09519404,1,0,1,1,0,1
0.0951952,1,1,1,1,0,1
0.09520036,1,0,1,1,0,1
0.09520152,1,1,1,1,0,1
0.09520372,1,0,1,1,0,1
0.09520488,1,1,1,1,0,1
0.09521004,1,0,1,1,0,1
0.09521136,1,1,1,1,0,1
0.09521352,1,0,1,1,0,1
0.09521452,1,1,1,1,0,1
0.09521972,1,0,1,1,0,1
0.09522104,1,1,1,1,0,1
0.0952232,1,0,1,1,0,1
0.0952242,1,1,1,1,0,1
0.09522936,1,0,1,1,0,1
0.09523068,1,1,1,1,0,1
0.09523288,1,0,1,1,0,1
0.09523388,1,1,1,1,0,1
0.09523904,1,0,1,1,0,1
0.09524036,1,1,1,1,0,1
0.09524252,1,0,1,1,0,1
0.09524368,1,1,1,1,0,1
0.09524888,1,0,1,1,0,1
0.09525004,1,1,1,1,0,1
0.0952522,1,0,1,1,0,1
0.09525336,1,1,1,1,0,1
0.09525852,1,0,1,1,0,1
0.09525988,1,1,1,1,0,1
0.09526204,1,0,1,1,0,1
0.09526304,1,1,1,1,0,1
0.0952682,1,0,1,1,0,1
0.09526952,1,1,1,1,0,1
0.09527168,1,0,1,1,0,1
0.09527268,1,1,1,1,0,1
0.09527788,1,0,1,1,0,1
0.0952792,1,1,1,1,0,1
0.09528136,1,0,1,1,0,1
0.09528236,1,1,1,1,0,1
0.09528752,1,0,1,1,0,1
0.09528888,1,1,1,1,0,1
0.09529104,1,0,1,1,0,1
0.0952922,1,1,1,1,0,1
0.09529736,1,0,1,1,0,1
0.09529852,1,1,1,1,0,1
0.09530068,1,0,1,1,0,1
0.09530184,1,1,1,1,0,1
0.09530704,1,0,1,1,0,1
0.09530836,1,1,1,1,0,1
0.09531052,1,0,1,1,0,1
0.09531152,1,1,1,1,0,1
0.09531668,1,0,1,1,0,1
0.09531804,1,1,1,1,0,1
0.0953202,1,0,1,1,0,1
0.0953212,1,1,1,1,0,1
0.09532636,1,0,1,1,0,1
0.09532768,1,1,1,1,0,1
0.09532984,1,0,1,1,0,1
0.09533084,1,1,1,1,0,1
0.09533604,1,0,1,1,0,1
0.09533736,1,1,1,1,0,1
0.09533952,1,0,1,1,0,1
0.09534068,1,1,1,1,0,1
0.09534584,1,0,1,1,0,1
0.09534704,1,1,1,1,0,1
0.0953492,1,0,1,1,0,1
0.09535036,1,1,1,1,0,1
0.09535552,1,0,1,1,0,1
0.09535668,1,1,1,1,0,1
0.09535884,1,0,1,1,0,1
0.09536,1,1,1,1,0,1
0.0953652,1,0,1,1,0,1
0.09536652,1,1,1,1,0,1
0.09536868,1,0,1,1,0,1
0.09536968,1,1,1,1,0,1
0.09537484,1,0,1,1,0,1
0.0953762,1,1,1,1,0,1
0.09537836,1,0,1,1,0,1
0.09537936,1,1,1,1,0,1
0.09538452,1,0,1,1,0,1
0.09538584,1,1,1,1,0,1
0.095388,1,0,1,1,0,1
0.095389,1,1,1,1,0,1
0.0953942,1,0,1,1,0,1
0.09539552,1,1,1,1,0,1
0.09539768,1,0,1,1,0,1
0.09539884,1,1,1,1,0,1
0.095404,1,0,1,1,0,1
0.0954052,1,1,1,1,0,1
0.09540736,1,0,1,1,0,1
0.09540852,1,1,1,1,0,1
0.09541368,1,0,1,1,0,1
0.095415,1,1,1,1,0,1
0.0954172,1,0,1,1,0,1
0.0954182,1,1,1,1,0,1
0.09542336,1,0,1,1,0,1
0.09542468,1,1,1,1,0,1
0.09542684,1,0,1,1,0,1
0.09542784,1,1,1,1,0,1
0.095433,1,0,1,1,0,1
0.09543436,1,1,1,1,0,1
0.09543652,1,0,1,1,0,1
0.09543752,1,1,1,1,0,1
0.09544268,1,0,1,1,0,1
0.095444,1,1,1,1,0,1
0.09544616,1,0,1,1,0,1
0.09544736,1,1,1,1,0,1
0.09545252,1,0,1,1,0,1
0.09545368,1,1,1,1,0,1
0.09545584,1,0,1,1,0,1
0.095457,1,1,1,1,0,1
0.09546216,1,0,1,1,0,1
0.09546352,1,1,1,1,0,1
0.09546568,1,0,1,1,0,1
0.09546668,1,1,1,1,0,1
0.09547184,1,0,1,1,0,1
0.09547316,1,1,1,1,0,1
0.09547536,1,0,1,1,0,1
0.09547636,1,1,1,1,0,1
0.09548152,1,0,1,1,0,1
0.09548284,1,1,1,1,0,1
0.095485,1,0,1,1,0,1
0.095486,1,1,1,1,0,1
0.09549116,1,0,1,1,0,1
0.09549252,1,1,1,1,0,1
0.09549468,1,0,1,1,0,1
0.09549584,1,1,1,1,0,1
0.095501,1,0,1,1,0,1
0.09550216,1,1,1,1,0,1
0.09550432,1,0,1,1,0,1
0.09550552,1,1,1,1,0,1
0.09551068,1,0,1,1,0,1
0.095512,1,1,1,1,0,1
0.09551416,1,0,1,1,0,1
0.09551516,1,1,1,1,0,1
0.09552032,1,0,1,1,0,1
0.09552168,1,1,1,1,0,1
0.09552384,1,0,1,1,0,1
0.09552484,1,1,1,1,0,1
0.09553,1,0,1,1,0,1
0.09553132,1,1,1,1,0,1
0.09553352,1,0,1,1,0,1
0.09553452,1,1,1,1,0,1
0.09553968,1,0,1,1,0,1
0.095541,1,1,1,1,0,1
0.09554316,1,0,1,1,0,1
0.09554432,1,1,1,1,0,1
0.09554952,1,0,1,1,0,1
0.09555068,1,1,1,1,0,1
0.09555284,1,0,1,1,0,1
0.095554,1,1,1,1,0,1
0.09555916,1,0,1,1,0,1
0.09556048,1,1,1,1,0,1
0.09556268,1,0,1,1,0,1
0.09556368,1,1,1,1,0,1
0.09556884,1,0,1,1,0,1
0.09557016,1,1,1,1,0,1
0.09557232,1,0,1,1,0,1
0.09557332,1,1,1,1,0,1
0.09557848,1,0,1,1,0,1
0.09557984,1,1,1,1,0,1
0.095582,1,0,1,1,0,1
0.095583,1,1,1,1,0,1
0.09558816,1,0,1,1,0,1
0.09558948,1,1,1,1,0,1
0.09559168,1,0,1,1,0,1
0.09559268,1,1,1,1,0,1
0.09559784,1,0,1,1,0,1
0.09559916,1,1,1,1,0,1
0.09560132,1,0,1,1,0,1
0.09560248,1,1,1,1,0,1
0.09560768,1,0,1,1,0,1
0.09560884,1,1,1,1,0,1
0.095611,1,0,1,1,0,1
0.09561216,1,1,1,1,0,1
0.09561732,1,0,1,1,0,1
0.09561864,1,1,1,1,0,1
0.09562084,1,0,1,1,0,1
0.09562184,1,1,1,1,0,1
0.095627,1,0,1,1,0,1
0.09562832,1,1,1,1,0,1
0.09563048,1,0,1,1,0,1
0.09563148,1,1,1,1,0,1
0.09563664,1,0,1,1,0,1
0.095638,1,1,1,1,0,1
0.09564016,1,0,1,1,0,1
0.09564116,1,1,1,1,0,1
0.09564632,1,0,1,1,0,1
0.09564764,1,1,1,1,0,1
0.09564984,1,0,1,1,0,1
0.095651,1,1,1,1,0,1
0.09565616,1,0,1,1,0,1
0.09565732,1,1,1,1,0,1
0.09565948,1,0,1,1,0,1
0.09566064,1,1,1,1,0,1
0.09566584,1,0,1,1,0,1
0.09566716,1,1,1,1,0,1
0.09566932,1,0,1,1,0,1
0.09567032,1,1,1,1,0,1
0.09567548,1,0,1,1,0,1
0.09567684,1,1,1,1,0,1
0.095679,1,0,1,1,0,1
0.09568,1,1,1,1,0,1
0.09568516,1,0,1,1,0,1
0.09568648,1,1,1,1,0,1
0.09568864,1,0,1,1,0,1
0.09568964,1,1,1,1,0,1
0.0956948,1,0,1,1,0,1
0.09569616,1,1,1,1,0,1
0.09569832,1,0,1,1,0,1
0.09569948,1,1,1,1,0,1
0.09570464,1,0,1,1,0,1
0.0957058,1,1,1,1,0,1
0.095708,1,0,1,1,0,1
0.09570916,1,1,1,1,0,1
0.09571432,1,0,1,1,0,1
0.09571564,1,1,1,1,0,1
0.0957178,1,0,1,1,0,1
0.0957188,1,1,1,1,0,1
0.095724,1,0,1,1,0,1
0.09572532,1,1,1,1,0,1
0.09572748,1,0,1,1,0,1
0.09572848,1,1,1,1,0,1
0.09573364,1,0,1,1,0,1
0.095735,1,1,1,1,0,1
0.09573716,1,0,1,1,0,1
0.09573816,1,1,1,1,0,1
0.09574332,1,0,1,1,0,1
0.09574464,1,1,1,1,0,1
0.0957468,1,0,1,1,0,1
0.09574796,1,1,1,1,0,1
0.09575316,1,0,1,1,0,1
0.09575432,1,1,1,1,0,1
0.09575648,1,0,1,1,0,1
0.09575764,1,1,1,1,0,1
0.0957628,1,0,1,1,0,1
0.09576416,1,1,1,1,0,1
0.09576632,1,0,1,1,0,1
0.09576732,1,1,1,1,0,1
0.09577248,1,0,1,1,0,1
0.0957738,1,1,1,1,0,1
0.09577596,1,0,1,1,0,1
0.09577696,1,1,1,1,0,1
0.09578216,1,0,1,1,0,1
0.09578348,1,1,1,1,0,1
0.09578564,1,0,1,1,0,1
0.09578664,1,1,1,1,0,1
0.0957918,1,0,1,1,0,1
0.09579316,1,1,1,1,0,1
0.09579532,1,0,1,1,0,1
0.09579632,1,1,1,1,0,1
0.09580148,1,0,1,1,0,1
0.0958028,1,1,1,1,0,1
0.09580496,1,0,1,1,0,1
0.09580616,1,1,1,1,0,1
0.09581132,1,0,1,1,0,1
0.09581248,1,1,1,1,0,1
0.09581464,1,0,1,1,0,1
0.0958158,1,1,1,1,0,1
0.09582096,1,0,1,1,0,1
0.09582232,1,1,1,1,0,1
0.09582448,1,0,1,1,0,1
0.09582548,1,1,1,1,0,1
0.09583064,1,0,1,1,0,1
0.09583196,1,1,1,1,0,1
0.09583412,1,0,1,1,0,1
0.09583512,1,1,1,1,0,1
0.09584032,1,0,1,1,0,1
0.09584164,1,1,1,1,0,1
0.0958438,1,0,1,1,0,1
0.0958448,1,1,1,1,0,1
0.09584996,1,0,1,1,0,1
0.09585132,1,1,1,1,0,1
0.09585348,1,0,1,1,0,1
0.09585464,1,1,1,1,0,1
0.0958598,1,0,1,1,0,1
0.09586096,1,1,1,1,0,1
0.09586312,1,0,1,1,0,1
0.09586432,1,1,1,1,0,1
0.09586948,1,0,1,1,0,1
0.0958708,1,1,1,1,0,1
0.09587296,1,0,1,1,0,1
0.09587396,1,1,1,1,0,1
0.09587912,1,0,1,1,0,1
0.09588048,1,1,1,1,0,1
0.09588264,1,0,1,1,0,1
0.09588364,1,1,1,1,0,1
0.0958888,1,0,1,1,0,1
0.09589012,1,1,1,1,0,1
0.09589228,1,0,1,1,0,1
0.09589328,1,1,1,1,0,1
0.09589848,1,0,1,1,0,1
0.0958998,1,1,1,1,0,1
0.09590196,1,0,1,1,0,1
0.09590312,1,1,1,1,0,1
0.09590828,1,0,1,1,0,1
0.09590948,1,1,1,1,0,1
0.09591164,1,0,1,1,0,1
0.0959128,1,1,1,1,0,1
0.09591796,1,0,1,1,0,1
0.09591928,1,1,1,1,0,1
0.09592148,1,0,1,1,0,1
0.09592248,1,1,1,1,0,1
0.09592764,1,0,1,1,0,1
0.09592896,1,1,1,1,0,1
0.09593112,1,0,1,1,0,1
0.09593212,1,1,1,1,0,1
0.09593728,1,0,1,1,0,1
0.09593864,1,1,1,1,0,1
0.0959408,1,0,1,1,0,1
0.0959418,1,1,1,1,0,1
0.09594696,1,0,1,1,0,1
0.09594828,1,1,1,1,0,1
0.09595044,1,0,1,1,0,1
0.09595164,1,1,1,1,0,1
0.0959568,1,0,1,1,0,1
0.09595796,1,1,1,1,0,1
0.09596012,1,0,1,1,0,1
0.09596128,1,1,1,1,0,1
0.09596644,1,0,1,1,0,1
0.0959678,1,1,1,1,0,1
0.09596996,1,0,1,1,0,1
0.09597096,1,1,1,1,0,1
0.09597612,1,0,1,1,0,1
0.09597744,1,1,1,1,0,1
0.09597964,1,0,1,1,0,1
0.09598064,1,1,1,1,0,1
0.0959858,1,0,1,1,0,1
0.09598712,1,1,1,1,0,1
0.09598928,1,0,1,1,0,1
0.09599028,1,1,1,1,0,1
0.09599544,1,0,1,1,0,1
0.0959968,1,1,1,1,0,1
0.09599896,1,0,1,1,0,1
0.09599996,1,1,1,1,0,1
0.09600512,1,0,1,1,0,1
0.09600644,1,1,1,1,0,1
0.0960086,1,0,1,1,0,1
0.0960098,1,1,1,1,0,1
0.09601496,1,0,1,1,0,1
0.09601612,1,1,1,1,0,1
0.09601828,1,0,1,1,0,1
0.09601944,1,1,1,1,0,1
0.0960246,1,0,1,1,0,1
0.09602596,1,1,1,1,0,1
0.09602812,1,0,1,1,0,1
0.09602912,1,1,1,1,0,1
0.09603428,1,0,1,1,0,1
0.0960356,1,1,1,1,0,1
0.0960378,1,0,1,1,0,1
0.0960388,1,1,1,1,0,1
0.09604396,1,0,1,1,0,1
0.09604528,1,1,1,1,0,1
0.09604744,1,0,1,1,0,1
0.09604844,1,1,1,1,0,1
0.0960536,1,0,1,1,0,1
0.09605496,1,1,1,1,0,1
0.09605712,1,0,1,1,0,1
0.09605828,1,1,1,1,0,1
0.09606344,1,0,1,1,0,1
0.0960646,1,1,1,1,0,1
0.0960668,1,0,1,1,0,1
0.09606796,1,1,1,1,0,1
0.09607312,1,0,1,1,0,1
0.09607444,1,1,1,1,0,1
0.0960766,1,0,1,1,0,1
0.0960776,1,1,1,1,0,1
0.09608276,1,0,1,1,0,1
0.09608412,1,1,1,1,0,1
0.09608628,1,0,1,1,0,1
0.09608728,1,1,1,1,0,1
0.09609244,1,0,1,1,0,1
0.09609376,1,1,1,1,0,1
0.09609596,1,0,1,1,0,1
0.09609696,1,1,1,1,0,1
0.09610212,1,0,1,1,0,1
0.09610344,1,1,1,1,0,1
0.0961056,1,0,1,1,0,1
0.09610676,1,1,1,1,0,1
0.09611196,1,0,1,1,0,1
0.09611312,1,1,1,1,0,1
0.09611528,1,0,1,1,0,1
0.09611644,1,1,1,1,0,1
0.0961216,1,0,1,1,0,1
0.09612296,1,1,1,1,0,1
0.09612512,1,0,1,1,0,1
0.09612612,1,1,1,1,0,1
0.09613128,1,0,1,1,0,1
0.0961326,1,1,1,1,0,1
0.09613476,1,0,1,1,0,1
0.09613576,1,1,1,1,0,1
0.09614092,1,0,1,1,0,1
0.09614228,1,1,1,1,0,1
0.09614444,1,0,1,1,0,1
0.09614544,1,1,1,1,0,1
0.0961506,1,0,1,1,0,1
0.09615192,1,1,1,1,0,1
0.09615412,1,0,1,1,0,1
0.09615528,1,1,1,1,0,1
0.09616044,1,0,1,1,0,1
0.0961616,1,1,1,1,0,1
0.09616376,1,0,1,1,0,1
0.09616492,1,1,1,1,0,1
0.09617012,1,0,1,1,0,1
0.09617144,1,1,1,1,0,1
0.0961736,1,0,1,1,0,1
0.0961746,1,1,1,1,0,1
0.09617976,1,0,1,1,0,1
0.09618112,1,1,1,1,0,1
0.09618328,1,0,1,1,0,1
0.09618428,1,1,1,1,0,1
0.09618944,1,0,1,1,0,1
0.09619076,1,1,1,1,0,1
0.09619292,1,0,1,1,0,1
0.09619392,1,1,1,1,0,1
0.09619912,1,0,1,1,0,1
0.09620044,1,1,1,1,0,1
0.0962026,1,0,1,1,0,1
0.09620376,1,1,1,1,0,1
0.09620892,1,0,1,1,0,1
0.09621008,1,1,1,1,0,1
0.09621228,1,0,1,1,0,1
0.09621344,1,1,1,1,0,1
0.0962186,1,0,1,1,0,1
0.09621992,1,1,1,1,0,1
0.09622208,1,0,1,1,0,1
0.09622308,1,1,1,1,0,1
0.09622828,1,0,1,1,0,1
0.0962296,1,1,1,1,0,1
0.09623176,1,0,1,1,0,1
0.09623276,1,1,1,1,0,1
0.09623792,1,0,1,1,0,1
0.09623928,1,1,1,1,0,1
0.09624144,1,0,1,1,0,1
0.09624244,1,1,1,1,0,1
0.0962476,1,0,1,1,0,1
0.09624892,1,1,1,1,0,1
0.09625108,1,0,1,1,0,1
0.09625208,1,1,1,1,0,1
0.09625728,1,0,1,1,0,1
0.0962586,1,1,1,1,0,1
0.09626076,1,0,1,1,0,1
0.09626192,1,1,1,1,0,1
0.09626708,1,0,1,1,0,1
0.09626824,1,1,1,1,0,1
0.09627044,1,0,1,1,0,1
0.0962716,1,1,1,1,0,1
0.09627676,1,0,1,1,0,1
0.09627808,1,1,1,1,0,1
0.09628024,1,0,1,1,0,1
0.09628124,1,1,1,1,0,1
0.09628644,1,0,1,1,0,1
0.09628776,1,1,1,1,0,1
0.09628992,1,0,1,1,0,1
0.09629092,1,1,1,1,0,1
0.09629608,1,0,1,1,0,1
0.09629744,1,1,1,1,0,1
0.0962996,1,0,1,1,0,1
0.0963006,1,1,1,1,0,1
0.09630576,1,0,1,1,0,1
0.09630708,1,1,1,1,0,1
0.09630924,1,0,1,1,0,1
0.09631044,1,1,1,1,0,1
0.0963156,1,0,1,1,0,1
0.09631676,1,1,1,1,0,1
0.09631892,1,0,1,1,0,1
0.09632008,1,1,1,1,0,1
0.09632524,1,0,1,1,0,1
0.0963266,1,1,1,1,0,1
0.09632876,1,0,1,1,0,1
0.09632976,1,1,1,1,0,1
0.09633492,1,0,1,1,0,1
0.09633624,1,1,1,1,0,1
0.0963384,1,0,1,1,0,1
0.0963394,1,1,1,1,0,1
0.0963446,1,0,1,1,0,1
0.09634592,1,1,1,1,0,1
0.09634808,1,0,1,1,0,1
0.09634908,1,1,1,1,0,1
0.09635424,1,0,1,1,0,1
0.0963556,1,1,1,1,0,1
0.09635776,1,0,1,1,0,1
0.09635892,1,1,1,1,0,1
0.09636408,1,0,1,1,0,1
0.09636524,1,1,1,1,0,1
0.0963674,1,0,1,1,0,1
0.0963686,1,1,1,1,0,1
0.09637376,1,0,1,1,0,1
0.09637508,1,1,1,1,0,1
0.09637724,1,0,1,1,0,1
0.09637824,1,1,1,1,0,1
0.0963834,1,0,1,1,0,1
0.09638476,1,1,1,1,0,1
0.09638692,1,0,1,1,0,1
0.09638792,1,1,1,1,0,1
0.09639308,1,0,1,1,0,1
0.0963944,1,1,1,1,0,1
0.0963966,1,0,1,1,0,1
0.09639756,1,1,1,1,0,1
0.09640276,1,0,1,1,0,1
0.09640408,1,1,1,1,0,1
0.09640624,1,0,1,1,0,1
0.0964074,1,1,1,1,0,1
0.09641256,1,0,1,1,0,1
0.09641376,1,1,1,1,0,1
0.09641592,1,0,1,1,0,1
0.09641708,1,1,1,1,0,1
0.09642224,1,0,1,1,0,1
0.09642356,1,1,1,1,0,1
0.09642576,1,0,1,1,0,1
0.09642676,1,1,1,1,0,1
0.09643192,1,0,1,1,0,1
0.09643324,1,1,1,1,0,1
0.0964354,1,0,1,1,0,1
0.0964364,1,1,1,1,0,1
0.09644156,1,0,1,1,0,1
0.09644292,1,1,1,1,0,1
0.09644508,1,0,1,1,0,1
0.09644608,1,1,1,1,0,1
0.09645124,1,0,1,1,0,1
0.09645256,1,1,1,1,0,1
0.09645476,1,0,1,1,0,1
0.09645576,1,1,1,1,0,1
0.09646092,1,0,1,1,0,1
0.09646224,1,1,1,1,0,1
0.0964644,1,0,1,1,0,1
0.09646556,1,1,1,1,0,1
0.09647072,1,0,1,1,0,1
0.09647192,1,1,1,1,0,1
0.09647408,1,0,1,1,0,1
0.09647524,1,1,1,1,0,1
0.0964804,1,0,1,1,0,1
0.09648172,1,1,1,1,0,1
0.09648392,1,0,1,1,0,1
0.09648492,1,1,1,1,0,1
0.09649008,1,0,1,1,0,1
0.0964914,1,1,1,1,0,1
0.09649356,1,0,1,1,0,1
0.09649456,1,1,1,1,0,1
0.09649972,1,0,1,1,0,1
0.09650108,1,1,1,1,0,1
0.09650324,1,0,1,1,0,1
0.09650424,1,1,1,1,0,1
0.0965094,1,0,1,1,0,1
0.09651072,1,1,1,1,0,1
0.09651292,1,0,1,1,0,1
0.09651408,1,1,1,1,0,1
0.09651924,1,0,1,1,0,1
0.0965204,1,1,1,1,0,1
0.09652256,1,0,1,1,0,1
0.09652372,1,1,1,1,0,1
0.09652888,1,0,1,1,0,1
0.09653024,1,1,1,1,0,1
0.0965324,1,0,1,1,0,1
0.0965334,1,1,1,1,0,1
0.09653856,1,0,1,1,0,1
0.09653988,1,1,1,1,0,1
0.09654208,1,0,1,1,0,1
0.09654308,1,1,1,1,0,1
0.09654824,1,0,1,1,0,1
0.09654956,1,1,1,1,0,1
0.09655172,1,0,1,1,0,1
0.09655272,1,1,1,1,0,1
0.09655788,1,0,1,1,0,1
0.09655924,1,1,1,1,0,1
0.0965614,1,0,1,1,0,1
0.09656256,1,1,1,1,0,1
0.09656772,1,0,1,1,0,1
0.09656888,1,1,1,1,0,1
0.09657108,1,0,1,1,0,1
0.09657224,1,1,1,1,0,1
0.0965774,1,0,1,1,0,1
0.09657872,1,1,1,1,0,1
0.09658088,1,0,1,1,0,1
0.09658188,1,1,1,1,0,1
0.09658708,1,0,1,1,0,1
0.0965884,1,1,1,1,0,1
0.09659056,1,0,1,1,0,1
0.09659156,1,1,1,1,0,1
0.09659672,1,0,1,1,0,1
0.09659804,1,1,1,1,0,1
0.09660024,1,0,1,1,0,1
0.09660124,1,1,1,1,0,1
0.0966064,1,0,1,1,0,1
0.09660772,1,1,1,1,0,1
0.09660988,1,0,1,1,0,1
0.09661104,1,1,1,1,0,1
0.09661624,1,0,1,1,0,1
0.0966174,1,1,1,1,0,1
0.09661956,1,0,1,1,0,1
0.09662072,1,1,1,1,0,1
0.09662588,1,0,1,1,0,1
0.09662724,1,1,1,1,0,1
0.0966294,1,0,1,1,0,1
0.0966304,1,1,1,1,0,1
0.09663556,1,0,1,1,0,1
0.09663688,1,1,1,1,0,1
0.09663904,1,0,1,1,0,1
0.09664004,1,1,1,1,0,1
0.09664524,1,0,1,1,0,1
0.09664656,1,1,1,1,0,1
0.09664872,1,0,1,1,0,1
0.09664972,1,1,1,1,0,1
0.09665488,1,0,1,1,0,1
0.09665624,1,1,1,1,0,1
0.0966584,1,0,1,1,0,1
0.0966594,1,1,1,1,0,1
0.09666456,1,0,1,1,0,1
0.09666588,1,1,1,1,0,1
0.09666804,1,0,1,1,0,1
0.0966692,1,1,1,1,0,1
0.0966744,1,0,1,1,0,1
0.09667556,1,1,1,1,0,1
0.09667772,1,0,1,1,0,1
0.09667888,1,1,1,1,0,1
0.09668404,1,0,1,1,0,1
0.0966854,1,1,1,1,0,1
0.09668756,1,0,1,1,0,1
0.09668856,1,1,1,1,0,1
0.09669372,1,0,1,1,0,1
0.09669504,1,1,1,1,0,1
0.0966972,1,0,1,1,0,1
0.0966982,1,1,1,1,0,1
0.0967034,1,0,1,1,0,1
0.09670472,1,1,1,1,0,1
0.09670688,1,0,1,1,0,1
0.09670788,1,1,1,1,0,1
0.09671304,1,0,1,1,0,1
0.0967144,1,1,1,1,0,1
0.09671656,1,0,1,1,0,1
0.09671772,1,1,1,1,0,1
0.09672288,1,0,1,1,0,1
0.09672404,1,1,1,1,0,1
0.0967262,1,0,1,1,0,1
0.09672736,1,1,1,1,0,1
0.09673256,1,0,1,1,0,1
0.09673388,1,1,1,1,0,1
0.09673604,1,0,1,1,0,1
0.09673704,1,1,1,1,0,1
0.0967422,1,0,1,1,0,1
0.09674356,1,1,1,1,0,1
0.09674572,1,0,1,1,0,1
0.09674672,1,1,1,1,0,1
0.09675188,1,0,1,1,0,1
0.0967532,1,1,1,1,0,1
0.09675536,1,0,1,1,0,1
0.09675636,1,1,1,1,0,1
0.09676156,1,0,1,1,0,1
0.09676288,1,1,1,1,0,1
0.09676504,1,0,1,1,0,1
0.0967662,1,1,1,1,0,1
0.09677136,1,0,1,1,0,1
0.09677256,1,1,1,1,0,1
0.09677472,1,0,1,1,0,1
0.09677588,1,1,1,1,0,1
0.09678104,1,0,1,1,0,1
0.09678236,1,1,1,1,0,1
0.09678456,1,0,1,1,0,1
0.09678552,1,1,1,1,0,1
0.09679072,1,0,1,1,0,1
0.09679204,1,1,1,1,0,1
0.0967942,1,0,1,1,0,1
0.0967952,1,1,1,1,0,1
0.09680036,1,0,1,1,0,1
0.09680172,1,1,1,1,0,1
0.09680388,1,0,1,1,0,1
0.09680488,1,1,1,1,0,1
0.09681004,1,0,1,1,0,1
0.09681136,1,1,1,1,0,1
0.09681352,1,0,1,1,0,1
0.09681472,1,1,1,1,0,1
0.09681988,1,0,1,1,0,1
0.09682104,1,1,1,1,0,1
0.0968232,1,0,1,1,0,1
0.09682436,1,1,1,1,0,1
0.09682952,1,0,1,1,0,1
0.09683088,1,1,1,1,0,1
0.09683304,1,0,1,1,0,1
0.09683404,1,1,1,1,0,1
0.0968392,1,0,1,1,0,1
0.09684052,1,1,1,1,0,1
0.09684272,1,0,1,1,0,1
0.09684372,1,1,1,1,0,1
0.09684888,1,0,1,1,0,1
0.0968502,1,1,1,1,0,1
0.09685236,1,0,1,1,0,1
0.09685336,1,1,1,1,0,1
0.09685852,1,0,1,1,0,1
0.09685988,1,1,1,1,0,1
0.09686204,1,0,1,1,0,1
0.0968632,1,1,1,1,0,1
0.09686836,1,0,1,1,0,1
0.09686952,1,1,1,1,0,1
0.09687168,1,0,1,1,0,1
0.09687288,1,1,1,1,0,1
0.09687804,1,0,1,1,0,1
0.0968792,1,1,1,1,0,1
0.09688136,1,0,1,1,0,1
0.09688252,1,1,1,1,0,1
0.09688768,1,0,1,1,0,1
0.09688904,1,1,1,1,0,1
0.0968912,1,0,1,1,0,1
0.0968922,1,1,1,1,0,1
0.09689736,1,0,1,1,0,1
0.09689868,1,1,1,1,0,1
0.09690088,1,0,1,1,0,1
0.09690188,1,1,1,1,0,1
0.09690704,1,0,1,1,0,1
0.09690836,1,1,1,1,0,1
0.09691052,1,0,1,1,0,1
0.09691152,1,1,1,1,0,1
0.09691668,1,0,1,1,0,1
0.09691804,1,1,1,1,0,1
0.0969202,1,0,1,1,0,1
0.09692136,1,1,1,1,0,1
0.09692652,1,0,1,1,0,1
0.09692768,1,1,1,1,0,1
0.09692984,1,0,1,1,0,1
0.09693104,1,1,1,1,0,1
0.0969362,1,0,1,1,0,1
0.09693752,1,1,1,1,0,1
0.09693968,1,0,1,1,0,1
0.09694068,1,1,1,1,0,1
0.09694584,1,0,1,1,0,1
0.0969472,1,1,1,1,0,1
0.09694936,1,0,1,1,0,1
0.09695036,1,1,1,1,0,1
0.09695552,1,0,1,1,0,1
0.09695684,1,1,1,1,0,1
0.09695904,1,0,1,1,0,1
0.09696004,1,1,1,1,0,1
0.0969652,1,0,1,1,0,1
0.09696652,1,1,1,1,0,1
0.09696868,1,0,1,1,0,1
0.09696984,1,1,1,1,0,1
0.09697504,1,0,1,1,0,1
0.0969762,1,1,1,1,0,1
0.09697836,1,0,1,1,0,1
0.09697952,1,1,1,1,0,1
0.09698468,1,0,1,1,0,1
0.096986,1,1,1,1,0,1
0.0969882,1,0,1,1,0,1
0.0969892,1,1,1,1,0,1
0.09699436,1,0,1,1,0,1
0.09699568,1,1,1,1,0,1
0.09699784,1,0,1,1,0,1
0.09699884,1,1,1,1,0,1
0.097004,1,0,1,1,0,1
0.09700536,1,1,1,1,0,1
0.09700752,1,0,1,1,0,1
0.09700852,1,1,1,1,0,1
0.09701368,1,0,1,1,0,1
0.097015,1,1,1,1,0,1
0.0970172,1,0,1,1,0,1
0.09701836,1,1,1,1,0,1
0.09702352,1,0,1,1,0,1
0.09702468,1,1,1,1,0,1
0.09702684,1,0,1,1,0,1
0.097028,1,1,1,1,0,1
0.0970332,1,0,1,1,0,1
0.09703452,1,1,1,1,0,1
0.09703668,1,0,1,1,0,1
0.09703768,1,1,1,1,0,1
0.09704284,1,0,1,1,0,1
0.0970442,1,1,1,1,0,1
0.09704636,1,0,1,1,0,1
0.09704736,1,1,1,1,0,1
0.09705252,1,0,1,1,0,1
0.09705384,1,1,1,1,0,1
0.097056,1,0,1,1,0,1
0.097057,1,1,1,1,0,1
0.09706216,1,0,1,1,0,1
0.09706352,1,1,1,1,0,1
0.09706568,1,0,1,1,0,1
0.09706684,1,1,1,1,0,1
0.097072,1,0,1,1,0,1
0.09707316,1,1,1,1,0,1
0.09707536,1,0,1,1,0,1
0.09707652,1,1,1,1,0,1
0.09708168,1,0,1,1,0,1
0.097083,1,1,1,1,0,1
0.09708516,1,0,1,1,0,1
0.09708616,1,1,1,1,0,1
0.09709136,1,0,1,1,0,1
0.09709268,1,1,1,1,0,1
0.09709484,1,0,1,1,0,1
0.09709584,1,1,1,1,0,1
0.097101,1,0,1,1,0,1
0.09710236,1,1,1,1,0,1
0.09710452,1,0,1,1,0,1
0.09710552,1,1,1,1,0,1
0.09711068,1,0,1,1,0,1
0.097112,1,1,1,1,0,1
0.09711416,1,0,1,1,0,1
0.09711516,1,1,1,1,0,1
0.09712032,1,0,1,1,0,1
0.09712168,1,1,1,1,0,1
0.09712384,1,0,1,1,0,1
0.097125,1,1,1,1,0,1
0.09713016,1,0,1,1,0,1
0.09713132,1,1,1,1,0,1
0.09713352,1,0,1,1,0,1
0.09713468,1,1,1,1,0,1
0.09713984,1,0,1,1,0,1
0.09714116,1,1,1,1,0,1
0.09714332,1,0,1,1,0,1
0.09714432,1,1,1,1,0,1
0.09714952,1,0,1,1,0,1
0.09715084,1,1,1,1,0,1
0.097153,1,0,1,1,0,1
0.097154,1,1,1,1,0,1
0.09715916,1,0,1,1,0,1
0.09716052,1,1,1,1,0,1
0.09716268,1,0,1,1,0,1
0.09716368,1,1,1,1,0,1
0.09716884,1,0,1,1,0,1
0.09717016,1,1,1,1,0,1
0.09717232,1,0,1,1,0,1
0.09717352,1,1,1,1,0,1
0.09717868,1,0,1,1,0,1
0.09717984,1,1,1,1,0,1
0.097182,1,0,1,1,0,1
0.09718316,1,1,1,1,0,1
0.09718832,1,0,1,1,0,1
0.09718968,1,1,1,1,0,1
0.09719184,1,0,1,1,0,1
0.09719284,1,1,1,1,0,1
0.097198,1,0,1,1,0,1
0.09719932,1,1,1,1,0,1
0.09720148,1,0,1,1,0,1
0.09720248,1,1,1,1,0,1
0.09720768,1,0,1,1,0,1
0.097209,1,1,1,1,0,1
0.09721116,1,0,1,1,0,1
0.09721216,1,1,1,1,0,1
0.09721732,1,0,1,1,0,1
0.09721868,1,1,1,1,0,1
0.09722084,1,0,1,1,0,1
0.097222,1,1,1,1,0,1
0.09722716,1,0,1,1,0,1
0.09722832,1,1,1,1,0,1
0.09723048,1,0,1,1,0,1
0.09723168,1,1,1,1,0,1
0.09723684,1,0,1,1,0,1
0.09723816,1,1,1,1,0,1
0.09724032,1,0,1,1,0,1
0.09724132,1,1,1,1,0,1
0.09724648,1,0,1,1,0,1
0.09724784,1,1,1,1,0,1
0.09725,1,0,1,1,0,1
0.097251,1,1,1,1,0,1
0.09725616,1,0,1,1,0,1
0.09725748,1,1,1,1,0,1
0.09725964,1,0,1,1,0,1
0.09726064,1,1,1,1,0,1
0.09726584,1,0,1,1,0,1
0.09726716,1,1,1,1,0,1
0.09726932,1,0,1,1,0,1
0.09727048,1,1,1,1,0,1
0.09727564,1,0,1,1,0,1
0.09727684,1,1,1,1,0,1
0.097279,1,0,1,1,0,1
0.09728016,1,1,1,1,0,1
0.09728532,1,0,1,1,0,1
0.09728664,1,1,1,1,0,1
0.09728884,1,0,1,1,0,1
0.09728984,1,1,1,1,0,1
0.097295,1,0,1,1,0,1
0.09729632,1,1,1,1,0,1
0.09729848,1,0,1,1,0,1
0.09729948,1,1,1,1,0,1
0.09730464,1,0,1,1,0,1
0.097306,1,1,1,1,0,1
0.09730816,1,0,1,1,0,1
0.09730916,1,1,1,1,0,1
0.09731432,1,0,1,1,0,1
0.09731564,1,1,1,1,0,1
0.0973178,1,0,1,1,0,1
0.0973188,1,1,1,1,0,1
0.097324,1,0,1,1,0,1
0.09732532,1,1,1,1,0,1
0.09732748,1,0,1,1,0,1
0.09732864,1,1,1,1,0,1
0.0973338,1,0,1,1,0,1
0.097335,1,1,1,1,0,1
0.09733716,1,0,1,1,0,1
0.09733832,1,1,1,1,0,1
0.09734348,1,0,1,1,0,1
0.0973448,1,1,1,1,0,1
0.097347,1,0,1,1,0,1
0.097348,1,1,1,1,0,1
0.09735316,1,0,1,1,0,1
0.09735448,1,1,1,1,0,1
0.09735664,1,0,1,1,0,1
0.09735764,1,1,1,1,0,1
0.0973628,1,0,1,1,0,1
0.09736416,1,1,1,1,0,1
0.09736632,1,0,1,1,0,1
0.09736732,1,1,1,1,0,1
0.09737248,1,0,1,1,0,1
0.0973738,1,1,1,1,0,1
0.09737596,1,0,1,1,0,1
0.09737716,1,1,1,1,0,1
0.09738232,1,0,1,1,0,1
0.09738348,1,1,1,1,0,1
0.09738564,1,0,1,1,0,1
0.0973868,1,1,1,1,0,1
0.09739196,1,0,1,1,0,1
0.09739332,1,1,1,1,0,1
0.09739548,1,0,1,1,0,1
0.09739648,1,1,1,1,0,1
0.09740164,1,0,1,1,0,1
0.09740296,1,1,1,1,0,1
0.09740516,1,0,1,1,0,1
0.09740616,1,1,1,1,0,1
0.09741132,1,0,1,1,0,1
0.09741264,1,1,1,1,0,1
0.0974148,1,0,1,1,0,1
0.0974158,1,1,1,1,0,1
0.09742096,1,0,1,1,0,1
0.09742232,1,1,1,1,0,1
0.09742448,1,0,1,1,0,1
0.09742564,1,1,1,1,0,1
0.0974308,1,0,1,1,0,1
0.09743196,1,1,1,1,0,1
0.09743416,1,0,1,1,0,1
0.09743532,1,1,1,1,0,1
0.09744048,1,0,1,1,0,1
0.0974418,1,1,1,1,0,1
0.09744396,1,0,1,1,0,1
0.09744496,1,1,1,1,0,1
0.09745012,1,0,1,1,0,1
0.09745148,1,1,1,1,0,1
0.09745364,1,0,1,1,0,1
0.09745464,1,1,1,1,0,1
0.0974598,1,0,1,1,0,1
0.09746112,1,1,1,1,0,1
0.09746332,1,0,1,1,0,1
0.09746432,1,1,1,1,0,1
0.09746948,1,0,1,1,0,1
0.0974708,1,1,1,1,0,1
0.09747296,1,0,1,1,0,1
0.09747412,1,1,1,1,0,1
0.09747932,1,0,1,1,0,1
0.09748048,1,1,1,1,0,1
0.09748264,1,0,1,1,0,1
0.0974838,1,1,1,1,0,1
0.09748896,1,0,1,1,0,1
0.09749032,1,1,1,1,0,1
0.09749248,1,0,1,1,0,1
0.09749348,1,1,1,1,0,1
0.09749864,1,0,1,1,0,1
0.09749996,1,1,1,1,0,1
0.09750212,1,0,1,1,0,1
0.09750312,1,1,1,1,0,1
0.09750828,1,0,1,1,0,1
0.09750964,1,1,1,1,0,1
0.0975118,1,0,1,1,0,1
0.0975128,1,1,1,1,0,1
0.09751796,1,0,1,1,0,1
0.09751928,1,1,1,1,0,1
0.09752148,1,0,1,1,0,1
0.09752264,1,1,1,1,0,1
0.0975278,1,0,1,1,0,1
0.09752896,1,1,1,1,0,1
0.09753112,1,0,1,1,0,1
0.09753228,1,1,1,1,0,1
0.09753748,1,0,1,1,0,1
0.09753864,1,1,1,1,0,1
0.0975408,1,0,1,1,0,1
0.09754196,1,1,1,1,0,1
0.09754712,1,0,1,1,0,1
0.09754848,1,1,1,1,0,1
0.09755064,1,0,1,1,0,1
0.09755164,1,1,1,1,0,1
0.0975568,1,0,1,1,0,1
0.09755812,1,1,1,1,0,1
0.09756028,1,0,1,1,0,1
0.09756128,1,1,1,1,0,1
0.09756648,1,0,1,1,0,1
0.0975678,1,1,1,1,0,1
0.09756996,1,0,1,1,0,1
0.09757096,1,1,1,1,0,1
0.09757612,1,0,1,1,0,1
0.09757744,1,1,1,1,0,1
0.09757964,1,0,1,1,0,1
0.0975808,1,1,1,1,0,1
0.09758596,1,0,1,1,0,1
0.09758712,1,1,1,1,0,1
0.09758928,1,0,1,1,0,1
0.09759044,1,1,1,1,0,1
0.09759564,1,0,1,1,0,1
0.09759696,1,1,1,1,0,1
0.09759912,1,0,1,1,0,1
0.09760012,1,1,1,1,0,1
0.09760528,1,0,1,1,0,1
0.09760664,1,1,1,1,0,1
0.0976088,1,0,1,1,0,1
0.0976098,1,1,1,1,0,1
0.09761496,1,0,1,1,0,1
0.09761628,1,1,1,1,0,1
0.09761844,1,0,1,1,0,1
0.09761944,1,1,1,1,0,1
0.09762464,1,0,1,1,0,1
0.09762596,1,1,1,1,0,1
0.09762812,1,0,1,1,0,1
0.09762928,1,1,1,1,0,1
0.09763444,1,0,1,1,0,1
0.0976356,1,1,1,1,0,1
0.0976378,1,0,1,1,0,1
0.09763896,1,1,1,1,0,1
0.09764412,1,0,1,1,0,1
0.09764544,1,1,1,1,0,1
0.0976476,1,0,1,1,0,1
0.0976486,1,1,1,1,0,1
0.0976538,1,0,1,1,0,1
0.09765512,1,1,1,1,0,1
0.09765728,1,0,1,1,0,1
0.09765828,1,1,1,1,0,1
0.09766344,1,0,1,1,0,1
0.0976648,1,1,1,1,0,1
0.09766696,1,0,1,1,0,1
0.09766796,1,1,1,1,0,1
0.09767312,1,0,1,1,0,1
0.09767444,1,1,1,1,0,1
0.0976766,1,0,1,1,0,1
0.0976778,1,1,1,1,0,1
0.09768296,1,0,1,1,0,1
0.09768412,1,1,1,1,0,1
0.09768628,1,0,1,1,0,1
0.09768744,1,1,1,1,0,1
0.0976926,1,0,1,1,0,1
0.09769396,1,1,1,1,0,1
0.09769612,1,0,1,1,0,1
0.09769712,1,1,1,1,0,1
0.09770228,1,0,1,1,0,1
0.0977036,1,1,1,1,0,1
0.09770576,1,0,1,1,0,1
0.09770676,1,1,1,1,0,1
0.09771196,1,0,1,1,0,1
0.09771328,1,1,1,1,0,1
0.09771544,1,0,1,1,0,1
0.09771644,1,1,1,1,0,1
0.0977216,1,0,1,1,0,1
0.09772296,1,1,1,1,0,1
0.09772512,1,0,1,1,0,1
0.09772628,1,1,1,1,0,1
0.09773144,1,0,1,1,0,1
0.0977326,1,1,1,1,0,1
0.09773476,1,0,1,1,0,1
0.09773596,1,1,1,1,0,1
0.09774112,1,0,1,1,0,1
0.09774244,1,1,1,1,0,1
0.0977446,1,0,1,1,0,1
0.0977456,1,1,1,1,0,1
0.09775076,1,0,1,1,0,1
0.09775212,1,1,1,1,0,1
0.09775428,1,0,1,1,0,1
0.09775528,1,1,1,1,0,1
0.09776044,1,0,1,1,0,1
0.09776176,1,1,1,1,0,1
0.09776396,1,0,1,1,0,1
0.09776492,1,1,1,1,0,1
0.09777012,1,0,1,1,0,1
0.09777144,1,1,1,1,0,1
0.0977736,1,0,1,1,0,1
0.0977746,1,1,1,1,0,1
0.09777976,1,0,1,1,0,1
0.09778112,1,1,1,1,0,1
0.09778328,1,0,1,1,0,1
0.09778444,1,1,1,1,0,1
0.0977896,1,0,1,1,0,1
0.09779076,1,1,1,1,0,1
0.09779292,1,0,1,1,0,1
0.09779412,1,1,1,1,0,1
0.09779928,1,0,1,1,0,1
0.0978006,1,1,1,1,0,1
0.09780276,1,0,1,1,0,1
0.09780376,1,1,1,1,0,1
0.09780892,1,0,1,1,0,1
0.09781028,1,1,1,1,0,1
0.09781244,1,0,1,1,0,1
0.09781344,1,1,1,1,0,1
0.0978186,1,0,1,1,0,1
0.09781992,1,1,1,1,0,1
0.09782212,1,0,1,1,0,1
0.09782312,1,1,1,1,0,1
0.09782828,1,0,1,1,0,1
0.0978296,1,1,1,1,0,1
0.09783176,1,0,1,1,0,1
0.09783292,1,1,1,1,0,1
0.09783808,1,0,1,1,0,1
0.09783928,1,1,1,1,0,1
0.09784144,1,0,1,1,0,1
0.0978426,1,1,1,1,0,1
0.09784776,1,0,1,1,0,1
0.09784908,1,1,1,1,0,1
0.09785128,1,0,1,1,0,1
0.09785228,1,1,1,1,0,1
0.09785744,1,0,1,1,0,1
0.09785876,1,1,1,1,0,1
0.09786092,1,0,1,1,0,1
0.09786192,1,1,1,1,0,1
0.09786708,1,0,1,1,0,1
0.09786844,1,1,1,1,0,1
0.0978706,1,0,1,1,0,1
0.0978716,1,1,1,1,0,1
0.09787676,1,0,1,1,0,1
0.09787808,1,1,1,1,0,1
0.09788028,1,0,1,1,0,1
0.09788144,1,1,1,1,0,1
0.0978866,1,0,1,1,0,1
0.09788776,1,1,1,1,0,1
0.09788992,1,0,1,1,0,1
0.09789108,1,1,1,1,0,1
0.09789624,1,0,1,1,0,1
0.0978976,1,1,1,1,0,1
0.09789976,1,0,1,1,0,1
0.09790076,1,1,1,1,0,1
0.09790592,1,0,1,1,0,1
0.09790724,1,1,1,1,0,1
0.09790944,1,0,1,1,0,1
0.09791044,1,1,1,1,0,1
0.0979156,1,0,1,1,0,1
0.09791692,1,1,1,1,0,1
0.09791908,1,0,1,1,0,1
0.09792008,1,1,1,1,0,1
0.09792524,1,0,1,1,0,1
0.0979266,1,1,1,1,0,1
0.09792876,1,0,1,1,0,1
0.09792992,1,1,1,1,0,1
0.09793508,1,0,1,1,0,1
0.09793624,1,1,1,1,0,1
0.09793844,1,0,1,1,0,1
0.0979396,1,1,1,1,0,1
0.09794476,1,0,1,1,0,1
0.09794608,1,1,1,1,0,1
0.09794824,1,0,1,1,0,1
0.09794924,1,1,1,1,0,1
0.09795444,1,0,1,1,0,1
0.09795576,1,1,1,1,0,1
0.09795792,1,0,1,1,0,1
0.09795892,1,1,1,1,0,1
0.09796408,1,0,1,1,0,1
0.0979654,1,1,1,1,0,1
0.0979676,1,0,1,1,0,1
0.0979686,1,1,1,1,0,1
0.09797376,1,0,1,1,0,1
0.09797508,1,1,1,1,0,1
0.09797724,1,0,1,1,0,1
0.09797824,1,1,1,1,0,1
0.0979834,1,0,1,1,0,1
0.09798476,1,1,1,1,0,1
0.09798692,1,0,1,1,0,1
0.09798808,1,1,1,1,0,1
0.09799324,1,0,1,1,0,1
0.0979944,1,1,1,1,0,1
0.0979966,1,0,1,1,0,1
0.09799776,1,1,1,1,0,1
0.09800292,1,0,1,1,0,1
0.09800424,1,1,1,1,0,1
0.0980064,1,0,1,1,0,1
0.0980074,1,1,1,1,0,1
0.0980126,1,0,1,1,0,1
0.09801392,1,1,1,1,0,1
0.09801608,1,0,1,1,0,1
0.09801708,1,1,1,1,0,1
0.09802224,1,0,1,1,0,1
0.0980236,1,1,1,1,0,1
0.09802576,1,0,1,1,0,1
0.09802676,1,1,1,1,0,1
0.09803192,1,0,1,1,0,1
0.09803324,1,1,1,1,0,1
0.0980354,1,0,1,1,0,1
0.09803656,1,1,1,1,0,1
0.09804176,1,0,1,1,0,1
0.09804292,1,1,1,1,0,1
0.09804508,1,0,1,1,0,1
0.09804624,1,1,1,1,0,1
0.0980514,1,0,1,1,0,1
0.09805276,1,1,1,1,0,1
0.09805492,1,0,1,1,0,1
0.09805592,1,1,1,1,0,1
0.09806108,1,0,1,1,0,1
0.0980624,1,1,1,1,0,1
0.09806456,1,0,1,1,0,1
0.09806556,1,1,1,1,0,1
0.09807076,1,0,1,1,0,1
0.09807208,1,1,1,1,0,1
0.09807424,1,0,1,1,0,1
0.09807524,1,1,1,1,0,1
0.0980804,1,0,1,1,0,1
0.09808176,1,1,1,1,0,1
0.09808392,1,0,1,1,0,1
0.09808508,1,1,1,1,0,1
0.09809024,1,0,1,1,0,1
0.0980914,1,1,1,1,0,1
0.09809356,1,0,1,1,0,1
0.09809472,1,1,1,1,0,1
0.09809992,1,0,1,1,0,1
0.09810124,1,1,1,1,0,1
0.0981034,1,0,1,1,0,1
0.0981044,1,1,1,1,0,1
0.09810956,1,0,1,1,0,1
0.09811092,1,1,1,1,0,1
0.09811308,1,0,1,1,0,1
0.09811408,1,1,1,1,0,1
0.09811924,1,0,1,1,0,1
0.09812056,1,1,1,1,0,1
0.09812272,1,0,1,1,0,1
0.09812372,1,1,1,1,0,1
0.09812892,1,0,1,1,0,1
0.09813024,1,1,1,1,0,1
0.0981324,1,0,1,1,0,1
0.09813356,1,1,1,1,0,1
0.09813872,1,0,1,1,0,1
0.09813992,1,1,1,1,0,1
0.09814208,1,0,1,1,0,1
0.09814324,1,1,1,1,0,1
0.0981484,1,0,1,1,0,1
0.09814972,1,1,1,1,0,1
0.09815192,1,0,1,1,0,1
0.09815292,1,1,1,1,0,1
0.09815808,1,0,1,1,0,1
0.0981594,1,1,1,1,0,1
0.09816156,1,0,1,1,0,1
0.09816256,1,1,1,1,0,1
0.09816772,1,0,1,1,0,1
0.09816908,1,1,1,1,0,1
0.09817124,1,0,1,1,0,1
0.09817224,1,1,1,1,0,1
0.0981774,1,0,1,1,0,1
0.09817872,1,1,1,1,0,1
0.09818088,1,0,1,1,0,1
0.09818188,1,1,1,1,0,1
0.09818708,1,0,1,1,0,1
0.0981884,1,1,1,1,0,1
0.09819056,1,0,1,1,0,1
0.09819172,1,1,1,1,0,1
0.09819688,1,0,1,1,0,1
0.09819808,1,1,1,1,0,1
0.09820024,1,0,1,1,0,1
0.0982014,1,1,1,1,0,1
0.09820656,1,0,1,1,0,1
0.09820788,1,1,1,1,0,1
0.09821008,1,0,1,1,0,1
0.09821108,1,1,1,1,0,1
0.09821624,1,0,1,1,0,1
0.09821756,1,1,1,1,0,1
0.09821972,1,0,1,1,0,1
0.09822072,1,1,1,1,0,1
0.09822588,1,0,1,1,0,1
0.09822724,1,1,1,1,0,1
0.0982294,1,0,1,1,0,1
0.0982304,1,1,1,1,0,1
0.09823556,1,0,1,1,0,1
0.09823688,1,1,1,1,0,1
0.09823904,1,0,1,1,0,1
0.09824024,1,1,1,1,0,1
0.0982454,1,0,1,1,0,1
0.09824656,1,1,1,1,0,1
0.09824872,1,0,1,1,0,1
0.09824988,1,1,1,1,0,1
0.09825504,1,0,1,1,0,1
0.0982564,1,1,1,1,0,1
0.09825856,1,0,1,1,0,1
0.09825956,1,1,1,1,0,1
0.09826472,1,0,1,1,0,1
0.09826604,1,1,1,1,0,1
0.09826824,1,0,1,1,0,1
0.09826924,1,1,1,1,0,1
0.0982744,1,0,1,1,0,1
0.09827572,1,1,1,1,0,1
0.09827788,1,0,1,1,0,1
0.09827888,1,1,1,1,0,1
0.09828404,1,0,1,1,0,1
0.0982854,1,1,1,1,0,1
0.09828756,1,0,1,1,0,1
0.09828872,1,1,1,1,0,1
0.09829388,1,0,1,1,0,1
0.09829504,1,1,1,1,0,1
0.0982972,1,0,1,1,0,1
0.0982984,1,1,1,1,0,1
0.09830356,1,0,1,1,0,1
0.09830488,1,1,1,1,0,1
0.09830704,1,0,1,1,0,1
0.09830804,1,1,1,1,0,1
0.0983132,1,0,1,1,0,1
0.09831456,1,1,1,1,0,1
0.09831672,1,0,1,1,0,1
0.09831772,1,1,1,1,0,1
0.09832288,1,0,1,1,0,1
0.0983242,1,1,1,1,0,1
0.0983264,1,0,1,1,0,1
0.0983274,1,1,1,1,0,1
0.09833256,1,0,1,1,0,1
0.09833388,1,1,1,1,0,1
0.09833604,1,0,1,1,0,1
0.0983372,1,1,1,1,0,1
0.0983424,1,0,1,1,0,1
0.09834356,1,1,1,1,0,1
0.09834572,1,0,1,1,0,1
0.09834688,1,1,1,1,0,1
0.09835204,1,0,1,1,0,1
0.09835336,1,1,1,1,0,1
0.09835556,1,0,1,1,0,1
0.09835656,1,1,1,1,0,1
0.09836172,1,0,1,1,0,1
0.09836304,1,1,1,1,0,1
0.0983652,1,0,1,1,0,1
0.0983662,1,1,1,1,0,1
0.09837136,1,0,1,1,0,1
0.09837272,1,1,1,1,0,1
0.09837488,1,0,1,1,0,1
0.09837588,1,1,1,1,0,1
0.09838104,1,0,1,1,0,1
0.09838236,1,1,1,1,0,1
0.09838456,1,0,1,1,0,1
0.09838572,1,1,1,1,0,1
0.09839088,1,0,1,1,0,1
0.09839204,1,1,1,1,0,1
0.0983942,1,0,1,1,0,1
0.09839536,1,1,1,1,0,1
0.09840056,1,0,1,1,0,1
0.09840172,1,1,1,1,0,1
0.09840388,1,0,1,1,0,1
0.09840504,1,1,1,1,0,1
0.0984102,1,0,1,1,0,1
0.09841156,1,1,1,1,0,1
0.09841372,1,0,1,1,0,1
0.09841472,1,1,1,1,0,1
0.09841988,1,0,1,1,0,1
0.0984212,1,1,1,1,0,1
0.09842336,1,0,1,1,0,1
0.09842436,1,1,1,1,0,1
0.09842952,1,0,1,1,0,1
0.09843088,1,1,1,1,0,1
0.09843304,1,0,1,1,0,1
0.09843404,1,1,1,1,0,1
0.0984392,1,0,1,1,0,1
0.09844052,1,1,1,1,0,1
0.09844272,1,0,1,1,0,1
0.09844388,1,1,1,1,0,1
0.09844904,1,0,1,1,0,1
0.0984502,1,1,1,1,0,1
0.09845236,1,0,1,1,0,1
0.09845352,1,1,1,1,0,1
0.09845872,1,0,1,1,0,1
0.09846004,1,1,1,1,0,1
0.0984622,1,0,1,1,0,1
0.0984632,1,1,1,1,0,1
0.09846836,1,0,1,1,0,1
0.09846972,1,1,1,1,0,1
0.09847188,1,0,1,1,0,1
0.09847288,1,1,1,1,0,1
0.09847804,1,0,1,1,0,1
0.09847936,1,1,1,1,0,1
0.09848152,1,0,1,1,0,1
0.09848252,1,1,1,1,0,1
0.09848768,1,0,1,1,0,1
0.09848904,1,1,1,1,0,1
0.0984912,1,0,1,1,0,1
0.09849236,1,1,1,1,0,1
0.09849752,1,0,1,1,0,1
0.09849868,1,1,1,1,0,1
0.09850088,1,0,1,1,0,1
0.09850204,1,1,1,1,0,1
0.0985072,1,0,1,1,0,1
0.09850852,1,1,1,1,0,1
0.09851068,1,0,1,1,0,1
0.09851168,1,1,1,1,0,1
0.09851688,1,0,1,1,0,1
0.0985182,1,1,1,1,0,1
0.09852036,1,0,1,1,0,1
0.09852136,1,1,1,1,0,1
0.09852652,1,0,1,1,0,1
0.09852788,1,1,1,1,0,1
0.09853004,1,0,1,1,0,1
0.09853104,1,1,1,1,0,1
0.0985362,1,0,1,1,0,1
0.09853752,1,1,1,1,0,1
0.09853968,1,0,1,1,0,1
0.09854088,1,1,1,1,0,1
0.09854604,1,0,1,1,0,1
0.0985472,1,1,1,1,0,1
0.09854936,1,0,1,1,0,1
0.09855052,1,1,1,1,0,1
0.09855568,1,0,1,1,0,1
0.09855704,1,1,1,1,0,1
0.0985592,1,0,1,1,0,1
0.0985602,1,1,1,1,0,1
0.09856536,1,0,1,1,0,1
0.09856668,1,1,1,1,0,1
0.09856884,1,0,1,1,0,1
0.09856984,1,1,1,1,0,1
0.09857504,1,0,1,1,0,1
0.09857636,1,1,1,1,0,1
0.09857852,1,0,1,1,0,1
0.09857952,1,1,1,1,0,1
0.09858468,1,0,1,1,0,1
0.09858604,1,1,1,1,0,1
0.0985882,1,0,1,1,0,1
0.09858936,1,1,1,1,0,1
0.09859452,1,0,1,1,0,1
0.09859568,1,1,1,1,0,1
0.09859784,1,0,1,1,0,1
0.09859904,1,1,1,1,0,1
0.0986042,1,0,1,1,0,1
0.09860552,1,1,1,1,0,1
0.09860768,1,0,1,1,0,1
0.09860868,1,1,1,1,0,1
0.09861384,1,0,1,1,0,1
0.0986152,1,1,1,1,0,1
0.09861736,1,0,1,1,0,1
0.09861836,1,1,1,1,0,1
0.09862352,1,0,1,1,0,1
0.09862484,1,1,1,1,0,1
0.098627,1,0,1,1,0,1
0.098628,1,1,1,1,0,1
0.0986332,1,0,1,1,0,1
0.09863452,1,1,1,1,0,1
0.09863668,1,0,1,1,0,1
0.09863768,1,1,1,1,0,1
0.09864284,1,0,1,1,0,1
0.0986442,1,1,1,1,0,1
0.09864636,1,0,1,1,0,1
0.09864752,1,1,1,1,0,1
0.09865268,1,0,1,1,0,1
0.09865384,1,1,1,1,0,1
0.098656,1,0,1,1,0,1
0.0986572,1,1,1,1,0,1
0.09866236,1,0,1,1,0,1
0.09866368,1,1,1,1,0,1
0.09866584,1,0,1,1,0,1
0.09866684,1,1,1,1,0,1
0.098672,1,0,1,1,0,1
0.09867336,1,1,1,1,0,1
0.09867552,1,0,1,1,0,1
0.09867652,1,1,1,1,0,1
0.09868168,1,0,1,1,0,1
0.098683,1,1,1,1,0,1
0.09868516,1,0,1,1,0,1
0.09868616,1,1,1,1,0,1
0.09869136,1,0,1,1,0,1
0.09869268,1,1,1,1,0,1
0.09869484,1,0,1,1,0,1
0.098696,1,1,1,1,0,1
0.09870116,1,0,1,1,0,1
0.09870236,1,1,1,1,0,1
0.09870452,1,0,1,1,0,1
0.09870568,1,1,1,1,0,1
0.09871084,1,0,1,1,0,1
0.09871216,1,1,1,1,0,1
0.09871436,1,0,1,1,0,1
0.09871536,1,1,1,1,0,1
0.09872052,1,0,1,1,0,1
0.09872184,1,1,1,1,0,1
0.098724,1,0,1,1,0,1
0.098725,1,1,1,1,0,1
0.09873016,1,0,1,1,0,1
0.09873152,1,1,1,1,0,1
0.09873368,1,0,1,1,0,1
0.09873468,1,1,1,1,0,1
0.09873984,1,0,1,1,0,1
0.09874116,1,1,1,1,0,1
0.09874332,1,0,1,1,0,1
0.09874452,1,1,1,1,0,1
0.09874968,1,0,1,1,0,1
0.09875084,1,1,1,1,0,1
0.098753,1,0,1,1,0,1
0.09875416,1,1,1,1,0,1
0.09875932,1,0,1,1,0,1
0.09876068,1,1,1,1,0,1
0.09876284,1,0,1,1,0,1
0.09876384,1,1,1,1,0,1
0.098769,1,0,1,1,0,1
0.09877032,1,1,1,1,0,1
0.09877252,1,0,1,1,0,1
0.09877352,1,1,1,1,0,1
0.09877868,1,0,1,1,0,1
0.09878,1,1,1,1,0,1
0.09878216,1,0,1,1,0,1
0.09878316,1,1,1,1,0,1
0.09878832,1,0,1,1,0,1
0.09878968,1,1,1,1,0,1
0.09879184,1,0,1,1,0,1
0.098793,1,1,1,1,0,1
0.09879816,1,0,1,1,0,1
0.09879932,1,1,1,1,0,1
0.09880152,1,0,1,1,0,1
0.09880268,1,1,1,1,0,1
0.09880784,1,0,1,1,0,1
0.09880916,1,1,1,1,0,1
0.09881132,1,0,1,1,0,1
0.09881232,1,1,1,1,0,1
0.09881748,1,0,1,1,0,1
0.09881884,1,1,1,1,0,1
0.098821,1,0,1,1,0,1
0.098822,1,1,1,1,0,1
0.09882716,1,0,1,1,0,1
0.09882848,1,1,1,1,0,1
0.09883068,1,0,1,1,0,1
0.09883168,1,1,1,1,0,1
0.09883684,1,0,1,1,0,1
0.09883816,1,1,1,1,0,1
0.09884032,1,0,1,1,0,1
0.09884132,1,1,1,1,0,1
0.09884648,1,0,1,1,0,1
0.09884784,1,1,1,1,0,1
0.09885,1,0,1,1,0,1
0.09885116,1,1,1,1,0,1
0.09885632,1,0,1,1,0,1
0.09885748,1,1,1,1,0,1
0.09885968,1,0,1,1,0,1
0.09886084,1,1,1,1,0,1
0.098866,1,0,1,1,0,1
0.09886732,1,1,1,1,0,1
0.09886948,1,0,1,1,0,1
0.09887048,1,1,1,1,0,1
0.09887564,1,0,1,1,0,1
0.098877,1,1,1,1,0,1
0.09887916,1,0,1,1,0,1
0.09888016,1,1,1,1,0,1
0.09888532,1,0,1,1,0,1
0.09888664,1,1,1,1,0,1
0.09888884,1,0,1,1,0,1
0.09888984,1,1,1,1,0,1
0.098895,1,0,1,1,0,1
0.09889632,1,1,1,1,0,1
0.09889848,1,0,1,1,0,1
0.09889964,1,1,1,1,0,1
0.09890484,1,0,1,1,0,1
0.098906,1,1,1,1,0,1
0.09890816,1,0,1,1,0,1
0.09890932,1,1,1,1,0,1
0.09891448,1,0,1,1,0,1
0.09891584,1,1,1,1,0,1
0.098918,1,0,1,1,0,1
0.098919,1,1,1,1,0,1
0.09892416,1,0,1,1,0,1
0.09892548,1,1,1,1,0,1
0.09892764,1,0,1,1,0,1
0.09892864,1,1,1,1,0,1
0.0989338,1,0,1,1,0,1
0.09893516,1,1,1,1,0,1
0.09893732,1,0,1,1,0,1
0.09893832,1,1,1,1,0,1
0.09894348,1,0,1,1,0,1
0.0989448,1,1,1,1,0,1
0.098947,1,0,1,1,0,1
0.09894816,1,1,1,1,0,1
0.09895332,1,0,1,1,0,1
0.09895448,1,1,1,1,0,1
0.09895664,1,0,1,1,0,1
0.0989578,1,1,1,1,0,1
0.098963,1,0,1,1,0,1
0.09896432,1,1,1,1,0,1
0.09896648,1,0,1,1,0,1
0.09896748,1,1,1,1,0,1
0.09897264,1,0,1,1,0,1
0.098974,1,1,1,1,0,1
0.09897616,1,0,1,1,0,1
0.09897716,1,1,1,1,0,1
0.09898232,1,0,1,1,0,1
0.09898364,1,1,1,1,0,1
0.0989858,1,0,1,1,0,1
0.0989868,1,1,1,1,0,1
0.098992,1,0,1,1,0,1
0.09899332,1,1,1,1,0,1
0.09899548,1,0,1,1,0,1
0.09899664,1,1,1,1,0,1
0.0990018,1,0,1,1,0,1
0.09900296,1,1,1,1,0,1
0.09900516,1,0,1,1,0,1
0.09900632,1,1,1,1,0,1
0.09901148,1,0,1,1,0,1
0.0990128,1,1,1,1,0,1
0.09901496,1,0,1,1,0,1
0.09901596,1,1,1,1,0,1
0.09902116,1,0,1,1,0,1
0.09902248,1,1,1,1,0,1
0.09902464,1,0,1,1,0,1
0.09902564,1,1,1,1,0,1
0.0990308,1,0,1,1,0,1
0.09903216,1,1,1,1,0,1
0.09903432,1,0,1,1,0,1
0.09903532,1,1,1,1,0,1
0.09904048,1,0,1,1,0,1
0.0990418,1,1,1,1,0,1
0.09904396,1,0,1,1,0,1
0.09904516,1,1,1,1,0,1
0.09905032,1,0,1,1,0,1
0.09905148,1,1,1,1,0,1
0.09905364,1,0,1,1,0,1
0.0990548,1,1,1,1,0,1
0.09905996,1,0,1,1,0,1
0.09906116,1,1,1,1,0,1
0.09906332,1,0,1,1,0,1
0.09906448,1,1,1,1,0,1
0.09906964,1,0,1,1,0,1
0.09907096,1,1,1,1,0,1
0.09907312,1,0,1,1,0,1
0.09907412,1,1,1,1,0,1
0.09907932,1,0,1,1,0,1
0.09908064,1,1,1,1,0,1
0.0990828,1,0,1,1,0,1
0.0990838,1,1,1,1,0,1
0.09908896,1,0,1,1,0,1
0.09909032,1,1,1,1,0,1
0.09909248,1,0,1,1,0,1
0.09909348,1,1,1,1,0,1
0.09909864,1,0,1,1,0,1
0.09909996,1,1,1,1,0,1
0.09910212,1,0,1,1,0,1
0.09910332,1,1,1,1,0,1
0.09910848,1,0,1,1,0,1
0.09910964,1,1,1,1,0,1
0.0991118,1,0,1,1,0,1
0.09911296,1,1,1,1,0,1
0.09911812,1,0,1,1,0,1
0.09911948,1,1,1,1,0,1
0.09912164,1,0,1,1,0,1
0.09912264,1,1,1,1,0,1
0.0991278,1,0,1,1,0,1
0.09912912,1,1,1,1,0,1
0.09913128,1,0,1,1,0,1
0.09913228,1,1,1,1,0,1
0.09913748,1,0,1,1,0,1
0.0991388,1,1,1,1,0,1
0.09914096,1,0,1,1,0,1
0.09914196,1,1,1,1,0,1
0.09914712,1,0,1,1,0,1
0.09914848,1,1,1,1,0,1
0.09915064,1,0,1,1,0,1
0.0991518,1,1,1,1,0,1
0.09915696,1,0,1,1,0,1
0.09915812,1,1,1,1,0,1
0.09916028,1,0,1,1,0,1
0.09916148,1,1,1,1,0,1
0.09916664,1,0,1,1,0,1
0.09916796,1,1,1,1,0,1
0.09917012,1,0,1,1,0,1
0.09917112,1,1,1,1,0,1
0.09917628,1,0,1,1,0,1
0.09917764,1,1,1,1,0,1
0.0991798,1,0,1,1,0,1
0.0991808,1,1,1,1,0,1
0.09918596,1,0,1,1,0,1
0.09918728,1,1,1,1,0,1
0.09918948,1,0,1,1,0,1
0.09919044,1,1,1,1,0,1
0.09919564,1,0,1,1,0,1
0.09919696,1,1,1,1,0,1
0.09919912,1,0,1,1,0,1
0.09920028,1,1,1,1,0,1
0.09920544,1,0,1,1,0,1
0.09920664,1,1,1,1,0,1
0.0992088,1,0,1,1,0,1
0.09920996,1,1,1,1,0,1
0.09921512,1,0,1,1,0,1
0.09921644,1,1,1,1,0,1
0.09921864,1,0,1,1,0,1
0.09921964,1,1,1,1,0,1
0.0992248,1,0,1,1,0,1
0.09922612,1,1,1,1,0,1
0.09922828,1,0,1,1,0,1
0.09922928,1,1,1,1,0,1
0.09923444,1,0,1,1,0,1
0.0992358,1,1,1,1,0,1
0.09923796,1,0,1,1,0,1
0.09923896,1,1,1,1,0,1
0.09924412,1,0,1,1,0,1
0.09924544,1,1,1,1,0,1
0.09924764,1,0,1,1,0,1
0.0992488,1,1,1,1,0,1
0.09925396,1,0,1,1,0,1
0.09925512,1,1,1,1,0,1
0.09925728,1,0,1,1,0,1
0.09925844,1,1,1,1,0,1
0.0992636,1,0,1,1,0,1
0.09926496,1,1,1,1,0,1
0.09926712,1,0,1,1,0,1
0.09926812,1,1,1,1,0,1
0.09927328,1,0,1,1,0,1
0.0992746,1,1,1,1,0,1
0.0992768,1,0,1,1,0,1
0.0992778,1,1,1,1,0,1
0.09928296,1,0,1,1,0,1
0.09928428,1,1,1,1,0,1
0.09928644,1,0,1,1,0,1
0.09928744,1,1,1,1,0,1
0.0992926,1,0,1,1,0,1
0.09929396,1,1,1,1,0,1
0.09929612,1,0,1,1,0,1
0.09929712,1,1,1,1,0,1
0.09930228,1,0,1,1,0,1
0.0993036,1,1,1,1,0,1
0.0993058,1,0,1,1,0,1
0.09930696,1,1,1,1,0,1
0.09931212,1,0,1,1,0,1
0.09931328,1,1,1,1,0,1
0.09931544,1,0,1,1,0,1
0.0993166,1,1,1,1,0,1
0.0993218,1,0,1,1,0,1
0.09932312,1,1,1,1,0,1
0.09932528,1,0,1,1,0,1
0.09932628,1,1,1,1,0,1
0.09933144,1,0,1,1,0,1
0.09933276,1,1,1,1,0,1
0.09933496,1,0,1,1,0,1
0.09933596,1,1,1,1,0,1
0.09934112,1,0,1,1,0,1
0.09934244,1,1,1,1,0,1
0.0993446,1,0,1,1,0,1
0.0993456,1,1,1,1,0,1
0.09935076,1,0,1,1,0,1
0.09935212,1,1,1,1,0,1
0.09935428,1,0,1,1,0,1
0.09935544,1,1,1,1,0,1
0.0993606,1,0,1,1,0,1
0.09936176,1,1,1,1,0,1
0.09936396,1,0,1,1,0,1
0.09936512,1,1,1,1,0,1
0.09937028,1,0,1,1,0,1
0.0993716,1,1,1,1,0,1
0.09937376,1,0,1,1,0,1
0.09937476,1,1,1,1,0,1
0.09937996,1,0,1,1,0,1
0.09938128,1,1,1,1,0,1
0.09938344,1,0,1,1,0,1
0.09938444,1,1,1,1,0,1
0.0993896,1,0,1,1,0,1
0.09939092,1,1,1,1,0,1
0.09939312,1,0,1,1,0,1
0.09939412,1,1,1,1,0,1
0.09939928,1,0,1,1,0,1
0.0994006,1,1,1,1,0,1
0.09940276,1,0,1,1,0,1
0.09940392,1,1,1,1,0,1
0.09940912,1,0,1,1,0,1
0.09941028,1,1,1,1,0,1
0.09941244,1,0,1,1,0,1
0.0994136,1,1,1,1,0,1
0.09941876,1,0,1,1,0,1
0.09942012,1,1,1,1,0,1
0.09942228,1,0,1,1,0,1
0.09942328,1,1,1,1,0,1
0.09942844,1,0,1,1,0,1
0.09942976,1,1,1,1,0,1
0.09943192,1,0,1,1,0,1
0.09943292,1,1,1,1,0,1
0.09943812,1,0,1,1,0,1
0.09943944,1,1,1,1,0,1
0.0994416,1,0,1,1,0,1
0.0994426,1,1,1,1,0,1
0.09944776,1,0,1,1,0,1
0.09944912,1,1,1,1,0,1
0.09945128,1,0,1,1,0,1
0.09945244,1,1,1,1,0,1
0.0994576,1,0,1,1,0,1
0.09945876,1,1,1,1,0,1
0.09946092,1,0,1,1,0,1
0.09946208,1,1,1,1,0,1
0.09946728,1,0,1,1,0,1
0.0994686,1,1,1,1,0,1
0.09947076,1,0,1,1,0,1
0.09947176,1,1,1,1,0,1
0.09947692,1,0,1,1,0,1
0.09947828,1,1,1,1,0,1
0.09948044,1,0,1,1,0,1
0.09948144,1,1,1,1,0,1
0.0994866,1,0,1,1,0,1
0.09948792,1,1,1,1,0,1
0.09949008,1,0,1,1,0,1
0.09949108,1,1,1,1,0,1
0.09949628,1,0,1,1,0,1
0.0994976,1,1,1,1,0,1
0.09949976,1,0,1,1,0,1
0.09950076,1,1,1,1,0,1
0.09950592,1,0,1,1,0,1
0.09950728,1,1,1,1,0,1
0.09950944,1,0,1,1,0,1
0.0995106,1,1,1,1,0,1
0.09951576,1,0,1,1,0,1
0.09951692,1,1,1,1,0,1
0.09951908,1,0,1,1,0,1
0.09952024,1,1,1,1,0,1
0.09952544,1,0,1,1,0,1
0.09952676,1,1,1,1,0,1
0.09952892,1,0,1,1,0,1
0.09952992,1,1,1,1,0,1
0.09953508,1,0,1,1,0,1
0.09953644,1,1,1,1,0,1
0.0995386,1,0,1,1,0,1
0.0995396,1,1,1,1,0,1
0.09954476,1,0,1,1,0,1
0.09954608,1,1,1,1,0,1
0.09954824,1,0,1,1,0,1
0.09954924,1,1,1,1,0,1
0.09955444,1,0,1,1,0,1
0.09955576,1,1,1,1,0,1
0.09955792,1,0,1,1,0,1
0.09955908,1,1,1,1,0,1
0.09956424,1,0,1,1,0,1
0.09956544,1,1,1,1,0,1
0.0995676,1,0,1,1,0,1
0.09956876,1,1,1,1,0,1
0.09957392,1,0,1,1,0,1
0.09957524,1,1,1,1,0,1
0.09957744,1,0,1,1,0,1
0.09957844,1,1,1,1,0,1
0.0995836,1,0,1,1,0,1
0.09958492,1,1,1,1,0,1
0.09958708,1,0,1,1,0,1
0.09958808,1,1,1,1,0,1
0.09959324,1,0,1,1,0,1
0.0995946,1,1,1,1,0,1
0.09959676,1,0,1,1,0,1
0.09959776,1,1,1,1,0,1
0.09960292,1,0,1,1,0,1
0.09960424,1,1,1,1,0,1
0.0996064,1,0,1,1,0,1
0.0996076,1,1,1,1,0,1
0.09961276,1,0,1,1,0,1
0.09961392,1,1,1,1,0,1
0.09961608,1,0,1,1,0,1
0.09961724,1,1,1,1,0,1
0.0996224,1,0,1,1,0,1
0.09962376,1,1,1,1,0,1
0.09962592,1,0,1,1,0,1
0.09962692,1,1,1,1,0,1
0.09963208,1,0,1,1,0,1
0.0996334,1,1,1,1,0,1
0.0996356,1,0,1,1,0,1
0.0996366,1,1,1,1,0,1
0.09964176,1,0,1,1,0,1
0.09964308,1,1,1,1,0,1
0.09964524,1,0,1,1,0,1
0.09964624,1,1,1,1,0,1
0.0996514,1,0,1,1,0,1
0.09965276,1,1,1,1,0,1
0.09965492,1,0,1,1,0,1
0.09965608,1,1,1,1,0,1
0.09966124,1,0,1,1,0,1
0.0996624,1,1,1,1,0,1
0.09966456,1,0,1,1,0,1
0.09966576,1,1,1,1,0,1
0.09967092,1,0,1,1,0,1
0.09967224,1,1,1,1,0,1
0.0996744,1,0,1,1,0,1
0.0996754,1,1,1,1,0,1
0.09968056,1,0,1,1,0,1
0.09968192,1,1,1,1,0,1
0.09968408,1,0,1,1,0,1
0.09968508,1,1,1,1,0,1
0.09969024,1,0,1,1,0,1
0.09969156,1,1,1,1,0,1
0.09969376,1,0,1,1,0,1
0.09969476,1,1,1,1,0,1
0.09969992,1,0,1,1,0,1
0.09970124,1,1,1,1,0,1
0.0997034,1,0,1,1,0,1
0.0997044,1,1,1,1,0,1
0.09970956,1,0,1,1,0,1
0.09971092,1,1,1,1,0,1
0.09971308,1,0,1,1,0,1
0.09971424,1,1,1,1,0,1
0.0997194,1,0,1,1,0,1
0.09972056,1,1,1,1,0,1
0.09972272,1,0,1,1,0,1
0.09972392,1,1,1,1,0,1
0.09972908,1,0,1,1,0,1
0.0997304,1,1,1,1,0,1
0.09973256,1,0,1,1,0,1
0.09973356,1,1,1,1,0,1
0.09973872,1,0,1,1,0,1
0.09974008,1,1,1,1,0,1
0.09974224,1,0,1,1,0,1
0.09974324,1,1,1,1,0,1
0.0997484,1,0,1,1,0,1
0.09974972,1,1,1,1,0,1
0.09975192,1,0,1,1,0,1
0.09975292,1,1,1,1,0,1
0.09975808,1,0,1,1,0,1
0.0997594,1,1,1,1,0,1
0.09976156,1,0,1,1,0,1
0.09976272,1,1,1,1,0,1
0.09976792,1,0,1,1,0,1
0.09976908,1,1,1,1,0,1
0.09977124,1,0,1,1,0,1
0.0997724,1,1,1,1,0,1
0.09977756,1,0,1,1,0,1
0.09977888,1,1,1,1,0,1
0.09978108,1,0,1,1,0,1
0.09978208,1,1,1,1,0,1
0.09978724,1,0,1,1,0,1
0.09978856,1,1,1,1,0,1
0.09979072,1,0,1,1,0,1
0.09979172,1,1,1,1,0,1
0.09979688,1,0,1,1,0,1
0.09979824,1,1,1,1,0,1
0.0998004,1,0,1,1,0,1
0.0998014,1,1,1,1,0,1
0.09980656,1,0,1,1,0,1
0.09980788,1,1,1,1,0,1
0.09981008,1,0,1,1,0,1
0.09981124,1,1,1,1,0,1
0.0998164,1,0,1,1,0,1
0.09981756,1,1,1,1,0,1
0.09981972,1,0,1,1,0,1
0.09982088,1,1,1,1,0,1
0.09982608,1,0,1,1,0,1
0.0998274,1,1,1,1,0,1
0.09982956,1,0,1,1,0,1
0.09983056,1,1,1,1,0,1
0.09983572,1,0,1,1,0,1
0.09983708,1,1,1,1,0,1
0.09983924,1,0,1,1,0,1
0.09984024,1,1,1,1,0,1
0.0998454,1,0,1,1,0,1
0.09984672,1,1,1,1,0,1
0.09984888,1,0,1,1,0,1
0.09984988,1,1,1,1,0,1
0.09985504,1,0,1,1,0,1
0.0998564,1,1,1,1,0,1
0.09985856,1,0,1,1,0,1
0.09985972,1,1,1,1,0,1
0.09986488,1,0,1,1,0,1
0.09986604,1,1,1,1,0,1
0.09986824,1,0,1,1,0,1
0.0998694,1,1,1,1,0,1
0.09987456,1,0,1,1,0,1
0.09987588,1,1,1,1,0,1
0.09987804,1,0,1,1,0,1
0.09987904,1,1,1,1,0,1
0.09988424,1,0,1,1,0,1
0.09988556,1,1,1,1,0,1
0.09988772,1,0,1,1,0,1
0.09988872,1,1,1,1,0,1
0.09989388,1,0,1,1,0,1
0.09989524,1,1,1,1,0,1
0.0998974,1,0,1,1,0,1
0.0998984,1,1,1,1,0,1
0.09990356,1,0,1,1,0,1
0.09990488,1,1,1,1,0,1
0.09990704,1,0,1,1,0,1
0.0999082,1,1,1,1,0,1
0.0999134,1,0,1,1,0,1
0.09991456,1,1,1,1,0,1
0.09991672,1,0,1,1,0,1
0.09991788,1,1,1,1,0,1
0.09992304,1,0,1,1,0,1
0.0999242,1,1,1,1,0,1
0.0999264,1,0,1,1,0,1
0.09992756,1,1,1,1,0,1
0.09993272,1,0,1,1,0,1
0.09993404,1,1,1,1,0,1
0.0999362,1,0,1,1,0,1
0.0999372,1,1,1,1,0,1
0.0999424,1,0,1,1,0,1
0.09994372,1,1,1,1,0,1
0.09994588,1,0,1,1,0,1
0.09994688,1,1,1,1,0,1
0.09995204,1,0,1,1,0,1
0.0999534,1,1,1,1,0,1
0.09995556,1,0,1,1,0,1
0.09995656,1,1,1,1,0,1
0.09996172,1,0,1,1,0,1
0.09996304,1,1,1,1,0,1
0.0999652,1,0,1,1,0,1
0.0999664,1,1,1,1,0,1
0.09997156,1,0,1,1,0,1
0.09997272,1,1,1,1,0,1
0.09997488,1,0,1,1,0,1
0.09997604,1,1,1,1,0,1
0.0999812,1,0,1,1,0,1
0.09998256,1,1,1,1,0,1
0.09998472,1,0,1,1,0,1
0.09998572,1,1,1,1,0,1
0.09999088,1,0,1,1,0,1
0.0999922,1,1,1,1,0,1
0.09999436,1,0,1,1,0,1
0.09999536,1,1,1,1,0,1
0.10000056,1,0,1,1,0,1
0.10000188,1,1,1,1,0,1
0.10000404,1,0,1,1,0,1
0.10000504,1,1,1,1,0,1
0.1000102,1,0,1,1,0,1
0.10001156,1,1,1,1,0,1
0.10001372,1,0,1,1,0,1
0.10001488,1,1,1,1,0,1
0.10002004,1,0,1,1,0,1
0.1000212,1,1,1,1,0,1
0.10002336,1,0,1,1,0,1
