; CSV, generated by libsigrok4DSL 0.2.0 on Wed Aug 26 12:34:22 2026
; Channels (2/4)
; Sample rate: 50 MHz
; Sample count: 2.500608 M Samples
Time(s), /RESET, /WR
0,0,0
0.00500106,1,0
0.00500108,0,0
0.0050011,1,0
0.00500112,0,0
0.00500126,1,0
0.00500128,0,0
0.0050013,1,0
0.00500132,0,0
0.00500134,1,0
0.00500138,0,0
0.0050014,1,0
0.00500148,0,0
0.0050015,1,0
0.00500158,0,0
0.0050016,1,0
0.00500164,0,0
0.00500166,1,0
0.00500168,0,0
0.0050017,1,0
0.00500174,0,0
0.00500176,1,0
0.00500178,0,0
0.0050018,1,0
0.00500188,0,0
0.0050019,1,0
0.00500198,0,0
0.005002,1,0
0.00500242,0,0
0.00500244,1,0
0.00513542,1,1
0.00515914,1,0
0.00515916,1,1
0.0052089,0,1
0.00520896,1,1
0.00520898,0,1
0.0052091,1,1
0.00520912,0,1
0.00520916,1,1
0.00520918,0,1
0.0052092,1,1
0.00520924,0,1
0.0052093,1,1
0.00520932,0,1
0.00520936,1,1
0.00520938,0,1
0.00520944,1,1
0.00520948,0,1
0.0052095,1,1
0.00520952,0,1
0.00520956,1,1
0.00520958,0,1
0.0052096,1,1
0.00520962,0,1
0.0052097,1,1
0.00520972,0,1
0.0052104,1,1
0.00521042,0,1
0.00521046,1,1
0.00521048,0,1
0.00522064,1,1
0.00522514,1,0
0.00522562,1,1
0.00522654,1,0
0.00522702,1,1
0.00523024,1,0
0.00523072,1,1
0.00523158,1,0
0.00523206,1,1
0.00523524,1,0
0.0052357,1,1
0.00523658,1,0
0.00523706,1,1
0.00524016,1,0
0.00524062,1,1
0.00524148,1,0
0.00524194,1,1
0.005245,1,0
0.00524546,1,1
0.0052463,1,0
0.00524676,1,1
0.00524974,1,0
0.0052502,1,1
0.00525102,1,0
0.00525148,1,1
0.00525444,1,0
0.00525488,1,1
0.0052557,1,0
0.00525612,1,1
0.00525904,1,0
0.00525948,1,1
0.0052603,1,0
0.00526072,1,1
0.00526768,1,0
0.0052681,1,1
0.00526888,1,0
0.0052693,1,1
0.0052765,1,0
0.0052769,1,1
0.00527768,1,0
0.00527808,1,1
0.00528082,1,0
0.00528122,1,1
0.00528198,1,0
0.0052824,1,1
0.00528896,1,0
0.00528936,1,1
0.0052901,1,0
0.0052905,1,1
0.00529314,1,0
0.00529354,1,1
0.00529428,1,0
0.00529468,1,1
0.00529732,1,0
0.0052977,1,1
0.00529844,1,0
0.00529882,1,1
0.0053074,1,0
0.00530778,1,1
0.0053085,1,0
0.00530888,1,1
0.00531144,1,0
0.00531182,1,1
0.00531254,1,0
0.00531292,1,1
0.00531548,1,0
0.00531586,1,1
0.00531656,1,0
0.00531694,1,1
0.00531948,1,0
0.00531986,1,1
0.00532056,1,0
0.00532094,1,1
0.00532488,1,0
0.00532526,1,1
0.00532596,1,0
0.00532634,1,1
0.00533026,1,0
0.00533062,1,1
0.00533132,1,0
0.00533168,1,1
0.00534494,1,0
0.00534584,1,1
0.00536664,1,0
0.0053675,1,1
0.00537188,1,0
0.00537222,1,1
0.00537288,1,0
0.00537322,1,1
0.00542258,1,0
0.00542276,1,1
0.00542524,1,0
0.00542542,1,1
0.0054325,1,0
0.00543268,1,1
0.005433,1,0
0.00543318,1,1
0.0054465,1,0
0.00544686,1,1
0.00545202,1,0
0.0054522,1,1
0.00545252,1,0
0.0054527,1,1
0.0054577,1,0
0.00545786,1,1
0.0054582,1,0
0.00545836,1,1
0.00548004,1,0
0.00548064,1,1
0.00548372,1,0
0.00548414,1,1
0.0054989,1,0
0.00549908,1,1
0.00550332,1,0
0.00550358,1,1
0.00550806,1,0
0.00550838,1,1
0.00551264,1,0
0.00551282,1,1
0.00551616,1,0
0.00551632,1,1
0.00551966,1,0
0.00551984,1,1
0.00552316,1,0
0.00552334,1,1
0.00552666,1,0
0.005527,1,1
0.00553034,1,0
0.00553052,1,1
0.00553384,1,0
0.00553402,1,1
0.00553734,1,0
0.00553752,1,1
0.00554084,1,0
0.00554102,1,1
0.00554434,1,0
0.00554452,1,1
0.00554784,1,0
0.00554802,1,1
0.00555134,1,0
0.00555152,1,1
0.00555486,1,0
0.00555502,1,1
0.00555836,1,0
0.00555852,1,1
0.00556186,1,0
0.0055622,1,1
0.00556552,1,0
0.0055657,1,1
0.00556902,1,0
0.0055692,1,1
0.00557252,1,0
0.0055727,1,1
0.00557602,1,0
0.0055762,1,1
0.00557952,1,0
0.0055797,1,1
0.00558302,1,0
0.0055832,1,1
0.00558652,1,0
0.0055867,1,1
0.00559002,1,0
0.00559018,1,1
0.00559352,1,0
0.00559368,1,1
0.00559702,1,0
0.00559718,1,1
0.00560052,1,0
0.00560068,1,1
0.00560402,1,0
0.00560418,1,1
0.00560752,1,0
0.00560768,1,1
0.00561102,1,0
0.00561136,1,1
0.00561468,1,0
0.00561486,1,1
0.00561818,1,0
0.00561836,1,1
0.00562168,1,0
0.00562186,1,1
0.00562518,1,0
0.00562536,1,1
0.00562868,1,0
0.00562884,1,1
0.00563218,1,0
0.00563234,1,1
0.00563568,1,0
0.00563584,1,1
0.00563918,1,0
0.00563934,1,1
0.00564268,1,0
0.00564284,1,1
0.00564618,1,0
0.00564634,1,1
0.00564968,1,0
0.00564984,1,1
0.00565318,1,0
0.00565334,1,1
0.00565668,1,0
0.00565702,1,1
0.00566034,1,0
0.00566052,1,1
0.00566384,1,0
0.00566402,1,1
0.00566734,1,0
0.00566752,1,1
0.00567084,1,0
0.00567102,1,1
0.00567434,1,0
0.00567452,1,1
0.00567784,1,0
0.005678,1,1
0.00568134,1,0
0.0056815,1,1
0.00568484,1,0
0.005685,1,1
0.00568834,1,0
0.0056885,1,1
0.00569184,1,0
0.005692,1,1
0.00569534,1,0
0.0056955,1,1
0.00569884,1,0
0.005699,1,1
0.00570234,1,0
0.00570268,1,1
0.005706,1,0
0.00570618,1,1
0.0057095,1,0
0.00570968,1,1
0.005713,1,0
0.00571318,1,1
0.0057165,1,0
0.00571668,1,1
0.00572,1,0
0.00572016,1,1
0.0057235,1,0
0.00572366,1,1
0.005727,1,0
0.00572716,1,1
0.0057305,1,0
0.00573066,1,1
0.005734,1,0
0.00573416,1,1
0.0057375,1,0
0.00573766,1,1
0.005741,1,0
0.00574116,1,1
0.0057445,1,0
0.00574466,1,1
0.005748,1,0
0.00574834,1,1
0.00575166,1,0
0.00575184,1,1
0.00575516,1,0
0.00575534,1,1
0.00575866,1,0
0.00575884,1,1
0.00576216,1,0
0.00576234,1,1
0.00576566,1,0
0.00576582,1,1
0.00576916,1,0
0.00576932,1,1
0.00577266,1,0
0.00577282,1,1
0.00577616,1,0
0.00577632,1,1
0.00577966,1,0
0.00577982,1,1
0.00578316,1,0
0.00578332,1,1
0.00578666,1,0
0.00578682,1,1
0.00579016,1,0
0.00579032,1,1
0.00579366,1,0
0.005794,1,1
0.00579732,1,0
0.0057975,1,1
0.00580082,1,0
0.005801,1,1
0.00580432,1,0
0.0058045,1,1
0.00580782,1,0
0.00580798,1,1
0.00581132,1,0
0.00581148,1,1
0.00581482,1,0
0.00581498,1,1
0.00581832,1,0
0.00581848,1,1
0.00582182,1,0
0.00582198,1,1
0.00582532,1,0
0.00582548,1,1
0.00582882,1,0
0.00582898,1,1
0.00583232,1,0
0.00583248,1,1
0.00583582,1,0
0.00583598,1,1
0.00583932,1,0
0.00583948,1,1
0.00584282,1,0
0.00584316,1,1
0.00584648,1,0
0.00584666,1,1
0.00584998,1,0
0.00585016,1,1
0.00585348,1,0
0.00585364,1,1
0.00585698,1,0
0.00585714,1,1
0.00586048,1,0
0.00586064,1,1
0.00586398,1,0
0.00586414,1,1
0.00586748,1,0
0.00586764,1,1
0.00587098,1,0
0.00587114,1,1
0.00587448,1,0
0.00587464,1,1
0.00587798,1,0
0.00587814,1,1
0.00588148,1,0
0.00588164,1,1
0.00588498,1,0
0.00588514,1,1
0.00588848,1,0
0.00588882,1,1
0.00589214,1,0
0.00589232,1,1
0.00589564,1,0
0.00589582,1,1
0.00589914,1,0
0.0058993,1,1
0.00590264,1,0
0.0059028,1,1
0.00590614,1,0
0.0059063,1,1
0.00590964,1,0
0.0059098,1,1
0.00591314,1,0
0.0059133,1,1
0.00591664,1,0
0.0059168,1,1
0.00592014,1,0
0.0059203,1,1
0.00592364,1,0
0.0059238,1,1
0.00592714,1,0
0.0059273,1,1
0.00593064,1,0
0.0059308,1,1
0.00593414,1,0
0.0059343,1,1
0.00593764,1,0
0.00593798,1,1
0.0059413,1,0
0.00594148,1,1
0.0059448,1,0
0.00594498,1,1
0.0059483,1,0
0.00594848,1,1
0.0059518,1,0
0.00595196,1,1
0.0059553,1,0
0.00595546,1,1
0.0059588,1,0
0.00595896,1,1
0.0059623,1,0
0.00596246,1,1
0.0059658,1,0
0.00596596,1,1
0.0059693,1,0
0.00596946,1,1
0.0059728,1,0
0.00597296,1,1
0.0059763,1,0
0.00597646,1,1
0.0059798,1,0
0.00597996,1,1
0.0059833,1,0
0.00598346,1,1
0.0059868,1,0
0.00598714,1,1
0.00599046,1,0
0.00599064,1,1
0.00599396,1,0
0.00599414,1,1
0.00599746,1,0
0.00599764,1,1
0.00600096,1,0
0.00600114,1,1
0.00600446,1,0
0.00600462,1,1
0.00600796,1,0
0.00600812,1,1
0.00601146,1,0
0.00601162,1,1
0.00601496,1,0
0.00601512,1,1
0.00601846,1,0
0.00601862,1,1
0.00602196,1,0
0.00602212,1,1
0.00602546,1,0
0.00602562,1,1
0.00602896,1,0
0.00602912,1,1
0.00603246,1,0
0.00603262,1,1
0.00603596,1,0
0.0060363,1,1
0.00603962,1,0
0.0060398,1,1
0.00604312,1,0
0.0060433,1,1
0.00604662,1,0
0.0060468,1,1
0.00605012,1,0
0.0060503,1,1
0.00605362,1,0
0.0060538,1,1
0.00605712,1,0
0.0060573,1,1
0.00606062,1,0
0.00606078,1,1
0.00606412,1,0
0.00606428,1,1
0.00606762,1,0
0.00606778,1,1
0.00607112,1,0
0.00607128,1,1
0.00607462,1,0
0.00607478,1,1
0.00607812,1,0
0.00607828,1,1
0.00608162,1,0
0.00608178,1,1
0.00608512,1,0
0.00608546,1,1
0.00608878,1,0
0.00608896,1,1
0.00609228,1,0
0.00609246,1,1
0.00609578,1,0
0.00609596,1,1
0.00609928,1,0
0.00609946,1,1
0.00610278,1,0
0.00610296,1,1
0.00610628,1,0
0.00610646,1,1
0.00610978,1,0
0.00610996,1,1
0.00611328,1,0
0.00611346,1,1
0.00611678,1,0
0.00611694,1,1
0.00612028,1,0
0.00612044,1,1
0.00612378,1,0
0.00612394,1,1
0.00612728,1,0
0.00612744,1,1
0.00613078,1,0
0.00613094,1,1
0.00613428,1,0
0.00613462,1,1
0.00613794,1,0
0.00613812,1,1
0.00614144,1,0
0.00614162,1,1
0.00614494,1,0
0.00614512,1,1
0.00614844,1,0
0.00614862,1,1
0.00615194,1,0
0.00615212,1,1
0.00615544,1,0
0.00615562,1,1
0.00615894,1,0
0.00615912,1,1
0.00616244,1,0
0.00616262,1,1
0.00616594,1,0
0.00616612,1,1
0.00616944,1,0
0.00616962,1,1
0.00617294,1,0
0.00617312,1,1
0.00617644,1,0
0.0061766,1,1
0.00617994,1,0
0.0061801,1,1
0.00618344,1,0
0.00618378,1,1
0.0061871,1,0
0.00618728,1,1
0.0061906,1,0
0.00619078,1,1
0.0061941,1,0
0.00619428,1,1
0.0061976,1,0
0.00619778,1,1
0.0062011,1,0
0.00620128,1,1
0.0062046,1,0
0.00620478,1,1
0.0062081,1,0
0.00620828,1,1
0.0062116,1,0
0.00621178,1,1
0.0062151,1,0
0.00621528,1,1
0.0062186,1,0
0.00621878,1,1
0.0062221,1,0
0.00622228,1,1
0.0062256,1,0
0.00622578,1,1
0.0062291,1,0
0.00622928,1,1
0.0062326,1,0
0.00623278,1,1
0.0062361,1,0
0.00623644,1,1
0.00623976,1,0
0.00623994,1,1
0.00624326,1,0
0.00624344,1,1
0.00624676,1,0
0.00624694,1,1
0.00625026,1,0
0.00625044,1,1
0.00625376,1,0
0.00625394,1,1
0.00625726,1,0
0.00625744,1,1
0.00626076,1,0
0.00626094,1,1
0.00626426,1,0
0.00626444,1,1
0.00626776,1,0
0.00626794,1,1
0.00627126,1,0
0.00627144,1,1
0.00627476,1,0
0.00627494,1,1
0.00627826,1,0
0.00627844,1,1
0.00628176,1,0
0.00628194,1,1
0.00628526,1,0
0.0062856,1,1
0.00628892,1,0
0.0062891,1,1
0.00629242,1,0
0.0062926,1,1
0.00629592,1,0
0.0062961,1,1
0.00629942,1,0
0.0062996,1,1
0.00630292,1,0
0.0063031,1,1
0.00630642,1,0
0.0063066,1,1
0.00630992,1,0
0.0063101,1,1
0.00631342,1,0
0.0063136,1,1
0.00631692,1,0
0.0063171,1,1
0.00632042,1,0
0.0063206,1,1
0.00632392,1,0
0.0063241,1,1
0.00632742,1,0
0.0063276,1,1
0.00633092,1,0
0.0063311,1,1
0.00633442,1,0
0.00633476,1,1
0.00633808,1,0
0.00633826,1,1
0.00634158,1,0
0.00634176,1,1
0.00634508,1,0
0.00634526,1,1
0.00634858,1,0
0.00634876,1,1
0.00635208,1,0
0.00635226,1,1
0.00635558,1,0
0.00635576,1,1
0.00635908,1,0
0.00635926,1,1
0.00636258,1,0
0.00636276,1,1
0.00636608,1,0
0.00636626,1,1
0.00636958,1,0
0.00636976,1,1
0.00637308,1,0
0.00637326,1,1
0.00637658,1,0
0.00637676,1,1
0.00638008,1,0
0.00638026,1,1
0.00638358,1,0
0.00638392,1,1
0.00638726,1,0
0.00638742,1,1
0.00639076,1,0
0.00639092,1,1
0.00639426,1,0
0.00639442,1,1
0.00639776,1,0
0.00639792,1,1
0.00640126,1,0
0.00640142,1,1
0.00640474,1,0
0.00640492,1,1
0.00640824,1,0
0.00640842,1,1
0.00641174,1,0
0.00641192,1,1
0.00641524,1,0
0.00641542,1,1
0.00641874,1,0
0.00641892,1,1
0.00642224,1,0
0.00642242,1,1
0.00642574,1,0
0.00642592,1,1
0.00642924,1,0
0.00642942,1,1
0.00643274,1,0
0.00643292,1,1
0.00643624,1,0
0.00643658,1,1
0.00643992,1,0
0.00644008,1,1
0.00644342,1,0
0.00644358,1,1
0.00644692,1,0
0.00644708,1,1
0.00645042,1,0
0.00645058,1,1
0.00645392,1,0
0.00645408,1,1
0.00645742,1,0
0.00645758,1,1
0.00646092,1,0
0.00646108,1,1
0.00646442,1,0
0.00646458,1,1
0.0064679,1,0
0.00646808,1,1
0.0064714,1,0
0.00647158,1,1
0.0064749,1,0
0.00647508,1,1
0.0064784,1,0
0.00647858,1,1
0.0064819,1,0
0.00648208,1,1
0.0064854,1,0
0.00648574,1,1
0.00648908,1,0
0.00648924,1,1
0.00649258,1,0
0.00649274,1,1
0.00649608,1,0
0.00649624,1,1
0.00649958,1,0
0.00649974,1,1
0.00650308,1,0
0.00650324,1,1
0.00650658,1,0
0.00650674,1,1
0.00651008,1,0
0.00651024,1,1
0.00651358,1,0
0.00651374,1,1
0.00651708,1,0
0.00651724,1,1
0.00652058,1,0
0.00652074,1,1
0.00652408,1,0
0.00652424,1,1
0.00652758,1,0
0.00652774,1,1
0.00653106,1,0
0.00653124,1,1
0.00653456,1,0
0.0065349,1,1
0.00653824,1,0
0.0065384,1,1
0.00654174,1,0
0.0065419,1,1
0.00654524,1,0
0.0065454,1,1
0.00654874,1,0
0.0065489,1,1
0.00655224,1,0
0.0065524,1,1
0.00655574,1,0
0.0065559,1,1
0.00655924,1,0
0.0065594,1,1
0.00656274,1,0
0.0065629,1,1
0.00656624,1,0
0.0065664,1,1
0.00656974,1,0
0.0065699,1,1
0.00657324,1,0
0.0065734,1,1
0.00657674,1,0
0.0065769,1,1
0.00658024,1,0
0.0065804,1,1
0.00658374,1,0
0.0065839,1,1
0.00658724,1,0
0.00658756,1,1
0.0065909,1,0
0.00659106,1,1
0.0065944,1,0
0.00659456,1,1
0.0065979,1,0
0.00659806,1,1
0.0066014,1,0
0.00660156,1,1
0.0066049,1,0
0.00660506,1,1
0.0066084,1,0
0.00660856,1,1
0.0066119,1,0
0.00661206,1,1
0.0066154,1,0
0.00661556,1,1
0.0066189,1,0
0.00661906,1,1
0.0066224,1,0
0.00662256,1,1
0.0066259,1,0
0.00662606,1,1
0.0066294,1,0
0.00662956,1,1
0.0066329,1,0
0.00663306,1,1
0.0066364,1,0
0.00663672,1,1
0.00664006,1,0
0.00664022,1,1
0.00664356,1,0
0.00664372,1,1
0.00664706,1,0
0.00664722,1,1
0.00665056,1,0
0.00665072,1,1
0.00665406,1,0
0.00665422,1,1
0.00665756,1,0
0.00665772,1,1
0.00666106,1,0
0.00666122,1,1
0.00666456,1,0
0.00666472,1,1
0.00666806,1,0
0.00666822,1,1
0.00667156,1,0
0.00667172,1,1
0.00667506,1,0
0.00667522,1,1
0.00667856,1,0
0.00667872,1,1
0.00668206,1,0
0.00668222,1,1
0.00668556,1,0
0.00668572,1,1
0.00668906,1,0
0.00668938,1,1
0.00669272,1,0
0.00669288,1,1
0.00669622,1,0
0.00669638,1,1
0.00669972,1,0
0.00669988,1,1
0.00670322,1,0
0.00670338,1,1
0.00670672,1,0
0.00670688,1,1
0.00671022,1,0
0.00671038,1,1
0.00671372,1,0
0.00671388,1,1
0.00671722,1,0
0.00671738,1,1
0.00672072,1,0
0.00672088,1,1
0.00672422,1,0
0.00672438,1,1
0.00672772,1,0
0.00672788,1,1
0.00673122,1,0
0.00673138,1,1
0.00673472,1,0
0.00673488,1,1
0.00673822,1,0
0.00673856,1,1
0.00674188,1,0
0.00674206,1,1
0.00674538,1,0
0.00674556,1,1
0.00674888,1,0
0.00674904,1,1
0.00675238,1,0
0.00675254,1,1
0.00675588,1,0
0.00675604,1,1
0.00675938,1,0
0.00675954,1,1
0.00676288,1,0
0.00676304,1,1
0.00676638,1,0
0.00676654,1,1
0.00676988,1,0
0.00677004,1,1
0.00677338,1,0
0.00677354,1,1
0.00677688,1,0
0.00677704,1,1
0.00678038,1,0
0.00678054,1,1
0.00678388,1,0
0.00678404,1,1
0.00678738,1,0
0.00678772,1,1
0.00679104,1,0
0.00679122,1,1
0.00679454,1,0
0.00679472,1,1
0.00679804,1,0
0.00679822,1,1
0.00680154,1,0
0.00680172,1,1
0.00680504,1,0
0.00680522,1,1
0.00680854,1,0
0.00680872,1,1
0.00681204,1,0
0.0068122,1,1
0.00681554,1,0
0.0068157,1,1
0.00681904,1,0
0.0068192,1,1
0.00682254,1,0
0.0068227,1,1
0.00682604,1,0
0.0068262,1,1
0.00682954,1,0
0.0068297,1,1
0.00683304,1,0
0.0068332,1,1
0.00683654,1,0
0.0068367,1,1
0.00684004,1,0
0.00684038,1,1
0.0068437,1,0
0.00684388,1,1
0.0068472,1,0
0.00684738,1,1
0.0068507,1,0
0.00685088,1,1
0.0068542,1,0
0.00685438,1,1
0.0068577,1,0
0.00685788,1,1
0.0068612,1,0
0.00686138,1,1
0.0068647,1,0
0.00686488,1,1
0.0068682,1,0
0.00686838,1,1
0.0068717,1,0
0.00687188,1,1
0.0068752,1,0
0.00687536,1,1
0.0068787,1,0
0.00687886,1,1
0.0068822,1,0
0.00688236,1,1
0.0068857,1,0
0.00688586,1,1
0.0068892,1,0
0.00688954,1,1
0.00689286,1,0
0.00689304,1,1
0.00689636,1,0
0.00689654,1,1
0.00689986,1,0
0.00690004,1,1
0.00690336,1,0
0.00690354,1,1
0.00690686,1,0
0.00690704,1,1
0.00691036,1,0
0.00691054,1,1
0.00691386,1,0
0.00691404,1,1
0.00691736,1,0
0.00691754,1,1
0.00692086,1,0
0.00692104,1,1
0.00692436,1,0
0.00692454,1,1
0.00692786,1,0
0.00692804,1,1
0.00693136,1,0
0.00693154,1,1
0.00693486,1,0
0.00693504,1,1
0.00693836,1,0
0.00693854,1,1
0.00694186,1,0
0.0069422,1,1
0.00694552,1,0
0.0069457,1,1
0.00694902,1,0
0.0069492,1,1
0.00695252,1,0
0.0069527,1,1
0.00695602,1,0
0.0069562,1,1
0.00695952,1,0
0.0069597,1,1
0.00696302,1,0
0.0069632,1,1
0.00696652,1,0
0.0069667,1,1
0.00697002,1,0
0.0069702,1,1
0.00697352,1,0
0.0069737,1,1
0.00697702,1,0
0.0069772,1,1
0.00698052,1,0
0.0069807,1,1
0.00698402,1,0
0.0069842,1,1
0.00698752,1,0
0.0069877,1,1
0.00699102,1,0
0.00699136,1,1
0.00699468,1,0
0.00699486,1,1
0.00699818,1,0
0.00699836,1,1
0.00700168,1,0
0.00700186,1,1
0.00700518,1,0
0.00700536,1,1
0.00700868,1,0
0.00700886,1,1
0.00701218,1,0
0.00701236,1,1
0.00701568,1,0
0.00701586,1,1
0.00701918,1,0
0.00701936,1,1
0.00702268,1,0
0.00702286,1,1
0.00702618,1,0
0.00702636,1,1
0.00702968,1,0
0.00702986,1,1
0.00703318,1,0
0.00703336,1,1
0.00703668,1,0
0.00703686,1,1
0.00704018,1,0
0.00704052,1,1
0.00704386,1,0
0.00704402,1,1
0.00704736,1,0
0.00704752,1,1
0.00705084,1,0
0.00705102,1,1
0.00705434,1,0
0.00705452,1,1
0.00705784,1,0
0.00705802,1,1
0.00706134,1,0
0.00706152,1,1
0.00706484,1,0
0.00706502,1,1
0.00706834,1,0
0.00706852,1,1
0.00707184,1,0
0.00707202,1,1
0.00707534,1,0
0.00707552,1,1
0.00707884,1,0
0.00707902,1,1
0.00708234,1,0
0.00708252,1,1
0.00708584,1,0
0.00708602,1,1
0.00708934,1,0
0.00708952,1,1
0.00709284,1,0
0.00709318,1,1
0.00709652,1,0
0.00709668,1,1
0.00710002,1,0
0.00710018,1,1
0.00710352,1,0
0.00710368,1,1
0.00710702,1,0
0.00710718,1,1
0.00711052,1,0
0.00711068,1,1
0.00711402,1,0
0.00711418,1,1
0.0071175,1,0
0.00711768,1,1
0.007121,1,0
0.00712118,1,1
0.0071245,1,0
0.00712468,1,1
0.007128,1,0
0.00712818,1,1
0.0071315,1,0
0.00713168,1,1
0.007135,1,0
0.00713518,1,1
0.0071385,1,0
0.00713868,1,1
0.007142,1,0
0.00714234,1,1
0.00714568,1,0
0.00714584,1,1
0.00714918,1,0
0.00714934,1,1
0.00715268,1,0
0.00715284,1,1
0.00715618,1,0
0.00715634,1,1
0.00715968,1,0
0.00715984,1,1
0.00716318,1,0
0.00716334,1,1
0.00716668,1,0
0.00716684,1,1
0.00717018,1,0
0.00717034,1,1
0.00717368,1,0
0.00717384,1,1
0.00717718,1,0
0.00717734,1,1
0.00718068,1,0
0.00718084,1,1
0.00718416,1,0
0.00718434,1,1
0.00718766,1,0
0.00718784,1,1
0.00719116,1,0
0.0071915,1,1
0.00719484,1,0
0.007195,1,1
0.00719834,1,0
0.0071985,1,1
0.00720184,1,0
0.007202,1,1
0.00720534,1,0
0.0072055,1,1
0.00720884,1,0
0.007209,1,1
0.00721234,1,0
0.0072125,1,1
0.00721584,1,0
0.007216,1,1
0.00721934,1,0
0.0072195,1,1
0.00722284,1,0
0.007223,1,1
0.00722634,1,0
0.0072265,1,1
0.00722984,1,0
0.00723,1,1
0.00723334,1,0
0.0072335,1,1
0.00723684,1,0
0.007237,1,1
0.00724034,1,0
0.0072405,1,1
0.00724384,1,0
0.00724416,1,1
0.0072475,1,0
0.00724766,1,1
0.007251,1,0
0.00725116,1,1
0.0072545,1,0
0.00725466,1,1
0.007258,1,0
0.00725816,1,1
0.0072615,1,0
0.00726166,1,1
0.007265,1,0
0.00726516,1,1
0.0072685,1,0
0.00726866,1,1
0.007272,1,0
0.00727216,1,1
0.0072755,1,0
0.00727566,1,1
0.007279,1,0
0.00727916,1,1
0.0072825,1,0
0.00728266,1,1
0.007286,1,0
0.00728616,1,1
0.0072895,1,0
0.00728966,1,1
0.007293,1,0
0.00729332,1,1
0.00729666,1,0
0.00729682,1,1
0.00730016,1,0
0.00730032,1,1
0.00730366,1,0
0.00730382,1,1
0.00730716,1,0
0.00730732,1,1
0.00731066,1,0
0.00731082,1,1
0.00731416,1,0
0.00731432,1,1
0.00731766,1,0
0.00731782,1,1
0.00732116,1,0
0.00732132,1,1
0.00732466,1,0
0.00732482,1,1
0.00732816,1,0
0.00732832,1,1
0.00733166,1,0
0.00733182,1,1
0.00733516,1,0
0.00733532,1,1
0.00733866,1,0
0.00733882,1,1
0.00734216,1,0
0.00734248,1,1
0.00734582,1,0
0.00734598,1,1
0.00734932,1,0
0.00734948,1,1
0.00735282,1,0
0.00735298,1,1
0.00735632,1,0
0.00735648,1,1
0.00735982,1,0
0.00735998,1,1
0.00736332,1,0
0.00736348,1,1
0.00736682,1,0
0.00736698,1,1
0.00737032,1,0
0.00737048,1,1
0.00737382,1,0
0.00737398,1,1
0.00737732,1,0
0.00737748,1,1
0.00738082,1,0
0.00738098,1,1
0.00738432,1,0
0.00738448,1,1
0.00738782,1,0
0.00738798,1,1
0.00739132,1,0
0.00739148,1,1
0.00739482,1,0
0.00739516,1,1
0.00739848,1,0
0.00739866,1,1
0.00740198,1,0
0.00740216,1,1
0.00740548,1,0
0.00740564,1,1
0.00740898,1,0
0.00740914,1,1
0.00741248,1,0
0.00741264,1,1
0.00741598,1,0
0.00741614,1,1
0.00741948,1,0
0.00741964,1,1
0.00742298,1,0
0.00742314,1,1
0.00742648,1,0
0.00742664,1,1
0.00742998,1,0
0.00743014,1,1
0.00743348,1,0
0.00743364,1,1
0.00743698,1,0
0.00743714,1,1
0.00744048,1,0
0.00744064,1,1
0.00744398,1,0
0.00744432,1,1
0.00744764,1,0
0.00744782,1,1
0.00745114,1,0
0.00745132,1,1
0.00745464,1,0
0.00745482,1,1
0.00745814,1,0
0.00745832,1,1
0.00746164,1,0
0.00746182,1,1
0.00746514,1,0
0.00746532,1,1
0.00746864,1,0
0.00746882,1,1
0.00747214,1,0
0.0074723,1,1
0.00747564,1,0
0.0074758,1,1
0.00747914,1,0
0.0074793,1,1
0.00748264,1,0
0.0074828,1,1
0.00748614,1,0
0.0074863,1,1
0.00748964,1,0
0.0074898,1,1
0.00749314,1,0
0.00749348,1,1
0.0074968,1,0
0.00749698,1,1
0.0075003,1,0
0.00750048,1,1
0.0075038,1,0
0.00750398,1,1
0.0075073,1,0
0.00750748,1,1
0.0075108,1,0
0.00751098,1,1
0.0075143,1,0
0.00751448,1,1
0.0075178,1,0
0.00751798,1,1
0.0075213,1,0
0.00752148,1,1
0.0075248,1,0
0.00752498,1,1
0.0075283,1,0
0.00752848,1,1
0.0075318,1,0
0.00753198,1,1
0.0075353,1,0
0.00753548,1,1
0.0075388,1,0
0.00753896,1,1
0.0075423,1,0
0.00754246,1,1
0.0075458,1,0
0.00754614,1,1
0.00754946,1,0
0.00754964,1,1
0.00755296,1,0
0.00755314,1,1
0.00755646,1,0
0.00755664,1,1
0.00755996,1,0
0.00756014,1,1
0.00756346,1,0
0.00756364,1,1
0.00756696,1,0
0.00756714,1,1
0.00757046,1,0
0.00757064,1,1
0.00757396,1,0
0.00757414,1,1
0.00757746,1,0
0.00757764,1,1
0.00758096,1,0
0.00758114,1,1
0.00758446,1,0
0.00758464,1,1
0.00758796,1,0
0.00758814,1,1
0.00759146,1,0
0.00759164,1,1
0.00759496,1,0
0.0075953,1,1
0.00759862,1,0
0.0075988,1,1
0.00760212,1,0
0.0076023,1,1
0.00760562,1,0
0.0076058,1,1
0.00760912,1,0
0.0076093,1,1
0.00761262,1,0
0.0076128,1,1
0.00761612,1,0
0.0076163,1,1
0.00761962,1,0
0.0076198,1,1
0.00762312,1,0
0.0076233,1,1
0.00762662,1,0
0.0076268,1,1
0.00763012,1,0
0.0076303,1,1
0.00763362,1,0
0.0076338,1,1
0.00763712,1,0
0.0076373,1,1
0.00764062,1,0
0.0076408,1,1
0.00764412,1,0
0.00764446,1,1
0.0076478,1,0
0.00764796,1,1
0.00765128,1,0
0.00765146,1,1
0.00765478,1,0
0.00765496,1,1
0.00765828,1,0
0.00765846,1,1
0.00766178,1,0
0.00766196,1,1
0.00766528,1,0
0.00766546,1,1
0.00766878,1,0
0.00766896,1,1
0.00767228,1,0
0.00767246,1,1
0.00767578,1,0
0.00767596,1,1
0.00767928,1,0
0.00767946,1,1
0.00768278,1,0
0.00768296,1,1
0.00768628,1,0
0.00768646,1,1
0.00768978,1,0
0.00768996,1,1
0.00769328,1,0
0.00769346,1,1
0.00769678,1,0
0.00769712,1,1
0.00770046,1,0
0.00770062,1,1
0.00770396,1,0
0.00770412,1,1
0.00770746,1,0
0.00770762,1,1
0.00771096,1,0
0.00771112,1,1
0.00771446,1,0
0.00771462,1,1
0.00771794,1,0
0.00771812,1,1
0.00772144,1,0
0.00772162,1,1
0.00772494,1,0
0.00772512,1,1
0.00772844,1,0
0.00772862,1,1
0.00773194,1,0
0.00773212,1,1
0.00773544,1,0
0.00773562,1,1
0.00773894,1,0
0.00773912,1,1
0.00774244,1,0
0.00774262,1,1
0.00774594,1,0
0.00774628,1,1
0.00774962,1,0
0.00774978,1,1
0.00775312,1,0
0.00775328,1,1
0.00775662,1,0
0.00775678,1,1
0.00776012,1,0
0.00776028,1,1
0.00776362,1,0
0.00776378,1,1
0.00776712,1,0
0.00776728,1,1
0.00777062,1,0
0.00777078,1,1
0.00777412,1,0
0.00777428,1,1
0.00777762,1,0
0.00777778,1,1
0.00778112,1,0
0.00778128,1,1
0.0077846,1,0
0.00778478,1,1
0.0077881,1,0
0.00778828,1,1
0.0077916,1,0
0.00779178,1,1
0.0077951,1,0
0.00779544,1,1
0.00779878,1,0
0.00779894,1,1
0.00780228,1,0
0.00780244,1,1
0.00780578,1,0
0.00780594,1,1
0.00780928,1,0
0.00780944,1,1
0.00781278,1,0
0.00781294,1,1
0.00781628,1,0
0.00781644,1,1
0.00781978,1,0
0.00781994,1,1
0.00782328,1,0
0.00782344,1,1
0.00782678,1,0
0.00782694,1,1
0.00783028,1,0
0.00783044,1,1
0.00783378,1,0
0.00783394,1,1
0.00783728,1,0
0.00783744,1,1
0.00784078,1,0
0.00784094,1,1
0.00784428,1,0
0.00784444,1,1
0.00784776,1,0
0.0078481,1,1
0.00785144,1,0
0.0078516,1,1
0.00785494,1,0
0.0078551,1,1
0.00785844,1,0
0.0078586,1,1
0.00786194,1,0
0.0078621,1,1
0.00786544,1,0
0.0078656,1,1
0.00786894,1,0
0.0078691,1,1
0.00787244,1,0
0.0078726,1,1
0.00787594,1,0
0.0078761,1,1
0.00787944,1,0
0.0078796,1,1
0.00788294,1,0
0.0078831,1,1
0.00788644,1,0
0.0078866,1,1
0.00788994,1,0
0.0078901,1,1
0.00789344,1,0
0.0078936,1,1
0.00789694,1,0
0.00789726,1,1
0.0079006,1,0
0.00790076,1,1
0.0079041,1,0
0.00790426,1,1
0.0079076,1,0
0.00790776,1,1
0.0079111,1,0
0.00791126,1,1
0.0079146,1,0
0.00791476,1,1
0.0079181,1,0
0.00791826,1,1
0.0079216,1,0
0.00792176,1,1
0.0079251,1,0
0.00792526,1,1
0.0079286,1,0
0.00792876,1,1
0.0079321,1,0
0.00793226,1,1
0.0079356,1,0
0.00793576,1,1
0.0079391,1,0
0.00793926,1,1
0.0079426,1,0
0.00794276,1,1
0.0079461,1,0
0.00794642,1,1
0.00794976,1,0
0.00794992,1,1
0.00795326,1,0
0.00795342,1,1
0.00795676,1,0
0.00795692,1,1
0.00796026,1,0
0.00796042,1,1
0.00796376,1,0
0.00796392,1,1
0.00796726,1,0
0.00796742,1,1
0.00797076,1,0
0.00797092,1,1
0.00797426,1,0
0.00797442,1,1
0.00797776,1,0
0.00797792,1,1
0.00798126,1,0
0.00798142,1,1
0.00798476,1,0
0.00798492,1,1
0.00798826,1,0
0.00798842,1,1
0.00799176,1,0
0.00799192,1,1
0.00799526,1,0
0.00799542,1,1
0.00799876,1,0
0.0079991,1,1
0.00800242,1,0
0.0080026,1,1
0.00800592,1,0
0.0080061,1,1
0.00800942,1,0
0.00800958,1,1
0.00801292,1,0
0.00801308,1,1
0.00801642,1,0
0.00801658,1,1
0.00801992,1,0
0.00802008,1,1
0.00802342,1,0
0.00802358,1,1
0.00802692,1,0
0.00802708,1,1
0.00803042,1,0
0.00803058,1,1
0.00803392,1,0
0.00803408,1,1
0.00803742,1,0
0.00803758,1,1
0.00804092,1,0
0.00804108,1,1
0.00804442,1,0
0.00804458,1,1
0.00804792,1,0
0.00804826,1,1
0.00805158,1,0
0.00805176,1,1
0.00805508,1,0
0.00805526,1,1
0.00805858,1,0
0.00805876,1,1
0.00806208,1,0
0.00806226,1,1
0.00806558,1,0
0.00806576,1,1
0.00806908,1,0
0.00806926,1,1
0.00807258,1,0
0.00807274,1,1
0.00807608,1,0
0.00807624,1,1
0.00807958,1,0
0.00807974,1,1
0.00808308,1,0
0.00808324,1,1
0.00808658,1,0
0.00808674,1,1
0.00809008,1,0
0.00809024,1,1
0.00809358,1,0
0.00809374,1,1
0.00809708,1,0
0.00809742,1,1
0.00810074,1,0
0.00810092,1,1
0.00810424,1,0
0.00810442,1,1
0.00810774,1,0
0.00810792,1,1
0.00811124,1,0
0.00811142,1,1
0.00811474,1,0
0.00811492,1,1
0.00811824,1,0
0.00811842,1,1
0.00812174,1,0
0.00812192,1,1
0.00812524,1,0
0.00812542,1,1
0.00812874,1,0
0.00812892,1,1
0.00813224,1,0
0.00813242,1,1
0.00813574,1,0
0.00813592,1,1
0.00813924,1,0
0.0081394,1,1
0.00814274,1,0
0.0081429,1,1
0.00814624,1,0
0.0081464,1,1
0.00814974,1,0
0.00815008,1,1
0.0081534,1,0
0.00815358,1,1
0.0081569,1,0
0.00815708,1,1
0.0081604,1,0
0.00816058,1,1
0.0081639,1,0
0.00816408,1,1
0.0081674,1,0
0.00816758,1,1
0.0081709,1,0
0.00817108,1,1
0.0081744,1,0
0.00817458,1,1
0.0081779,1,0
0.00817808,1,1
0.0081814,1,0
0.00818158,1,1
0.0081849,1,0
0.00818508,1,1
0.0081884,1,0
0.00818858,1,1
0.0081919,1,0
0.00819208,1,1
0.0081954,1,0
0.00819558,1,1
0.0081989,1,0
0.00819924,1,1
0.00820256,1,0
0.00820274,1,1
0.00820606,1,0
0.00820624,1,1
0.00820956,1,0
0.00820974,1,1
0.00821306,1,0
0.00821324,1,1
0.00821656,1,0
0.00821674,1,1
0.00822006,1,0
0.00822024,1,1
0.00822356,1,0
0.00822374,1,1
0.00822706,1,0
0.00822724,1,1
0.00823056,1,0
0.00823074,1,1
0.00823406,1,0
0.00823424,1,1
0.00823756,1,0
0.00823774,1,1
0.00824106,1,0
0.00824124,1,1
0.00824456,1,0
0.00824474,1,1
0.00824806,1,0
0.0082484,1,1
0.00825172,1,0
0.0082519,1,1
0.00825522,1,0
0.0082554,1,1
0.00825872,1,0
0.0082589,1,1
0.00826222,1,0
0.0082624,1,1
0.00826572,1,0
0.0082659,1,1
0.00826922,1,0
0.0082694,1,1
0.00827272,1,0
0.0082729,1,1
0.00827622,1,0
0.0082764,1,1
0.00827972,1,0
0.0082799,1,1
0.00828322,1,0
0.0082834,1,1
0.00828672,1,0
0.0082869,1,1
0.00829022,1,0
0.0082904,1,1
0.00829372,1,0
0.0082939,1,1
0.00829722,1,0
0.0082974,1,1
0.00830072,1,0
0.00830106,1,1
0.0083044,1,0
0.00830456,1,1
0.0083079,1,0
0.00830806,1,1
0.0083114,1,0
0.00831156,1,1
0.0083149,1,0
0.00831506,1,1
0.00831838,1,0
0.00831856,1,1
0.00832188,1,0
0.00832206,1,1
0.00832538,1,0
0.00832556,1,1
0.00832888,1,0
0.00832906,1,1
0.00833238,1,0
0.00833256,1,1
0.00833588,1,0
0.00833606,1,1
0.00833938,1,0
0.00833956,1,1
0.00834288,1,0
0.00834306,1,1
0.00834638,1,0
0.00834656,1,1
0.00834988,1,0
0.00835022,1,1
0.00835356,1,0
0.00835372,1,1
0.00835706,1,0
0.00835722,1,1
0.00836056,1,0
0.00836072,1,1
0.00836406,1,0
0.00836422,1,1
0.00836756,1,0
0.00836772,1,1
0.00837106,1,0
0.00837122,1,1
0.00837456,1,0
0.00837472,1,1
0.00837806,1,0
0.00837822,1,1
0.00838156,1,0
0.00838172,1,1
0.00838504,1,0
0.00838522,1,1
0.00838854,1,0
0.00838872,1,1
0.00839204,1,0
0.00839222,1,1
0.00839554,1,0
0.00839572,1,1
0.00839904,1,0
0.00839938,1,1
0.00840272,1,0
0.00840288,1,1
0.00840622,1,0
0.00840638,1,1
0.00840972,1,0
0.00840988,1,1
0.00841322,1,0
0.00841338,1,1
0.00841672,1,0
0.00841688,1,1
0.00842022,1,0
0.00842038,1,1
0.00842372,1,0
0.00842388,1,1
0.00842722,1,0
0.00842738,1,1
0.00843072,1,0
0.00843088,1,1
0.00843422,1,0
0.00843438,1,1
0.00843772,1,0
0.00843788,1,1
0.00844122,1,0
0.00844138,1,1
0.00844472,1,0
0.00844488,1,1
0.0084482,1,0
0.00844838,1,1
0.0084517,1,0
0.00845204,1,1
0.00845538,1,0
0.00845554,1,1
0.00845888,1,0
0.00845904,1,1
0.00846238,1,0
0.00846254,1,1
0.00846588,1,0
0.00846604,1,1
0.00846938,1,0
0.00846954,1,1
0.00847288,1,0
0.00847304,1,1
0.00847638,1,0
0.00847654,1,1
0.00847988,1,0
0.00848004,1,1
0.00848338,1,0
0.00848354,1,1
0.00848688,1,0
0.00848704,1,1
0.00849038,1,0
0.00849054,1,1
0.00849388,1,0
0.00849404,1,1
0.00849738,1,0
0.00849754,1,1
0.00850088,1,0
0.0085012,1,1
0.00850454,1,0
0.0085047,1,1
0.00850804,1,0
0.0085082,1,1
0.00851154,1,0
0.0085117,1,1
0.00851504,1,0
0.0085152,1,1
0.00851854,1,0
0.0085187,1,1
0.00852204,1,0
0.0085222,1,1
0.00852554,1,0
0.0085257,1,1
0.00852904,1,0
0.0085292,1,1
0.00853254,1,0
0.0085327,1,1
0.00853604,1,0
0.0085362,1,1
0.00853954,1,0
0.0085397,1,1
0.00854304,1,0
0.0085432,1,1
0.00854654,1,0
0.0085467,1,1
0.00855004,1,0
0.00855036,1,1
0.0085537,1,0
0.00855386,1,1
0.0085572,1,0
0.00855736,1,1
0.0085607,1,0
0.00856086,1,1
0.0085642,1,0
0.00856436,1,1
0.0085677,1,0
0.00856786,1,1
0.0085712,1,0
0.00857136,1,1
0.0085747,1,0
0.00857486,1,1
0.0085782,1,0
0.00857836,1,1
0.0085817,1,0
0.00858186,1,1
0.0085852,1,0
0.00858536,1,1
0.0085887,1,0
0.00858886,1,1
0.0085922,1,0
0.00859236,1,1
0.0085957,1,0
0.00859586,1,1
0.0085992,1,0
0.00859936,1,1
0.0086027,1,0
0.00860304,1,1
0.00860636,1,0
0.00860652,1,1
0.00860986,1,0
0.00861002,1,1
0.00861336,1,0
0.00861352,1,1
0.00861686,1,0
0.00861702,1,1
0.00862036,1,0
0.00862052,1,1
0.00862386,1,0
0.00862402,1,1
0.00862736,1,0
0.00862752,1,1
0.00863086,1,0
0.00863102,1,1
0.00863436,1,0
0.00863452,1,1
0.00863786,1,0
0.00863802,1,1
0.00864136,1,0
0.00864152,1,1
0.00864486,1,0
0.00864502,1,1
0.00864836,1,0
0.00864852,1,1
0.00865186,1,0
0.0086522,1,1
0.00865552,1,0
0.0086557,1,1
0.00865902,1,0
0.0086592,1,1
0.00866252,1,0
0.0086627,1,1
0.00866602,1,0
0.0086662,1,1
0.00866952,1,0
0.0086697,1,1
0.00867302,1,0
0.00867318,1,1
0.00867652,1,0
0.00867668,1,1
0.00868002,1,0
0.00868018,1,1
0.00868352,1,0
0.00868368,1,1
0.00868702,1,0
0.00868718,1,1
0.00869052,1,0
0.00869068,1,1
0.00869402,1,0
0.00869418,1,1
0.00869752,1,0
0.00869768,1,1
0.00870102,1,0
0.00870136,1,1
0.00870468,1,0
0.00870486,1,1
0.00870818,1,0
0.00870836,1,1
0.00871168,1,0
0.00871186,1,1
0.00871518,1,0
0.00871536,1,1
0.00871868,1,0
0.00871886,1,1
0.00872218,1,0
0.00872236,1,1
0.00872568,1,0
0.00872586,1,1
0.00872918,1,0
0.00872936,1,1
0.00873268,1,0
0.00873286,1,1
0.00873618,1,0
0.00873634,1,1
0.00873968,1,0
0.00873984,1,1
0.00874318,1,0
0.00874334,1,1
0.00874668,1,0
0.00874684,1,1
0.00875018,1,0
0.00875034,1,1
0.00875368,1,0
0.00875402,1,1
0.00875734,1,0
0.00875752,1,1
0.00876084,1,0
0.00876102,1,1
0.00876434,1,0
0.00876452,1,1
0.00876784,1,0
0.00876802,1,1
0.00877134,1,0
0.00877152,1,1
0.00877484,1,0
0.00877502,1,1
0.00877834,1,0
0.00877852,1,1
0.00878184,1,0
0.00878202,1,1
0.00878534,1,0
0.00878552,1,1
0.00878884,1,0
0.00878902,1,1
0.00879234,1,0
0.00879252,1,1
0.00879584,1,0
0.00879602,1,1
0.00879934,1,0
0.00879952,1,1
0.00880284,1,0
0.00880318,1,1
0.0088065,1,0
0.00880668,1,1
0.00881,1,0
0.00881018,1,1
0.0088135,1,0
0.00881368,1,1
0.008817,1,0
0.00881718,1,1
0.0088205,1,0
0.00882068,1,1
0.008824,1,0
0.00882418,1,1
0.0088275,1,0
0.00882768,1,1
0.008831,1,0
0.00883118,1,1
0.0088345,1,0
0.00883468,1,1
0.008838,1,0
0.00883818,1,1
0.0088415,1,0
0.00884168,1,1
0.008845,1,0
0.00884518,1,1
0.0088485,1,0
0.00884868,1,1
0.008852,1,0
0.00885234,1,1
0.00885566,1,0
0.00885584,1,1
0.00885916,1,0
0.00885934,1,1
0.00886266,1,0
0.00886284,1,1
0.00886616,1,0
0.00886634,1,1
0.00886966,1,0
0.00886984,1,1
0.00887316,1,0
0.00887334,1,1
0.00887666,1,0
0.00887684,1,1
0.00888016,1,0
0.00888034,1,1
0.00888366,1,0
0.00888384,1,1
0.00888716,1,0
0.00888734,1,1
0.00889066,1,0
0.00889084,1,1
0.00889416,1,0
0.00889434,1,1
0.00889766,1,0
0.00889784,1,1
0.00890116,1,0
0.00890134,1,1
0.00890466,1,0
0.008905,1,1
0.00890834,1,0
0.0089085,1,1
0.00891184,1,0
0.008912,1,1
0.00891532,1,0
0.0089155,1,1
0.00891882,1,0
0.008919,1,1
0.00892232,1,0
0.0089225,1,1
0.00892582,1,0
0.008926,1,1
0.00892932,1,0
0.0089295,1,1
0.00893282,1,0
0.008933,1,1
0.00893632,1,0
0.0089365,1,1
0.00893982,1,0
0.00894,1,1
0.00894332,1,0
0.0089435,1,1
0.00894682,1,0
0.008947,1,1
0.00895032,1,0
0.0089505,1,1
0.00895382,1,0
0.00895416,1,1
0.0089575,1,0
0.00895766,1,1
0.008961,1,0
0.00896116,1,1
0.0089645,1,0
0.00896466,1,1
0.008968,1,0
0.00896816,1,1
0.0089715,1,0
0.00897166,1,1
0.008975,1,0
0.00897516,1,1
0.0089785,1,0
0.00897866,1,1
0.00898198,1,0
0.00898216,1,1
0.00898548,1,0
0.00898566,1,1
0.00898898,1,0
0.00898916,1,1
0.00899248,1,0
0.00899266,1,1
0.00899598,1,0
0.00899616,1,1
0.00899948,1,0
0.00899966,1,1
0.00900298,1,0
0.00900332,1,1
0.00900666,1,0
0.00900682,1,1
0.00901016,1,0
0.00901032,1,1
0.00901366,1,0
0.00901382,1,1
0.00901716,1,0
0.00901732,1,1
0.00902066,1,0
0.00902082,1,1
0.00902416,1,0
0.00902432,1,1
0.00902766,1,0
0.00902782,1,1
0.00903116,1,0
0.00903132,1,1
0.00903466,1,0
0.00903482,1,1
0.00903816,1,0
0.00903832,1,1
0.00904166,1,0
0.00904182,1,1
0.00904516,1,0
0.00904532,1,1
0.00904864,1,0
0.00904882,1,1
0.00905214,1,0
0.00905232,1,1
0.00905564,1,0
0.00905598,1,1
0.00905932,1,0
0.00905948,1,1
0.00906282,1,0
0.00906298,1,1
0.00906632,1,0
0.00906648,1,1
0.00906982,1,0
0.00906998,1,1
0.00907332,1,0
0.00907348,1,1
0.00907682,1,0
0.00907698,1,1
0.00908032,1,0
0.00908048,1,1
0.00908382,1,0
0.00908398,1,1
0.00908732,1,0
0.00908748,1,1
0.00909082,1,0
0.00909098,1,1
0.00909432,1,0
0.00909448,1,1
0.00909782,1,0
0.00909798,1,1
0.00910132,1,0
0.00910148,1,1
0.00910482,1,0
0.00910514,1,1
0.00910848,1,0
0.00910864,1,1
0.00911198,1,0
0.00911214,1,1
0.00911548,1,0
0.00911564,1,1
0.00911898,1,0
0.00911914,1,1
0.00912248,1,0
0.00912264,1,1
0.00912598,1,0
0.00912614,1,1
0.00912948,1,0
0.00912964,1,1
0.00913298,1,0
0.00913314,1,1
0.00913648,1,0
0.00913664,1,1
0.00913998,1,0
0.00914014,1,1
0.00914348,1,0
0.00914364,1,1
0.00914698,1,0
0.00914714,1,1
0.00915048,1,0
0.00915064,1,1
0.00915398,1,0
0.0091543,1,1
0.00915764,1,0
0.0091578,1,1
0.00916114,1,0
0.0091613,1,1
0.00916464,1,0
0.0091648,1,1
0.00916814,1,0
0.0091683,1,1
0.00917164,1,0
0.0091718,1,1
0.00917514,1,0
0.0091753,1,1
0.00917864,1,0
0.0091788,1,1
0.00918214,1,0
0.0091823,1,1
0.00918564,1,0
0.0091858,1,1
0.00918914,1,0
0.0091893,1,1
0.00919264,1,0
0.0091928,1,1
0.00919614,1,0
0.0091963,1,1
0.00919964,1,0
0.0091998,1,1
0.00920314,1,0
0.0092033,1,1
0.00920664,1,0
0.00920696,1,1
0.0092103,1,0
0.00921046,1,1
0.0092138,1,0
0.00921396,1,1
0.0092173,1,0
0.00921746,1,1
0.0092208,1,0
0.00922096,1,1
0.0092243,1,0
0.00922446,1,1
0.0092278,1,0
0.00922796,1,1
0.0092313,1,0
0.00923146,1,1
0.0092348,1,0
0.00923496,1,1
0.0092383,1,0
0.00923846,1,1
0.0092418,1,0
0.00924196,1,1
0.0092453,1,0
0.00924546,1,1
0.0092488,1,0
0.00924896,1,1
0.0092523,1,0
0.00925246,1,1
0.0092558,1,0
0.00925614,1,1
0.00925946,1,0
0.00925964,1,1
0.00926296,1,0
0.00926314,1,1
0.00926646,1,0
0.00926664,1,1
0.00926996,1,0
0.00927014,1,1
0.00927346,1,0
0.00927362,1,1
0.00927696,1,0
0.00927712,1,1
0.00928046,1,0
0.00928062,1,1
0.00928396,1,0
0.00928412,1,1
0.00928746,1,0
0.00928762,1,1
0.00929096,1,0
0.00929112,1,1
0.00929446,1,0
0.00929462,1,1
0.00929796,1,0
0.00929812,1,1
0.00930146,1,0
0.00930162,1,1
0.00930496,1,0
0.0093053,1,1
0.00930862,1,0
0.0093088,1,1
0.00931212,1,0
0.0093123,1,1
0.00931562,1,0
0.0093158,1,1
0.00931912,1,0
0.0093193,1,1
0.00932262,1,0
0.0093228,1,1
0.00932612,1,0
0.0093263,1,1
0.00932962,1,0
0.0093298,1,1
0.00933312,1,0
0.0093333,1,1
0.00933662,1,0
0.00933678,1,1
0.00934012,1,0
0.00934028,1,1
0.00934362,1,0
0.00934378,1,1
0.00934712,1,0
0.00934728,1,1
0.00935062,1,0
0.00935078,1,1
0.00935412,1,0
0.00935428,1,1
0.00935762,1,0
0.00935796,1,1
0.00936128,1,0
0.00936146,1,1
0.00936478,1,0
0.00936496,1,1
0.00936828,1,0
0.00936846,1,1
0.00937178,1,0
0.00937196,1,1
0.00937528,1,0
0.00937546,1,1
0.00937878,1,0
0.00937896,1,1
0.00938228,1,0
0.00938246,1,1
0.00938578,1,0
0.00938596,1,1
0.00938928,1,0
0.00938946,1,1
0.00939278,1,0
0.00939296,1,1
0.00939628,1,0
0.00939646,1,1
0.00939978,1,0
0.00939996,1,1
0.00940328,1,0
0.00940344,1,1
0.00940678,1,0
0.00940712,1,1
0.00941044,1,0
0.00941062,1,1
0.00941394,1,0
0.00941412,1,1
0.00941744,1,0
0.00941762,1,1
0.00942094,1,0
0.00942112,1,1
0.00942444,1,0
0.00942462,1,1
0.00942794,1,0
0.00942812,1,1
0.00943144,1,0
0.00943162,1,1
0.00943494,1,0
0.00943512,1,1
0.00943844,1,0
0.00943862,1,1
0.00944194,1,0
0.00944212,1,1
0.00944544,1,0
0.00944562,1,1
0.00944894,1,0
0.00944912,1,1
0.00945244,1,0
0.00945262,1,1
0.00945594,1,0
0.00945628,1,1
0.0094596,1,0
0.00945978,1,1
0.0094631,1,0
0.00946328,1,1
0.0094666,1,0
0.00946678,1,1
0.0094701,1,0
0.00947028,1,1
0.0094736,1,0
0.00947378,1,1
0.0094771,1,0
0.00947728,1,1
0.0094806,1,0
0.00948078,1,1
0.0094841,1,0
0.00948428,1,1
0.0094876,1,0
0.00948778,1,1
0.0094911,1,0
0.00949128,1,1
0.0094946,1,0
0.00949478,1,1
0.0094981,1,0
0.00949828,1,1
0.0095016,1,0
0.00950178,1,1
0.0095051,1,0
0.00950528,1,1
0.0095086,1,0
0.00950894,1,1
0.00951228,1,0
0.00951244,1,1
0.00951576,1,0
0.00951594,1,1
0.00951926,1,0
0.00951944,1,1
0.00952276,1,0
0.00952294,1,1
0.00952626,1,0
0.00952644,1,1
0.00952976,1,0
0.00952994,1,1
0.00953326,1,0
0.00953344,1,1
0.00953676,1,0
0.00953694,1,1
0.00954026,1,0
0.00954044,1,1
0.00954376,1,0
0.00954394,1,1
0.00954726,1,0
0.00954744,1,1
0.00955076,1,0
0.00955094,1,1
0.00955426,1,0
0.00955444,1,1
0.00955776,1,0
0.0095581,1,1
0.00956144,1,0
0.0095616,1,1
0.00956494,1,0
0.0095651,1,1
0.00956844,1,0
0.0095686,1,1
0.00957194,1,0
0.0095721,1,1
0.00957544,1,0
0.0095756,1,1
0.00957892,1,0
0.0095791,1,1
0.00958242,1,0
0.0095826,1,1
0.00958592,1,0
0.0095861,1,1
0.00958942,1,0
0.0095896,1,1
0.00959292,1,0
0.0095931,1,1
0.00959642,1,0
0.0095966,1,1
0.00959992,1,0
0.0096001,1,1
0.00960342,1,0
0.0096036,1,1
0.00960692,1,0
0.00960726,1,1
0.0096106,1,0
0.00961076,1,1
0.0096141,1,0
0.00961426,1,1
0.0096176,1,0
0.00961776,1,1
0.0096211,1,0
0.00962126,1,1
0.0096246,1,0
0.00962476,1,1
0.0096281,1,0
0.00962826,1,1
0.0096316,1,0
0.00963176,1,1
0.0096351,1,0
0.00963526,1,1
0.0096386,1,0
0.00963876,1,1
0.0096421,1,0
0.00964226,1,1
0.00964558,1,0
0.00964576,1,1
0.00964908,1,0
0.00964926,1,1
0.00965258,1,0
0.00965276,1,1
0.00965608,1,0
0.00965626,1,1
0.00965958,1,0
0.00965992,1,1
0.00966326,1,0
0.00966342,1,1
0.00966676,1,0
0.00966692,1,1
0.00967026,1,0
0.00967042,1,1
0.00967376,1,0
0.00967392,1,1
0.00967726,1,0
0.00967742,1,1
0.00968076,1,0
0.00968092,1,1
0.00968426,1,0
0.00968442,1,1
0.00968776,1,0
0.00968792,1,1
0.00969126,1,0
0.00969142,1,1
0.00969476,1,0
0.00969492,1,1
0.00969826,1,0
0.00969842,1,1
0.00970176,1,0
0.00970192,1,1
0.00970526,1,0
0.00970542,1,1
0.00970876,1,0
0.00970908,1,1
0.00971242,1,0
0.00971258,1,1
0.00971592,1,0
0.00971608,1,1
0.00971942,1,0
0.00971958,1,1
0.00972292,1,0
0.00972308,1,1
0.00972642,1,0
0.00972658,1,1
0.00972992,1,0
0.00973008,1,1
0.00973342,1,0
0.00973358,1,1
0.00973692,1,0
0.00973708,1,1
0.00974042,1,0
0.00974058,1,1
0.00974392,1,0
0.00974408,1,1
0.00974742,1,0
0.00974758,1,1
0.00975092,1,0
0.00975108,1,1
0.00975442,1,0
0.00975458,1,1
0.00975792,1,0
0.00975824,1,1
0.00976158,1,0
0.00976174,1,1
0.00976508,1,0
0.00976524,1,1
0.00976858,1,0
0.00976874,1,1
0.00977208,1,0
0.00977224,1,1
0.00977558,1,0
0.00977574,1,1
0.00977908,1,0
0.00977924,1,1
0.00978258,1,0
0.00978274,1,1
0.00978608,1,0
0.00978624,1,1
0.00978958,1,0
0.00978974,1,1
0.00979308,1,0
0.00979324,1,1
0.00979658,1,0
0.00979674,1,1
0.00980008,1,0
0.00980024,1,1
0.00980358,1,0
0.00980374,1,1
0.00980708,1,0
0.00980724,1,1
0.00981058,1,0
0.0098109,1,1
0.00981424,1,0
0.0098144,1,1
0.00981774,1,0
0.0098179,1,1
0.00982124,1,0
0.0098214,1,1
0.00982474,1,0
0.0098249,1,1
0.00982824,1,0
0.0098284,1,1
0.00983174,1,0
0.0098319,1,1
0.00983524,1,0
0.0098354,1,1
0.00983874,1,0
0.0098389,1,1
0.00984224,1,0
0.0098424,1,1
0.00984574,1,0
0.0098459,1,1
0.00984924,1,0
0.0098494,1,1
0.00985274,1,0
0.0098529,1,1
0.00985624,1,0
0.0098564,1,1
0.00985974,1,0
0.00986008,1,1
0.0098634,1,0
0.00986358,1,1
0.0098669,1,0
0.00986708,1,1
0.0098704,1,0
0.00987056,1,1
0.0098739,1,0
0.00987406,1,1
0.0098774,1,0
0.00987756,1,1
0.0098809,1,0
0.00988106,1,1
0.0098844,1,0
0.00988456,1,1
0.0098879,1,0
0.00988806,1,1
0.0098914,1,0
0.00989156,1,1
0.0098949,1,0
0.00989506,1,1
0.0098984,1,0
0.00989856,1,1
0.0099019,1,0
0.00990206,1,1
0.0099054,1,0
0.00990556,1,1
0.0099089,1,0
0.00990924,1,1
0.00991256,1,0
0.00991274,1,1
0.00991606,1,0
0.00991624,1,1
0.00991956,1,0
0.00991974,1,1
0.00992306,1,0
0.00992324,1,1
0.00992656,1,0
0.00992674,1,1
0.00993006,1,0
0.00993024,1,1
0.00993356,1,0
0.00993372,1,1
0.00993706,1,0
0.00993722,1,1
0.00994056,1,0
0.00994072,1,1
0.00994406,1,0
0.00994422,1,1
0.00994756,1,0
0.00994772,1,1
0.00995106,1,0
0.00995122,1,1
0.00995456,1,0
0.00995472,1,1
0.00995806,1,0
0.00995822,1,1
0.00996156,1,0
0.0099619,1,1
0.00996522,1,0
0.0099654,1,1
0.00996872,1,0
0.0099689,1,1
0.00997222,1,0
0.0099724,1,1
0.00997572,1,0
0.0099759,1,1
0.00997922,1,0
0.0099794,1,1
0.00998272,1,0
0.0099829,1,1
0.00998622,1,0
0.0099864,1,1
0.00998972,1,0
0.0099899,1,1
0.00999322,1,0
0.0099934,1,1
0.00999672,1,0
0.0099969,1,1
0.01000022,1,0
0.01000038,1,1
0.01000372,1,0
0.01000388,1,1
0.01000722,1,0
0.01000738,1,1
0.01001072,1,0
0.01001106,1,1
0.01001438,1,0
0.01001456,1,1
0.01001788,1,0
0.01001806,1,1
0.01002138,1,0
0.01002156,1,1
0.01002488,1,0
0.01002506,1,1
0.01002838,1,0
0.01002856,1,1
0.01003188,1,0
0.01003206,1,1
0.01003538,1,0
0.01003556,1,1
0.01003888,1,0
0.01003906,1,1
0.01004238,1,0
0.01004256,1,1
0.01004588,1,0
0.01004606,1,1
0.01004938,1,0
0.01004956,1,1
0.01005288,1,0
0.01005306,1,1
0.01005638,1,0
0.01005656,1,1
0.01005988,1,0
0.01006022,1,1
0.01006354,1,0
0.01006372,1,1
0.01006704,1,0
0.01006722,1,1
0.01007054,1,0
0.01007072,1,1
0.01007404,1,0
0.01007422,1,1
0.01007754,1,0
0.01007772,1,1
0.01008104,1,0
0.01008122,1,1
0.01008454,1,0
0.01008472,1,1
0.01008804,1,0
0.01008822,1,1
0.01009154,1,0
0.01009172,1,1
0.01009504,1,0
0.01009522,1,1
0.01009854,1,0
0.01009872,1,1
0.01010204,1,0
0.01010222,1,1
0.01010554,1,0
0.01010572,1,1
0.01010904,1,0
0.01010922,1,1
0.01011254,1,0
0.01011288,1,1
0.0101162,1,0
0.01011638,1,1
0.0101197,1,0
0.01011988,1,1
0.0101232,1,0
0.01012338,1,1
0.0101267,1,0
0.01012688,1,1
0.0101302,1,0
0.01013038,1,1
0.0101337,1,0
0.01013388,1,1
0.0101372,1,0
0.01013738,1,1
0.0101407,1,0
0.01014088,1,1
0.0101442,1,0
0.01014438,1,1
0.0101477,1,0
0.01014788,1,1
0.0101512,1,0
0.01015138,1,1
0.0101547,1,0
0.01015488,1,1
0.0101582,1,0
0.01015838,1,1
0.0101617,1,0
0.01016204,1,1
0.01016538,1,0
0.01016554,1,1
0.01016888,1,0
0.01016904,1,1
0.01017238,1,0
0.01017254,1,1
0.01017588,1,0
0.01017604,1,1
0.01017936,1,0
0.01017954,1,1
0.01018286,1,0
0.01018304,1,1
0.01018636,1,0
0.01018654,1,1
0.01018986,1,0
0.01019004,1,1
0.01019336,1,0
0.01019354,1,1
0.01019686,1,0
0.01019704,1,1
0.01020036,1,0
0.01020054,1,1
0.01020386,1,0
0.01020404,1,1
0.01020736,1,0
0.01020754,1,1
0.01021086,1,0
0.0102112,1,1
0.01021454,1,0
0.0102147,1,1
0.01021804,1,0
0.0102182,1,1
0.01022154,1,0
0.0102217,1,1
0.01022504,1,0
0.0102252,1,1
0.01022854,1,0
0.0102287,1,1
0.01023204,1,0
0.0102322,1,1
0.01023554,1,0
0.0102357,1,1
0.01023904,1,0
0.0102392,1,1
0.01024254,1,0
0.0102427,1,1
0.01024602,1,0
0.0102462,1,1
0.01024952,1,0
0.0102497,1,1
0.01025302,1,0
0.0102532,1,1
0.01025652,1,0
0.0102567,1,1
0.01026002,1,0
0.0102602,1,1
0.01026352,1,0
0.01026386,1,1
0.0102672,1,0
0.01026736,1,1
0.0102707,1,0
0.01027086,1,1
0.0102742,1,0
0.01027436,1,1
0.0102777,1,0
0.01027786,1,1
0.0102812,1,0
0.01028136,1,1
0.0102847,1,0
0.01028486,1,1
0.0102882,1,0
0.01028836,1,1
0.0102917,1,0
0.01029186,1,1
0.0102952,1,0
0.01029536,1,1
0.0102987,1,0
0.01029886,1,1
0.0103022,1,0
0.01030236,1,1
0.0103057,1,0
0.01030586,1,1
0.01030918,1,0
0.01030936,1,1
0.01031268,1,0
0.01031302,1,1
0.01031636,1,0
0.01031652,1,1
0.01031986,1,0
0.01032002,1,1
0.01032336,1,0
0.01032352,1,1
0.01032686,1,0
0.01032702,1,1
0.01033036,1,0
0.01033052,1,1
0.01033386,1,0
0.01033402,1,1
0.01033736,1,0
0.01033752,1,1
0.01034086,1,0
0.01034102,1,1
0.01034436,1,0
0.01034452,1,1
0.01034786,1,0
0.01034802,1,1
0.01035136,1,0
0.01035152,1,1
0.01035486,1,0
0.01035502,1,1
0.01035836,1,0
0.01035852,1,1
0.01036186,1,0
0.01036218,1,1
0.01036552,1,0
0.01036568,1,1
0.01036902,1,0
0.01036918,1,1
0.01037252,1,0
0.01037268,1,1
0.01037602,1,0
0.01037618,1,1
0.01037952,1,0
0.01037968,1,1
0.01038302,1,0
0.01038318,1,1
0.01038652,1,0
0.01038668,1,1
0.01039002,1,0
0.01039018,1,1
0.01039352,1,0
0.01039368,1,1
0.01039702,1,0
0.01039718,1,1
0.01040052,1,0
0.01040068,1,1
0.01040402,1,0
0.01040418,1,1
0.01040752,1,0
0.01040768,1,1
0.01041102,1,0
0.01041118,1,1
0.01041452,1,0
0.01041484,1,1
0.01041818,1,0
0.01041834,1,1
0.01042168,1,0
0.01042184,1,1
0.01042518,1,0
0.01042534,1,1
0.01042868,1,0
0.01042884,1,1
0.01043218,1,0
0.01043234,1,1
0.01043568,1,0
0.01043584,1,1
0.01043918,1,0
0.01043934,1,1
0.01044268,1,0
0.01044284,1,1
0.01044618,1,0
0.01044634,1,1
0.01044968,1,0
0.01044984,1,1
0.01045318,1,0
0.01045334,1,1
0.01045668,1,0
0.01045684,1,1
0.01046018,1,0
0.01046034,1,1
0.01046368,1,0
0.01046402,1,1
0.01046734,1,0
0.0104675,1,1
0.01047084,1,0
0.010471,1,1
0.01047434,1,0
0.0104745,1,1
0.01047784,1,0
0.010478,1,1
0.01048134,1,0
0.0104815,1,1
0.01048484,1,0
0.010485,1,1
0.01048834,1,0
0.0104885,1,1
0.01049184,1,0
0.010492,1,1
0.01049534,1,0
0.0104955,1,1
0.01049884,1,0
0.010499,1,1
0.01050234,1,0
0.0105025,1,1
0.01050584,1,0
0.010506,1,1
0.01050934,1,0
0.0105095,1,1
0.01051284,1,0
0.01051318,1,1
0.0105165,1,0
0.01051668,1,1
0.01052,1,0
0.01052018,1,1
0.0105235,1,0
0.01052368,1,1
0.010527,1,0
0.01052718,1,1
0.0105305,1,0
0.01053068,1,1
0.010534,1,0
0.01053416,1,1
0.0105375,1,0
0.01053766,1,1
0.010541,1,0
0.01054116,1,1
0.0105445,1,0
0.01054466,1,1
0.010548,1,0
0.01054816,1,1
0.0105515,1,0
0.01055166,1,1
0.010555,1,0
0.01055516,1,1
0.0105585,1,0
0.01055866,1,1
0.010562,1,0
0.01056216,1,1
0.0105655,1,0
0.01056584,1,1
0.01056916,1,0
0.01056934,1,1
0.01057266,1,0
0.01057284,1,1
0.01057616,1,0
0.01057634,1,1
0.01057966,1,0
0.01057984,1,1
0.01058316,1,0
0.01058334,1,1
0.01058666,1,0
0.01058684,1,1
0.01059016,1,0
0.01059034,1,1
0.01059366,1,0
0.01059384,1,1
0.01059716,1,0
0.01059732,1,1
0.01060066,1,0
0.01060082,1,1
0.01060416,1,0
0.01060432,1,1
0.01060766,1,0
0.01060782,1,1
0.01061116,1,0
0.01061132,1,1
0.01061466,1,0
0.010615,1,1
0.01061832,1,0
0.0106185,1,1
0.01062182,1,0
0.010622,1,1
0.01062532,1,0
0.0106255,1,1
0.01062882,1,0
0.010629,1,1
0.01063232,1,0
0.0106325,1,1
0.01063582,1,0
0.010636,1,1
0.01063932,1,0
0.0106395,1,1
0.01064282,1,0
0.010643,1,1
0.01064632,1,0
0.0106465,1,1
0.01064982,1,0
0.01065,1,1
0.01065332,1,0
0.0106535,1,1
0.01065682,1,0
0.010657,1,1
0.01066032,1,0
0.0106605,1,1
0.01066382,1,0
0.01066416,1,1
0.01066748,1,0
0.01066766,1,1
0.01067098,1,0
0.01067116,1,1
0.01067448,1,0
0.01067466,1,1
0.01067798,1,0
0.01067816,1,1
0.01068148,1,0
0.01068166,1,1
0.01068498,1,0
0.01068516,1,1
0.01068848,1,0
0.01068866,1,1
0.01069198,1,0
0.01069216,1,1
0.01069548,1,0
0.01069566,1,1
0.01069898,1,0
0.01069916,1,1
0.01070248,1,0
0.01070266,1,1
0.01070598,1,0
0.01070616,1,1
0.01070948,1,0
0.01070966,1,1
0.01071298,1,0
0.01071316,1,1
0.01071648,1,0
0.01071682,1,1
0.01072014,1,0
0.01072032,1,1
0.01072364,1,0
0.01072382,1,1
0.01072714,1,0
0.01072732,1,1
0.01073064,1,0
0.01073082,1,1
0.01073414,1,0
0.01073432,1,1
0.01073764,1,0
0.01073782,1,1
0.01074114,1,0
0.01074132,1,1
0.01074464,1,0
0.01074482,1,1
0.01074814,1,0
0.01074832,1,1
0.01075164,1,0
0.01075182,1,1
0.01075514,1,0
0.01075532,1,1
0.01075864,1,0
0.01075882,1,1
0.01076214,1,0
0.01076232,1,1
0.01076564,1,0
0.01076598,1,1
0.01076932,1,0
0.01076948,1,1
0.01077282,1,0
0.01077298,1,1
0.01077632,1,0
0.01077648,1,1
0.0107798,1,0
0.01077998,1,1
0.01078288,1,0
0.01078332,1,1
0.01078588,1,0
0.01078632,1,1
0.01078888,1,0
0.01078932,1,1
0.01080148,1,0
0.01080164,1,1
0.01080498,1,0
0.0108053,1,1
0.01080864,1,0
0.0108088,1,1
0.01081214,1,0
0.0108123,1,1
0.01081564,1,0
0.0108158,1,1
0.01081914,1,0
0.0108193,1,1
0.01082264,1,0
0.0108228,1,1
0.01082614,1,0
0.0108263,1,1
0.01082964,1,0
0.0108298,1,1
0.01083314,1,0
0.0108333,1,1
0.01083664,1,0
0.0108368,1,1
0.01084014,1,0
0.0108403,1,1
0.01084364,1,0
0.0108438,1,1
0.01084714,1,0
0.0108473,1,1
0.01085064,1,0
0.0108508,1,1
0.01085414,1,0
0.01085448,1,1
0.0108578,1,0
0.01085798,1,1
0.0108613,1,0
0.01086148,1,1
0.0108648,1,0
0.01086496,1,1
0.0108683,1,0
0.01086846,1,1
0.0108718,1,0
0.01087196,1,1
0.0108753,1,0
0.01087546,1,1
0.0108788,1,0
0.01087896,1,1
0.0108823,1,0
0.01088246,1,1
0.0108858,1,0
0.01088596,1,1
0.0108893,1,0
0.01088946,1,1
0.0108928,1,0
0.01089296,1,1
0.0108963,1,0
0.01089646,1,1
0.0108998,1,0
0.01089996,1,1
0.0109033,1,0
0.01090346,1,1
0.0109068,1,0
0.01090714,1,1
0.01091046,1,0
0.01091064,1,1
0.01091396,1,0
0.01091414,1,1
0.01091746,1,0
0.01091764,1,1
0.01092096,1,0
0.01092114,1,1
0.01092446,1,0
0.01092464,1,1
0.01092796,1,0
0.01092814,1,1
0.01093146,1,0
0.01093162,1,1
0.01093496,1,0
0.01093512,1,1
0.01093846,1,0
0.01093862,1,1
0.01094196,1,0
0.01094212,1,1
0.01094546,1,0
0.01094562,1,1
0.01094896,1,0
0.01094912,1,1
0.01095246,1,0
0.01095262,1,1
0.01095596,1,0
0.0109563,1,1
0.01095962,1,0
0.0109598,1,1
0.01096312,1,0
0.0109633,1,1
0.01096662,1,0
0.0109668,1,1
0.01097012,1,0
0.0109703,1,1
0.01097362,1,0
0.0109738,1,1
0.01097712,1,0
0.0109773,1,1
0.01098062,1,0
0.0109808,1,1
0.01098412,1,0
0.0109843,1,1
0.01098762,1,0
0.0109878,1,1
0.01099112,1,0
0.0109913,1,1
0.01099462,1,0
0.0109948,1,1
0.01099812,1,0
0.0109983,1,1
0.01100162,1,0
0.01100178,1,1
0.01100512,1,0
0.01100546,1,1
0.01100878,1,0
0.01100896,1,1
0.01101228,1,0
0.01101246,1,1
0.01101578,1,0
0.01101596,1,1
0.01101928,1,0
0.01101946,1,1
0.01102278,1,0
0.01102296,1,1
0.01102628,1,0
0.01102646,1,1
0.01102978,1,0
0.01102996,1,1
0.01103328,1,0
0.01103346,1,1
0.01103678,1,0
0.01103696,1,1
0.01104028,1,0
0.01104046,1,1
0.01104378,1,0
0.01104396,1,1
0.01104728,1,0
0.01104746,1,1
0.01105078,1,0
0.01105096,1,1
0.01105428,1,0
0.01105462,1,1
0.01105794,1,0
0.01105812,1,1
0.01106144,1,0
0.01106162,1,1
0.01106494,1,0
0.01106512,1,1
0.01106844,1,0
0.01106862,1,1
0.01107194,1,0
0.01107212,1,1
0.01107544,1,0
0.01107562,1,1
0.01107894,1,0
0.01107912,1,1
0.01108244,1,0
0.01108262,1,1
0.01108594,1,0
0.01108612,1,1
0.01108944,1,0
0.01108962,1,1
0.01109294,1,0
0.01109312,1,1
0.01109644,1,0
0.01109662,1,1
0.01109994,1,0
0.01110012,1,1
0.01110344,1,0
0.01110362,1,1
0.01110694,1,0
0.01110728,1,1
0.01111062,1,0
0.01111078,1,1
0.0111141,1,0
0.01111428,1,1
0.0111176,1,0
0.01111778,1,1
0.0111211,1,0
0.01112128,1,1
0.0111246,1,0
0.01112478,1,1
0.0111281,1,0
0.01112828,1,1
0.0111316,1,0
0.01113178,1,1
0.0111351,1,0
0.01113528,1,1
0.0111386,1,0
0.01113878,1,1
0.0111421,1,0
0.01114228,1,1
0.0111456,1,0
0.01114578,1,1
0.0111491,1,0
0.01114928,1,1
0.0111526,1,0
0.01115278,1,1
0.0111561,1,0
0.01115644,1,1
0.01115978,1,0
0.01115994,1,1
0.01116328,1,0
0.01116344,1,1
0.01116678,1,0
0.01116694,1,1
0.01117028,1,0
0.01117044,1,1
0.01117378,1,0
0.01117394,1,1
0.01117728,1,0
0.01117744,1,1
0.01118076,1,0
0.01118094,1,1
0.01118426,1,0
0.01118444,1,1
0.01118776,1,0
0.01118794,1,1
0.01119126,1,0
0.01119144,1,1
0.01119476,1,0
0.01119494,1,1
0.01119826,1,0
0.01119844,1,1
0.01120176,1,0
0.01120194,1,1
0.01120526,1,0
0.0112056,1,1
0.01120894,1,0
0.0112091,1,1
0.01121244,1,0
0.0112126,1,1
0.01121594,1,0
0.0112161,1,1
0.01121944,1,0
0.0112196,1,1
0.01122294,1,0
0.0112231,1,1
0.01122644,1,0
0.0112266,1,1
0.01122994,1,0
0.0112301,1,1
0.01123344,1,0
0.0112336,1,1
0.01123694,1,0
0.0112371,1,1
0.01124044,1,0
0.0112406,1,1
0.01124394,1,0
0.0112441,1,1
0.01124742,1,0
0.0112476,1,1
0.01125092,1,0
0.0112511,1,1
0.01125442,1,0
0.01125476,1,1
0.0112581,1,0
0.01125826,1,1
0.0112616,1,0
0.01126176,1,1
0.0112651,1,0
0.01126526,1,1
0.0112686,1,0
0.01126876,1,1
0.0112721,1,0
0.01127226,1,1
0.0112756,1,0
0.01127576,1,1
0.0112791,1,0
0.01127926,1,1
0.0112826,1,0
0.01128276,1,1
0.0112861,1,0
0.01128626,1,1
0.0112896,1,0
0.01128976,1,1
0.0112931,1,0
0.01129326,1,1
0.0112966,1,0
0.01129676,1,1
0.0113001,1,0
0.01130026,1,1
0.0113036,1,0
0.01130376,1,1
0.0113071,1,0
0.01130742,1,1
0.01131076,1,0
0.01131092,1,1
0.01131426,1,0
0.01131442,1,1
0.01131776,1,0
0.01131792,1,1
0.01132126,1,0
0.01132142,1,1
0.01132476,1,0
0.01132492,1,1
0.01132826,1,0
0.01132842,1,1
0.01133176,1,0
0.01133192,1,1
0.01133526,1,0
0.01133542,1,1
0.01133876,1,0
0.01133892,1,1
0.01134226,1,0
0.01134242,1,1
0.01134576,1,0
0.01134592,1,1
0.01134926,1,0
0.01134942,1,1
0.01135276,1,0
0.01135292,1,1
0.01135626,1,0
0.01135658,1,1
0.01135992,1,0
0.01136008,1,1
0.01136342,1,0
0.01136358,1,1
0.01136692,1,0
0.01136708,1,1
0.01137042,1,0
0.01137058,1,1
0.01137392,1,0
0.01137408,1,1
0.01137742,1,0
0.01137758,1,1
0.01138092,1,0
0.01138108,1,1
0.01138442,1,0
0.01138458,1,1
0.01138792,1,0
0.01138808,1,1
0.01139142,1,0
0.01139158,1,1
0.01139492,1,0
0.01139508,1,1
0.01139842,1,0
0.01139858,1,1
0.01140192,1,0
0.01140208,1,1
0.01140542,1,0
0.01140576,1,1
0.01140908,1,0
0.01140926,1,1
0.01141258,1,0
0.01141276,1,1
0.01141608,1,0
0.01141624,1,1
0.01141958,1,0
0.01141974,1,1
0.01142308,1,0
0.01142324,1,1
0.01142658,1,0
0.01142674,1,1
0.01143008,1,0
0.01143024,1,1
0.01143358,1,0
0.01143374,1,1
0.01143708,1,0
0.01143724,1,1
0.01144058,1,0
0.01144074,1,1
0.01144408,1,0
0.01144424,1,1
0.01144758,1,0
0.01144774,1,1
0.01145108,1,0
0.01145124,1,1
0.01145458,1,0
0.01145492,1,1
0.01145824,1,0
0.01145842,1,1
0.01146174,1,0
0.01146192,1,1
0.01146524,1,0
0.01146542,1,1
0.01146874,1,0
0.01146892,1,1
0.01147224,1,0
0.01147242,1,1
0.01147574,1,0
0.01147592,1,1
0.01147924,1,0
0.01147942,1,1
0.01148274,1,0
0.01148292,1,1
0.01148624,1,0
0.0114864,1,1
0.01148974,1,0
0.0114899,1,1
0.01149324,1,0
0.0114934,1,1
0.01149674,1,0
0.0114969,1,1
0.01150024,1,0
0.0115004,1,1
0.01150374,1,0
0.01150408,1,1
0.0115074,1,0
0.01150758,1,1
0.0115109,1,0
0.01151108,1,1
0.0115144,1,0
0.01151458,1,1
0.0115179,1,0
0.01151808,1,1
0.0115214,1,0
0.01152158,1,1
0.0115249,1,0
0.01152508,1,1
0.0115284,1,0
0.01152858,1,1
0.0115319,1,0
0.01153208,1,1
0.0115354,1,0
0.01153558,1,1
0.0115389,1,0
0.01153908,1,1
0.0115424,1,0
0.01154258,1,1
0.0115459,1,0
0.01154608,1,1
0.0115494,1,0
0.01154958,1,1
0.0115529,1,0
0.01155308,1,1
0.0115564,1,0
0.01155674,1,1
0.01156006,1,0
0.01156024,1,1
0.01156356,1,0
0.01156374,1,1
0.01156706,1,0
0.01156724,1,1
0.01157056,1,0
0.01157074,1,1
0.01157406,1,0
0.01157424,1,1
0.01157756,1,0
0.01157774,1,1
0.01158106,1,0
0.01158124,1,1
0.01158456,1,0
0.01158474,1,1
0.01158806,1,0
0.01158824,1,1
0.01159156,1,0
0.01159174,1,1
0.01159506,1,0
0.01159524,1,1
0.01159856,1,0
0.01159874,1,1
0.01160206,1,0
0.01160224,1,1
0.01160556,1,0
0.0116059,1,1
0.01160922,1,0
0.0116094,1,1
0.01161272,1,0
0.0116129,1,1
0.01161622,1,0
0.0116164,1,1
0.01161972,1,0
0.0116199,1,1
0.01162322,1,0
0.0116234,1,1
0.01162672,1,0
0.0116269,1,1
0.01163022,1,0
0.0116304,1,1
0.01163372,1,0
0.0116339,1,1
0.01163722,1,0
0.0116374,1,1
0.01164072,1,0
0.0116409,1,1
0.01164422,1,0
0.0116444,1,1
0.01164772,1,0
0.0116479,1,1
0.01165122,1,0
0.0116514,1,1
0.01165472,1,0
0.01165506,1,1
0.0116584,1,0
0.01165856,1,1
0.0116619,1,0
0.01166206,1,1
0.01166538,1,0
0.01166556,1,1
0.01166888,1,0
0.01166906,1,1
0.01167238,1,0
0.01167256,1,1
0.01167588,1,0
0.01167606,1,1
0.01167938,1,0
0.01167956,1,1
0.01168288,1,0
0.01168306,1,1
0.01168638,1,0
0.01168656,1,1
0.01168988,1,0
0.01169006,1,1
0.01169338,1,0
0.01169356,1,1
0.01169688,1,0
0.01169706,1,1
0.01170038,1,0
0.01170056,1,1
0.01170388,1,0
0.01170422,1,1
0.01170756,1,0
0.01170772,1,1
0.01171106,1,0
0.01171122,1,1
0.01171456,1,0
0.01171472,1,1
0.01171806,1,0
0.01171822,1,1
0.01172156,1,0
0.01172172,1,1
0.01172506,1,0
0.01172522,1,1
0.01172856,1,0
0.01172872,1,1
0.01173204,1,0
0.01173222,1,1
0.01173554,1,0
0.01173572,1,1
0.01173904,1,0
0.01173922,1,1
0.01174254,1,0
0.01174272,1,1
0.01174604,1,0
0.01174622,1,1
0.01174954,1,0
0.01174972,1,1
0.01175304,1,0
0.01175338,1,1
0.01175672,1,0
0.01175688,1,1
0.01176022,1,0
0.01176038,1,1
0.01176372,1,0
0.01176388,1,1
0.01176722,1,0
0.01176738,1,1
0.01177072,1,0
0.01177088,1,1
0.01177422,1,0
0.01177438,1,1
0.01177772,1,0
0.01177788,1,1
0.01178122,1,0
0.01178138,1,1
0.01178472,1,0
0.01178488,1,1
0.01178822,1,0
0.01178838,1,1
0.01179172,1,0
0.01179188,1,1
0.01179522,1,0
0.01179538,1,1
0.0117987,1,0
0.01179888,1,1
0.0118022,1,0
0.01180254,1,1
0.01180588,1,0
0.01180604,1,1
0.01180938,1,0
0.01180954,1,1
0.01181288,1,0
0.01181304,1,1
0.01181638,1,0
0.01181654,1,1
0.01181988,1,0
0.01182004,1,1
0.01182338,1,0
0.01182354,1,1
0.01182688,1,0
0.01182704,1,1
0.01183038,1,0
0.01183054,1,1
0.01183388,1,0
0.01183404,1,1
0.01183738,1,0
0.01183754,1,1
0.01184088,1,0
0.01184104,1,1
0.01184438,1,0
0.01184454,1,1
0.01184788,1,0
0.01184804,1,1
0.01185138,1,0
0.0118517,1,1
0.01185504,1,0
0.0118552,1,1
0.01185854,1,0
0.0118587,1,1
0.01186204,1,0
0.0118622,1,1
0.01186554,1,0
0.0118657,1,1
0.01186904,1,0
0.0118692,1,1
0.01187254,1,0
0.0118727,1,1
0.01187604,1,0
0.0118762,1,1
0.01187954,1,0
0.0118797,1,1
0.01188304,1,0
0.0118832,1,1
0.01188654,1,0
0.0118867,1,1
0.01189004,1,0
0.0118902,1,1
0.01189354,1,0
0.0118937,1,1
0.01189704,1,0
0.0118972,1,1
0.01190054,1,0
0.01190088,1,1
0.0119042,1,0
0.01190438,1,1
0.0119077,1,0
0.01190788,1,1
0.0119112,1,0
0.01191136,1,1
0.0119147,1,0
0.01191486,1,1
0.0119182,1,0
0.01191836,1,1
0.0119217,1,0
0.01192186,1,1
0.0119252,1,0
0.01192536,1,1
0.0119287,1,0
0.01192886,1,1
0.0119322,1,0
0.01193236,1,1
0.0119357,1,0
0.01193586,1,1
0.0119392,1,0
0.01193936,1,1
0.0119427,1,0
0.01194286,1,1
0.0119462,1,0
0.01194636,1,1
0.0119497,1,0
0.01195004,1,1
0.01195336,1,0
0.01195354,1,1
0.01195686,1,0
0.01195704,1,1
0.01196036,1,0
0.01196054,1,1
0.01196386,1,0
0.01196404,1,1
0.01196736,1,0
0.01196754,1,1
0.01197086,1,0
0.01197104,1,1
0.01197436,1,0
0.01197454,1,1
0.01197786,1,0
0.01197804,1,1
0.01198136,1,0
0.01198152,1,1
0.01198486,1,0
0.01198502,1,1
0.01198836,1,0
0.01198852,1,1
0.01199186,1,0
0.01199202,1,1
0.01199536,1,0
0.01199552,1,1
0.01199886,1,0
0.0119992,1,1
0.01200252,1,0
0.0120027,1,1
0.01200602,1,0
0.0120062,1,1
0.01200952,1,0
0.0120097,1,1
0.01201302,1,0
0.0120132,1,1
0.01201652,1,0
0.0120167,1,1
0.01202002,1,0
0.0120202,1,1
0.01202352,1,0
0.0120237,1,1
0.01202702,1,0
0.0120272,1,1
0.01203052,1,0
0.0120307,1,1
0.01203402,1,0
0.0120342,1,1
0.01203752,1,0
0.0120377,1,1
0.01204102,1,0
0.0120412,1,1
0.01204452,1,0
0.0120447,1,1
0.01204802,1,0
0.01204836,1,1
0.01205168,1,0
0.01205186,1,1
0.01205518,1,0
0.01205536,1,1
0.01205868,1,0
0.01205886,1,1
0.01206218,1,0
0.01206236,1,1
0.01206568,1,0
0.01206586,1,1
0.01206918,1,0
0.01206936,1,1
0.01207268,1,0
0.01207286,1,1
0.01207618,1,0
0.01207636,1,1
0.01207968,1,0
0.01207986,1,1
0.01208318,1,0
0.01208336,1,1
0.01208668,1,0
0.01208686,1,1
0.01209018,1,0
0.01209036,1,1
0.01209368,1,0
0.01209386,1,1
0.01209718,1,0
0.01209752,1,1
0.01210084,1,0
0.01210102,1,1
0.01210434,1,0
0.01210452,1,1
0.01210784,1,0
0.01210802,1,1
0.01211134,1,0
0.01211152,1,1
0.01211484,1,0
0.01211502,1,1
0.01211834,1,0
0.01211852,1,1
0.01212184,1,0
0.01212202,1,1
0.01212534,1,0
0.01212552,1,1
0.01212884,1,0
0.01212902,1,1
0.01213234,1,0
0.01213252,1,1
0.01213584,1,0
0.01213602,1,1
0.01213934,1,0
0.01213952,1,1
0.01214284,1,0
0.01214302,1,1
0.01214634,1,0
0.01214668,1,1
0.01215002,1,0
0.01215018,1,1
0.01215352,1,0
0.01215368,1,1
0.012157,1,0
0.01215718,1,1
0.0121605,1,0
0.01216068,1,1
0.012164,1,0
0.01216418,1,1
0.0121675,1,0
0.01216768,1,1
0.012171,1,0
0.01217118,1,1
0.0121745,1,0
0.01217468,1,1
0.012178,1,0
0.01217818,1,1
0.0121815,1,0
0.01218168,1,1
0.012185,1,0
0.01218518,1,1
0.0121885,1,0
0.01218868,1,1
0.012192,1,0
0.01219218,1,1
0.0121955,1,0
0.01219568,1,1
0.012199,1,0
0.01219934,1,1
0.01220268,1,0
0.01220284,1,1
0.01220618,1,0
0.01220634,1,1
0.01220968,1,0
0.01220984,1,1
0.01221318,1,0
0.01221334,1,1
0.01221668,1,0
0.01221684,1,1
0.01222018,1,0
0.01222034,1,1
0.01222368,1,0
0.01222384,1,1
0.01222716,1,0
0.01222734,1,1
0.01223066,1,0
0.01223084,1,1
0.01223416,1,0
0.01223434,1,1
0.01223766,1,0
0.01223784,1,1
0.01224116,1,0
0.01224134,1,1
0.01224466,1,0
0.01224484,1,1
0.01224816,1,0
0.0122485,1,1
0.01225184,1,0
0.012252,1,1
0.01225534,1,0
0.0122555,1,1
0.01225884,1,0
0.012259,1,1
0.01226234,1,0
0.0122625,1,1
0.01226584,1,0
0.012266,1,1
0.01226934,1,0
0.0122695,1,1
0.01227284,1,0
0.012273,1,1
0.01227634,1,0
0.0122765,1,1
0.01227984,1,0
0.01228,1,1
0.01228334,1,0
0.0122835,1,1
0.01228684,1,0
0.012287,1,1
0.01229034,1,0
0.0122905,1,1
0.01229382,1,0
0.01229416,1,1
0.0122975,1,0
0.01229766,1,1
0.012301,1,0
0.01230116,1,1
0.0123045,1,0
0.01230466,1,1
0.012308,1,0
0.01230816,1,1
0.0123115,1,0
0.01231166,1,1
0.012315,1,0
0.01231516,1,1
0.0123185,1,0
0.01231866,1,1
0.012322,1,0
0.01232216,1,1
0.0123255,1,0
0.01232566,1,1
0.012329,1,0
0.01232916,1,1
0.0123325,1,0
0.01233266,1,1
0.012336,1,0
0.01233616,1,1
0.0123395,1,0
0.01233966,1,1
0.012343,1,0
0.01234334,1,1
0.01234666,1,0
0.01234682,1,1
0.01235016,1,0
0.01235032,1,1
0.01235366,1,0
0.01235382,1,1
0.01235716,1,0
0.01235732,1,1
0.01236066,1,0
0.01236082,1,1
0.01236416,1,0
0.01236432,1,1
0.01236766,1,0
0.01236782,1,1
0.01237116,1,0
0.01237132,1,1
0.01237466,1,0
0.01237482,1,1
0.01237816,1,0
0.01237832,1,1
0.01238166,1,0
0.01238182,1,1
0.01238516,1,0
0.01238532,1,1
0.01238866,1,0
0.01238882,1,1
0.01239216,1,0
0.0123925,1,1
0.01239582,1,0
0.012396,1,1
0.01239932,1,0
0.0123995,1,1
0.01240282,1,0
0.012403,1,1
0.01240632,1,0
0.0124065,1,1
0.01240982,1,0
0.01241,1,1
0.01241332,1,0
0.0124135,1,1
0.01241682,1,0
0.01241698,1,1
0.01242032,1,0
0.01242048,1,1
0.01242382,1,0
0.01242398,1,1
0.01242732,1,0
0.01242748,1,1
0.01243082,1,0
0.01243098,1,1
0.01243432,1,0
0.01243448,1,1
0.01243782,1,0
0.01243798,1,1
0.01244132,1,0
0.01244166,1,1
0.01244498,1,0
0.01244516,1,1
0.01244848,1,0
0.01244866,1,1
0.01245198,1,0
0.01245216,1,1
0.01245548,1,0
0.01245566,1,1
0.01245898,1,0
0.01245916,1,1
0.01246248,1,0
0.01246266,1,1
0.01246598,1,0
0.01246616,1,1
0.01246948,1,0
0.01246966,1,1
0.01247298,1,0
0.01247316,1,1
0.01247648,1,0
0.01247666,1,1
0.01247998,1,0
0.01248016,1,1
0.01248348,1,0
0.01248366,1,1
0.01248698,1,0
0.01248714,1,1
0.01249048,1,0
0.01249082,1,1
0.01249414,1,0
0.01249432,1,1
0.01249764,1,0
0.01249782,1,1
0.01250114,1,0
0.01250132,1,1
0.01250464,1,0
0.01250482,1,1
0.01250814,1,0
0.01250832,1,1
0.01251164,1,0
0.01251182,1,1
0.01251514,1,0
0.01251532,1,1
0.01251864,1,0
0.01251882,1,1
0.01252214,1,0
0.01252232,1,1
0.01252564,1,0
0.01252582,1,1
0.01252914,1,0
0.01252932,1,1
0.01253264,1,0
0.01253282,1,1
0.01253614,1,0
0.01253632,1,1
0.01253964,1,0
0.01253998,1,1
0.0125433,1,0
0.01254348,1,1
0.0125468,1,0
0.01254698,1,1
0.0125503,1,0
0.01255048,1,1
0.0125538,1,0
0.01255398,1,1
0.0125573,1,0
0.01255748,1,1
0.0125608,1,0
0.01256098,1,1
0.0125643,1,0
0.01256448,1,1
0.0125678,1,0
0.01256798,1,1
0.0125713,1,0
0.01257148,1,1
0.0125748,1,0
0.01257498,1,1
0.0125783,1,0
0.01257848,1,1
0.0125818,1,0
0.01258198,1,1
0.0125853,1,0
0.01258548,1,1
0.0125888,1,0
0.01258914,1,1
0.01259246,1,0
0.01259264,1,1
0.01259596,1,0
0.01259614,1,1
0.01259946,1,0
0.01259964,1,1
0.01260296,1,0
0.01260314,1,1
0.01260646,1,0
0.01260664,1,1
0.01260996,1,0
0.01261014,1,1
0.01261346,1,0
0.01261364,1,1
0.01261696,1,0
0.01261714,1,1
0.01262046,1,0
0.01262064,1,1
0.01262396,1,0
0.01262414,1,1
0.01262746,1,0
0.01262764,1,1
0.01263096,1,0
0.01263114,1,1
0.01263446,1,0
0.01263464,1,1
0.01263796,1,0
0.0126383,1,1
0.01264164,1,0
0.0126418,1,1
0.01264514,1,0
0.0126453,1,1
0.01264864,1,0
0.0126488,1,1
0.01265214,1,0
0.0126523,1,1
0.01265564,1,0
0.0126558,1,1
0.01265912,1,0
0.0126593,1,1
0.01266262,1,0
0.0126628,1,1
0.01266612,1,0
0.0126663,1,1
0.01266962,1,0
0.0126698,1,1
0.01267312,1,0
0.0126733,1,1
0.01267662,1,0
0.0126768,1,1
0.01268012,1,0
0.0126803,1,1
0.01268362,1,0
0.0126838,1,1
0.01268712,1,0
0.01268746,1,1
0.0126908,1,0
0.01269096,1,1
0.0126943,1,0
0.01269446,1,1
0.0126978,1,0
0.01269796,1,1
0.0127013,1,0
0.01270146,1,1
0.0127048,1,0
0.01270496,1,1
0.0127083,1,0
0.01270846,1,1
0.0127118,1,0
0.01271196,1,1
0.0127153,1,0
0.01271546,1,1
0.0127188,1,0
0.01271896,1,1
0.0127223,1,0
0.01272246,1,1
0.0127258,1,0
0.01272596,1,1
0.01272928,1,0
0.01272946,1,1
0.01273278,1,0
0.01273312,1,1
0.01273646,1,0
0.01273662,1,1
0.01273996,1,0
0.01274012,1,1
0.01274346,1,0
0.01274362,1,1
0.01274696,1,0
0.01274712,1,1
0.01275046,1,0
0.01275062,1,1
0.01275396,1,0
0.01275412,1,1
0.01275746,1,0
0.01275762,1,1
0.01276096,1,0
0.01276112,1,1
0.01276446,1,0
0.01276462,1,1
0.01276796,1,0
0.01276812,1,1
0.01277146,1,0
0.01277162,1,1
0.01277496,1,0
0.01277512,1,1
0.01277846,1,0
0.01277862,1,1
0.01278196,1,0
0.0127823,1,1
0.01278562,1,0
0.0127858,1,1
0.01278912,1,0
0.01278928,1,1
0.01279262,1,0
0.01279278,1,1
0.01279612,1,0
0.01279628,1,1
0.01279962,1,0
0.01279978,1,1
0.01280312,1,0
0.01280328,1,1
0.01280662,1,0
0.01280678,1,1
0.01281012,1,0
0.01281028,1,1
0.01281362,1,0
0.01281378,1,1
0.01281712,1,0
0.01281728,1,1
0.01282062,1,0
0.01282078,1,1
0.01282412,1,0
0.01282428,1,1
0.01282762,1,0
0.01282778,1,1
0.01283112,1,0
0.01283146,1,1
0.01283478,1,0
0.01283496,1,1
0.01283828,1,0
0.01283846,1,1
0.01284178,1,0
0.01284196,1,1
0.01284528,1,0
0.01284546,1,1
0.01284878,1,0
0.01284896,1,1
0.01285228,1,0
0.01285246,1,1
0.01285578,1,0
0.01285596,1,1
0.01285928,1,0
0.01285944,1,1
0.01286278,1,0
0.01286294,1,1
0.01286628,1,0
0.01286644,1,1
0.01286978,1,0
0.01286994,1,1
0.01287328,1,0
0.01287344,1,1
0.01287678,1,0
0.01287694,1,1
0.01288028,1,0
0.01288062,1,1
0.01288394,1,0
0.01288412,1,1
0.01288744,1,0
0.01288762,1,1
0.01289094,1,0
0.01289112,1,1
0.01289444,1,0
0.01289462,1,1
0.01289794,1,0
0.01289812,1,1
0.01290144,1,0
0.01290162,1,1
0.01290494,1,0
0.01290512,1,1
0.01290844,1,0
0.01290862,1,1
0.01291194,1,0
0.01291212,1,1
0.01291544,1,0
0.01291562,1,1
0.01291894,1,0
0.01291912,1,1
0.01292244,1,0
0.01292262,1,1
0.01292594,1,0
0.01292612,1,1
0.01292944,1,0
0.01292978,1,1
0.0129331,1,0
0.01293328,1,1
0.0129366,1,0
0.01293678,1,1
0.0129401,1,0
0.01294028,1,1
0.0129436,1,0
0.01294378,1,1
0.0129471,1,0
0.01294728,1,1
0.0129506,1,0
0.01295078,1,1
0.0129541,1,0
0.01295428,1,1
0.0129576,1,0
0.01295778,1,1
0.0129611,1,0
0.01296128,1,1
0.0129646,1,0
0.01296478,1,1
0.0129681,1,0
0.01296828,1,1
0.0129716,1,0
0.01297178,1,1
0.0129751,1,0
0.01297544,1,1
0.01297876,1,0
0.01297894,1,1
0.01298226,1,0
0.01298244,1,1
0.01298576,1,0
0.01298594,1,1
0.01298926,1,0
0.01298944,1,1
0.01299276,1,0
0.01299294,1,1
0.01299626,1,0
0.01299644,1,1
0.01299976,1,0
0.01299994,1,1
0.01300326,1,0
0.01300344,1,1
0.01300676,1,0
0.01300694,1,1
0.01301026,1,0
0.01301044,1,1
0.01301376,1,0
0.01301394,1,1
0.01301726,1,0
0.01301744,1,1
0.01302076,1,0
0.01302094,1,1
0.01302426,1,0
0.0130246,1,1
0.01302792,1,0
0.0130281,1,1
0.01303142,1,0
0.0130316,1,1
0.01303492,1,0
0.0130351,1,1
0.01303842,1,0
0.0130386,1,1
0.01304192,1,0
0.0130421,1,1
0.01304542,1,0
0.0130456,1,1
0.01304892,1,0
0.0130491,1,1
0.01305242,1,0
0.0130526,1,1
0.01305592,1,0
0.0130561,1,1
0.01305942,1,0
0.0130596,1,1
0.01306292,1,0
0.0130631,1,1
0.01306642,1,0
0.0130666,1,1
0.01306992,1,0
0.0130701,1,1
0.01307342,1,0
0.01307376,1,1
0.0130771,1,0
0.01307726,1,1
0.0130806,1,0
0.01308076,1,1
0.0130841,1,0
0.01308426,1,1
0.0130876,1,0
0.01308776,1,1
0.0130911,1,0
0.01309126,1,1
0.0130946,1,0
0.01309476,1,1
0.01309808,1,0
0.01309826,1,1
0.01310158,1,0
0.01310176,1,1
0.01310508,1,0
0.01310526,1,1
0.01310858,1,0
0.01310876,1,1
0.01311208,1,0
0.01311226,1,1
0.01311558,1,0
0.01311576,1,1
0.01311908,1,0
0.01311942,1,1
0.01312276,1,0
0.01312292,1,1
0.01312626,1,0
0.01312642,1,1
0.01312976,1,0
0.01312992,1,1
0.01313326,1,0
0.01313342,1,1
0.01313676,1,0
0.01313692,1,1
0.01314026,1,0
0.01314042,1,1
0.01314376,1,0
0.01314392,1,1
0.01314726,1,0
0.01314742,1,1
0.01315076,1,0
0.01315092,1,1
0.01315426,1,0
0.01315442,1,1
0.01315776,1,0
0.01315792,1,1
0.01316126,1,0
0.01316142,1,1
0.01316476,1,0
0.01316492,1,1
0.01316826,1,0
0.01316858,1,1
0.01317192,1,0
0.01317208,1,1
0.01317542,1,0
0.01317558,1,1
0.01317892,1,0
0.01317908,1,1
0.01318242,1,0
0.01318258,1,1
0.01318592,1,0
0.01318608,1,1
0.01318942,1,0
0.01318958,1,1
0.01319292,1,0
0.01319308,1,1
0.01319642,1,0
0.01319658,1,1
0.01319992,1,0
0.01320008,1,1
0.01320342,1,0
0.01320358,1,1
0.01320692,1,0
0.01320708,1,1
0.01321042,1,0
0.01321058,1,1
0.01321392,1,0
0.01321408,1,1
0.01321742,1,0
0.01321776,1,1
0.01322108,1,0
0.01322126,1,1
0.01322458,1,0
0.01322476,1,1
0.01322808,1,0
0.01322826,1,1
0.01323158,1,0
0.01323176,1,1
0.01323508,1,0
0.01323524,1,1
0.01323858,1,0
0.01323874,1,1
0.01324208,1,0
0.01324224,1,1
0.01324558,1,0
0.01324574,1,1
0.01324908,1,0
0.01324924,1,1
0.01325258,1,0
0.01325274,1,1
0.01325608,1,0
0.01325624,1,1
0.01325958,1,0
0.01325974,1,1
0.01326308,1,0
0.01326342,1,1
0.01326674,1,0
0.01326692,1,1
0.01327024,1,0
0.01327042,1,1
0.01327374,1,0
0.01327392,1,1
0.01327724,1,0
0.01327742,1,1
0.01328074,1,0
0.01328092,1,1
0.01328424,1,0
0.01328442,1,1
0.01328774,1,0
0.01328792,1,1
0.01329124,1,0
0.01329142,1,1
0.01329474,1,0
0.01329492,1,1
0.01329824,1,0
0.01329842,1,1
0.01330174,1,0
0.01330192,1,1
0.01330524,1,0
0.01330542,1,1
0.01330874,1,0
0.0133089,1,1
0.01331224,1,0
0.01331258,1,1
0.0133159,1,0
0.01331608,1,1
0.0133194,1,0
0.01331958,1,1
0.0133229,1,0
0.01332308,1,1
0.0133264,1,0
0.01332658,1,1
0.0133299,1,0
0.01333008,1,1
0.0133334,1,0
0.01333358,1,1
0.0133369,1,0
0.01333708,1,1
0.0133404,1,0
0.01334058,1,1
0.0133439,1,0
0.01334408,1,1
0.0133474,1,0
0.01334758,1,1
0.0133509,1,0
0.01335108,1,1
0.0133544,1,0
0.01335458,1,1
0.0133579,1,0
0.01335808,1,1
0.0133614,1,0
0.01336174,1,1
0.01336506,1,0
0.01336524,1,1
0.01336856,1,0
0.01336874,1,1
0.01337206,1,0
0.01337224,1,1
0.01337556,1,0
0.01337574,1,1
0.01337906,1,0
0.01337924,1,1
0.01338256,1,0
0.01338274,1,1
0.01338606,1,0
0.01338624,1,1
0.01338956,1,0
0.01338974,1,1
0.01339306,1,0
0.01339324,1,1
0.01339656,1,0
0.01339674,1,1
0.01340006,1,0
0.01340024,1,1
0.01340356,1,0
0.01340374,1,1
0.01340706,1,0
0.0134074,1,1
0.01341072,1,0
0.0134109,1,1
0.01341422,1,0
0.0134144,1,1
0.01341772,1,0
0.0134179,1,1
0.01342122,1,0
0.0134214,1,1
0.01342472,1,0
0.0134249,1,1
0.01342822,1,0
0.0134284,1,1
0.01343172,1,0
0.0134319,1,1
0.01343522,1,0
0.0134354,1,1
0.01343872,1,0
0.0134389,1,1
0.01344222,1,0
0.0134424,1,1
0.01344572,1,0
0.0134459,1,1
0.01344922,1,0
0.0134494,1,1
0.01345272,1,0
0.0134529,1,1
0.01345622,1,0
0.01345656,1,1
0.0134599,1,0
0.01346006,1,1
0.0134634,1,0
0.01346356,1,1
0.0134669,1,0
0.01346706,1,1
0.0134704,1,0
0.01347056,1,1
0.01347388,1,0
0.01347406,1,1
0.01347738,1,0
0.01347756,1,1
0.01348088,1,0
0.01348106,1,1
0.01348438,1,0
0.01348456,1,1
0.01348788,1,0
0.01348806,1,1
0.01349138,1,0
0.01349156,1,1
0.01349488,1,0
0.01349506,1,1
0.01349838,1,0
0.01349856,1,1
0.01350188,1,0
0.01350222,1,1
0.01350556,1,0
0.01350572,1,1
0.01350906,1,0
0.01350922,1,1
0.01351256,1,0
0.01351272,1,1
0.01351606,1,0
0.01351622,1,1
0.01351956,1,0
0.01351972,1,1
0.01352306,1,0
0.01352322,1,1
0.01352656,1,0
0.01352672,1,1
0.01353006,1,0
0.01353022,1,1
0.01353356,1,0
0.01353372,1,1
0.01353706,1,0
0.01353722,1,1
0.01354056,1,0
0.01354072,1,1
0.01354406,1,0
0.01354422,1,1
0.01354754,1,0
0.01354772,1,1
0.01355104,1,0
0.01355138,1,1
0.01355472,1,0
0.01355488,1,1
0.01355822,1,0
0.01355838,1,1
0.01356172,1,0
0.01356188,1,1
0.01356522,1,0
0.01356538,1,1
0.01356872,1,0
0.01356888,1,1
0.01357222,1,0
0.01357238,1,1
0.01357572,1,0
0.01357588,1,1
0.01357922,1,0
0.01357938,1,1
0.01358272,1,0
0.01358288,1,1
0.01358622,1,0
0.01358638,1,1
0.01358972,1,0
0.01358988,1,1
0.01359322,1,0
0.01359338,1,1
0.01359672,1,0
0.01359706,1,1
0.01360038,1,0
0.01360056,1,1
0.01360388,1,0
0.01360406,1,1
0.01360738,1,0
0.01360756,1,1
0.01361088,1,0
0.01361106,1,1
0.01361438,1,0
0.01361456,1,1
0.01361788,1,0
0.01361806,1,1
0.01362138,1,0
0.01362154,1,1
0.01362488,1,0
0.01362504,1,1
0.01362838,1,0
0.01362854,1,1
0.01363188,1,0
0.01363204,1,1
0.01363538,1,0
0.01363554,1,1
0.01363888,1,0
0.01363904,1,1
0.01364238,1,0
0.01364254,1,1
0.01364588,1,0
0.01364622,1,1
0.01364954,1,0
0.01364972,1,1
0.01365304,1,0
0.01365322,1,1
0.01365654,1,0
0.01365672,1,1
0.01366004,1,0
0.01366022,1,1
0.01366354,1,0
0.01366372,1,1
0.01366704,1,0
0.01366722,1,1
0.01367054,1,0
0.01367072,1,1
0.01367404,1,0
0.01367422,1,1
0.01367754,1,0
0.01367772,1,1
0.01368104,1,0
0.01368122,1,1
0.01368454,1,0
0.01368472,1,1
0.01368804,1,0
0.01368822,1,1
0.01369154,1,0
0.01369188,1,1
0.0136952,1,0
0.01369538,1,1
0.0136987,1,0
0.01369888,1,1
0.0137022,1,0
0.01370238,1,1
0.0137057,1,0
0.01370588,1,1
0.0137092,1,0
0.01370938,1,1
0.0137127,1,0
0.01371288,1,1
0.0137162,1,0
0.01371638,1,1
0.0137197,1,0
0.01371988,1,1
0.0137232,1,0
0.01372338,1,1
0.0137267,1,0
0.01372688,1,1
0.0137302,1,0
0.01373038,1,1
0.0137337,1,0
0.01373388,1,1
0.0137372,1,0
0.01373738,1,1
0.0137407,1,0
0.01374104,1,1
0.01374436,1,0
0.01374454,1,1
0.01374786,1,0
0.01374804,1,1
0.01375136,1,0
0.01375154,1,1
0.01375486,1,0
0.01375504,1,1
0.01375836,1,0
0.01375854,1,1
0.01376186,1,0
0.01376204,1,1
0.01376536,1,0
0.01376554,1,1
0.01376886,1,0
0.01376904,1,1
0.01377236,1,0
0.01377254,1,1
0.01377586,1,0
0.01377604,1,1
0.01377936,1,0
0.01377954,1,1
0.01378286,1,0
0.01378304,1,1
0.01378636,1,0
0.0137867,1,1
0.01379002,1,0
0.0137902,1,1
0.01379352,1,0
0.0137937,1,1
0.01379702,1,0
0.0137972,1,1
0.01380052,1,0
0.0138007,1,1
0.01380402,1,0
0.0138042,1,1
0.01380752,1,0
0.0138077,1,1
0.01381102,1,0
0.0138112,1,1
0.01381452,1,0
0.0138147,1,1
0.01381802,1,0
0.0138182,1,1
0.01382152,1,0
0.0138217,1,1
0.01382502,1,0
0.0138252,1,1
0.01382852,1,0
0.0138287,1,1
0.01383202,1,0
0.0138322,1,1
0.01383552,1,0
0.01383586,1,1
0.0138392,1,0
0.01383936,1,1
0.0138427,1,0
0.01384286,1,1
0.0138462,1,0
0.01384636,1,1
0.0138497,1,0
0.01384986,1,1
0.0138532,1,0
0.01385336,1,1
0.0138567,1,0
0.01385686,1,1
0.01386018,1,0
0.01386036,1,1
0.01386368,1,0
0.01386386,1,1
0.01386718,1,0
0.01386736,1,1
0.01387068,1,0
0.01387086,1,1
0.01387418,1,0
0.01387436,1,1
0.01387768,1,0
0.01387786,1,1
0.01388118,1,0
0.01388152,1,1
0.01388486,1,0
0.01388502,1,1
0.01388836,1,0
0.01388852,1,1
0.01389186,1,0
0.01389202,1,1
0.01389536,1,0
0.01389552,1,1
0.01389886,1,0
0.01389902,1,1
0.01390236,1,0
0.01390252,1,1
0.01390586,1,0
0.01390602,1,1
0.01390936,1,0
0.01390952,1,1
0.01391286,1,0
0.01391302,1,1
0.01391636,1,0
0.01391652,1,1
0.01391986,1,0
0.01392002,1,1
0.01392336,1,0
0.01392352,1,1
0.01392686,1,0
0.0139272,1,1
0.01393052,1,0
0.0139307,1,1
0.01393402,1,0
0.0139342,1,1
0.01393752,1,0
0.0139377,1,1
0.01394102,1,0
0.01394118,1,1
0.01394452,1,0
0.01394468,1,1
0.01394802,1,0
0.01394818,1,1
0.01395152,1,0
0.01395168,1,1
0.01395502,1,0
0.01395518,1,1
0.01395852,1,0
0.01395868,1,1
0.01396202,1,0
0.01396218,1,1
0.01396552,1,0
0.01396568,1,1
0.01396902,1,0
0.01396918,1,1
0.01397252,1,0
0.01397268,1,1
0.01397602,1,0
0.01397636,1,1
0.01397968,1,0
0.01397986,1,1
0.01398318,1,0
0.01398336,1,1
0.01398668,1,0
0.01398686,1,1
0.01399018,1,0
0.01399036,1,1
0.01399368,1,0
0.01399386,1,1
0.01399718,1,0
0.01399736,1,1
0.01400068,1,0
0.01400086,1,1
0.01400418,1,0
0.01400436,1,1
0.01400768,1,0
0.01400786,1,1
0.01401118,1,0
0.01401134,1,1
0.01401468,1,0
0.01401484,1,1
0.01401818,1,0
0.01401834,1,1
0.01402168,1,0
0.01402202,1,1
0.01402534,1,0
0.01402552,1,1
0.01402884,1,0
0.01402902,1,1
0.01403234,1,0
0.01403252,1,1
0.01403584,1,0
0.01403602,1,1
0.01403934,1,0
0.01403952,1,1
0.01404284,1,0
0.01404302,1,1
0.01404634,1,0
0.01404652,1,1
0.01404984,1,0
0.01405002,1,1
0.01405334,1,0
0.01405352,1,1
0.01405684,1,0
0.01405702,1,1
0.01406034,1,0
0.01406052,1,1
0.01406384,1,0
0.01406402,1,1
0.01406734,1,0
0.01406752,1,1
0.01407084,1,0
0.01407118,1,1
0.0140745,1,0
0.01407468,1,1
0.014078,1,0
0.01407818,1,1
0.0140815,1,0
0.01408168,1,1
0.014085,1,0
0.01408518,1,1
0.0140885,1,0
0.01408868,1,1
0.014092,1,0
0.01409218,1,1
0.0140955,1,0
0.01409568,1,1
0.014099,1,0
0.01409918,1,1
0.0141025,1,0
0.01410268,1,1
0.014106,1,0
0.01410618,1,1
0.0141095,1,0
0.01410968,1,1
0.014113,1,0
0.01411318,1,1
0.0141165,1,0
0.01411684,1,1
0.01412016,1,0
0.01412034,1,1
0.01412366,1,0
0.01412384,1,1
0.01412716,1,0
0.01412734,1,1
0.01413066,1,0
0.01413084,1,1
0.01413416,1,0
0.01413434,1,1
0.01413766,1,0
0.01413784,1,1
0.01414116,1,0
0.01414134,1,1
0.01414466,1,0
0.01414484,1,1
0.01414816,1,0
0.01414834,1,1
0.01415166,1,0
0.01415184,1,1
0.01415516,1,0
0.01415534,1,1
0.01415866,1,0
0.01415884,1,1
0.01416216,1,0
0.0141625,1,1
0.01416582,1,0
0.014166,1,1
0.01416932,1,0
0.0141695,1,1
0.01417282,1,0
0.014173,1,1
0.01417632,1,0
0.0141765,1,1
0.01417982,1,0
0.01418,1,1
0.01418332,1,0
0.0141835,1,1
0.01418682,1,0
0.014187,1,1
0.01419032,1,0
0.0141905,1,1
0.01419382,1,0
0.014194,1,1
0.01419732,1,0
0.0141975,1,1
0.01420082,1,0
0.014201,1,1
0.01420432,1,0
0.0142045,1,1
0.01420782,1,0
0.014208,1,1
0.01421132,1,0
0.01421166,1,1
0.014215,1,0
0.01421516,1,1
0.0142185,1,0
0.01421866,1,1
0.014222,1,0
0.01422216,1,1
0.0142255,1,0
0.01422566,1,1
0.014229,1,0
0.01422916,1,1
0.0142325,1,0
0.01423266,1,1
0.014236,1,0
0.01423616,1,1
0.0142395,1,0
0.01423966,1,1
0.01424298,1,0
0.01424316,1,1
0.01424648,1,0
0.01424666,1,1
0.01424998,1,0
0.01425016,1,1
0.01425348,1,0
0.01425366,1,1
0.01425698,1,0
0.01425732,1,1
0.01426066,1,0
0.01426082,1,1
0.01426416,1,0
0.01426432,1,1
0.01426766,1,0
0.01426782,1,1
0.01427116,1,0
0.01427132,1,1
0.01427466,1,0
0.01427482,1,1
0.01427816,1,0
0.01427832,1,1
0.01428166,1,0
0.01428182,1,1
0.01428516,1,0
0.01428532,1,1
0.01428866,1,0
0.01428882,1,1
0.01429216,1,0
0.01429232,1,1
0.01429566,1,0
0.01429582,1,1
0.01429916,1,0
0.01429932,1,1
0.01430266,1,0
0.014303,1,1
0.01430632,1,0
0.0143065,1,1
0.01430982,1,0
0.01431,1,1
0.01431332,1,0
0.0143135,1,1
0.01431682,1,0
0.014317,1,1
0.01432032,1,0
0.0143205,1,1
0.01432382,1,0
0.014324,1,1
0.01432732,1,0
0.0143275,1,1
0.01433082,1,0
0.014331,1,1
0.01433432,1,0
0.01433448,1,1
0.01433782,1,0
0.01433798,1,1
0.01434132,1,0
0.01434148,1,1
0.01434482,1,0
0.01434498,1,1
0.01434832,1,0
0.01434848,1,1
0.01435182,1,0
0.01435216,1,1
0.01435548,1,0
0.01435566,1,1
0.01435898,1,0
0.01435916,1,1
0.01436248,1,0
0.01436266,1,1
0.01436598,1,0
0.01436616,1,1
0.01436948,1,0
0.01436966,1,1
0.01437298,1,0
0.01437316,1,1
0.01437648,1,0
0.01437666,1,1
0.01437998,1,0
0.01438016,1,1
0.01438348,1,0
0.01438366,1,1
0.01438698,1,0
0.01438716,1,1
0.01439048,1,0
0.01439066,1,1
0.01439398,1,0
0.01439416,1,1
0.01439748,1,0
0.01439782,1,1
0.01440114,1,0
0.01440132,1,1
0.01440464,1,0
0.01440482,1,1
0.01440814,1,0
0.01440832,1,1
0.01441164,1,0
0.01441182,1,1
0.01441514,1,0
0.01441532,1,1
0.01441864,1,0
0.01441882,1,1
0.01442214,1,0
0.01442232,1,1
0.01442564,1,0
0.01442582,1,1
0.01442914,1,0
0.01442932,1,1
0.01443264,1,0
0.01443282,1,1
0.01443614,1,0
0.01443632,1,1
0.01443964,1,0
0.01443982,1,1
0.01444314,1,0
0.01444332,1,1
0.01444664,1,0
0.01444698,1,1
0.0144503,1,0
0.01445048,1,1
0.0144538,1,0
0.01445398,1,1
0.0144573,1,0
0.01445748,1,1
0.0144608,1,0
0.01446098,1,1
0.0144643,1,0
0.01446448,1,1
0.0144678,1,0
0.01446798,1,1
0.0144713,1,0
0.01447148,1,1
0.0144748,1,0
0.01447498,1,1
0.0144783,1,0
0.01447848,1,1
0.0144818,1,0
0.01448198,1,1
0.0144853,1,0
0.01448548,1,1
0.0144888,1,0
0.01448898,1,1
0.0144923,1,0
0.01449264,1,1
0.01449596,1,0
0.01449614,1,1
0.01449946,1,0
0.01449964,1,1
0.01450296,1,0
0.01450314,1,1
0.01450646,1,0
0.01450664,1,1
0.01450996,1,0
0.01451014,1,1
0.01451346,1,0
0.01451364,1,1
0.01451696,1,0
0.01451714,1,1
0.01452046,1,0
0.01452064,1,1
0.01452396,1,0
0.01452414,1,1
0.01452746,1,0
0.01452764,1,1
0.01453096,1,0
0.01453114,1,1
0.01453446,1,0
0.01453464,1,1
0.01453796,1,0
0.0145383,1,1
0.01454164,1,0
0.0145418,1,1
0.01454514,1,0
0.0145453,1,1
0.01454864,1,0
0.0145488,1,1
0.01455212,1,0
0.0145523,1,1
0.01455562,1,0
0.0145558,1,1
0.01455912,1,0
0.0145593,1,1
0.01456262,1,0
0.0145628,1,1
0.01456612,1,0
0.0145663,1,1
0.01456962,1,0
0.0145698,1,1
0.01457312,1,0
0.0145733,1,1
0.01457662,1,0
0.0145768,1,1
0.01458012,1,0
0.0145803,1,1
0.01458362,1,0
0.0145838,1,1
0.01458712,1,0
0.01458746,1,1
0.0145908,1,0
0.01459096,1,1
0.0145943,1,0
0.01459446,1,1
0.0145978,1,0
0.01459796,1,1
0.0146013,1,0
0.01460146,1,1
0.0146048,1,0
0.01460496,1,1
0.0146083,1,0
0.01460846,1,1
0.0146118,1,0
0.01461196,1,1
0.0146153,1,0
0.01461546,1,1
0.0146188,1,0
0.01461896,1,1
0.01462228,1,0
0.01462246,1,1
0.01462578,1,0
0.01462596,1,1
0.01462928,1,0
0.01462946,1,1
0.01463278,1,0
0.01463312,1,1
0.01463646,1,0
0.01463662,1,1
0.01463996,1,0
0.01464012,1,1
0.01464346,1,0
0.01464362,1,1
0.01464696,1,0
0.01464712,1,1
0.01465046,1,0
0.01465062,1,1
0.01465396,1,0
0.01465412,1,1
0.01465746,1,0
0.01465762,1,1
0.01466096,1,0
0.01466112,1,1
0.01466446,1,0
0.01466462,1,1
0.01466796,1,0
0.01466812,1,1
0.01467146,1,0
0.01467162,1,1
0.01467496,1,0
0.01467512,1,1
0.01467846,1,0
0.01467862,1,1
0.01468196,1,0
0.0146823,1,1
0.01468562,1,0
0.0146858,1,1
0.01468912,1,0
0.0146893,1,1
0.01469262,1,0
0.0146928,1,1
0.01469612,1,0
0.0146963,1,1
0.01469962,1,0
0.01469978,1,1
0.01470312,1,0
0.01470328,1,1
0.01470662,1,0
0.01470678,1,1
0.01471012,1,0
0.01471028,1,1
0.01471362,1,0
0.01471378,1,1
0.01471712,1,0
0.01471728,1,1
0.01472062,1,0
0.01472078,1,1
0.01472412,1,0
0.01472428,1,1
0.01472762,1,0
0.01472796,1,1
0.01473128,1,0
0.01473146,1,1
0.01473478,1,0
0.01473496,1,1
0.01473828,1,0
0.01473846,1,1
0.01474178,1,0
0.01474196,1,1
0.01474528,1,0
0.01474546,1,1
0.01474878,1,0
0.01474896,1,1
0.01475228,1,0
0.01475246,1,1
0.01475578,1,0
0.01475596,1,1
0.01475928,1,0
0.01475946,1,1
0.01476278,1,0
0.01476294,1,1
0.01476628,1,0
0.01476644,1,1
0.01476978,1,0
0.01476994,1,1
0.01477328,1,0
0.01477344,1,1
0.01477678,1,0
0.01477712,1,1
0.01478044,1,0
0.01478062,1,1
0.01478394,1,0
0.01478412,1,1
0.01478744,1,0
0.01478762,1,1
0.01479094,1,0
0.01479112,1,1
0.01479444,1,0
0.01479462,1,1
0.01479794,1,0
0.01479812,1,1
0.01480144,1,0
0.01480162,1,1
0.01480494,1,0
0.01480512,1,1
0.01480844,1,0
0.01480862,1,1
0.01481194,1,0
0.01481212,1,1
0.01481544,1,0
0.01481562,1,1
0.01481894,1,0
0.01481912,1,1
0.01482244,1,0
0.01482278,1,1
0.0148261,1,0
0.01482628,1,1
0.0148296,1,0
0.01482978,1,1
0.0148331,1,0
0.01483328,1,1
0.0148366,1,0
0.01483678,1,1
0.0148401,1,0
0.01484028,1,1
0.0148436,1,0
0.01484378,1,1
0.0148471,1,0
0.01484728,1,1
0.0148506,1,0
0.01485078,1,1
0.0148541,1,0
0.01485428,1,1
0.0148576,1,0
0.01485778,1,1
0.0148611,1,0
0.01486128,1,1
0.0148646,1,0
0.01486478,1,1
0.0148681,1,0
0.01486828,1,1
0.0148716,1,0
0.01487194,1,1
0.01487526,1,0
0.01487544,1,1
0.01487876,1,0
0.01487894,1,1
0.01488226,1,0
0.01488244,1,1
0.01488576,1,0
0.01488594,1,1
0.01488926,1,0
0.01488944,1,1
0.01489276,1,0
0.01489294,1,1
0.01489626,1,0
0.01489644,1,1
0.01489976,1,0
0.01489994,1,1
0.01490326,1,0
0.01490344,1,1
0.01490676,1,0
0.01490694,1,1
0.01491026,1,0
0.01491044,1,1
0.01491376,1,0
0.01491394,1,1
0.01491726,1,0
0.01491744,1,1
0.01492076,1,0
0.0149211,1,1
0.01492442,1,0
0.0149246,1,1
0.01492792,1,0
0.0149281,1,1
0.01493142,1,0
0.0149316,1,1
0.01493492,1,0
0.0149351,1,1
0.01493842,1,0
0.0149386,1,1
0.01494192,1,0
0.0149421,1,1
0.01494542,1,0
0.0149456,1,1
0.01494892,1,0
0.0149491,1,1
0.01495242,1,0
0.0149526,1,1
0.01495592,1,0
0.0149561,1,1
0.01495942,1,0
0.0149596,1,1
0.01496292,1,0
0.0149631,1,1
0.01496642,1,0
0.0149666,1,1
0.01496992,1,0
0.01497026,1,1
0.01497358,1,0
0.01497376,1,1
0.01497708,1,0
0.01497726,1,1
0.01498058,1,0
0.01498076,1,1
0.01498408,1,0
0.01498426,1,1
0.01498758,1,0
0.01498776,1,1
0.01499108,1,0
0.01499126,1,1
0.01499458,1,0
0.01499476,1,1
0.01499808,1,0
0.01499826,1,1
0.01500158,1,0
0.01500176,1,1
0.01500508,1,0
0.01500526,1,1
0.01500858,1,0
0.01500876,1,1
0.01501208,1,0
0.01501226,1,1
0.01501558,1,0
0.01501576,1,1
0.01501908,1,0
0.01501942,1,1
0.01502276,1,0
0.01502292,1,1
0.01502624,1,0
0.01502642,1,1
0.01502974,1,0
0.01502992,1,1
0.01503324,1,0
0.01503342,1,1
0.01503674,1,0
0.01503692,1,1
0.01504024,1,0
0.01504042,1,1
0.01504374,1,0
0.01504392,1,1
0.01504724,1,0
0.01504742,1,1
0.01505074,1,0
0.01505092,1,1
0.01505424,1,0
0.01505442,1,1
0.01505774,1,0
0.01505792,1,1
0.01506124,1,0
0.01506142,1,1
0.01506474,1,0
0.01506492,1,1
0.01506824,1,0
0.01506858,1,1
0.01507192,1,0
0.01507208,1,1
0.01507542,1,0
0.01507558,1,1
0.01507892,1,0
0.01507908,1,1
0.01508242,1,0
0.01508258,1,1
0.01508592,1,0
0.01508608,1,1
0.0150894,1,0
0.01508958,1,1
0.0150929,1,0
0.01509308,1,1
0.0150964,1,0
0.01509658,1,1
0.0150999,1,0
0.01510008,1,1
0.0151034,1,0
0.01510358,1,1
0.0151069,1,0
0.01510708,1,1
0.0151104,1,0
0.01511058,1,1
0.0151139,1,0
0.01511408,1,1
0.0151174,1,0
0.01511774,1,1
0.01512108,1,0
0.01512124,1,1
0.01512458,1,0
0.01512474,1,1
0.01512808,1,0
0.01512824,1,1
0.01513158,1,0
0.01513174,1,1
0.01513508,1,0
0.01513524,1,1
0.01513858,1,0
0.01513874,1,1
0.01514208,1,0
0.01514224,1,1
0.01514558,1,0
0.01514574,1,1
0.01514908,1,0
0.01514924,1,1
0.01515256,1,0
0.01515274,1,1
0.01515606,1,0
0.01515624,1,1
0.01515956,1,0
0.01515974,1,1
0.01516306,1,0
0.01516324,1,1
0.01516656,1,0
0.0151669,1,1
0.01517024,1,0
0.0151704,1,1
0.01517374,1,0
0.0151739,1,1
0.01517724,1,0
0.0151774,1,1
0.01518074,1,0
0.0151809,1,1
0.01518424,1,0
0.0151844,1,1
0.01518774,1,0
0.0151879,1,1
0.01519124,1,0
0.0151914,1,1
0.01519474,1,0
0.0151949,1,1
0.01519824,1,0
0.0151984,1,1
0.01520174,1,0
0.0152019,1,1
0.01520524,1,0
0.0152054,1,1
0.01520874,1,0
0.0152089,1,1
0.01521224,1,0
0.0152124,1,1
0.01521572,1,0
0.01521606,1,1
0.0152194,1,0
0.01521956,1,1
0.0152229,1,0
0.01522306,1,1
0.0152264,1,0
0.01522656,1,1
0.0152299,1,0
0.01523006,1,1
0.0152334,1,0
0.01523356,1,1
0.0152369,1,0
0.01523706,1,1
0.0152404,1,0
0.01524056,1,1
0.0152439,1,0
0.01524406,1,1
0.0152474,1,0
0.01524756,1,1
0.0152509,1,0
0.01525106,1,1
0.0152544,1,0
0.01525456,1,1
0.0152579,1,0
0.01525806,1,1
0.0152614,1,0
0.01526156,1,1
0.0152649,1,0
0.01526506,1,1
0.0152684,1,0
0.01526872,1,1
0.01527206,1,0
0.01527222,1,1
0.01527556,1,0
0.01527572,1,1
0.01527906,1,0
0.01527922,1,1
0.01528256,1,0
0.01528272,1,1
0.01528606,1,0
0.01528622,1,1
0.01528956,1,0
0.01528972,1,1
0.01529306,1,0
0.01529322,1,1
0.01529656,1,0
0.01529672,1,1
0.01530006,1,0
0.01530022,1,1
0.01530356,1,0
0.01530372,1,1
0.01530706,1,0
0.01530722,1,1
0.01531056,1,0
0.01531072,1,1
0.01531406,1,0
0.01531422,1,1
0.01531756,1,0
0.01531788,1,1
0.01532122,1,0
0.01532138,1,1
0.01532472,1,0
0.01532488,1,1
0.01532822,1,0
0.01532838,1,1
0.01533172,1,0
0.01533188,1,1
0.01533522,1,0
0.01533538,1,1
0.01533872,1,0
0.01533888,1,1
0.01534222,1,0
0.01534238,1,1
0.01534572,1,0
0.01534588,1,1
0.01534922,1,0
0.01534938,1,1
0.01535272,1,0
0.01535288,1,1
0.01535622,1,0
0.01535638,1,1
0.01535972,1,0
0.01535988,1,1
0.01536322,1,0
0.01536338,1,1
0.01536672,1,0
0.01536688,1,1
0.01537022,1,0
0.01537054,1,1
0.01537388,1,0
0.01537404,1,1
0.01537738,1,0
0.01537754,1,1
0.01538088,1,0
0.01538104,1,1
0.01538438,1,0
0.01538454,1,1
0.01538788,1,0
0.01538804,1,1
0.01539138,1,0
0.01539154,1,1
0.01539488,1,0
0.01539504,1,1
0.01539838,1,0
0.01539854,1,1
0.01540188,1,0
0.01540204,1,1
0.01540538,1,0
0.01540554,1,1
0.01540888,1,0
0.01540904,1,1
0.01541238,1,0
0.01541254,1,1
0.01541588,1,0
0.01541604,1,1
0.01541938,1,0
0.01541972,1,1
0.01542304,1,0
0.01542322,1,1
0.01542654,1,0
0.01542672,1,1
0.01543004,1,0
0.0154302,1,1
0.01543354,1,0
0.0154337,1,1
0.01543704,1,0
0.0154372,1,1
0.01544054,1,0
0.0154407,1,1
0.01544404,1,0
0.0154442,1,1
0.01544754,1,0
0.0154477,1,1
0.01545104,1,0
0.0154512,1,1
0.01545454,1,0
0.0154547,1,1
0.01545804,1,0
0.0154582,1,1
0.01546154,1,0
0.0154617,1,1
0.01546504,1,0
0.0154652,1,1
0.01546854,1,0
0.0154687,1,1
0.01547204,1,0
0.01547238,1,1
0.0154757,1,0
0.01547588,1,1
0.0154792,1,0
0.01547938,1,1
0.0154827,1,0
0.01548288,1,1
0.0154862,1,0
0.01548638,1,1
0.0154897,1,0
0.01548988,1,1
0.0154932,1,0
0.01549336,1,1
0.0154967,1,0
0.01549686,1,1
0.0155002,1,0
0.01550036,1,1
0.0155037,1,0
0.01550386,1,1
0.0155072,1,0
0.01550736,1,1
0.0155107,1,0
0.01551086,1,1
0.0155142,1,0
0.01551436,1,1
0.0155177,1,0
0.01551786,1,1
0.0155212,1,0
0.01552154,1,1
0.01552486,1,0
0.01552504,1,1
0.01552836,1,0
0.01552854,1,1
0.01553186,1,0
0.01553204,1,1
0.01553536,1,0
0.01553554,1,1
0.01553886,1,0
0.01553904,1,1
0.01554236,1,0
0.01554254,1,1
0.01554586,1,0
0.01554604,1,1
0.01554936,1,0
0.01554954,1,1
0.01555286,1,0
0.01555304,1,1
0.01555636,1,0
0.01555652,1,1
0.01555986,1,0
0.01556002,1,1
0.01556336,1,0
0.01556352,1,1
0.01556686,1,0
0.01556702,1,1
0.01557036,1,0
0.0155707,1,1
0.01557402,1,0
0.0155742,1,1
0.01557752,1,0
0.0155777,1,1
0.01558102,1,0
0.0155812,1,1
0.01558452,1,0
0.0155847,1,1
0.01558802,1,0
0.0155882,1,1
0.01559152,1,0
0.0155917,1,1
0.01559502,1,0
0.0155952,1,1
0.01559852,1,0
0.0155987,1,1
0.01560202,1,0
0.0156022,1,1
0.01560552,1,0
0.0156057,1,1
0.01560902,1,0
0.0156092,1,1
0.01561252,1,0
0.0156127,1,1
0.01561602,1,0
0.0156162,1,1
0.01561952,1,0
0.0156197,1,1
0.01562302,1,0
0.01562336,1,1
0.01562668,1,0
0.01562686,1,1
0.01563018,1,0
0.01563036,1,1
0.01563368,1,0
0.01563386,1,1
0.01563718,1,0
0.01563736,1,1
0.01564068,1,0
0.01564086,1,1
0.01564418,1,0
0.01564436,1,1
0.01564768,1,0
0.01564786,1,1
0.01565118,1,0
0.01565136,1,1
0.01565468,1,0
0.01565486,1,1
0.01565818,1,0
0.01565836,1,1
0.01566168,1,0
0.01566186,1,1
0.01566518,1,0
0.01566536,1,1
0.01566868,1,0
0.01566886,1,1
0.01567218,1,0
0.01567252,1,1
0.01567584,1,0
0.01567602,1,1
0.01567934,1,0
0.01567952,1,1
0.01568284,1,0
0.01568302,1,1
0.01568634,1,0
0.01568652,1,1
0.01568984,1,0
0.01569002,1,1
0.01569334,1,0
0.01569352,1,1
0.01569684,1,0
0.01569702,1,1
0.01570034,1,0
0.01570052,1,1
0.01570384,1,0
0.01570402,1,1
0.01570734,1,0
0.01570752,1,1
0.01571084,1,0
0.01571102,1,1
0.01571434,1,0
0.01571452,1,1
0.01571784,1,0
0.01571802,1,1
0.01572134,1,0
0.01572168,1,1
0.01572502,1,0
0.01572518,1,1
0.01572852,1,0
0.01572868,1,1
0.015732,1,0
0.01573218,1,1
0.0157355,1,0
0.01573568,1,1
0.015739,1,0
0.01573918,1,1
0.0157425,1,0
0.01574268,1,1
0.015746,1,0
0.01574618,1,1
0.0157495,1,0
0.01574968,1,1
0.015753,1,0
0.01575318,1,1
0.0157565,1,0
0.01575668,1,1
0.01576,1,0
0.01576018,1,1
0.0157635,1,0
0.01576368,1,1
0.015767,1,0
0.01576718,1,1
0.0157705,1,0
0.01577068,1,1
0.015774,1,0
0.01577434,1,1
0.01577768,1,0
0.01577784,1,1
0.01578118,1,0
0.01578134,1,1
0.01578468,1,0
0.01578484,1,1
0.01578818,1,0
0.01578834,1,1
0.01579168,1,0
0.01579184,1,1
0.01579516,1,0
0.01579534,1,1
0.01579866,1,0
0.01579884,1,1
0.01580216,1,0
0.01580234,1,1
0.01580566,1,0
0.01580584,1,1
0.01580916,1,0
0.01580934,1,1
0.01581266,1,0
0.01581284,1,1
0.01581616,1,0
0.01581634,1,1
0.01581966,1,0
0.01581984,1,1
0.01582316,1,0
0.0158235,1,1
0.01582684,1,0
0.015827,1,1
0.01583034,1,0
0.0158305,1,1
0.01583384,1,0
0.015834,1,1
0.01583734,1,0
0.0158375,1,1
0.01584084,1,0
0.015841,1,1
0.01584434,1,0
0.0158445,1,1
0.01584784,1,0
0.015848,1,1
0.01585134,1,0
0.0158515,1,1
0.01585484,1,0
0.015855,1,1
0.01585832,1,0
0.0158585,1,1
0.01586182,1,0
0.015862,1,1
0.01586532,1,0
0.0158655,1,1
0.01586882,1,0
0.015869,1,1
0.01587232,1,0
0.0158725,1,1
0.01587582,1,0
0.01587616,1,1
0.0158795,1,0
0.01587966,1,1
0.015883,1,0
0.01588316,1,1
0.0158865,1,0
0.01588666,1,1
0.01589,1,0
0.01589016,1,1
0.0158935,1,0
0.01589366,1,1
0.015897,1,0
0.01589716,1,1
0.0159005,1,0
0.01590066,1,1
0.015904,1,0
0.01590416,1,1
0.0159075,1,0
0.01590766,1,1
0.015911,1,0
0.01591116,1,1
0.0159145,1,0
0.01591466,1,1
0.015918,1,0
0.01591816,1,1
0.01592148,1,0
0.01592166,1,1
0.01592498,1,0
0.01592532,1,1
0.01592866,1,0
0.01592882,1,1
0.01593216,1,0
0.01593232,1,1
0.01593566,1,0
0.01593582,1,1
0.01593916,1,0
0.01593932,1,1
0.01594266,1,0
0.01594282,1,1
0.01594616,1,0
0.01594632,1,1
0.01594966,1,0
0.01594982,1,1
0.01595316,1,0
0.01595332,1,1
0.01595666,1,0
0.01595682,1,1
0.01596016,1,0
0.01596032,1,1
0.01596366,1,0
0.01596382,1,1
0.01596716,1,0
0.01596732,1,1
0.01597066,1,0
0.01597082,1,1
0.01597416,1,0
0.01597448,1,1
0.01597782,1,0
0.01597798,1,1
0.01598132,1,0
0.01598148,1,1
0.01598482,1,0
0.01598498,1,1
0.01598832,1,0
0.01598848,1,1
0.01599182,1,0
0.01599198,1,1
0.01599532,1,0
0.01599548,1,1
0.01599882,1,0
0.01599898,1,1
0.01600232,1,0
0.01600248,1,1
0.01600582,1,0
0.01600598,1,1
0.01600932,1,0
0.01600948,1,1
0.01601282,1,0
0.01601298,1,1
0.01601632,1,0
0.01601648,1,1
0.01601982,1,0
0.01601998,1,1
0.01602332,1,0
0.01602348,1,1
0.01602682,1,0
0.01602714,1,1
0.01603048,1,0
0.01603064,1,1
0.01603398,1,0
0.01603414,1,1
0.01603748,1,0
0.01603764,1,1
0.01604098,1,0
0.01604114,1,1
0.01604448,1,0
0.01604464,1,1
0.01604798,1,0
0.01604814,1,1
0.01605148,1,0
0.01605164,1,1
0.01605498,1,0
0.01605514,1,1
0.01605848,1,0
0.01605864,1,1
0.01606198,1,0
0.01606214,1,1
0.01606548,1,0
0.01606564,1,1
0.01606898,1,0
0.01606914,1,1
0.01607248,1,0
0.01607264,1,1
0.01607598,1,0
0.01607632,1,1
0.01607964,1,0
0.0160798,1,1
0.01608314,1,0
0.0160833,1,1
0.01608664,1,0
0.0160868,1,1
0.01609014,1,0
0.0160903,1,1
0.01609364,1,0
0.0160938,1,1
0.01609714,1,0
0.0160973,1,1
0.01610064,1,0
0.0161008,1,1
0.01610414,1,0
0.0161043,1,1
0.01610764,1,0
0.0161078,1,1
0.01611114,1,0
0.0161113,1,1
0.01611464,1,0
0.0161148,1,1
0.01611814,1,0
0.0161183,1,1
0.01612164,1,0
0.0161218,1,1
0.01612514,1,0
0.01612548,1,1
0.0161288,1,0
0.01612898,1,1
0.0161323,1,0
0.01613248,1,1
0.0161358,1,0
0.01613598,1,1
0.0161393,1,0
0.01613948,1,1
0.0161428,1,0
0.01614296,1,1
0.0161463,1,0
0.01614646,1,1
0.0161498,1,0
0.01614996,1,1
0.0161533,1,0
0.01615346,1,1
0.0161568,1,0
0.01615696,1,1
0.0161603,1,0
0.01616046,1,1
0.0161638,1,0
0.01616396,1,1
0.0161673,1,0
0.01616746,1,1
0.0161708,1,0
0.01617096,1,1
0.0161743,1,0
0.01617446,1,1
0.0161778,1,0
0.01617814,1,1
0.01618146,1,0
0.01618164,1,1
0.01618496,1,0
0.01618514,1,1
0.01618846,1,0
0.01618864,1,1
0.01619196,1,0
0.01619214,1,1
0.01619546,1,0
0.01619564,1,1
0.01619896,1,0
0.01619914,1,1
0.01620246,1,0
0.01620264,1,1
0.01620596,1,0
0.01620614,1,1
0.01620946,1,0
0.01620962,1,1
0.01621296,1,0
0.01621312,1,1
0.01621646,1,0
0.01621662,1,1
0.01621996,1,0
0.01622012,1,1
0.01622346,1,0
0.01622362,1,1
0.01622696,1,0
0.0162273,1,1
0.01623062,1,0
0.0162308,1,1
0.01623412,1,0
0.0162343,1,1
0.01623762,1,0
0.0162378,1,1
0.01624112,1,0
0.0162413,1,1
0.01624462,1,0
0.0162448,1,1
0.01624812,1,0
0.0162483,1,1
0.01625162,1,0
0.0162518,1,1
0.01625512,1,0
0.0162553,1,1
0.01625862,1,0
0.0162588,1,1
0.01626212,1,0
0.0162623,1,1
0.01626562,1,0
0.0162658,1,1
0.01626912,1,0
0.0162693,1,1
0.01627262,1,0
0.0162728,1,1
0.01627612,1,0
0.01627646,1,1
0.01627978,1,0
0.01627996,1,1
0.01628328,1,0
0.01628346,1,1
0.01628678,1,0
0.01628696,1,1
0.01629028,1,0
0.01629046,1,1
0.01629378,1,0
0.01629396,1,1
0.01629728,1,0
0.01629746,1,1
0.01630078,1,0
0.01630096,1,1
0.01630428,1,0
0.01630446,1,1
0.01630778,1,0
0.01630796,1,1
0.01631128,1,0
0.01631146,1,1
0.01631478,1,0
0.01631496,1,1
0.01631828,1,0
0.01631846,1,1
0.01632178,1,0
0.01632196,1,1
0.01632528,1,0
0.01632546,1,1
0.01632878,1,0
0.01632912,1,1
0.01633244,1,0
0.01633262,1,1
0.01633594,1,0
0.01633612,1,1
0.01633944,1,0
0.01633962,1,1
0.01634294,1,0
0.01634312,1,1
0.01634644,1,0
0.01634662,1,1
0.01634994,1,0
0.01635012,1,1
0.01635344,1,0
0.01635362,1,1
0.01635694,1,0
0.01635712,1,1
0.01636044,1,0
0.01636062,1,1
0.01636394,1,0
0.01636412,1,1
0.01636744,1,0
0.01636762,1,1
0.01637094,1,0
0.01637112,1,1
0.01637444,1,0
0.01637462,1,1
0.01637794,1,0
0.01637828,1,1
0.01638162,1,0
0.01638178,1,1
0.01638512,1,0
0.01638528,1,1
0.0163886,1,0
0.01638878,1,1
0.0163921,1,0
0.01639228,1,1
0.0163956,1,0
0.01639578,1,1
0.0163991,1,0
0.01639928,1,1
0.0164026,1,0
0.01640278,1,1
0.0164061,1,0
0.01640628,1,1
0.0164096,1,0
0.01640978,1,1
0.0164131,1,0
0.01641328,1,1
0.0164166,1,0
0.01641678,1,1
0.0164201,1,0
0.01642028,1,1
0.0164236,1,0
0.01642378,1,1
0.0164271,1,0
0.01642744,1,1
0.01643078,1,0
0.01643094,1,1
0.01643428,1,0
0.01643444,1,1
0.01643778,1,0
0.01643794,1,1
0.01644128,1,0
0.01644144,1,1
0.01644478,1,0
0.01644494,1,1
0.01644828,1,0
0.01644844,1,1
0.01645178,1,0
0.01645194,1,1
0.01645526,1,0
0.01645544,1,1
0.01645876,1,0
0.01645894,1,1
0.01646226,1,0
0.01646244,1,1
0.01646576,1,0
0.01646594,1,1
0.01646926,1,0
0.01646944,1,1
0.01647276,1,0
0.01647294,1,1
0.01647626,1,0
0.01647644,1,1
0.01647976,1,0
0.0164801,1,1
0.01648344,1,0
0.0164836,1,1
0.01648694,1,0
0.0164871,1,1
0.01649044,1,0
0.0164906,1,1
0.01649394,1,0
0.0164941,1,1
0.01649744,1,0
0.0164976,1,1
0.01650094,1,0
0.0165011,1,1
0.01650444,1,0
0.0165046,1,1
0.01650794,1,0
0.0165081,1,1
0.01651144,1,0
0.0165116,1,1
0.01651494,1,0
0.0165151,1,1
0.01651844,1,0
0.0165186,1,1
0.01652192,1,0
0.0165221,1,1
0.01652542,1,0
0.0165256,1,1
0.01652892,1,0
0.01652926,1,1
0.0165326,1,0
0.01653276,1,1
0.0165361,1,0
0.01653626,1,1
0.0165396,1,0
0.01653976,1,1
0.0165431,1,0
0.01654326,1,1
0.0165466,1,0
0.01654676,1,1
0.0165501,1,0
0.01655026,1,1
0.0165536,1,0
0.01655376,1,1
0.0165571,1,0
0.01655726,1,1
0.0165606,1,0
0.01656076,1,1
0.0165641,1,0
0.01656426,1,1
0.0165676,1,0
0.01656776,1,1
0.0165711,1,0
0.01657126,1,1
0.0165746,1,0
0.01657476,1,1
0.0165781,1,0
0.01657842,1,1
0.01658176,1,0
0.01658192,1,1
0.01658526,1,0
0.01658542,1,1
0.01658876,1,0
0.01658892,1,1
0.01659226,1,0
0.01659242,1,1
0.01659576,1,0
0.01659592,1,1
0.01659926,1,0
0.01659942,1,1
0.01660276,1,0
0.01660292,1,1
0.01660626,1,0
0.01660642,1,1
0.01660976,1,0
0.01660992,1,1
0.01661326,1,0
0.01661342,1,1
0.01661676,1,0
0.01661692,1,1
0.01662026,1,0
0.01662042,1,1
0.01662376,1,0
0.01662392,1,1
0.01662726,1,0
0.01662742,1,1
0.01663076,1,0
0.01663108,1,1
0.01663442,1,0
0.01663458,1,1
0.01663792,1,0
0.01663808,1,1
0.01664142,1,0
0.01664158,1,1
0.01664492,1,0
0.01664508,1,1
0.01664842,1,0
0.01664858,1,1
0.01665192,1,0
0.01665208,1,1
0.01665542,1,0
0.01665558,1,1
0.01665892,1,0
0.01665908,1,1
0.01666242,1,0
0.01666258,1,1
0.01666592,1,0
0.01666608,1,1
0.01666942,1,0
0.01666958,1,1
0.01667292,1,0
0.01667308,1,1
0.01667642,1,0
0.01667658,1,1
0.01667992,1,0
0.01668024,1,1
0.01668358,1,0
0.01668374,1,1
0.01668708,1,0
0.01668724,1,1
0.01669058,1,0
0.01669074,1,1
0.01669408,1,0
0.01669424,1,1
0.01669758,1,0
0.01669774,1,1
0.01670108,1,0
0.01670124,1,1
0.01670458,1,0
0.01670474,1,1
0.01670808,1,0
0.01670824,1,1
0.01671158,1,0
0.01671174,1,1
0.01671508,1,0
0.01671524,1,1
0.01671858,1,0
0.01671874,1,1
0.01672208,1,0
0.01672224,1,1
0.01672558,1,0
0.01672574,1,1
0.01672908,1,0
0.01672942,1,1
0.01673274,1,0
0.01673292,1,1
0.01673624,1,0
0.01673642,1,1
0.01673974,1,0
0.01673992,1,1
0.01674324,1,0
0.0167434,1,1
0.01674674,1,0
0.0167469,1,1
0.01675024,1,0
0.0167504,1,1
0.01675374,1,0
0.0167539,1,1
0.01675724,1,0
0.0167574,1,1
0.01676074,1,0
0.0167609,1,1
0.01676424,1,0
0.0167644,1,1
0.01676774,1,0
0.0167679,1,1
0.01677124,1,0
0.0167714,1,1
0.01677474,1,0
0.0167749,1,1
0.01677824,1,0
0.0167784,1,1
0.01678174,1,0
0.01678208,1,1
0.0167854,1,0
0.01678558,1,1
0.0167889,1,0
0.01678908,1,1
0.0167924,1,0
0.01679258,1,1
0.0167959,1,0
0.01679608,1,1
0.0167994,1,0
0.01679958,1,1
0.0168029,1,0
0.01680308,1,1
0.0168064,1,0
0.01680658,1,1
0.0168099,1,0
0.01681006,1,1
0.0168134,1,0
0.01681356,1,1
0.0168169,1,0
0.01681706,1,1
0.0168204,1,0
0.01682056,1,1
0.0168239,1,0
0.01682406,1,1
0.0168274,1,0
0.01682756,1,1
0.0168309,1,0
0.01683124,1,1
0.01683456,1,0
0.01683474,1,1
0.01683806,1,0
0.01683824,1,1
0.01684156,1,0
0.01684174,1,1
0.01684506,1,0
0.01684524,1,1
0.01684856,1,0
0.01684874,1,1
0.01685206,1,0
0.01685224,1,1
0.01685556,1,0
0.01685574,1,1
0.01685906,1,0
0.01685924,1,1
0.01686256,1,0
0.01686274,1,1
0.01686606,1,0
0.01686624,1,1
0.01686956,1,0
0.01686974,1,1
0.01687306,1,0
0.01687322,1,1
0.01687656,1,0
0.01687672,1,1
0.01688006,1,0
0.0168804,1,1
0.01688372,1,0
0.0168839,1,1
0.01688722,1,0
0.0168874,1,1
0.01689072,1,0
0.0168909,1,1
0.01689422,1,0
0.0168944,1,1
0.01689772,1,0
0.0168979,1,1
0.01690122,1,0
0.0169014,1,1
0.01690472,1,0
0.0169049,1,1
0.01690822,1,0
0.0169084,1,1
0.01691172,1,0
0.0169119,1,1
0.01691522,1,0
0.0169154,1,1
0.01691872,1,0
0.0169189,1,1
0.01692222,1,0
0.0169224,1,1
0.01692572,1,0
0.0169259,1,1
0.01692922,1,0
0.01692956,1,1
0.01693288,1,0
0.01693306,1,1
0.01693638,1,0
0.01693656,1,1
0.01693988,1,0
0.01694006,1,1
0.01694338,1,0
0.01694356,1,1
0.01694688,1,0
0.01694706,1,1
0.01695038,1,0
0.01695056,1,1
0.01695388,1,0
0.01695406,1,1
0.01695738,1,0
0.01695756,1,1
0.01696088,1,0
0.01696106,1,1
0.01696438,1,0
0.01696456,1,1
0.01696788,1,0
0.01696806,1,1
0.01697138,1,0
0.01697156,1,1
0.01697488,1,0
0.01697506,1,1
0.01697838,1,0
0.01697856,1,1
0.01698188,1,0
0.01698222,1,1
0.01698554,1,0
0.01698572,1,1
0.01698904,1,0
0.01698922,1,1
0.01699254,1,0
0.01699272,1,1
0.01699604,1,0
0.01699622,1,1
0.01699954,1,0
0.01699972,1,1
0.01700304,1,0
0.01700322,1,1
0.01700654,1,0
0.01700672,1,1
0.01701004,1,0
0.01701022,1,1
0.01701354,1,0
0.01701372,1,1
0.01701704,1,0
0.01701722,1,1
0.01702054,1,0
0.01702072,1,1
0.01702404,1,0
0.01702422,1,1
0.01702754,1,0
0.01702772,1,1
0.01703104,1,0
0.01703138,1,1
0.01703472,1,0
0.01703488,1,1
0.01703822,1,0
0.01703838,1,1
0.01704172,1,0
0.01704188,1,1
0.01704522,1,0
0.01704538,1,1
0.01704872,1,0
0.01704888,1,1
0.0170522,1,0
0.01705238,1,1
0.0170557,1,0
0.01705588,1,1
0.0170592,1,0
0.01705938,1,1
0.0170627,1,0
0.01706288,1,1
0.0170662,1,0
0.01706638,1,1
0.0170697,1,0
0.01706988,1,1
0.0170732,1,0
0.01707338,1,1
0.0170767,1,0
0.01707688,1,1
0.0170802,1,0
0.01708054,1,1
0.01708388,1,0
0.01708404,1,1
0.01708738,1,0
0.01708754,1,1
0.01709088,1,0
0.01709104,1,1
0.01709438,1,0
0.01709454,1,1
0.01709788,1,0
0.01709804,1,1
0.01710138,1,0
0.01710154,1,1
0.01710488,1,0
0.01710504,1,1
0.01710838,1,0
0.01710854,1,1
0.01711188,1,0
0.01711204,1,1
0.01711538,1,0
0.01711554,1,1
0.01711886,1,0
0.01711904,1,1
0.01712236,1,0
0.01712254,1,1
0.01712586,1,0
0.01712604,1,1
0.01712936,1,0
0.01712954,1,1
0.01713286,1,0
0.0171332,1,1
0.01713654,1,0
0.0171367,1,1
0.01714004,1,0
0.0171402,1,1
0.01714354,1,0
0.0171437,1,1
0.01714704,1,0
0.0171472,1,1
0.01715054,1,0
0.0171507,1,1
0.01715404,1,0
0.0171542,1,1
0.01715754,1,0
0.0171577,1,1
0.01716104,1,0
0.0171612,1,1
0.01716454,1,0
0.0171647,1,1
0.01716804,1,0
0.0171682,1,1
0.01717154,1,0
0.0171717,1,1
0.01717504,1,0
0.0171752,1,1
0.01717854,1,0
0.0171787,1,1
0.01718202,1,0
0.01718236,1,1
0.0171857,1,0
0.01718586,1,1
0.0171892,1,0
0.01718936,1,1
0.0171927,1,0
0.01719286,1,1
0.0171962,1,0
0.01719636,1,1
0.0171997,1,0
0.01719986,1,1
0.0172032,1,0
0.01720336,1,1
0.0172067,1,0
0.01720686,1,1
0.0172102,1,0
0.01721036,1,1
0.0172137,1,0
0.01721386,1,1
0.0172172,1,0
0.01721736,1,1
0.0172207,1,0
0.01722086,1,1
0.0172242,1,0
0.01722436,1,1
0.0172277,1,0
0.01722786,1,1
0.0172312,1,0
0.01723152,1,1
0.01723486,1,0
0.01723502,1,1
0.01723836,1,0
0.01723852,1,1
0.01724186,1,0
0.01724202,1,1
0.01724536,1,0
0.01724552,1,1
0.01724886,1,0
0.01724902,1,1
0.01725236,1,0
0.01725252,1,1
0.01725586,1,0
0.01725602,1,1
0.01725936,1,0
0.01725952,1,1
0.01726286,1,0
0.01726302,1,1
0.01726636,1,0
0.01726652,1,1
0.01726986,1,0
0.01727002,1,1
0.01727336,1,0
0.01727352,1,1
0.01727686,1,0
0.01727702,1,1
0.01728036,1,0
0.01728052,1,1
0.01728386,1,0
0.01728418,1,1
0.01728752,1,0
0.01728768,1,1
0.01729102,1,0
0.01729118,1,1
0.01729452,1,0
0.01729468,1,1
0.01729802,1,0
0.01729818,1,1
0.01730152,1,0
0.01730168,1,1
0.01730502,1,0
0.01730518,1,1
0.01730852,1,0
0.01730868,1,1
0.01731202,1,0
0.01731218,1,1
0.01731552,1,0
0.01731568,1,1
0.01731902,1,0
0.01731918,1,1
0.01732252,1,0
0.01732268,1,1
0.01732602,1,0
0.01732618,1,1
0.01732952,1,0
0.01732968,1,1
0.01733302,1,0
0.01733336,1,1
0.01733668,1,0
0.01733686,1,1
0.01734018,1,0
0.01734034,1,1
0.01734368,1,0
0.01734384,1,1
0.01734718,1,0
0.01734734,1,1
0.01735068,1,0
0.01735084,1,1
0.01735418,1,0
0.01735434,1,1
0.01735768,1,0
0.01735784,1,1
0.01736118,1,0
0.01736134,1,1
0.01736468,1,0
0.01736484,1,1
0.01736818,1,0
0.01736834,1,1
0.01737168,1,0
0.01737184,1,1
0.01737518,1,0
0.01737534,1,1
0.01737868,1,0
0.01737884,1,1
0.01738218,1,0
0.01738252,1,1
0.01738584,1,0
0.01738602,1,1
0.01738934,1,0
0.01738952,1,1
0.01739284,1,0
0.01739302,1,1
0.01739634,1,0
0.01739652,1,1
0.01739984,1,0
0.01740002,1,1
0.01740334,1,0
0.01740352,1,1
0.01740684,1,0
0.017407,1,1
0.01741034,1,0
0.0174105,1,1
0.01741384,1,0
0.017414,1,1
0.01741734,1,0
0.0174175,1,1
0.01742084,1,0
0.017421,1,1
0.01742434,1,0
0.0174245,1,1
0.01742784,1,0
0.017428,1,1
0.01743134,1,0
0.0174315,1,1
0.01743484,1,0
0.01743518,1,1
0.0174385,1,0
0.01743868,1,1
0.017442,1,0
0.01744218,1,1
0.0174455,1,0
0.01744568,1,1
0.017449,1,0
0.01744918,1,1
0.0174525,1,0
0.01745268,1,1
0.017456,1,0
0.01745618,1,1
0.0174595,1,0
0.01745968,1,1
0.017463,1,0
0.01746318,1,1
0.0174665,1,0
0.01746668,1,1
0.01747,1,0
0.01747018,1,1
0.0174735,1,0
0.01747366,1,1
0.017477,1,0
0.01747716,1,1
0.0174805,1,0
0.01748066,1,1
0.017484,1,0
0.01748434,1,1
0.01748766,1,0
0.01748784,1,1
0.01749116,1,0
0.01749134,1,1
0.01749466,1,0
0.01749484,1,1
0.01749816,1,0
0.01749834,1,1
0.01750166,1,0
0.01750184,1,1
0.01750516,1,0
0.01750534,1,1
0.01750866,1,0
0.01750884,1,1
0.01751216,1,0
0.01751234,1,1
0.01751566,1,0
0.01751584,1,1
0.01751916,1,0
0.01751934,1,1
0.01752266,1,0
0.01752284,1,1
0.01752616,1,0
0.01752634,1,1
0.01752966,1,0
0.01752984,1,1
0.01753316,1,0
0.0175335,1,1
0.01753682,1,0
0.017537,1,1
0.01754032,1,0
0.0175405,1,1
0.01754382,1,0
0.017544,1,1
0.01754732,1,0
0.0175475,1,1
0.01755082,1,0
0.017551,1,1
0.01755432,1,0
0.0175545,1,1
0.01755782,1,0
0.017558,1,1
0.01756132,1,0
0.0175615,1,1
0.01756482,1,0
0.017565,1,1
0.01756832,1,0
0.0175685,1,1
0.01757182,1,0
0.017572,1,1
0.01757532,1,0
0.0175755,1,1
0.01757882,1,0
0.017579,1,1
0.01758232,1,0
0.0175825,1,1
0.01758582,1,0
0.01758616,1,1
0.01758948,1,0
0.01758966,1,1
0.01759298,1,0
0.01759316,1,1
0.01759648,1,0
0.01759666,1,1
0.01759998,1,0
0.01760016,1,1
0.01760348,1,0
0.01760366,1,1
0.01760698,1,0
0.01760716,1,1
0.01761048,1,0
0.01761066,1,1
0.01761398,1,0
0.01761416,1,1
0.01761748,1,0
0.01761766,1,1
0.01762098,1,0
0.01762116,1,1
0.01762448,1,0
0.01762466,1,1
0.01762798,1,0
0.01762816,1,1
0.01763148,1,0
0.01763166,1,1
0.01763498,1,0
0.01763532,1,1
0.01763866,1,0
0.01763882,1,1
0.01764216,1,0
0.01764232,1,1
0.01764566,1,0
0.01764582,1,1
0.01764914,1,0
0.01764932,1,1
0.01765264,1,0
0.01765282,1,1
0.01765614,1,0
0.01765632,1,1
0.01765964,1,0
0.01765982,1,1
0.01766314,1,0
0.01766332,1,1
0.01766664,1,0
0.01766682,1,1
0.01767014,1,0
0.01767032,1,1
0.01767364,1,0
0.01767382,1,1
0.01767714,1,0
0.01767732,1,1
0.01768064,1,0
0.01768082,1,1
0.01768414,1,0
0.01768448,1,1
0.01768782,1,0
0.01768798,1,1
0.01769132,1,0
0.01769148,1,1
0.01769482,1,0
0.01769498,1,1
0.01769832,1,0
0.01769848,1,1
0.01770182,1,0
0.01770198,1,1
0.01770532,1,0
0.01770548,1,1
0.01770882,1,0
0.01770898,1,1
0.01771232,1,0
0.01771248,1,1
0.0177158,1,0
0.01771598,1,1
0.0177193,1,0
0.01771948,1,1
0.0177228,1,0
0.01772298,1,1
0.0177263,1,0
0.01772648,1,1
0.0177298,1,0
0.01772998,1,1
0.0177333,1,0
0.01773348,1,1
0.0177368,1,0
0.01773714,1,1
0.01774048,1,0
0.01774064,1,1
0.01774398,1,0
0.01774414,1,1
0.01774748,1,0
0.01774764,1,1
0.01775098,1,0
0.01775114,1,1
0.01775448,1,0
0.01775464,1,1
0.01775798,1,0
0.01775814,1,1
0.01776148,1,0
0.01776164,1,1
0.01776498,1,0
0.01776514,1,1
0.01776848,1,0
0.01776864,1,1
0.01777198,1,0
0.01777214,1,1
0.01777548,1,0
0.01777564,1,1
0.01777896,1,0
0.01777914,1,1
0.01778246,1,0
0.01778264,1,1
0.01778596,1,0
0.0177863,1,1
0.01778964,1,0
0.0177898,1,1
0.01779314,1,0
0.0177933,1,1
0.01779664,1,0
0.0177968,1,1
0.01780014,1,0
0.0178003,1,1
0.01780364,1,0
0.0178038,1,1
0.01780714,1,0
0.0178073,1,1
0.01781064,1,0
0.0178108,1,1
0.01781414,1,0
0.0178143,1,1
0.01781764,1,0
0.0178178,1,1
0.01782114,1,0
0.0178213,1,1
0.01782464,1,0
0.0178248,1,1
0.01782814,1,0
0.0178283,1,1
0.01783164,1,0
0.0178318,1,1
0.01783514,1,0
0.01783546,1,1
0.0178388,1,0
0.01783896,1,1
0.0178423,1,0
0.01784246,1,1
0.0178458,1,0
0.01784596,1,1
0.0178493,1,0
0.01784946,1,1
0.0178528,1,0
0.01785296,1,1
0.0178563,1,0
0.01785646,1,1
0.0178598,1,0
0.01785996,1,1
0.0178633,1,0
0.01786346,1,1
0.0178668,1,0
0.01786696,1,1
0.0178703,1,0
0.01787046,1,1
0.0178738,1,0
0.01787396,1,1
0.0178773,1,0
0.01787746,1,1
0.0178808,1,0
0.01788096,1,1
0.0178843,1,0
0.01788446,1,1
0.0178878,1,0
0.01788812,1,1
0.01789146,1,0
0.01789162,1,1
0.01789496,1,0
0.01789512,1,1
0.01789846,1,0
0.01789862,1,1
0.01790196,1,0
0.01790212,1,1
0.01790546,1,0
0.01790562,1,1
0.01790896,1,0
0.01790912,1,1
0.01791246,1,0
0.01791262,1,1
0.01791596,1,0
0.01791612,1,1
0.01791946,1,0
0.01791962,1,1
0.01792296,1,0
0.01792312,1,1
0.01792646,1,0
0.01792662,1,1
0.01792996,1,0
0.01793012,1,1
0.01793346,1,0
0.01793362,1,1
0.01793696,1,0
0.01793728,1,1
0.01794062,1,0
0.01794078,1,1
0.01794412,1,0
0.01794428,1,1
0.01794762,1,0
0.01794778,1,1
0.01795112,1,0
0.01795128,1,1
0.01795462,1,0
0.01795478,1,1
0.01795812,1,0
0.01795828,1,1
0.01796162,1,0
0.01796178,1,1
0.01796512,1,0
0.01796528,1,1
0.01796862,1,0
0.01796878,1,1
0.01797212,1,0
0.01797228,1,1
0.01797562,1,0
0.01797578,1,1
0.01797912,1,0
0.01797928,1,1
0.01798262,1,0
0.01798278,1,1
0.01798612,1,0
0.01798646,1,1
0.01798936,1,0
0.01798978,1,1
0.01799236,1,0
0.01799278,1,1
0.01800994,1,0
0.01801028,1,1
0.01801244,1,0
0.01801262,1,1
0.01801594,1,0
0.01801612,1,1
0.01801944,1,0
0.01801962,1,1
0.01802294,1,0
0.01802312,1,1
0.01802644,1,0
0.01802662,1,1
0.01802994,1,0
0.01803012,1,1
0.01803344,1,0
0.01803362,1,1
0.01803694,1,0
0.01803712,1,1
0.01804044,1,0
0.01804062,1,1
0.01804394,1,0
0.01804412,1,1
0.01804744,1,0
0.01804762,1,1
0.01805094,1,0
0.01805112,1,1
0.01805444,1,0
0.01805462,1,1
0.01805794,1,0
0.01805812,1,1
0.01806144,1,0
0.01806162,1,1
0.01806494,1,0
0.01806512,1,1
0.01806844,1,0
0.01806862,1,1
0.01807194,1,0
0.0180721,1,1
0.01807544,1,0
0.0180756,1,1
0.01807894,1,0
0.0180791,1,1
0.01808244,1,0
0.0180826,1,1
0.01808594,1,0
0.0180861,1,1
0.01808944,1,0
0.0180896,1,1
0.01809294,1,0
0.0180931,1,1
0.01809644,1,0
0.0180966,1,1
0.01809994,1,0
0.0181001,1,1
0.01810344,1,0
0.0181036,1,1
0.01810694,1,0
0.0181071,1,1
0.01811044,1,0
0.0181106,1,1
0.01811394,1,0
0.0181141,1,1
0.01811744,1,0
0.01811778,1,1
0.0181211,1,0
0.01812128,1,1
0.0181246,1,0
0.01812478,1,1
0.0181281,1,0
0.01812828,1,1
0.0181316,1,0
0.01813178,1,1
0.0181351,1,0
0.01813528,1,1
0.0181386,1,0
0.01813876,1,1
0.0181421,1,0
0.01814226,1,1
0.0181456,1,0
0.01814576,1,1
0.0181491,1,0
0.01814926,1,1
0.0181526,1,0
0.01815276,1,1
0.0181561,1,0
0.01815626,1,1
0.0181596,1,0
0.01815976,1,1
0.0181631,1,0
0.01816326,1,1
0.0181666,1,0
0.01816676,1,1
0.0181701,1,0
0.01817044,1,1
0.01817376,1,0
0.01817394,1,1
0.01817726,1,0
0.01817744,1,1
0.01818076,1,0
0.01818094,1,1
0.01818426,1,0
0.01818444,1,1
0.01818776,1,0
0.01818794,1,1
0.01819126,1,0
0.01819144,1,1
0.01819476,1,0
0.01819494,1,1
0.01819826,1,0
0.01819844,1,1
0.01820176,1,0
0.01820192,1,1
0.01820526,1,0
0.01820542,1,1
0.01820876,1,0
0.01820892,1,1
0.01821226,1,0
0.01821242,1,1
0.01821576,1,0
0.01821592,1,1
0.01821926,1,0
0.0182196,1,1
0.01822292,1,0
0.0182231,1,1
0.01822642,1,0
0.0182266,1,1
0.01822992,1,0
0.0182301,1,1
0.01823342,1,0
0.0182336,1,1
0.01823692,1,0
0.0182371,1,1
0.01824042,1,0
0.0182406,1,1
0.01824392,1,0
0.0182441,1,1
0.01824742,1,0
0.0182476,1,1
0.01825092,1,0
0.0182511,1,1
0.01825442,1,0
0.0182546,1,1
0.01825792,1,0
0.0182581,1,1
0.01826142,1,0
0.0182616,1,1
0.01826492,1,0
0.0182651,1,1
0.01826842,1,0
0.01826876,1,1
0.01827208,1,0
0.01827226,1,1
0.01827558,1,0
0.01827576,1,1
0.01827908,1,0
0.01827926,1,1
0.01828258,1,0
0.01828276,1,1
0.01828608,1,0
0.01828626,1,1
0.01828958,1,0
0.01828976,1,1
0.01829308,1,0
0.01829326,1,1
0.01829658,1,0
0.01829676,1,1
0.01830008,1,0
0.01830026,1,1
0.01830358,1,0
0.01830376,1,1
0.01830708,1,0
0.01830726,1,1
0.01831058,1,0
0.01831076,1,1
0.01831408,1,0
0.01831426,1,1
0.01831758,1,0
0.01831792,1,1
0.01832124,1,0
0.01832142,1,1
0.01832474,1,0
0.01832492,1,1
0.01832824,1,0
0.01832842,1,1
0.01833174,1,0
0.01833192,1,1
0.01833524,1,0
0.01833542,1,1
0.01833874,1,0
0.01833892,1,1
0.01834224,1,0
0.01834242,1,1
0.01834574,1,0
0.01834592,1,1
0.01834924,1,0
0.01834942,1,1
0.01835274,1,0
0.01835292,1,1
0.01835624,1,0
0.01835642,1,1
0.01835974,1,0
0.01835992,1,1
0.01836324,1,0
0.01836342,1,1
0.01836674,1,0
0.01836692,1,1
0.01837024,1,0
0.01837058,1,1
0.01837392,1,0
0.01837408,1,1
0.01837742,1,0
0.01837758,1,1
0.0183809,1,0
0.01838108,1,1
0.0183844,1,0
0.01838458,1,1
0.0183879,1,0
0.01838808,1,1
0.0183914,1,0
0.01839158,1,1
0.0183949,1,0
0.01839508,1,1
0.0183984,1,0
0.01839858,1,1
0.0184019,1,0
0.01840208,1,1
0.0184054,1,0
0.01840558,1,1
0.0184089,1,0
0.01840908,1,1
0.0184124,1,0
0.01841258,1,1
0.0184159,1,0
0.01841608,1,1
0.0184194,1,0
0.01841974,1,1
0.01842308,1,0
0.01842324,1,1
0.01842658,1,0
0.01842674,1,1
0.01843008,1,0
0.01843024,1,1
0.01843358,1,0
0.01843374,1,1
0.01843708,1,0
0.01843724,1,1
0.01844058,1,0
0.01844074,1,1
0.01844406,1,0
0.01844424,1,1
0.01844756,1,0
0.01844774,1,1
0.01845106,1,0
0.01845124,1,1
0.01845456,1,0
0.01845474,1,1
0.01845806,1,0
0.01845824,1,1
0.01846156,1,0
0.01846174,1,1
0.01846506,1,0
0.01846524,1,1
0.01846856,1,0
0.01846874,1,1
0.01847206,1,0
0.0184724,1,1
0.01847574,1,0
0.0184759,1,1
0.01847924,1,0
0.0184794,1,1
0.01848274,1,0
0.0184829,1,1
0.01848624,1,0
0.0184864,1,1
0.01848974,1,0
0.0184899,1,1
0.01849324,1,0
0.0184934,1,1
0.01849674,1,0
0.0184969,1,1
0.01850024,1,0
0.0185004,1,1
0.01850374,1,0
0.0185039,1,1
0.01850724,1,0
0.0185074,1,1
0.01851072,1,0
0.0185109,1,1
0.01851422,1,0
0.0185144,1,1
0.01851772,1,0
0.0185179,1,1
0.01852122,1,0
0.01852156,1,1
0.0185249,1,0
0.01852506,1,1
0.0185284,1,0
0.01852856,1,1
0.0185319,1,0
0.01853206,1,1
0.0185354,1,0
0.01853556,1,1
0.0185389,1,0
0.01853906,1,1
0.0185424,1,0
0.01854256,1,1
0.0185459,1,0
0.01854606,1,1
0.0185494,1,0
0.01854956,1,1
0.0185529,1,0
0.01855306,1,1
0.0185564,1,0
0.01855656,1,1
0.0185599,1,0
0.01856006,1,1
0.0185634,1,0
0.01856356,1,1
0.0185669,1,0
0.01856706,1,1
0.0185704,1,0
0.01857072,1,1
0.01857406,1,0
0.01857422,1,1
0.01857756,1,0
0.01857772,1,1
0.01858106,1,0
0.01858122,1,1
0.01858456,1,0
0.01858472,1,1
0.01858806,1,0
0.01858822,1,1
0.01859156,1,0
0.01859172,1,1
0.01859506,1,0
0.01859522,1,1
0.01859856,1,0
0.01859872,1,1
0.01860206,1,0
0.01860222,1,1
0.01860556,1,0
0.01860572,1,1
0.01860906,1,0
0.01860922,1,1
0.01861256,1,0
0.01861272,1,1
0.01861606,1,0
0.01861622,1,1
0.01861956,1,0
0.01861972,1,1
0.01862306,1,0
0.01862338,1,1
0.01862672,1,0
0.01862688,1,1
0.01863022,1,0
0.01863038,1,1
0.01863372,1,0
0.01863388,1,1
0.01863722,1,0
0.01863738,1,1
0.01864072,1,0
0.01864088,1,1
0.01864422,1,0
0.01864438,1,1
0.01864772,1,0
0.01864788,1,1
0.01865122,1,0
0.01865138,1,1
0.01865472,1,0
0.01865488,1,1
0.01865822,1,0
0.01865838,1,1
0.01866172,1,0
0.01866188,1,1
0.01866522,1,0
0.01866538,1,1
0.01866872,1,0
0.01866888,1,1
0.01867222,1,0
0.01867254,1,1
0.01867588,1,0
0.01867604,1,1
0.01867938,1,0
0.01867954,1,1
0.01868288,1,0
0.01868304,1,1
0.01868638,1,0
0.01868654,1,1
0.01868988,1,0
0.01869004,1,1
0.01869338,1,0
0.01869354,1,1
0.01869688,1,0
0.01869704,1,1
0.01870038,1,0
0.01870054,1,1
0.01870388,1,0
0.01870404,1,1
0.01870738,1,0
0.01870754,1,1
0.01871088,1,0
0.01871104,1,1
0.01871438,1,0
0.01871454,1,1
0.01871788,1,0
0.01871804,1,1
0.01872138,1,0
0.01872172,1,1
0.01872504,1,0
0.01872522,1,1
0.01872854,1,0
0.01872872,1,1
0.01873204,1,0
0.01873222,1,1
0.01873554,1,0
0.0187357,1,1
0.01873904,1,0
0.0187392,1,1
0.01874254,1,0
0.0187427,1,1
0.01874604,1,0
0.0187462,1,1
0.01874954,1,0
0.0187497,1,1
0.01875304,1,0
0.0187532,1,1
0.01875654,1,0
0.0187567,1,1
0.01876004,1,0
0.0187602,1,1
0.01876354,1,0
0.0187637,1,1
0.01876704,1,0
0.0187672,1,1
0.01877054,1,0
0.0187707,1,1
0.01877404,1,0
0.01877438,1,1
0.0187777,1,0
0.01877788,1,1
0.0187812,1,0
0.01878138,1,1
0.0187847,1,0
0.01878488,1,1
0.0187882,1,0
0.01878838,1,1
0.0187917,1,0
0.01879188,1,1
0.0187952,1,0
0.01879538,1,1
0.0187987,1,0
0.01879886,1,1
0.0188022,1,0
0.01880236,1,1
0.0188057,1,0
0.01880586,1,1
0.0188092,1,0
0.01880936,1,1
0.0188127,1,0
0.01881286,1,1
0.0188162,1,0
0.01881636,1,1
0.0188197,1,0
0.01881986,1,1
0.0188232,1,0
0.01882354,1,1
0.01882686,1,0
0.01882704,1,1
0.01883036,1,0
0.01883054,1,1
0.01883386,1,0
0.01883404,1,1
0.01883736,1,0
0.01883754,1,1
0.01884086,1,0
0.01884104,1,1
0.01884436,1,0
0.01884454,1,1
0.01884786,1,0
0.01884804,1,1
0.01885136,1,0
0.01885154,1,1
0.01885486,1,0
0.01885504,1,1
0.01885836,1,0
0.01885854,1,1
0.01886186,1,0
0.01886204,1,1
0.01886536,1,0
0.01886552,1,1
0.01886886,1,0
0.01886902,1,1
0.01887236,1,0
0.0188727,1,1
0.01887602,1,0
0.0188762,1,1
0.01887952,1,0
0.0188797,1,1
0.01888302,1,0
0.0188832,1,1
0.01888652,1,0
0.0188867,1,1
0.01889002,1,0
0.0188902,1,1
0.01889352,1,0
0.0188937,1,1
0.01889702,1,0
0.0188972,1,1
0.01890052,1,0
0.0189007,1,1
0.01890402,1,0
0.0189042,1,1
0.01890752,1,0
0.0189077,1,1
0.01891102,1,0
0.0189112,1,1
0.01891452,1,0
0.0189147,1,1
0.01891802,1,0
0.0189182,1,1
0.01892152,1,0
0.0189217,1,1
0.01892502,1,0
0.01892536,1,1
0.01892868,1,0
0.01892886,1,1
0.01893218,1,0
0.01893236,1,1
0.01893568,1,0
0.01893586,1,1
0.01893918,1,0
0.01893936,1,1
0.01894268,1,0
0.01894286,1,1
0.01894618,1,0
0.01894636,1,1
0.01894968,1,0
0.01894986,1,1
0.01895318,1,0
0.01895336,1,1
0.01895668,1,0
0.01895686,1,1
0.01896018,1,0
0.01896036,1,1
0.01896368,1,0
0.01896386,1,1
0.01896718,1,0
0.01896736,1,1
0.01897068,1,0
0.01897086,1,1
0.01897418,1,0
0.01897452,1,1
0.01897784,1,0
0.01897802,1,1
0.01898134,1,0
0.01898152,1,1
0.01898484,1,0
0.01898502,1,1
0.01898834,1,0
0.01898852,1,1
0.01899184,1,0
0.01899202,1,1
0.01899534,1,0
0.01899552,1,1
0.01899884,1,0
0.01899902,1,1
0.01900234,1,0
0.01900252,1,1
0.01900584,1,0
0.01900602,1,1
0.01900934,1,0
0.01900952,1,1
0.01901284,1,0
0.01901302,1,1
0.01901634,1,0
0.01901652,1,1
0.01901984,1,0
0.01902002,1,1
0.01902334,1,0
0.01902368,1,1
0.01902702,1,0
0.01902718,1,1
0.01903052,1,0
0.01903068,1,1
0.01903402,1,0
0.01903418,1,1
0.01903752,1,0
0.01903768,1,1
0.01904102,1,0
0.01904118,1,1
0.0190445,1,0
0.01904468,1,1
0.019048,1,0
0.01904818,1,1
0.0190515,1,0
0.01905168,1,1
0.019055,1,0
0.01905518,1,1
0.0190585,1,0
0.01905868,1,1
0.019062,1,0
0.01906218,1,1
0.0190655,1,0
0.01906568,1,1
0.019069,1,0
0.01906918,1,1
0.0190725,1,0
0.01907284,1,1
0.01907618,1,0
0.01907634,1,1
0.01907968,1,0
0.01907984,1,1
0.01908318,1,0
0.01908334,1,1
0.01908668,1,0
0.01908684,1,1
0.01909018,1,0
0.01909034,1,1
0.01909368,1,0
0.01909384,1,1
0.01909718,1,0
0.01909734,1,1
0.01910068,1,0
0.01910084,1,1
0.01910418,1,0
0.01910434,1,1
0.01910766,1,0
0.01910784,1,1
0.01911116,1,0
0.01911134,1,1
0.01911466,1,0
0.01911484,1,1
0.01911816,1,0
0.01911834,1,1
0.01912166,1,0
0.01912184,1,1
0.01912516,1,0
0.0191255,1,1
0.01912884,1,0
0.019129,1,1
0.01913234,1,0
0.0191325,1,1
0.01913584,1,0
0.019136,1,1
0.01913934,1,0
0.0191395,1,1
0.01914284,1,0
0.019143,1,1
0.01914634,1,0
0.0191465,1,1
0.01914984,1,0
0.01915,1,1
0.01915334,1,0
0.0191535,1,1
0.01915684,1,0
0.019157,1,1
0.01916034,1,0
0.0191605,1,1
0.01916384,1,0
0.019164,1,1
0.01916734,1,0
0.0191675,1,1
0.01917084,1,0
0.019171,1,1
0.01917432,1,0
0.01917466,1,1
0.019178,1,0
0.01917816,1,1
0.0191815,1,0
0.01918166,1,1
0.019185,1,0
0.01918516,1,1
0.0191885,1,0
0.01918866,1,1
0.019192,1,0
0.01919216,1,1
0.0191955,1,0
0.01919566,1,1
0.019199,1,0
0.01919916,1,1
0.0192025,1,0
0.01920266,1,1
0.019206,1,0
0.01920616,1,1
0.0192095,1,0
0.01920966,1,1
0.019213,1,0
0.01921316,1,1
0.0192165,1,0
0.01921666,1,1
0.01922,1,0
0.01922016,1,1
0.0192235,1,0
0.01922382,1,1
0.01922716,1,0
0.01922732,1,1
0.01923066,1,0
0.01923082,1,1
0.01923416,1,0
0.01923432,1,1
0.01923766,1,0
0.01923782,1,1
0.01924116,1,0
0.01924132,1,1
0.01924466,1,0
0.01924482,1,1
0.01924816,1,0
0.01924832,1,1
0.01925166,1,0
0.01925182,1,1
0.01925516,1,0
0.01925532,1,1
0.01925866,1,0
0.01925882,1,1
0.01926216,1,0
0.01926232,1,1
0.01926566,1,0
0.01926582,1,1
0.01926916,1,0
0.01926932,1,1
0.01927266,1,0
0.01927282,1,1
0.01927616,1,0
0.01927648,1,1
0.01927982,1,0
0.01927998,1,1
0.01928332,1,0
0.01928348,1,1
0.01928682,1,0
0.01928698,1,1
0.01929032,1,0
0.01929048,1,1
0.01929382,1,0
0.01929398,1,1
0.01929732,1,0
0.01929748,1,1
0.01930082,1,0
0.01930098,1,1
0.01930432,1,0
0.01930448,1,1
0.01930782,1,0
0.01930798,1,1
0.01931132,1,0
0.01931148,1,1
0.01931482,1,0
0.01931498,1,1
0.01931832,1,0
0.01931848,1,1
0.01932182,1,0
0.01932198,1,1
0.01932532,1,0
0.01932566,1,1
0.01932898,1,0
0.01932916,1,1
0.01933248,1,0
0.01933264,1,1
0.01933598,1,0
0.01933614,1,1
0.01933948,1,0
0.01933964,1,1
0.01934298,1,0
0.01934314,1,1
0.01934648,1,0
0.01934664,1,1
0.01934998,1,0
0.01935014,1,1
0.01935348,1,0
0.01935364,1,1
0.01935698,1,0
0.01935714,1,1
0.01936048,1,0
0.01936064,1,1
0.01936398,1,0
0.01936414,1,1
0.01936748,1,0
0.01936764,1,1
0.01937098,1,0
0.01937114,1,1
0.01937448,1,0
0.01937482,1,1
0.01937814,1,0
0.01937832,1,1
0.01938164,1,0
0.01938182,1,1
0.01938514,1,0
0.01938532,1,1
0.01938864,1,0
0.01938882,1,1
0.01939214,1,0
0.01939232,1,1
0.01939564,1,0
0.0193958,1,1
0.01939914,1,0
0.0193993,1,1
0.01940264,1,0
0.0194028,1,1
0.01940614,1,0
0.0194063,1,1
0.01940964,1,0
0.0194098,1,1
0.01941314,1,0
0.0194133,1,1
0.01941664,1,0
0.0194168,1,1
0.01942014,1,0
0.0194203,1,1
0.01942364,1,0
0.0194238,1,1
0.01942714,1,0
0.01942748,1,1
0.0194308,1,0
0.01943098,1,1
0.0194343,1,0
0.01943448,1,1
0.0194378,1,0
0.01943798,1,1
0.0194413,1,0
0.01944148,1,1
0.0194448,1,0
0.01944498,1,1
0.0194483,1,0
0.01944848,1,1
0.0194518,1,0
0.01945198,1,1
0.0194553,1,0
0.01945548,1,1
0.0194588,1,0
0.01945898,1,1
0.0194623,1,0
0.01946246,1,1
0.0194658,1,0
0.01946596,1,1
0.0194693,1,0
0.01946946,1,1
0.0194728,1,0
0.01947296,1,1
0.0194763,1,0
0.01947664,1,1
0.01947996,1,0
0.01948014,1,1
0.01948346,1,0
0.01948364,1,1
0.01948696,1,0
0.01948714,1,1
0.01949046,1,0
0.01949064,1,1
0.01949396,1,0
0.01949414,1,1
0.01949746,1,0
0.01949764,1,1
0.01950096,1,0
0.01950114,1,1
0.01950446,1,0
0.01950464,1,1
0.01950796,1,0
0.01950814,1,1
0.01951146,1,0
0.01951164,1,1
0.01951496,1,0
0.01951514,1,1
0.01951846,1,0
0.01951864,1,1
0.01952196,1,0
0.01952214,1,1
0.01952546,1,0
0.0195258,1,1
0.01952912,1,0
0.0195293,1,1
0.01953262,1,0
0.0195328,1,1
0.01953612,1,0
0.0195363,1,1
0.01953962,1,0
0.0195398,1,1
0.01954312,1,0
0.0195433,1,1
0.01954662,1,0
0.0195468,1,1
0.01955012,1,0
0.0195503,1,1
0.01955362,1,0
0.0195538,1,1
0.01955712,1,0
0.0195573,1,1
0.01956062,1,0
0.0195608,1,1
0.01956412,1,0
0.0195643,1,1
0.01956762,1,0
0.0195678,1,1
0.01957112,1,0
0.0195713,1,1
0.01957462,1,0
0.0195748,1,1
0.01957812,1,0
0.01957846,1,1
0.01958178,1,0
0.01958196,1,1
0.01958528,1,0
0.01958546,1,1
0.01958878,1,0
0.01958896,1,1
0.01959228,1,0
0.01959246,1,1
0.01959578,1,0
0.01959596,1,1
0.01959928,1,0
0.01959946,1,1
0.01960278,1,0
0.01960296,1,1
0.01960628,1,0
0.01960646,1,1
0.01960978,1,0
0.01960996,1,1
0.01961328,1,0
0.01961346,1,1
0.01961678,1,0
0.01961696,1,1
0.01962028,1,0
0.01962046,1,1
0.01962378,1,0
0.01962396,1,1
0.01962728,1,0
0.01962762,1,1
0.01963096,1,0
0.01963112,1,1
0.01963446,1,0
0.01963462,1,1
0.01963796,1,0
0.01963812,1,1
0.01964144,1,0
0.01964162,1,1
0.01964494,1,0
0.01964512,1,1
0.01964844,1,0
0.01964862,1,1
0.01965194,1,0
0.01965212,1,1
0.01965544,1,0
0.01965562,1,1
0.01965894,1,0
0.01965912,1,1
0.01966244,1,0
0.01966262,1,1
0.01966594,1,0
0.01966612,1,1
0.01966944,1,0
0.01966962,1,1
0.01967294,1,0
0.01967312,1,1
0.01967644,1,0
0.01967678,1,1
0.01968012,1,0
0.01968028,1,1
0.01968362,1,0
0.01968378,1,1
0.01968712,1,0
0.01968728,1,1
0.01969062,1,0
0.01969078,1,1
0.01969412,1,0
0.01969428,1,1
0.01969762,1,0
0.01969778,1,1
0.01970112,1,0
0.01970128,1,1
0.0197046,1,0
0.01970478,1,1
0.0197081,1,0
0.01970828,1,1
0.0197116,1,0
0.01971178,1,1
0.0197151,1,0
0.01971528,1,1
0.0197186,1,0
0.01971878,1,1
0.0197221,1,0
0.01972228,1,1
0.0197256,1,0
0.01972578,1,1
0.0197291,1,0
0.01972944,1,1
0.01973278,1,0
0.01973294,1,1
0.01973628,1,0
0.01973644,1,1
0.01973978,1,0
0.01973994,1,1
0.01974328,1,0
0.01974344,1,1
0.01974678,1,0
0.01974694,1,1
0.01975028,1,0
0.01975044,1,1
0.01975378,1,0
0.01975394,1,1
0.01975728,1,0
0.01975744,1,1
0.01976078,1,0
0.01976094,1,1
0.01976428,1,0
0.01976444,1,1
0.01976778,1,0
0.01976794,1,1
0.01977126,1,0
0.01977144,1,1
0.01977476,1,0
0.01977494,1,1
0.01977826,1,0
0.0197786,1,1
0.01978194,1,0
0.0197821,1,1
0.01978544,1,0
0.0197856,1,1
0.01978894,1,0
0.0197891,1,1
0.01979244,1,0
0.0197926,1,1
0.01979594,1,0
0.0197961,1,1
0.01979944,1,0
0.0197996,1,1
0.01980294,1,0
0.0198031,1,1
0.01980644,1,0
0.0198066,1,1
0.01980994,1,0
0.0198101,1,1
0.01981344,1,0
0.0198136,1,1
0.01981694,1,0
0.0198171,1,1
0.01982044,1,0
0.0198206,1,1
0.01982394,1,0
0.0198241,1,1
0.01982744,1,0
0.01982776,1,1
0.0198311,1,0
0.01983126,1,1
0.0198346,1,0
0.01983476,1,1
0.0198381,1,0
0.01983826,1,1
0.0198416,1,0
0.01984176,1,1
0.0198451,1,0
0.01984526,1,1
0.0198486,1,0
0.01984876,1,1
0.0198521,1,0
0.01985226,1,1
0.0198556,1,0
0.01985576,1,1
0.0198591,1,0
0.01985926,1,1
0.0198626,1,0
0.01986276,1,1
0.0198661,1,0
0.01986626,1,1
0.0198696,1,0
0.01986976,1,1
0.0198731,1,0
0.01987326,1,1
0.0198766,1,0
0.01987676,1,1
0.0198801,1,0
0.01988042,1,1
0.01988376,1,0
0.01988392,1,1
0.01988726,1,0
0.01988742,1,1
0.01989076,1,0
0.01989092,1,1
0.01989426,1,0
0.01989442,1,1
0.01989776,1,0
0.01989792,1,1
0.01990126,1,0
0.01990142,1,1
0.01990476,1,0
0.01990492,1,1
0.01990826,1,0
0.01990842,1,1
0.01991176,1,0
0.01991192,1,1
0.01991526,1,0
0.01991542,1,1
0.01991876,1,0
0.01991892,1,1
0.01992226,1,0
0.01992242,1,1
0.01992576,1,0
0.01992592,1,1
0.01992926,1,0
0.01992958,1,1
0.01993292,1,0
0.01993308,1,1
0.01993642,1,0
0.01993658,1,1
0.01993992,1,0
0.01994008,1,1
0.01994342,1,0
0.01994358,1,1
0.01994692,1,0
0.01994708,1,1
0.01995042,1,0
0.01995058,1,1
0.01995392,1,0
0.01995408,1,1
0.01995742,1,0
0.01995758,1,1
0.01996092,1,0
0.01996108,1,1
0.01996442,1,0
0.01996458,1,1
0.01996792,1,0
0.01996808,1,1
0.01997142,1,0
0.01997158,1,1
0.01997492,1,0
0.01997508,1,1
0.01997842,1,0
0.01997876,1,1
0.01998208,1,0
0.01998226,1,1
0.01998558,1,0
0.01998576,1,1
0.01998908,1,0
0.01998926,1,1
0.01999258,1,0
0.01999274,1,1
0.01999608,1,0
0.01999624,1,1
0.01999958,1,0
0.01999974,1,1
0.02000308,1,0
0.02000324,1,1
0.02000658,1,0
0.02000674,1,1
0.02001008,1,0
0.02001024,1,1
0.02001358,1,0
0.02001374,1,1
0.02001708,1,0
0.02001724,1,1
0.02002058,1,0
0.02002074,1,1
0.02002408,1,0
0.02002424,1,1
0.02002758,1,0
0.02002774,1,1
0.02003108,1,0
0.02003142,1,1
0.02003474,1,0
0.02003492,1,1
0.02003824,1,0
0.02003842,1,1
0.02004174,1,0
0.02004192,1,1
0.02004524,1,0
0.02004542,1,1
0.02004874,1,0
0.02004892,1,1
0.02005224,1,0
0.02005242,1,1
0.02005574,1,0
0.02005592,1,1
0.02005924,1,0
0.0200594,1,1
0.02006274,1,0
0.0200629,1,1
0.02006624,1,0
0.0200664,1,1
0.02006974,1,0
0.0200699,1,1
0.02007324,1,0
0.0200734,1,1
0.02007674,1,0
0.0200769,1,1
0.02008024,1,0
0.02008058,1,1
0.0200839,1,0
0.02008408,1,1
0.0200874,1,0
0.02008758,1,1
0.0200909,1,0
0.02009108,1,1
0.0200944,1,0
0.02009458,1,1
0.0200979,1,0
0.02009808,1,1
0.0201014,1,0
0.02010158,1,1
0.0201049,1,0
0.02010508,1,1
0.0201084,1,0
0.02010858,1,1
0.0201119,1,0
0.02011208,1,1
0.0201154,1,0
0.02011558,1,1
0.0201189,1,0
0.02011908,1,1
0.0201224,1,0
0.02012258,1,1
0.0201259,1,0
0.02012606,1,1
0.0201294,1,0
0.02012974,1,1
0.02013306,1,0
0.02013324,1,1
0.02013656,1,0
0.02013674,1,1
0.02014006,1,0
0.02014024,1,1
0.02014356,1,0
0.02014374,1,1
0.02014706,1,0
0.02014724,1,1
0.02015056,1,0
0.02015074,1,1
0.02015406,1,0
0.02015424,1,1
0.02015756,1,0
0.02015774,1,1
0.02016106,1,0
0.02016124,1,1
0.02016456,1,0
0.02016474,1,1
0.02016806,1,0
0.02016824,1,1
0.02017156,1,0
0.02017174,1,1
0.02017506,1,0
0.02017524,1,1
0.02017856,1,0
0.02017874,1,1
0.02018206,1,0
0.0201824,1,1
0.02018572,1,0
0.0201859,1,1
0.02018922,1,0
0.0201894,1,1
0.02019272,1,0
0.0201929,1,1
0.02019622,1,0
0.0201964,1,1
0.02019972,1,0
0.0201999,1,1
0.02020322,1,0
0.0202034,1,1
0.02020672,1,0
0.0202069,1,1
0.02021022,1,0
0.0202104,1,1
0.02021372,1,0
0.0202139,1,1
0.02021722,1,0
0.0202174,1,1
0.02022072,1,0
0.0202209,1,1
0.02022422,1,0
0.0202244,1,1
0.02022772,1,0
0.0202279,1,1
0.02023122,1,0
0.02023156,1,1
0.02023488,1,0
0.02023506,1,1
0.02023838,1,0
0.02023856,1,1
0.02024188,1,0
0.02024206,1,1
0.02024538,1,0
0.02024556,1,1
0.02024888,1,0
0.02024906,1,1
0.02025238,1,0
0.02025256,1,1
0.02025588,1,0
0.02025606,1,1
0.02025938,1,0
0.02025956,1,1
0.02026288,1,0
0.02026306,1,1
0.02026638,1,0
0.02026656,1,1
0.02026988,1,0
0.02027006,1,1
0.02027338,1,0
0.02027356,1,1
0.02027688,1,0
0.02027706,1,1
0.02028038,1,0
0.02028072,1,1
0.02028406,1,0
0.02028422,1,1
0.02028756,1,0
0.02028772,1,1
0.02029106,1,0
0.02029122,1,1
0.02029456,1,0
0.02029472,1,1
0.02029806,1,0
0.02029822,1,1
0.02030154,1,0
0.02030172,1,1
0.02030504,1,0
0.02030522,1,1
0.02030854,1,0
0.02030872,1,1
0.02031204,1,0
0.02031222,1,1
0.02031554,1,0
0.02031572,1,1
0.02031904,1,0
0.02031922,1,1
0.02032254,1,0
0.02032272,1,1
0.02032604,1,0
0.02032622,1,1
0.02032954,1,0
0.02032972,1,1
0.02033304,1,0
0.02033338,1,1
0.02033672,1,0
0.02033688,1,1
0.02034022,1,0
0.02034038,1,1
0.02034372,1,0
0.02034388,1,1
0.02034722,1,0
0.02034738,1,1
0.02035072,1,0
0.02035088,1,1
0.02035422,1,0
0.02035438,1,1
0.02035772,1,0
0.02035788,1,1
0.02036122,1,0
0.02036138,1,1
0.02036472,1,0
0.02036488,1,1
0.0203682,1,0
0.02036838,1,1
0.0203717,1,0
0.02037188,1,1
0.0203752,1,0
0.02037538,1,1
0.0203787,1,0
0.02037888,1,1
0.0203822,1,0
0.02038254,1,1
0.02038588,1,0
0.02038604,1,1
0.02038938,1,0
0.02038954,1,1
0.02039288,1,0
0.02039304,1,1
0.02039638,1,0
0.02039654,1,1
0.02039988,1,0
0.02040004,1,1
0.02040338,1,0
0.02040354,1,1
0.02040688,1,0
0.02040704,1,1
0.02041038,1,0
0.02041054,1,1
0.02041388,1,0
0.02041404,1,1
0.02041738,1,0
0.02041754,1,1
0.02042088,1,0
0.02042104,1,1
0.02042438,1,0
0.02042454,1,1
0.02042788,1,0
0.02042804,1,1
0.02043136,1,0
0.0204317,1,1
0.02043504,1,0
0.0204352,1,1
0.02043854,1,0
0.0204387,1,1
0.02044204,1,0
0.0204422,1,1
0.02044554,1,0
0.0204457,1,1
0.02044904,1,0
0.0204492,1,1
0.02045254,1,0
0.0204527,1,1
0.02045604,1,0
0.0204562,1,1
0.02045954,1,0
0.0204597,1,1
0.02046304,1,0
0.0204632,1,1
0.02046654,1,0
0.0204667,1,1
0.02047004,1,0
0.0204702,1,1
0.02047354,1,0
0.0204737,1,1
0.02047704,1,0
0.0204772,1,1
0.02048054,1,0
0.0204807,1,1
0.02048404,1,0
0.02048436,1,1
0.0204877,1,0
0.02048786,1,1
0.0204912,1,0
0.02049136,1,1
0.0204947,1,0
0.02049486,1,1
0.0204982,1,0
0.02049836,1,1
0.0205017,1,0
0.02050186,1,1
0.0205052,1,0
0.02050536,1,1
0.0205087,1,0
0.02050886,1,1
0.0205122,1,0
0.02051236,1,1
0.0205157,1,0
0.02051586,1,1
0.0205192,1,0
0.02051936,1,1
0.0205227,1,0
0.02052286,1,1
0.0205262,1,0
0.02052636,1,1
0.0205297,1,0
0.02052986,1,1
0.0205332,1,0
0.02053352,1,1
0.02053686,1,0
0.02053702,1,1
0.02054036,1,0
0.02054052,1,1
0.02054386,1,0
0.02054402,1,1
0.02054736,1,0
0.02054752,1,1
0.02055086,1,0
0.02055102,1,1
0.02055436,1,0
0.02055452,1,1
0.02055786,1,0
0.02055802,1,1
0.02056136,1,0
0.02056152,1,1
0.02056486,1,0
0.02056502,1,1
0.02056836,1,0
0.02056852,1,1
0.02057186,1,0
0.02057202,1,1
0.02057536,1,0
0.02057552,1,1
0.02057886,1,0
0.02057902,1,1
0.02058236,1,0
0.0205827,1,1
0.02058602,1,0
0.0205862,1,1
0.02058952,1,0
0.02058968,1,1
0.02059302,1,0
0.02059318,1,1
0.02059652,1,0
0.02059668,1,1
0.02060002,1,0
0.02060018,1,1
0.02060352,1,0
0.02060368,1,1
0.02060702,1,0
0.02060718,1,1
0.02061052,1,0
0.02061068,1,1
0.02061402,1,0
0.02061418,1,1
0.02061752,1,0
0.02061768,1,1
0.02062102,1,0
0.02062118,1,1
0.02062452,1,0
0.02062468,1,1
0.02062802,1,0
0.02062818,1,1
0.02063152,1,0
0.02063168,1,1
0.02063502,1,0
0.02063536,1,1
0.02063868,1,0
0.02063886,1,1
0.02064218,1,0
0.02064236,1,1
0.02064568,1,0
0.02064586,1,1
0.02064918,1,0
0.02064936,1,1
0.02065268,1,0
0.02065286,1,1
0.02065618,1,0
0.02065634,1,1
0.02065968,1,0
0.02065984,1,1
0.02066318,1,0
0.02066334,1,1
0.02066668,1,0
0.02066684,1,1
0.02067018,1,0
0.02067034,1,1
0.02067368,1,0
0.02067384,1,1
0.02067718,1,0
0.02067734,1,1
0.02068068,1,0
0.02068084,1,1
0.02068418,1,0
0.02068452,1,1
0.02068784,1,0
0.02068802,1,1
0.02069134,1,0
0.02069152,1,1
0.02069484,1,0
0.02069502,1,1
0.02069834,1,0
0.02069852,1,1
0.02070184,1,0
0.02070202,1,1
0.02070534,1,0
0.02070552,1,1
0.02070884,1,0
0.02070902,1,1
0.02071234,1,0
0.02071252,1,1
0.02071584,1,0
0.02071602,1,1
0.02071934,1,0
0.02071952,1,1
0.02072284,1,0
0.020723,1,1
0.02072634,1,0
0.0207265,1,1
0.02072984,1,0
0.02073,1,1
0.02073334,1,0
0.02073368,1,1
0.020737,1,0
0.02073718,1,1
0.0207405,1,0
0.02074068,1,1
0.020744,1,0
0.02074418,1,1
0.0207475,1,0
0.02074768,1,1
0.020751,1,0
0.02075118,1,1
0.0207545,1,0
0.02075468,1,1
0.020758,1,0
0.02075818,1,1
0.0207615,1,0
0.02076168,1,1
0.020765,1,0
0.02076518,1,1
0.0207685,1,0
0.02076868,1,1
0.020772,1,0
0.02077218,1,1
0.0207755,1,0
0.02077568,1,1
0.020779,1,0
0.02077918,1,1
0.0207825,1,0
0.02078268,1,1
0.020786,1,0
0.02078634,1,1
0.02078966,1,0
0.02078984,1,1
0.02079316,1,0
0.02079334,1,1
0.02079666,1,0
0.02079684,1,1
0.02080016,1,0
0.02080034,1,1
0.02080366,1,0
0.02080384,1,1
0.02080716,1,0
0.02080734,1,1
0.02081066,1,0
0.02081084,1,1
0.02081416,1,0
0.02081434,1,1
0.02081766,1,0
0.02081784,1,1
0.02082116,1,0
0.02082134,1,1
0.02082466,1,0
0.02082484,1,1
0.02082816,1,0
0.02082834,1,1
0.02083166,1,0
0.02083184,1,1
0.02083516,1,0
0.0208355,1,1
0.02083882,1,0
0.020839,1,1
0.02084232,1,0
0.0208425,1,1
0.02084582,1,0
0.020846,1,1
0.02084932,1,0
0.0208495,1,1
0.02085282,1,0
0.020853,1,1
0.02085632,1,0
0.0208565,1,1
0.02085982,1,0
0.02086,1,1
0.02086332,1,0
0.0208635,1,1
0.02086682,1,0
0.020867,1,1
0.02087032,1,0
0.0208705,1,1
0.02087382,1,0
0.020874,1,1
0.02087732,1,0
0.0208775,1,1
0.02088082,1,0
0.020881,1,1
0.02088432,1,0
0.02088466,1,1
0.020888,1,0
0.02088816,1,1
0.0208915,1,0
0.02089166,1,1
0.020895,1,0
0.02089516,1,1
0.02089848,1,0
0.02089866,1,1
0.02090198,1,0
0.02090216,1,1
0.02090548,1,0
0.02090566,1,1
0.02090898,1,0
0.02090916,1,1
0.02091248,1,0
0.02091266,1,1
0.02091598,1,0
0.02091616,1,1
0.02091948,1,0
0.02091966,1,1
0.02092298,1,0
0.02092316,1,1
0.02092648,1,0
0.02092666,1,1
0.02092998,1,0
0.02093016,1,1
0.02093348,1,0
0.02093366,1,1
0.02093698,1,0
0.02093732,1,1
0.02094066,1,0
0.02094082,1,1
0.02094416,1,0
0.02094432,1,1
0.02094766,1,0
0.02094782,1,1
0.02095116,1,0
0.02095132,1,1
0.02095466,1,0
0.02095482,1,1
0.02095816,1,0
0.02095832,1,1
0.02096164,1,0
0.02096182,1,1
0.02096514,1,0
0.02096532,1,1
0.02096864,1,0
0.02096882,1,1
0.02097214,1,0
0.02097232,1,1
0.02097564,1,0
0.02097582,1,1
0.02097914,1,0
0.02097932,1,1
0.02098264,1,0
0.02098282,1,1
0.02098614,1,0
0.02098648,1,1
0.02098982,1,0
0.02098998,1,1
0.02099332,1,0
0.02099348,1,1
0.02099682,1,0
0.02099698,1,1
0.02100032,1,0
0.02100048,1,1
0.02100382,1,0
0.02100398,1,1
0.02100732,1,0
0.02100748,1,1
0.02101082,1,0
0.02101098,1,1
0.02101432,1,0
0.02101448,1,1
0.02101782,1,0
0.02101798,1,1
0.02102132,1,0
0.02102148,1,1
0.02102482,1,0
0.02102498,1,1
0.0210283,1,0
0.02102848,1,1
0.0210318,1,0
0.02103198,1,1
0.0210353,1,0
0.02103564,1,1
0.02103898,1,0
0.02103914,1,1
0.02104248,1,0
0.02104264,1,1
0.02104598,1,0
0.02104614,1,1
0.02104948,1,0
0.02104964,1,1
0.02105298,1,0
0.02105314,1,1
0.02105648,1,0
0.02105664,1,1
0.02105998,1,0
0.02106014,1,1
0.02106348,1,0
0.02106364,1,1
0.02106698,1,0
0.02106714,1,1
0.02107048,1,0
0.02107064,1,1
0.02107398,1,0
0.02107414,1,1
0.02107748,1,0
0.02107764,1,1
0.02108098,1,0
0.02108114,1,1
0.02108448,1,0
0.02108464,1,1
0.02108798,1,0
0.0210883,1,1
0.02109164,1,0
0.0210918,1,1
0.02109514,1,0
0.0210953,1,1
0.02109864,1,0
0.0210988,1,1
0.02110214,1,0
0.0211023,1,1
0.02110564,1,0
0.0211058,1,1
0.02110914,1,0
0.0211093,1,1
0.02111264,1,0
0.0211128,1,1
0.02111614,1,0
0.0211163,1,1
0.02111964,1,0
0.0211198,1,1
0.02112314,1,0
0.0211233,1,1
0.02112664,1,0
0.0211268,1,1
0.02113014,1,0
0.0211303,1,1
0.02113364,1,0
0.0211338,1,1
0.02113714,1,0
0.02113746,1,1
0.0211408,1,0
0.02114096,1,1
0.0211443,1,0
0.02114446,1,1
0.0211478,1,0
0.02114796,1,1
0.0211513,1,0
0.02115146,1,1
0.0211548,1,0
0.02115496,1,1
0.0211583,1,0
0.02115846,1,1
0.0211618,1,0
0.02116196,1,1
0.0211653,1,0
0.02116546,1,1
0.0211688,1,0
0.02116896,1,1
0.0211723,1,0
0.02117246,1,1
0.0211758,1,0
0.02117596,1,1
0.0211793,1,0
0.02117946,1,1
0.0211828,1,0
0.02118296,1,1
0.0211863,1,0
0.02118664,1,1
0.02118996,1,0
0.02119012,1,1
0.02119346,1,0
0.02119362,1,1
0.02119696,1,0
0.02119712,1,1
0.02120046,1,0
0.02120062,1,1
0.02120396,1,0
0.02120412,1,1
0.02120746,1,0
0.02120762,1,1
0.02121096,1,0
0.02121112,1,1
0.02121446,1,0
0.02121462,1,1
0.02121796,1,0
0.02121812,1,1
0.02122146,1,0
0.02122162,1,1
0.02122496,1,0
0.02122512,1,1
0.02122846,1,0
0.02122862,1,1
0.02123196,1,0
0.02123212,1,1
0.02123546,1,0
0.02123562,1,1
0.02123896,1,0
0.0212393,1,1
0.02124262,1,0
0.0212428,1,1
0.02124612,1,0
0.0212463,1,1
0.02124962,1,0
0.0212498,1,1
0.02125312,1,0
0.02125328,1,1
0.02125662,1,0
0.02125678,1,1
0.02126012,1,0
0.02126028,1,1
0.02126362,1,0
0.02126378,1,1
0.02126712,1,0
0.02126728,1,1
0.02127062,1,0
0.02127078,1,1
0.02127412,1,0
0.02127428,1,1
0.02127762,1,0
0.02127778,1,1
0.02128112,1,0
0.02128128,1,1
0.02128462,1,0
0.02128478,1,1
0.02128812,1,0
0.02128846,1,1
0.02129178,1,0
0.02129196,1,1
0.02129528,1,0
0.02129546,1,1
0.02129878,1,0
0.02129896,1,1
0.02130228,1,0
0.02130246,1,1
0.02130578,1,0
0.02130596,1,1
0.02130928,1,0
0.02130946,1,1
0.02131278,1,0
0.02131296,1,1
0.02131628,1,0
0.02131644,1,1
0.02131978,1,0
0.02131994,1,1
0.02132328,1,0
0.02132344,1,1
0.02132678,1,0
0.02132694,1,1
0.02133028,1,0
0.02133044,1,1
0.02133378,1,0
0.02133394,1,1
0.02133728,1,0
0.02133762,1,1
0.02134094,1,0
0.02134112,1,1
0.02134444,1,0
0.02134462,1,1
0.02134794,1,0
0.02134812,1,1
0.02135144,1,0
0.02135162,1,1
0.02135494,1,0
0.02135512,1,1
0.02135844,1,0
0.02135862,1,1
0.02136194,1,0
0.02136212,1,1
0.02136544,1,0
0.02136562,1,1
0.02136894,1,0
0.02136912,1,1
0.02137244,1,0
0.02137262,1,1
0.02137594,1,0
0.02137612,1,1
0.02137944,1,0
0.02137962,1,1
0.02138294,1,0
0.0213831,1,1
0.02138644,1,0
0.0213866,1,1
0.02138994,1,0
0.02139028,1,1
0.0213936,1,0
0.02139378,1,1
0.0213971,1,0
0.02139728,1,1
0.0214006,1,0
0.02140078,1,1
0.0214041,1,0
0.02140428,1,1
0.0214076,1,0
0.02140778,1,1
0.0214111,1,0
0.02141128,1,1
0.0214146,1,0
0.02141478,1,1
0.0214181,1,0
0.02141828,1,1
0.0214216,1,0
0.02142178,1,1
0.0214251,1,0
0.02142528,1,1
0.0214286,1,0
0.02142878,1,1
0.0214321,1,0
0.02143228,1,1
0.0214356,1,0
0.02143578,1,1
0.0214391,1,0
0.02143944,1,1
0.02144276,1,0
0.02144294,1,1
0.02144626,1,0
0.02144644,1,1
0.02144976,1,0
0.02144994,1,1
0.02145326,1,0
0.02145344,1,1
0.02145676,1,0
0.02145694,1,1
0.02146026,1,0
0.02146044,1,1
0.02146376,1,0
0.02146394,1,1
0.02146726,1,0
0.02146744,1,1
0.02147076,1,0
0.02147094,1,1
0.02147426,1,0
0.02147444,1,1
0.02147776,1,0
0.02147794,1,1
0.02148126,1,0
0.02148144,1,1
0.02148476,1,0
0.02148494,1,1
0.02148826,1,0
0.0214886,1,1
0.02149194,1,0
0.0214921,1,1
0.02149542,1,0
0.0214956,1,1
0.02149892,1,0
0.0214991,1,1
0.02150242,1,0
0.0215026,1,1
0.02150592,1,0
0.0215061,1,1
0.02150942,1,0
0.0215096,1,1
0.02151292,1,0
0.0215131,1,1
0.02151642,1,0
0.0215166,1,1
0.02151992,1,0
0.0215201,1,1
0.02152342,1,0
0.0215236,1,1
0.02152692,1,0
0.0215271,1,1
0.02153042,1,0
0.0215306,1,1
0.02153392,1,0
0.0215341,1,1
0.02153742,1,0
0.02153776,1,1
0.0215411,1,0
0.02154126,1,1
0.0215446,1,0
0.02154476,1,1
0.0215481,1,0
0.02154826,1,1
0.0215516,1,0
0.02155176,1,1
0.0215551,1,0
0.02155526,1,1
0.0215586,1,0
0.02155876,1,1
0.02156208,1,0
0.02156226,1,1
0.02156558,1,0
0.02156576,1,1
0.02156908,1,0
0.02156926,1,1
0.02157258,1,0
0.02157276,1,1
0.02157608,1,0
0.02157626,1,1
0.02157958,1,0
0.02157976,1,1
0.02158308,1,0
0.02158326,1,1
0.02158658,1,0
0.02158676,1,1
0.02159008,1,0
0.02159042,1,1
0.02159376,1,0
0.02159392,1,1
0.02159726,1,0
0.02159742,1,1
0.02160076,1,0
0.02160092,1,1
0.02160426,1,0
0.02160442,1,1
0.02160776,1,0
0.02160792,1,1
0.02161126,1,0
0.02161142,1,1
0.02161476,1,0
0.02161492,1,1
0.02161826,1,0
0.02161842,1,1
0.02162176,1,0
0.02162192,1,1
0.02162524,1,0
0.02162542,1,1
0.02162874,1,0
0.02162892,1,1
0.02163224,1,0
0.02163242,1,1
0.02163574,1,0
0.02163592,1,1
0.02163924,1,0
0.02163958,1,1
0.02164292,1,0
0.02164308,1,1
0.02164642,1,0
0.02164658,1,1
0.02164992,1,0
0.02165008,1,1
0.02165342,1,0
0.02165358,1,1
0.02165692,1,0
0.02165708,1,1
0.02166042,1,0
0.02166058,1,1
0.02166392,1,0
0.02166408,1,1
0.02166742,1,0
0.02166758,1,1
0.02167092,1,0
0.02167108,1,1
0.02167442,1,0
0.02167458,1,1
0.02167792,1,0
0.02167808,1,1
0.02168142,1,0
0.02168158,1,1
0.02168492,1,0
0.02168508,1,1
0.02168842,1,0
0.02168874,1,1
0.02169208,1,0
0.02169224,1,1
0.02169558,1,0
0.02169574,1,1
0.02169908,1,0
0.02169924,1,1
0.02170258,1,0
0.02170274,1,1
0.02170608,1,0
0.02170624,1,1
0.02170958,1,0
0.02170974,1,1
0.02171308,1,0
0.02171324,1,1
0.02171658,1,0
0.02171674,1,1
0.02172008,1,0
0.02172024,1,1
0.02172358,1,0
0.02172374,1,1
0.02172708,1,0
0.02172724,1,1
0.02173058,1,0
0.02173074,1,1
0.02173408,1,0
0.02173424,1,1
0.02173758,1,0
0.02173774,1,1
0.02174108,1,0
0.0217414,1,1
0.02174474,1,0
0.0217449,1,1
0.02174824,1,0
0.0217484,1,1
0.02175174,1,0
0.0217519,1,1
0.02175524,1,0
0.0217554,1,1
0.02175874,1,0
0.0217589,1,1
0.02176224,1,0
0.0217624,1,1
0.02176574,1,0
0.0217659,1,1
0.02176924,1,0
0.0217694,1,1
0.02177274,1,0
0.0217729,1,1
0.02177624,1,0
0.0217764,1,1
0.02177974,1,0
0.0217799,1,1
0.02178324,1,0
0.0217834,1,1
0.02178674,1,0
0.0217869,1,1
0.02179024,1,0
0.02179056,1,1
0.0217939,1,0
0.02179406,1,1
0.0217974,1,0
0.02179756,1,1
0.0218009,1,0
0.02180106,1,1
0.0218044,1,0
0.02180456,1,1
0.0218079,1,0
0.02180806,1,1
0.0218114,1,0
0.02181156,1,1
0.0218149,1,0
0.02181506,1,1
0.0218184,1,0
0.02181856,1,1
0.0218219,1,0
0.02182206,1,1
0.0218254,1,0
0.02182556,1,1
0.0218289,1,0
0.02182906,1,1
0.0218324,1,0
0.02183256,1,1
0.0218359,1,0
0.02183606,1,1
0.0218394,1,0
0.02183974,1,1
0.02184306,1,0
0.02184324,1,1
0.02184656,1,0
0.02184674,1,1
0.02185006,1,0
0.02185022,1,1
0.02185356,1,0
0.02185372,1,1
0.02185706,1,0
0.02185722,1,1
0.02186056,1,0
0.02186072,1,1
0.02186406,1,0
0.02186422,1,1
0.02186756,1,0
0.02186772,1,1
0.02187106,1,0
0.02187122,1,1
0.02187456,1,0
0.02187472,1,1
0.02187806,1,0
0.02187822,1,1
0.02188156,1,0
0.02188172,1,1
0.02188506,1,0
0.02188522,1,1
0.02188856,1,0
0.02188872,1,1
0.02189206,1,0
0.0218924,1,1
0.02189572,1,0
0.0218959,1,1
0.02189922,1,0
0.0218994,1,1
0.02190272,1,0
0.0219029,1,1
0.02190622,1,0
0.0219064,1,1
0.02190972,1,0
0.0219099,1,1
0.02191322,1,0
0.0219134,1,1
0.02191672,1,0
0.02191688,1,1
0.02192022,1,0
0.02192038,1,1
0.02192372,1,0
0.02192388,1,1
0.02192722,1,0
0.02192738,1,1
0.02193072,1,0
0.02193088,1,1
0.02193422,1,0
0.02193438,1,1
0.02193772,1,0
0.02193788,1,1
0.02194122,1,0
0.02194156,1,1
0.02194488,1,0
0.02194506,1,1
0.02194838,1,0
0.02194856,1,1
0.02195188,1,0
0.02195206,1,1
0.02195538,1,0
0.02195556,1,1
0.02195888,1,0
0.02195906,1,1
0.02196238,1,0
0.02196256,1,1
0.02196588,1,0
0.02196606,1,1
0.02196938,1,0
0.02196956,1,1
0.02197288,1,0
0.02197306,1,1
0.02197638,1,0
0.02197656,1,1
0.02197988,1,0
0.02198004,1,1
0.02198338,1,0
0.02198354,1,1
0.02198688,1,0
0.02198704,1,1
0.02199038,1,0
0.02199072,1,1
0.02199404,1,0
0.02199422,1,1
0.02199754,1,0
0.02199772,1,1
0.02200104,1,0
0.02200122,1,1
0.02200454,1,0
0.02200472,1,1
0.02200804,1,0
0.02200822,1,1
0.02201154,1,0
0.02201172,1,1
0.02201504,1,0
0.02201522,1,1
0.02201854,1,0
0.02201872,1,1
0.02202204,1,0
0.02202222,1,1
0.02202554,1,0
0.02202572,1,1
0.02202904,1,0
0.02202922,1,1
0.02203254,1,0
0.02203272,1,1
0.02203604,1,0
0.02203622,1,1
0.02203954,1,0
0.02203972,1,1
0.02204304,1,0
0.02204338,1,1
0.0220467,1,0
0.02204688,1,1
0.0220502,1,0
0.02205038,1,1
0.0220537,1,0
0.02205388,1,1
0.0220572,1,0
0.02205738,1,1
0.0220607,1,0
0.02206088,1,1
0.0220642,1,0
0.02206438,1,1
0.0220677,1,0
0.02206788,1,1
0.0220712,1,0
0.02207138,1,1
0.0220747,1,0
0.02207488,1,1
0.0220782,1,0
0.02207838,1,1
0.0220817,1,0
0.02208188,1,1
0.0220852,1,0
0.02208538,1,1
0.0220887,1,0
0.02208888,1,1
0.0220922,1,0
0.02209254,1,1
0.02209586,1,0
0.02209604,1,1
0.02209936,1,0
0.02209954,1,1
0.02210286,1,0
0.02210304,1,1
0.02210636,1,0
0.02210654,1,1
0.02210986,1,0
0.02211004,1,1
0.02211336,1,0
0.02211354,1,1
0.02211686,1,0
0.02211704,1,1
0.02212036,1,0
0.02212054,1,1
0.02212386,1,0
0.02212404,1,1
0.02212736,1,0
0.02212754,1,1
0.02213086,1,0
0.02213104,1,1
0.02213436,1,0
0.02213454,1,1
0.02213786,1,0
0.02213804,1,1
0.02214136,1,0
0.0221417,1,1
0.02214504,1,0
0.0221452,1,1
0.02214854,1,0
0.0221487,1,1
0.02215204,1,0
0.0221522,1,1
0.02215554,1,0
0.0221557,1,1
0.02215902,1,0
0.0221592,1,1
0.02216252,1,0
0.0221627,1,1
0.02216602,1,0
0.0221662,1,1
0.02216952,1,0
0.0221697,1,1
0.02217302,1,0
0.0221732,1,1
0.02217652,1,0
0.0221767,1,1
0.02218002,1,0
0.0221802,1,1
0.02218352,1,0
0.0221837,1,1
0.02218702,1,0
0.0221872,1,1
0.02219052,1,0
0.0221907,1,1
0.02219402,1,0
0.02219436,1,1
0.0221977,1,0
0.02219786,1,1
0.0222012,1,0
0.02220136,1,1
0.0222047,1,0
0.02220486,1,1
0.0222082,1,0
0.02220836,1,1
0.0222117,1,0
0.02221186,1,1
0.0222152,1,0
0.02221536,1,1
0.0222187,1,0
0.02221886,1,1
0.02222218,1,0
0.02222236,1,1
0.02222568,1,0
0.02222586,1,1
0.02222918,1,0
0.02222936,1,1
0.02223268,1,0
0.02223286,1,1
0.02223618,1,0
0.02223636,1,1
0.02223968,1,0
0.02223986,1,1
0.02224318,1,0
0.02224352,1,1
0.02224686,1,0
0.02224702,1,1
0.02225036,1,0
0.02225052,1,1
0.02225386,1,0
0.02225402,1,1
0.02225736,1,0
0.02225752,1,1
0.02226086,1,0
0.02226102,1,1
0.02226436,1,0
0.02226452,1,1
0.02226786,1,0
0.02226802,1,1
0.02227136,1,0
0.02227152,1,1
0.02227486,1,0
0.02227502,1,1
0.02227836,1,0
0.02227852,1,1
0.02228186,1,0
0.02228202,1,1
0.02228536,1,0
0.02228552,1,1
0.02228884,1,0
0.02228902,1,1
0.02229234,1,0
0.02229268,1,1
0.02229602,1,0
0.02229618,1,1
0.02229952,1,0
0.02229968,1,1
0.02230302,1,0
0.02230318,1,1
0.02230652,1,0
0.02230668,1,1
0.02231002,1,0
0.02231018,1,1
0.02231352,1,0
0.02231368,1,1
0.02231702,1,0
0.02231718,1,1
0.02232052,1,0
0.02232068,1,1
0.02232402,1,0
0.02232418,1,1
0.02232752,1,0
0.02232768,1,1
0.02233102,1,0
0.02233118,1,1
0.02233452,1,0
0.02233468,1,1
0.02233802,1,0
0.02233818,1,1
0.02234152,1,0
0.02234168,1,1
0.02234502,1,0
0.02234534,1,1
0.02234868,1,0
0.02234884,1,1
0.02235218,1,0
0.02235234,1,1
0.02235568,1,0
0.02235584,1,1
0.02235918,1,0
0.02235934,1,1
0.02236268,1,0
0.02236284,1,1
0.02236618,1,0
0.02236634,1,1
0.02236968,1,0
0.02236984,1,1
0.02237318,1,0
0.02237334,1,1
0.02237668,1,0
0.02237684,1,1
0.02238018,1,0
0.02238034,1,1
0.02238368,1,0
0.02238384,1,1
0.02238718,1,0
0.02238734,1,1
0.02239068,1,0
0.02239084,1,1
0.02239418,1,0
0.0223945,1,1
0.02239784,1,0
0.022398,1,1
0.02240134,1,0
0.0224015,1,1
0.02240484,1,0
0.022405,1,1
0.02240834,1,0
0.0224085,1,1
0.02241184,1,0
0.022412,1,1
0.02241534,1,0
0.0224155,1,1
0.02241884,1,0
0.022419,1,1
0.02242234,1,0
0.0224225,1,1
0.02242584,1,0
0.022426,1,1
0.02242934,1,0
0.0224295,1,1
0.02243284,1,0
0.022433,1,1
0.02243634,1,0
0.0224365,1,1
0.02243984,1,0
0.02244,1,1
0.02244334,1,0
0.02244368,1,1
0.022447,1,0
0.02244716,1,1
0.0224505,1,0
0.02245066,1,1
0.022454,1,0
0.02245416,1,1
0.0224575,1,0
0.02245766,1,1
0.022461,1,0
0.02246116,1,1
0.0224645,1,0
0.02246466,1,1
0.022468,1,0
0.02246816,1,1
0.0224715,1,0
0.02247166,1,1
0.022475,1,0
0.02247516,1,1
0.0224785,1,0
0.02247866,1,1
0.022482,1,0
0.02248216,1,1
0.0224855,1,0
0.02248566,1,1
0.022489,1,0
0.02248916,1,1
0.0224925,1,0
0.02249266,1,1
0.022496,1,0
0.02249634,1,1
0.02249966,1,0
0.02249984,1,1
0.02250316,1,0
0.02250334,1,1
0.02250666,1,0
0.02250684,1,1
0.02251016,1,0
0.02251034,1,1
0.02251366,1,0
0.02251382,1,1
0.02251716,1,0
0.02251732,1,1
0.02252066,1,0
0.02252082,1,1
0.02252416,1,0
0.02252432,1,1
0.02252766,1,0
0.02252782,1,1
0.02253116,1,0
0.02253132,1,1
0.02253466,1,0
0.02253482,1,1
0.02253816,1,0
0.02253832,1,1
0.02254166,1,0
0.02254182,1,1
0.02254516,1,0
0.0225455,1,1
0.02254882,1,0
0.022549,1,1
0.02255232,1,0
0.0225525,1,1
0.02255582,1,0
0.022556,1,1
0.02255932,1,0
0.0225595,1,1
0.02256282,1,0
0.022563,1,1
0.02256632,1,0
0.0225665,1,1
0.02256982,1,0
0.02257,1,1
0.02257332,1,0
0.0225735,1,1
0.02257682,1,0
0.02257698,1,1
0.02258032,1,0
0.02258048,1,1
0.02258382,1,0
0.02258398,1,1
0.02258732,1,0
0.02258748,1,1
0.02259082,1,0
0.02259098,1,1
0.02259432,1,0
0.02259466,1,1
0.02259798,1,0
0.02259816,1,1
0.02260148,1,0
0.02260166,1,1
0.02260498,1,0
0.02260516,1,1
0.02260848,1,0
0.02260866,1,1
0.02261198,1,0
0.02261216,1,1
0.02261548,1,0
0.02261566,1,1
0.02261898,1,0
0.02261916,1,1
0.02262248,1,0
0.02262266,1,1
0.02262598,1,0
0.02262616,1,1
0.02262948,1,0
0.02262966,1,1
0.02263298,1,0
0.02263316,1,1
0.02263648,1,0
0.02263666,1,1
0.02263998,1,0
0.02264016,1,1
0.02264348,1,0
0.02264364,1,1
0.02264698,1,0
0.02264732,1,1
0.02265064,1,0
0.02265082,1,1
0.02265414,1,0
0.02265432,1,1
0.02265764,1,0
0.02265782,1,1
0.02266114,1,0
0.02266132,1,1
0.02266464,1,0
0.02266482,1,1
0.02266814,1,0
0.02266832,1,1
0.02267164,1,0
0.02267182,1,1
0.02267514,1,0
0.02267532,1,1
0.02267864,1,0
0.02267882,1,1
0.02268214,1,0
0.02268232,1,1
0.02268564,1,0
0.02268582,1,1
0.02268914,1,0
0.02268932,1,1
0.02269264,1,0
0.02269282,1,1
0.02269614,1,0
0.02269648,1,1
0.0226998,1,0
0.02269998,1,1
0.0227033,1,0
0.02270348,1,1
0.0227068,1,0
0.02270698,1,1
0.0227103,1,0
0.02271048,1,1
0.0227138,1,0
0.02271398,1,1
0.0227173,1,0
0.02271748,1,1
0.0227208,1,0
0.02272098,1,1
0.0227243,1,0
0.02272448,1,1
0.0227278,1,0
0.02272798,1,1
0.0227313,1,0
0.02273148,1,1
0.0227348,1,0
0.02273498,1,1
0.0227383,1,0
0.02273848,1,1
0.0227418,1,0
0.02274198,1,1
0.0227453,1,0
0.02274564,1,1
0.02274898,1,0
0.02274914,1,1
0.02275248,1,0
0.02275264,1,1
0.02275596,1,0
0.02275614,1,1
0.02275946,1,0
0.02275964,1,1
0.02276296,1,0
0.02276314,1,1
0.02276646,1,0
0.02276664,1,1
0.02276996,1,0
0.02277014,1,1
0.02277346,1,0
0.02277364,1,1
0.02277696,1,0
0.02277714,1,1
0.02278046,1,0
0.02278064,1,1
0.02278396,1,0
0.02278414,1,1
0.02278746,1,0
0.02278764,1,1
0.02279096,1,0
0.02279114,1,1
0.02279446,1,0
0.02279464,1,1
0.02279796,1,0
0.0227983,1,1
0.02280164,1,0
0.0228018,1,1
0.02280514,1,0
0.0228053,1,1
0.02280864,1,0
0.0228088,1,1
0.02281214,1,0
0.0228123,1,1
0.02281564,1,0
0.0228158,1,1
0.02281912,1,0
0.0228193,1,1
0.02282262,1,0
0.0228228,1,1
0.02282612,1,0
0.0228263,1,1
0.02282962,1,0
0.0228298,1,1
0.02283312,1,0
0.0228333,1,1
0.02283662,1,0
0.0228368,1,1
0.02284012,1,0
0.0228403,1,1
0.02284362,1,0
0.0228438,1,1
0.02284712,1,0
0.02284746,1,1
0.0228508,1,0
0.02285096,1,1
0.0228543,1,0
0.02285446,1,1
0.0228578,1,0
0.02285796,1,1
0.0228613,1,0
0.02286146,1,1
0.0228648,1,0
0.02286496,1,1
0.0228683,1,0
0.02286846,1,1
0.0228718,1,0
0.02287196,1,1
0.0228753,1,0
0.02287546,1,1
0.0228788,1,0
0.02287896,1,1
0.0228823,1,0
0.02288246,1,1
0.02288578,1,0
0.02288596,1,1
0.02288928,1,0
0.02288946,1,1
0.02289278,1,0
0.02289296,1,1
0.02289628,1,0
0.02289662,1,1
0.02289996,1,0
0.02290012,1,1
0.02290346,1,0
0.02290362,1,1
0.02290696,1,0
0.02290712,1,1
0.02291046,1,0
0.02291062,1,1
0.02291396,1,0
0.02291412,1,1
0.02291746,1,0
0.02291762,1,1
0.02292096,1,0
0.02292112,1,1
0.02292446,1,0
0.02292462,1,1
0.02292796,1,0
0.02292812,1,1
0.02293146,1,0
0.02293162,1,1
0.02293496,1,0
0.02293512,1,1
0.02293846,1,0
0.02293862,1,1
0.02294196,1,0
0.02294212,1,1
0.02294546,1,0
0.02294562,1,1
0.02294896,1,0
0.02294928,1,1
0.02295262,1,0
0.02295278,1,1
0.02295612,1,0
0.02295628,1,1
0.02295962,1,0
0.02295978,1,1
0.02296312,1,0
0.02296328,1,1
0.02296662,1,0
0.02296678,1,1
0.02297012,1,0
0.02297028,1,1
0.02297362,1,0
0.02297378,1,1
0.02297712,1,0
0.02297728,1,1
0.02298062,1,0
0.02298078,1,1
0.02298412,1,0
0.02298428,1,1
0.02298762,1,0
0.02298778,1,1
0.02299112,1,0
0.02299128,1,1
0.02299462,1,0
0.02299478,1,1
0.02299812,1,0
0.02299844,1,1
0.02300178,1,0
0.02300194,1,1
0.02300528,1,0
0.02300544,1,1
0.02300878,1,0
0.02300894,1,1
0.02301228,1,0
0.02301244,1,1
0.02301578,1,0
0.02301594,1,1
0.02301928,1,0
0.02301944,1,1
0.02302278,1,0
0.02302294,1,1
0.02302628,1,0
0.02302644,1,1
0.02302978,1,0
0.02302994,1,1
0.02303328,1,0
0.02303344,1,1
0.02303678,1,0
0.02303694,1,1
0.02304028,1,0
0.02304044,1,1
0.02304378,1,0
0.02304394,1,1
0.02304728,1,0
0.0230476,1,1
0.02305094,1,0
0.0230511,1,1
0.02305444,1,0
0.0230546,1,1
0.02305794,1,0
0.0230581,1,1
0.02306144,1,0
0.0230616,1,1
0.02306494,1,0
0.0230651,1,1
0.02306844,1,0
0.0230686,1,1
0.02307194,1,0
0.0230721,1,1
0.02307544,1,0
0.0230756,1,1
0.02307894,1,0
0.0230791,1,1
0.02308244,1,0
0.0230826,1,1
0.02308594,1,0
0.0230861,1,1
0.02308944,1,0
0.0230896,1,1
0.02309294,1,0
0.0230931,1,1
0.02309644,1,0
0.0230966,1,1
0.02309994,1,0
0.02310028,1,1
0.0231036,1,0
0.02310378,1,1
0.0231071,1,0
0.02310726,1,1
0.0231106,1,0
0.02311076,1,1
0.0231141,1,0
0.02311426,1,1
0.0231176,1,0
0.02311776,1,1
0.0231211,1,0
0.02312126,1,1
0.0231246,1,0
0.02312476,1,1
0.0231281,1,0
0.02312826,1,1
0.0231316,1,0
0.02313176,1,1
0.0231351,1,0
0.02313526,1,1
0.0231386,1,0
0.02313876,1,1
0.0231421,1,0
0.02314226,1,1
0.0231456,1,0
0.02314576,1,1
0.0231491,1,0
0.02314944,1,1
0.02315276,1,0
0.02315294,1,1
0.02315626,1,0
0.02315644,1,1
0.02315976,1,0
0.02315994,1,1
0.02316326,1,0
0.02316344,1,1
0.02316676,1,0
0.02316694,1,1
0.02317026,1,0
0.02317044,1,1
0.02317376,1,0
0.02317392,1,1
0.02317726,1,0
0.02317742,1,1
0.02318076,1,0
0.02318092,1,1
0.02318426,1,0
0.02318442,1,1
0.02318776,1,0
0.02318792,1,1
0.02319126,1,0
0.02319142,1,1
0.02319476,1,0
0.02319492,1,1
0.02319826,1,0
0.0231986,1,1
0.02320192,1,0
0.0232021,1,1
0.02320542,1,0
0.0232056,1,1
0.02320892,1,0
0.0232091,1,1
0.02321242,1,0
0.0232126,1,1
0.02321592,1,0
0.0232161,1,1
0.02321942,1,0
0.0232196,1,1
0.02322292,1,0
0.0232231,1,1
0.02322642,1,0
0.0232266,1,1
0.02322992,1,0
0.0232301,1,1
0.02323342,1,0
0.0232336,1,1
0.02323692,1,0
0.0232371,1,1
0.02324042,1,0
0.02324058,1,1
0.02324392,1,0
0.02324408,1,1
0.02324742,1,0
0.02324776,1,1
0.02325108,1,0
0.02325126,1,1
0.02325458,1,0
0.02325476,1,1
0.02325808,1,0
0.02325826,1,1
0.02326158,1,0
0.02326176,1,1
0.02326508,1,0
0.02326526,1,1
0.02326858,1,0
0.02326876,1,1
0.02327208,1,0
0.02327226,1,1
0.02327558,1,0
0.02327576,1,1
0.02327908,1,0
0.02327926,1,1
0.02328258,1,0
0.02328276,1,1
0.02328608,1,0
0.02328626,1,1
0.02328958,1,0
0.02328976,1,1
0.02329308,1,0
0.02329326,1,1
0.02329658,1,0
0.02329676,1,1
0.02330008,1,0
0.02330042,1,1
0.02330374,1,0
0.02330392,1,1
0.02330724,1,0
0.02330742,1,1
0.02331074,1,0
0.02331092,1,1
0.02331424,1,0
0.02331442,1,1
0.02331774,1,0
0.02331792,1,1
0.02332124,1,0
0.02332142,1,1
0.02332474,1,0
0.02332492,1,1
0.02332824,1,0
0.02332842,1,1
0.02333174,1,0
0.02333192,1,1
0.02333524,1,0
0.02333542,1,1
0.02333874,1,0
0.02333892,1,1
0.02334224,1,0
0.02334242,1,1
0.02334574,1,0
0.02334592,1,1
0.02334924,1,0
0.02334958,1,1
0.0233529,1,0
0.02335308,1,1
0.0233564,1,0
0.02335658,1,1
0.0233599,1,0
0.02336008,1,1
0.0233634,1,0
0.02336358,1,1
0.0233669,1,0
0.02336708,1,1
0.0233704,1,0
0.02337058,1,1
0.0233739,1,0
0.02337408,1,1
0.0233774,1,0
0.02337758,1,1
0.0233809,1,0
0.02338108,1,1
0.0233844,1,0
0.02338458,1,1
0.0233879,1,0
0.02338808,1,1
0.0233914,1,0
0.02339158,1,1
0.0233949,1,0
0.02339508,1,1
0.0233984,1,0
0.02339858,1,1
0.0234019,1,0
0.02340224,1,1
0.02340558,1,0
0.02340574,1,1
0.02340908,1,0
0.02340924,1,1
0.02341258,1,0
0.02341274,1,1
0.02341606,1,0
0.02341624,1,1
0.02341956,1,0
0.02341974,1,1
0.02342306,1,0
0.02342324,1,1
0.02342656,1,0
0.02342674,1,1
0.02343006,1,0
0.02343024,1,1
0.02343356,1,0
0.02343374,1,1
0.02343706,1,0
0.02343724,1,1
0.02344056,1,0
0.02344074,1,1
0.02344406,1,0
0.02344424,1,1
0.02344756,1,0
0.02344774,1,1
0.02345106,1,0
0.0234514,1,1
0.02345474,1,0
0.0234549,1,1
0.02345824,1,0
0.0234584,1,1
0.02346174,1,0
0.0234619,1,1
0.02346524,1,0
0.0234654,1,1
0.02346874,1,0
0.0234689,1,1
0.02347224,1,0
0.0234724,1,1
0.02347574,1,0
0.0234759,1,1
0.02347924,1,0
0.0234794,1,1
0.02348272,1,0
0.0234829,1,1
0.02348622,1,0
0.0234864,1,1
0.02348972,1,0
0.0234899,1,1
0.02349322,1,0
0.0234934,1,1
0.02349672,1,0
0.0234969,1,1
0.02350022,1,0
0.02350056,1,1
0.0235039,1,0
0.02350406,1,1
0.0235074,1,0
0.02350756,1,1
0.0235109,1,0
0.02351106,1,1
0.0235144,1,0
0.02351456,1,1
0.0235179,1,0
0.02351806,1,1
0.0235214,1,0
0.02352156,1,1
0.0235249,1,0
0.02352506,1,1
0.0235284,1,0
0.02352856,1,1
0.0235319,1,0
0.02353206,1,1
0.0235354,1,0
0.02353556,1,1
0.0235389,1,0
0.02353906,1,1
0.0235424,1,0
0.02354256,1,1
0.02354588,1,0
0.02354606,1,1
0.02354938,1,0
0.02354972,1,1
0.02355306,1,0
0.02355322,1,1
0.02355656,1,0
0.02355672,1,1
0.02356006,1,0
0.02356022,1,1
0.02356356,1,0
0.02356372,1,1
0.02356706,1,0
0.02356722,1,1
0.02357056,1,0
0.02357072,1,1
0.02357406,1,0
0.02357422,1,1
0.02357756,1,0
0.02357772,1,1
0.02358106,1,0
0.02358122,1,1
0.02358456,1,0
0.02358472,1,1
0.02358806,1,0
0.02358822,1,1
0.02359156,1,0
0.02359172,1,1
0.02359506,1,0
0.02359522,1,1
0.02359856,1,0
0.02359872,1,1
0.02360206,1,0
0.02360238,1,1
0.02360572,1,0
0.02360588,1,1
0.02360922,1,0
0.02360938,1,1
0.02361272,1,0
0.02361288,1,1
0.02361622,1,0
0.02361638,1,1
0.02361972,1,0
0.02361988,1,1
0.02362322,1,0
0.02362338,1,1
0.02362672,1,0
0.02362688,1,1
0.02363022,1,0
0.02363038,1,1
0.02363372,1,0
0.02363388,1,1
0.02363722,1,0
0.02363738,1,1
0.02364072,1,0
0.02364088,1,1
0.02364422,1,0
0.02364438,1,1
0.02364772,1,0
0.02364788,1,1
0.02365122,1,0
0.02365154,1,1
0.02365488,1,0
0.02365504,1,1
0.02365838,1,0
0.02365854,1,1
0.02366188,1,0
0.02366204,1,1
0.02366538,1,0
0.02366554,1,1
0.02366888,1,0
0.02366904,1,1
0.02367238,1,0
0.02367254,1,1
0.02367588,1,0
0.02367604,1,1
0.02367938,1,0
0.02367954,1,1
0.02368288,1,0
0.02368304,1,1
0.02368638,1,0
0.02368654,1,1
0.02368988,1,0
0.02369004,1,1
0.02369338,1,0
0.02369354,1,1
0.02369688,1,0
0.02369704,1,1
0.02370038,1,0
0.02370072,1,1
0.02370404,1,0
0.0237042,1,1
0.02370754,1,0
0.0237077,1,1
0.02371104,1,0
0.0237112,1,1
0.02371454,1,0
0.0237147,1,1
0.02371804,1,0
0.0237182,1,1
0.02372154,1,0
0.0237217,1,1
0.02372504,1,0
0.0237252,1,1
0.02372854,1,0
0.0237287,1,1
0.02373204,1,0
0.0237322,1,1
0.02373554,1,0
0.0237357,1,1
0.02373904,1,0
0.0237392,1,1
0.02374254,1,0
0.0237427,1,1
0.02374604,1,0
0.0237462,1,1
0.02374954,1,0
0.0237497,1,1
0.02375304,1,0
0.02375338,1,1
0.0237567,1,0
0.02375688,1,1
0.0237602,1,0
0.02376038,1,1
0.0237637,1,0
0.02376388,1,1
0.0237672,1,0
0.02376738,1,1
0.0237707,1,0
0.02377086,1,1
0.0237742,1,0
0.02377436,1,1
0.0237777,1,0
0.02377786,1,1
0.0237812,1,0
0.02378136,1,1
0.0237847,1,0
0.02378486,1,1
0.0237882,1,0
0.02378836,1,1
0.0237917,1,0
0.02379186,1,1
0.0237952,1,0
0.02379536,1,1
0.0237987,1,0
0.02379886,1,1
0.0238022,1,0
0.02380254,1,1
0.02380586,1,0
0.02380604,1,1
0.02380936,1,0
0.02380954,1,1
0.02381286,1,0
0.02381304,1,1
0.02381636,1,0
0.02381654,1,1
0.02381986,1,0
0.02382004,1,1
0.02382336,1,0
0.02382354,1,1
0.02382686,1,0
0.02382704,1,1
0.02383036,1,0
0.02383054,1,1
0.02383386,1,0
0.02383402,1,1
0.02383736,1,0
0.02383752,1,1
0.02384086,1,0
0.02384102,1,1
0.02384436,1,0
0.02384452,1,1
0.02384786,1,0
0.02384802,1,1
0.02385136,1,0
0.0238517,1,1
0.02385502,1,0
0.0238552,1,1
0.02385852,1,0
0.0238587,1,1
0.02386202,1,0
0.0238622,1,1
0.02386552,1,0
0.0238657,1,1
0.02386902,1,0
0.0238692,1,1
0.02387252,1,0
0.0238727,1,1
0.02387602,1,0
0.0238762,1,1
0.02387952,1,0
0.0238797,1,1
0.02388302,1,0
0.0238832,1,1
0.02388652,1,0
0.0238867,1,1
0.02389002,1,0
0.0238902,1,1
0.02389352,1,0
0.0238937,1,1
0.02389702,1,0
0.0238972,1,1
0.02390052,1,0
0.02390068,1,1
0.02390402,1,0
0.02390436,1,1
0.02390768,1,0
0.02390786,1,1
0.02391118,1,0
0.02391136,1,1
0.02391468,1,0
0.02391486,1,1
0.02391818,1,0
0.02391836,1,1
0.02392168,1,0
0.02392186,1,1
0.02392518,1,0
0.02392536,1,1
0.02392868,1,0
0.02392886,1,1
0.02393218,1,0
0.02393236,1,1
0.02393568,1,0
0.02393586,1,1
0.02393918,1,0
0.02393936,1,1
0.02394268,1,0
0.02394286,1,1
0.02394618,1,0
0.02394636,1,1
0.02394968,1,0
0.02394986,1,1
0.02395318,1,0
0.02395352,1,1
0.02395684,1,0
0.02395702,1,1
0.02396034,1,0
0.02396052,1,1
0.02396384,1,0
0.02396402,1,1
0.02396734,1,0
0.02396752,1,1
0.02397084,1,0
0.02397102,1,1
0.02397434,1,0
0.02397452,1,1
0.02397784,1,0
0.02397802,1,1
0.02398134,1,0
0.02398152,1,1
0.02398484,1,0
0.02398502,1,1
0.02398834,1,0
0.02398852,1,1
0.02399184,1,0
0.02399202,1,1
0.02399534,1,0
0.02399552,1,1
0.02399884,1,0
0.02399902,1,1
0.02400234,1,0
0.02400268,1,1
0.02400602,1,0
0.02400618,1,1
0.02400952,1,0
0.02400968,1,1
0.024013,1,0
0.02401318,1,1
0.0240165,1,0
0.02401668,1,1
0.02402,1,0
0.02402018,1,1
0.0240235,1,0
0.02402368,1,1
0.024027,1,0
0.02402718,1,1
0.0240305,1,0
0.02403068,1,1
0.024034,1,0
0.02403418,1,1
0.0240375,1,0
0.02403768,1,1
0.024041,1,0
0.02404118,1,1
0.0240445,1,0
0.02404468,1,1
0.024048,1,0
0.02404818,1,1
0.0240515,1,0
0.02405168,1,1
0.024055,1,0
0.02405534,1,1
0.02405868,1,0
0.02405884,1,1
0.02406218,1,0
0.02406234,1,1
0.02406568,1,0
0.02406584,1,1
0.02406918,1,0
0.02406934,1,1
0.02407268,1,0
0.02407284,1,1
0.02407616,1,0
0.02407634,1,1
0.02407966,1,0
0.02407984,1,1
0.02408316,1,0
0.02408334,1,1
0.02408666,1,0
0.02408684,1,1
0.02409016,1,0
0.02409034,1,1
0.02409366,1,0
0.02409384,1,1
0.02409716,1,0
0.02409734,1,1
0.02410066,1,0
0.02410084,1,1
0.02410416,1,0
0.0241045,1,1
0.02410784,1,0
0.024108,1,1
0.02411134,1,0
0.0241115,1,1
0.02411484,1,0
0.024115,1,1
0.02411834,1,0
0.0241185,1,1
0.02412184,1,0
0.024122,1,1
0.02412534,1,0
0.0241255,1,1
0.02412884,1,0
0.024129,1,1
0.02413234,1,0
0.0241325,1,1
0.02413584,1,0
0.024136,1,1
0.02413934,1,0
0.0241395,1,1
0.02414282,1,0
0.024143,1,1
0.02414632,1,0
0.0241465,1,1
0.02414982,1,0
0.02415,1,1
0.02415332,1,0
0.02415366,1,1
0.024157,1,0
0.02415716,1,1
0.0241605,1,0
0.02416066,1,1
0.024164,1,0
0.02416416,1,1
0.0241675,1,0
0.02416766,1,1
0.024171,1,0
0.02417116,1,1
0.0241745,1,0
0.02417466,1,1
0.024178,1,0
0.02417816,1,1
0.0241815,1,0
0.02418166,1,1
0.024185,1,0
0.02418516,1,1
0.0241885,1,0
0.02418866,1,1
0.024192,1,0
0.02419216,1,1
0.0241955,1,0
0.02419566,1,1
0.024199,1,0
0.02419916,1,1
0.0242025,1,0
0.02420266,1,1
0.024206,1,0
0.02420632,1,1
0.02420966,1,0
0.02420982,1,1
0.02421316,1,0
0.02421332,1,1
0.02421666,1,0
0.02421682,1,1
0.02422016,1,0
0.02422032,1,1
0.02422366,1,0
0.02422382,1,1
0.02422716,1,0
0.02422732,1,1
0.02423066,1,0
0.02423082,1,1
0.02423416,1,0
0.02423432,1,1
0.02423766,1,0
0.02423782,1,1
0.02424116,1,0
0.02424132,1,1
0.02424466,1,0
0.02424482,1,1
0.02424816,1,0
0.02424832,1,1
0.02425166,1,0
0.02425182,1,1
0.02425516,1,0
0.02425548,1,1
0.02425882,1,0
0.02425898,1,1
0.02426232,1,0
0.02426248,1,1
0.02426582,1,0
0.02426598,1,1
0.02426932,1,0
0.02426948,1,1
0.02427282,1,0
0.02427298,1,1
0.02427632,1,0
0.02427648,1,1
0.02427982,1,0
0.02427998,1,1
0.02428332,1,0
0.02428348,1,1
0.02428682,1,0
0.02428698,1,1
0.02429032,1,0
0.02429048,1,1
0.02429382,1,0
0.02429398,1,1
0.02429732,1,0
0.02429748,1,1
0.02430082,1,0
0.02430098,1,1
0.02430432,1,0
0.02430464,1,1
0.02430798,1,0
0.02430814,1,1
0.02431148,1,0
0.02431164,1,1
0.02431498,1,0
0.02431514,1,1
0.02431848,1,0
0.02431864,1,1
0.02432198,1,0
0.02432214,1,1
0.02432548,1,0
0.02432564,1,1
0.02432898,1,0
0.02432914,1,1
0.02433248,1,0
0.02433264,1,1
0.02433598,1,0
0.02433614,1,1
0.02433948,1,0
0.02433964,1,1
0.02434298,1,0
0.02434314,1,1
0.02434648,1,0
0.02434664,1,1
0.02434998,1,0
0.02435014,1,1
0.02435348,1,0
0.02435364,1,1
0.02435698,1,0
0.02435732,1,1
0.02436064,1,0
0.02436082,1,1
0.02436414,1,0
0.02436432,1,1
0.02436764,1,0
0.0243678,1,1
0.02437114,1,0
0.0243713,1,1
0.02437464,1,0
0.0243748,1,1
0.02437814,1,0
0.0243783,1,1
0.02438164,1,0
0.0243818,1,1
0.02438514,1,0
0.0243853,1,1
0.02438864,1,0
0.0243888,1,1
0.02439214,1,0
0.0243923,1,1
0.02439564,1,0
0.0243958,1,1
0.02439914,1,0
0.0243993,1,1
0.02440264,1,0
0.0244028,1,1
0.02440614,1,0
0.02440648,1,1
0.0244098,1,0
0.02440998,1,1
0.0244133,1,0
0.02441348,1,1
0.0244168,1,0
0.02441698,1,1
0.0244203,1,0
0.02442048,1,1
0.0244238,1,0
0.02442398,1,1
0.0244273,1,0
0.02442748,1,1
0.0244308,1,0
0.02443096,1,1
0.0244343,1,0
0.02443446,1,1
0.0244378,1,0
0.02443796,1,1
0.0244413,1,0
0.02444146,1,1
0.0244448,1,0
0.02444496,1,1
0.0244483,1,0
0.02444846,1,1
0.0244518,1,0
0.02445196,1,1
0.0244553,1,0
0.02445564,1,1
0.02445896,1,0
0.02445914,1,1
0.02446246,1,0
0.02446264,1,1
0.02446596,1,0
0.02446614,1,1
0.02446946,1,0
0.02446964,1,1
0.02447296,1,0
0.02447314,1,1
0.02447646,1,0
0.02447664,1,1
0.02447996,1,0
0.02448014,1,1
0.02448346,1,0
0.02448364,1,1
0.02448696,1,0
0.02448714,1,1
0.02449046,1,0
0.02449064,1,1
0.02449396,1,0
0.02449414,1,1
0.02449746,1,0
0.02449762,1,1
0.02450096,1,0
0.02450112,1,1
0.02450446,1,0
0.02450462,1,1
0.02450796,1,0
0.0245083,1,1
0.02451162,1,0
0.0245118,1,1
0.02451512,1,0
0.0245153,1,1
0.02451862,1,0
0.0245188,1,1
0.02452212,1,0
0.0245223,1,1
0.02452562,1,0
0.0245258,1,1
0.02452912,1,0
0.0245293,1,1
0.02453262,1,0
0.0245328,1,1
0.02453612,1,0
0.0245363,1,1
0.02453962,1,0
0.0245398,1,1
0.02454312,1,0
0.0245433,1,1
0.02454662,1,0
0.0245468,1,1
0.02455012,1,0
0.0245503,1,1
0.02455362,1,0
0.0245538,1,1
0.02455712,1,0
0.02455746,1,1
0.02456078,1,0
0.02456096,1,1
0.02456428,1,0
0.02456446,1,1
0.02456778,1,0
0.02456796,1,1
0.02457128,1,0
0.02457146,1,1
0.02457478,1,0
0.02457496,1,1
0.02457828,1,0
0.02457846,1,1
0.02458178,1,0
0.02458196,1,1
0.02458528,1,0
0.02458546,1,1
0.02458878,1,0
0.02458896,1,1
0.02459228,1,0
0.02459246,1,1
0.02459578,1,0
0.02459596,1,1
0.02459928,1,0
0.02459946,1,1
0.02460278,1,0
0.02460296,1,1
0.02460628,1,0
0.02460662,1,1
0.02460994,1,0
0.02461012,1,1
0.02461344,1,0
0.02461362,1,1
0.02461694,1,0
0.02461712,1,1
0.02462044,1,0
0.02462062,1,1
0.02462394,1,0
0.02462412,1,1
0.02462744,1,0
0.02462762,1,1
0.02463094,1,0
0.02463112,1,1
0.02463444,1,0
0.02463462,1,1
0.02463794,1,0
0.02463812,1,1
0.02464144,1,0
0.02464162,1,1
0.02464494,1,0
0.02464512,1,1
0.02464844,1,0
0.02464862,1,1
0.02465194,1,0
0.02465212,1,1
0.02465544,1,0
0.02465562,1,1
0.02465894,1,0
0.02465928,1,1
0.02466262,1,0
0.02466278,1,1
0.02466612,1,0
0.02466628,1,1
0.02466962,1,0
0.02466978,1,1
0.02467312,1,0
0.02467328,1,1
0.0246766,1,0
0.02467678,1,1
0.0246801,1,0
0.02468028,1,1
0.0246836,1,0
0.02468378,1,1
0.0246871,1,0
0.02468728,1,1
0.0246906,1,0
0.02469078,1,1
0.0246941,1,0
0.02469428,1,1
0.0246976,1,0
0.02469778,1,1
0.0247011,1,0
0.02470128,1,1
0.0247046,1,0
0.02470478,1,1
0.0247081,1,0
0.02470844,1,1
0.02471178,1,0
0.02471194,1,1
0.02471528,1,0
0.02471544,1,1
0.02471878,1,0
0.02471894,1,1
0.02472228,1,0
0.02472244,1,1
0.02472578,1,0
0.02472594,1,1
0.02472928,1,0
0.02472944,1,1
0.02473278,1,0
0.02473294,1,1
0.02473628,1,0
0.02473644,1,1
0.02473976,1,0
0.02473994,1,1
0.02474326,1,0
0.02474344,1,1
0.02474676,1,0
0.02474694,1,1
0.02475026,1,0
0.02475044,1,1
0.02475376,1,0
0.02475394,1,1
0.02475726,1,0
0.0247576,1,1
0.02476094,1,0
0.0247611,1,1
0.02476444,1,0
0.0247646,1,1
0.02476794,1,0
0.0247681,1,1
0.02477144,1,0
0.0247716,1,1
0.02477494,1,0
0.0247751,1,1
0.02477844,1,0
0.0247786,1,1
0.02478194,1,0
0.0247821,1,1
0.02478544,1,0
0.0247856,1,1
0.02478894,1,0
0.0247891,1,1
0.02479244,1,0
0.0247926,1,1
0.02479594,1,0
0.0247961,1,1
0.02479944,1,0
0.0247996,1,1
0.02480294,1,0
0.0248031,1,1
0.02480642,1,0
0.0248066,1,1
0.02480992,1,0
0.02481026,1,1
0.0248136,1,0
0.02481376,1,1
0.0248171,1,0
0.02481726,1,1
0.0248206,1,0
0.02482076,1,1
0.0248241,1,0
0.02482426,1,1
0.0248276,1,0
0.02482776,1,1
0.0248311,1,0
0.02483126,1,1
0.0248346,1,0
0.02483476,1,1
0.0248381,1,0
0.02483826,1,1
0.0248416,1,0
0.02484176,1,1
0.0248451,1,0
0.02484526,1,1
0.0248486,1,0
0.02484876,1,1
0.0248521,1,0
0.02485226,1,1
0.0248556,1,0
0.02485576,1,1
0.0248591,1,0
0.02485942,1,1
0.02486276,1,0
0.02486292,1,1
0.02486626,1,0
0.02486642,1,1
0.02486976,1,0
0.02486992,1,1
0.02487326,1,0
0.02487342,1,1
0.02487676,1,0
0.02487692,1,1
0.02488026,1,0
0.02488042,1,1
0.02488376,1,0
0.02488392,1,1
0.02488726,1,0
0.02488742,1,1
0.02489076,1,0
0.02489092,1,1
0.02489426,1,0
0.02489442,1,1
0.02489776,1,0
0.02489792,1,1
0.02490126,1,0
0.02490142,1,1
0.02490476,1,0
0.02490492,1,1
0.02490826,1,0
0.02490858,1,1
0.02491192,1,0
0.02491208,1,1
0.02491542,1,0
0.02491558,1,1
0.02491892,1,0
0.02491908,1,1
0.02492242,1,0
0.02492258,1,1
0.02492592,1,0
0.02492608,1,1
0.02492942,1,0
0.02492958,1,1
0.02493292,1,0
0.02493308,1,1
0.02493642,1,0
0.02493658,1,1
0.02493992,1,0
0.02494008,1,1
0.02494342,1,0
0.02494358,1,1
0.02494692,1,0
0.02494708,1,1
0.02495042,1,0
0.02495058,1,1
0.02495392,1,0
0.02495408,1,1
0.02495742,1,0
0.02495776,1,1
0.02496108,1,0
0.02496124,1,1
0.02496458,1,0
0.02496474,1,1
0.02496808,1,0
0.02496824,1,1
0.02497158,1,0
0.02497174,1,1
0.02497508,1,0
0.02497524,1,1
0.02497858,1,0
0.02497874,1,1
0.02498208,1,0
0.02498224,1,1
0.02498558,1,0
0.02498574,1,1
0.02498908,1,0
0.02498924,1,1
0.02499258,1,0
0.02499274,1,1
0.02499608,1,0
0.02499624,1,1
0.02499958,1,0
0.02499974,1,1
0.02500308,1,0
0.02500324,1,1
0.02500658,1,0
0.02500674,1,1
0.02501008,1,0
0.02501042,1,1
0.02501374,1,0
0.02501392,1,1
0.02501724,1,0
0.02501742,1,1
0.02502074,1,0
0.02502092,1,1
0.02502424,1,0
0.02502442,1,1
0.02502774,1,0
0.0250279,1,1
0.02503124,1,0
0.0250314,1,1
0.02503474,1,0
0.0250349,1,1
0.02503824,1,0
0.0250384,1,1
0.02504174,1,0
0.0250419,1,1
0.02504524,1,0
0.0250454,1,1
0.02504874,1,0
0.0250489,1,1
0.02505224,1,0
0.0250524,1,1
0.02505574,1,0
0.0250559,1,1
0.02505924,1,0
0.02505958,1,1
0.0250629,1,0
0.02506308,1,1
0.0250664,1,0
0.02506658,1,1
0.0250699,1,0
0.02507008,1,1
0.0250734,1,0
0.02507358,1,1
0.0250769,1,0
0.02507708,1,1
0.0250804,1,0
0.02508058,1,1
0.0250839,1,0
0.02508408,1,1
0.0250874,1,0
0.02508758,1,1
0.0250909,1,0
0.02509108,1,1
0.0250944,1,0
0.02509456,1,1
0.0250979,1,0
0.02509806,1,1
0.0251014,1,0
0.02510156,1,1
0.0251049,1,0
0.02510506,1,1
0.0251084,1,0
0.02510856,1,1
0.0251119,1,0
0.02511224,1,1
0.02511556,1,0
0.02511574,1,1
0.02511906,1,0
0.02511924,1,1
0.02512256,1,0
0.02512274,1,1
0.02512606,1,0
0.02512624,1,1
0.02512956,1,0
0.02512974,1,1
0.02513306,1,0
0.02513324,1,1
0.02513656,1,0
0.02513674,1,1
0.02514006,1,0
0.02514024,1,1
0.02514356,1,0
0.02514374,1,1
0.02514706,1,0
0.02514724,1,1
0.02515056,1,0
0.02515074,1,1
0.02515406,1,0
0.02515424,1,1
0.02515756,1,0
0.02515774,1,1
0.02516106,1,0
0.0251614,1,1
0.02516472,1,0
0.0251649,1,1
0.02516822,1,0
0.0251684,1,1
0.02517172,1,0
0.0251719,1,1
0.02517522,1,0
0.0251754,1,1
0.02517872,1,0
0.0251789,1,1
0.02518222,1,0
0.0251824,1,1
0.02518572,1,0
0.0251859,1,1
0.02518922,1,0
0.0251894,1,1
0.02519272,1,0
0.0251929,1,1
0.02519622,1,0
0.0251964,1,1
0.0252088,1,0
0.02520922,1,1
0.0252113,1,0
0.02521172,1,1
0.02521722,1,0
0.02521756,1,1
0.02521972,1,0
0.0252199,1,1
0.02522372,1,0
0.02522388,1,1
0.02522722,1,0
0.02522738,1,1
0.02523072,1,0
0.02523088,1,1
0.02523422,1,0
0.02523438,1,1
0.02523772,1,0
0.02523788,1,1
0.02524122,1,0
0.02524138,1,1
0.02524472,1,0
0.02524488,1,1
0.02524822,1,0
0.02524838,1,1
0.02525172,1,0
0.02525188,1,1
0.02525522,1,0
0.02525538,1,1
0.02525872,1,0
0.02525888,1,1
0.02526222,1,0
0.02526238,1,1
0.02526572,1,0
0.02526588,1,1
0.02526922,1,0
0.02526956,1,1
0.02527288,1,0
0.02527306,1,1
0.02527638,1,0
0.02527656,1,1
0.02527988,1,0
0.02528006,1,1
0.02528338,1,0
0.02528356,1,1
0.02528688,1,0
0.02528706,1,1
0.02529038,1,0
0.02529054,1,1
0.02529388,1,0
0.02529404,1,1
0.02529738,1,0
0.02529754,1,1
0.02530088,1,0
0.02530104,1,1
0.02530438,1,0
0.02530454,1,1
0.02530788,1,0
0.02530804,1,1
0.02531138,1,0
0.02531154,1,1
0.02531488,1,0
0.02531504,1,1
0.02531838,1,0
0.02531854,1,1
0.02532188,1,0
0.02532222,1,1
0.02532554,1,0
0.02532572,1,1
0.02532904,1,0
0.02532922,1,1
0.02533254,1,0
0.02533272,1,1
0.02533604,1,0
0.02533622,1,1
0.02533954,1,0
0.02533972,1,1
0.02534304,1,0
0.02534322,1,1
0.02534654,1,0
0.02534672,1,1
0.02535004,1,0
0.02535022,1,1
0.02535354,1,0
0.02535372,1,1
0.02535704,1,0
0.0253572,1,1
0.02536054,1,0
0.0253607,1,1
0.02536404,1,0
0.0253642,1,1
0.02536754,1,0
0.0253677,1,1
0.02537104,1,0
0.02537138,1,1
0.0253747,1,0
0.02537488,1,1
0.0253782,1,0
0.02537838,1,1
0.0253817,1,0
0.02538188,1,1
0.0253852,1,0
0.02538538,1,1
0.0253887,1,0
0.02538888,1,1
0.0253922,1,0
0.02539238,1,1
0.0253957,1,0
0.02539588,1,1
0.0253992,1,0
0.02539938,1,1
0.0254027,1,0
0.02540288,1,1
0.0254062,1,0
0.02540638,1,1
0.0254097,1,0
0.02540988,1,1
0.0254132,1,0
0.02541338,1,1
0.0254167,1,0
0.02541688,1,1
0.0254202,1,0
0.02542054,1,1
0.02542386,1,0
0.02542404,1,1
0.02542736,1,0
0.02542754,1,1
0.02543086,1,0
0.02543104,1,1
0.02543436,1,0
0.02543454,1,1
0.02543786,1,0
0.02543804,1,1
0.02544136,1,0
0.02544154,1,1
0.02544486,1,0
0.02544504,1,1
0.02544836,1,0
0.02544854,1,1
0.02545186,1,0
0.02545204,1,1
0.02545536,1,0
0.02545554,1,1
0.02545886,1,0
0.02545904,1,1
0.02546236,1,0
0.02546254,1,1
0.02546586,1,0
0.02546604,1,1
0.02546936,1,0
0.02546954,1,1
0.02547286,1,0
0.0254732,1,1
0.02547652,1,0
0.0254767,1,1
0.02548002,1,0
0.0254802,1,1
0.02548352,1,0
0.0254837,1,1
0.02548702,1,0
0.0254872,1,1
0.02549052,1,0
0.0254907,1,1
0.02549402,1,0
0.0254942,1,1
0.02549752,1,0
0.0254977,1,1
0.02550102,1,0
0.0255012,1,1
0.02550452,1,0
0.0255047,1,1
0.02550802,1,0
0.0255082,1,1
0.02551152,1,0
0.0255117,1,1
0.02551502,1,0
0.0255152,1,1
0.02551852,1,0
0.0255187,1,1
0.02552202,1,0
0.02552236,1,1
0.0255257,1,0
0.02552586,1,1
0.0255292,1,0
0.02552936,1,1
0.0255327,1,0
0.02553286,1,1
0.02553618,1,0
0.02553636,1,1
0.02553968,1,0
0.02553986,1,1
0.02554318,1,0
0.02554336,1,1
0.02554668,1,0
0.02554686,1,1
0.02555018,1,0
0.02555036,1,1
0.02555368,1,0
0.02555386,1,1
0.02555718,1,0
0.02555736,1,1
0.02556068,1,0
0.02556086,1,1
0.02556418,1,0
0.02556436,1,1
0.02556768,1,0
0.02556786,1,1
0.02557118,1,0
0.02557152,1,1
0.02557486,1,0
0.02557502,1,1
0.02557836,1,0
0.02557852,1,1
0.02558186,1,0
0.02558202,1,1
0.02558536,1,0
0.02558552,1,1
0.02558886,1,0
0.02558902,1,1
0.02559236,1,0
0.02559252,1,1
0.02559586,1,0
0.02559602,1,1
0.02559934,1,0
0.02559952,1,1
0.02560284,1,0
0.02560302,1,1
0.02560634,1,0
0.02560652,1,1
0.02560984,1,0
0.02561002,1,1
0.02561334,1,0
0.02561352,1,1
0.02561684,1,0
0.02561702,1,1
0.02562034,1,0
0.02562052,1,1
0.02562384,1,0
0.02562418,1,1
0.02562752,1,0
0.02562768,1,1
0.02563102,1,0
0.02563118,1,1
0.02563452,1,0
0.02563468,1,1
0.02563802,1,0
0.02563818,1,1
0.02564152,1,0
0.02564168,1,1
0.02564502,1,0
0.02564518,1,1
0.02564852,1,0
0.02564868,1,1
0.02565202,1,0
0.02565218,1,1
0.02565552,1,0
0.02565568,1,1
0.02565902,1,0
0.02565918,1,1
0.02566252,1,0
0.02566268,1,1
0.025666,1,0
0.02566618,1,1
0.0256695,1,0
0.02566968,1,1
0.025673,1,0
0.02567334,1,1
0.02567668,1,0
0.02567684,1,1
0.02568018,1,0
0.02568034,1,1
0.02568368,1,0
0.02568384,1,1
0.02568718,1,0
0.02568734,1,1
0.02569068,1,0
0.02569084,1,1
0.02569418,1,0
0.02569434,1,1
0.02569768,1,0
0.02569784,1,1
0.02570118,1,0
0.02570134,1,1
0.02570468,1,0
0.02570484,1,1
0.02570818,1,0
0.02570834,1,1
0.02571168,1,0
0.02571184,1,1
0.02571518,1,0
0.02571534,1,1
0.02571868,1,0
0.02571884,1,1
0.02572218,1,0
0.0257225,1,1
0.02572584,1,0
0.025726,1,1
0.02572934,1,0
0.0257295,1,1
0.02573284,1,0
0.025733,1,1
0.02573634,1,0
0.0257365,1,1
0.02573984,1,0
0.02574,1,1
0.02574334,1,0
0.0257435,1,1
0.02574684,1,0
0.025747,1,1
0.02575034,1,0
0.0257505,1,1
0.02575384,1,0
0.025754,1,1
0.02575734,1,0
0.0257575,1,1
0.02576084,1,0
0.025761,1,1
0.02576434,1,0
0.0257645,1,1
0.02576784,1,0
0.025768,1,1
0.02577134,1,0
0.0257715,1,1
0.02577484,1,0
0.02577516,1,1
0.0257785,1,0
0.02577866,1,1
0.025782,1,0
0.02578216,1,1
0.0257855,1,0
0.02578566,1,1
0.025789,1,0
0.02578916,1,1
0.0257925,1,0
0.02579266,1,1
0.025796,1,0
0.02579616,1,1
0.0257995,1,0
0.02579966,1,1
0.025803,1,0
0.02580316,1,1
0.0258065,1,0
0.02580666,1,1
0.02581,1,0
0.02581016,1,1
0.0258135,1,0
0.02581366,1,1
0.025817,1,0
0.02581716,1,1
0.0258205,1,0
0.02582066,1,1
0.025824,1,0
0.02582432,1,1
0.02582766,1,0
0.02582782,1,1
0.02583116,1,0
0.02583132,1,1
0.02583466,1,0
0.02583482,1,1
0.02583816,1,0
0.02583832,1,1
0.02584166,1,0
0.02584182,1,1
0.02584516,1,0
0.02584532,1,1
0.02584866,1,0
0.02584882,1,1
0.02585216,1,0
0.02585232,1,1
0.02585566,1,0
0.02585582,1,1
0.02585916,1,0
0.02585932,1,1
0.02586266,1,0
0.02586282,1,1
0.02586616,1,0
0.02586632,1,1
0.02586966,1,0
0.02586982,1,1
0.02587316,1,0
0.0258735,1,1
0.02587682,1,0
0.025877,1,1
0.02588032,1,0
0.0258805,1,1
0.02588382,1,0
0.025884,1,1
0.02588732,1,0
0.02588748,1,1
0.02589082,1,0
0.02589098,1,1
0.02589432,1,0
0.02589448,1,1
0.02589782,1,0
0.02589798,1,1
0.02590132,1,0
0.02590148,1,1
0.02590482,1,0
0.02590498,1,1
0.02590832,1,0
0.02590848,1,1
0.02591182,1,0
0.02591198,1,1
0.02591532,1,0
0.02591548,1,1
0.02591882,1,0
0.02591898,1,1
0.02592232,1,0
0.02592248,1,1
0.02592582,1,0
0.02592616,1,1
0.02592948,1,0
0.02592966,1,1
0.02593298,1,0
0.02593316,1,1
0.02593648,1,0
0.02593666,1,1
0.02593998,1,0
0.02594016,1,1
0.02594348,1,0
0.02594366,1,1
0.02594698,1,0
0.02594716,1,1
0.02595048,1,0
0.02595066,1,1
0.02595398,1,0
0.02595414,1,1
0.02595748,1,0
0.02595764,1,1
0.02596098,1,0
0.02596114,1,1
0.02596448,1,0
0.02596464,1,1
0.02596798,1,0
0.02596814,1,1
0.02597148,1,0
0.02597164,1,1
0.02597498,1,0
0.02597532,1,1
0.02597864,1,0
0.02597882,1,1
0.02598214,1,0
0.02598232,1,1
0.02598564,1,0
0.02598582,1,1
0.02598914,1,0
0.02598932,1,1
0.02599264,1,0
0.02599282,1,1
0.02599614,1,0
0.02599632,1,1
0.02599964,1,0
0.02599982,1,1
0.02600314,1,0
0.02600332,1,1
0.02600664,1,0
0.02600682,1,1
0.02601014,1,0
0.02601032,1,1
0.02601364,1,0
0.02601382,1,1
0.02601714,1,0
0.02601732,1,1
0.02602064,1,0
0.0260208,1,1
0.02602414,1,0
0.02602448,1,1
0.0260278,1,0
0.02602798,1,1
0.0260313,1,0
0.02603148,1,1
0.0260348,1,0
0.02603498,1,1
0.0260383,1,0
0.02603848,1,1
0.0260418,1,0
0.02604198,1,1
0.0260453,1,0
0.02604548,1,1
0.0260488,1,0
0.02604898,1,1
0.0260523,1,0
0.02605248,1,1
0.0260558,1,0
0.02605598,1,1
0.0260593,1,0
0.02605948,1,1
0.0260628,1,0
0.02606298,1,1
0.0260663,1,0
0.02606648,1,1
0.0260698,1,0
0.02606998,1,1
0.0260733,1,0
0.02607348,1,1
0.0260768,1,0
0.02607714,1,1
0.02608046,1,0
0.02608064,1,1
0.02608396,1,0
0.02608414,1,1
0.02608746,1,0
0.02608764,1,1
0.02609096,1,0
0.02609114,1,1
0.02609446,1,0
0.02609464,1,1
0.02609796,1,0
0.02609814,1,1
0.02610146,1,0
0.02610164,1,1
0.02610496,1,0
0.02610514,1,1
0.02610846,1,0
0.02610864,1,1
0.02611196,1,0
0.02611214,1,1
0.02611546,1,0
0.02611564,1,1
0.02611896,1,0
0.02611914,1,1
0.02612246,1,0
0.02612264,1,1
0.02612596,1,0
0.0261263,1,1
0.02612962,1,0
0.0261298,1,1
0.02613312,1,0
0.0261333,1,1
0.02613662,1,0
0.0261368,1,1
0.02614012,1,0
0.0261403,1,1
0.02614362,1,0
0.0261438,1,1
0.02614712,1,0
0.0261473,1,1
0.02615062,1,0
0.0261508,1,1
0.02615412,1,0
0.0261543,1,1
0.02615762,1,0
0.0261578,1,1
0.02616112,1,0
0.0261613,1,1
0.02616462,1,0
0.0261648,1,1
0.02616812,1,0
0.0261683,1,1
0.02617162,1,0
0.0261718,1,1
0.02617512,1,0
0.02617546,1,1
0.0261788,1,0
0.02617896,1,1
0.0261823,1,0
0.02618246,1,1
0.0261858,1,0
0.02618596,1,1
0.0261893,1,0
0.02618946,1,1
0.0261928,1,0
0.02619296,1,1
0.02619628,1,0
0.02619646,1,1
0.02619978,1,0
0.02619996,1,1
0.02620328,1,0
0.02620346,1,1
0.02620678,1,0
0.02620696,1,1
0.02621028,1,0
0.02621046,1,1
0.02621378,1,0
0.02621396,1,1
0.02621728,1,0
0.02621746,1,1
0.02622078,1,0
0.02622096,1,1
0.02622428,1,0
0.02622446,1,1
0.02622778,1,0
0.02622812,1,1
0.02623146,1,0
0.02623162,1,1
0.02623496,1,0
0.02623512,1,1
0.02623846,1,0
0.02623862,1,1
0.02624196,1,0
0.02624212,1,1
0.02624546,1,0
0.02624562,1,1
0.02624896,1,0
0.02624912,1,1
0.02625246,1,0
0.02625262,1,1
0.02625596,1,0
0.02625612,1,1
0.02625946,1,0
0.02625962,1,1
0.02626294,1,0
0.02626312,1,1
0.02626644,1,0
0.02626662,1,1
0.02626994,1,0
0.02627012,1,1
0.02627344,1,0
0.02627362,1,1
0.02627694,1,0
0.02627728,1,1
0.02628062,1,0
0.02628078,1,1
0.02628412,1,0
0.02628428,1,1
0.02628762,1,0
0.02628778,1,1
0.02629112,1,0
0.02629128,1,1
0.02629462,1,0
0.02629478,1,1
0.02629812,1,0
0.02629828,1,1
0.02630162,1,0
0.02630178,1,1
0.02630512,1,0
0.02630528,1,1
0.02630862,1,0
0.02630878,1,1
0.02631212,1,0
0.02631228,1,1
0.02631562,1,0
0.02631578,1,1
0.02631912,1,0
0.02631928,1,1
0.02632262,1,0
0.02632278,1,1
0.0263261,1,0
0.02632644,1,1
0.02632978,1,0
0.02632994,1,1
0.02633328,1,0
0.02633344,1,1
0.02633678,1,0
0.02633694,1,1
0.02634028,1,0
0.02634044,1,1
0.02634378,1,0
0.02634394,1,1
0.02634728,1,0
0.02634744,1,1
0.02635078,1,0
0.02635094,1,1
0.02635428,1,0
0.02635444,1,1
0.02635778,1,0
0.02635794,1,1
0.02636128,1,0
0.02636144,1,1
0.02636478,1,0
0.02636494,1,1
0.02636828,1,0
0.02636844,1,1
0.02637178,1,0
0.02637194,1,1
0.02637528,1,0
0.02637544,1,1
0.02637878,1,0
0.0263791,1,1
0.02638244,1,0
0.0263826,1,1
0.02638594,1,0
0.0263861,1,1
0.02638944,1,0
0.0263896,1,1
0.02639294,1,0
0.0263931,1,1
0.02639644,1,0
0.0263966,1,1
0.02639994,1,0
0.0264001,1,1
0.02640344,1,0
0.0264036,1,1
0.02640694,1,0
0.0264071,1,1
0.02641044,1,0
0.0264106,1,1
0.02641394,1,0
0.0264141,1,1
0.02641744,1,0
0.0264176,1,1
0.02642094,1,0
0.0264211,1,1
0.02642444,1,0
0.0264246,1,1
0.02642794,1,0
0.02642826,1,1
0.0264316,1,0
0.02643176,1,1
0.0264351,1,0
0.02643526,1,1
0.0264386,1,0
0.02643876,1,1
0.0264421,1,0
0.02644226,1,1
0.0264456,1,0
0.02644576,1,1
0.0264491,1,0
0.02644926,1,1
0.0264526,1,0
0.02645276,1,1
0.0264561,1,0
0.02645626,1,1
0.0264596,1,0
0.02645976,1,1
0.0264631,1,0
0.02646326,1,1
0.0264666,1,0
0.02646676,1,1
0.0264701,1,0
0.02647026,1,1
0.0264736,1,0
0.02647376,1,1
0.0264771,1,0
0.02647744,1,1
0.02648076,1,0
0.02648094,1,1
0.02648426,1,0
0.02648442,1,1
0.02648776,1,0
0.02648792,1,1
0.02649126,1,0
0.02649142,1,1
0.02649476,1,0
0.02649492,1,1
0.02649826,1,0
0.02649842,1,1
0.02650176,1,0
0.02650192,1,1
0.02650526,1,0
0.02650542,1,1
0.02650876,1,0
0.02650892,1,1
0.02651226,1,0
0.02651242,1,1
0.02651576,1,0
0.02651592,1,1
0.02651926,1,0
0.02651942,1,1
0.02652276,1,0
0.02652292,1,1
0.02652626,1,0
0.0265266,1,1
0.02652992,1,0
0.0265301,1,1
0.02653342,1,0
0.0265336,1,1
0.02653692,1,0
0.0265371,1,1
0.02654042,1,0
0.0265406,1,1
0.02654392,1,0
0.0265441,1,1
0.02654742,1,0
0.0265476,1,1
0.02655092,1,0
0.02655108,1,1
0.02655442,1,0
0.02655458,1,1
0.02655792,1,0
0.02655808,1,1
0.02656142,1,0
0.02656158,1,1
0.02656492,1,0
0.02656508,1,1
0.02656842,1,0
0.02656858,1,1
0.02657192,1,0
0.02657208,1,1
0.02657542,1,0
0.02657558,1,1
0.02657892,1,0
0.02657926,1,1
0.02658258,1,0
0.02658276,1,1
0.02658608,1,0
0.02658626,1,1
0.02658958,1,0
0.02658976,1,1
0.02659308,1,0
0.02659326,1,1
0.02659658,1,0
0.02659676,1,1
0.02660008,1,0
0.02660026,1,1
0.02660358,1,0
0.02660376,1,1
0.02660708,1,0
0.02660726,1,1
0.02661058,1,0
0.02661076,1,1
0.02661408,1,0
0.02661424,1,1
0.02661758,1,0
0.02661774,1,1
0.02662108,1,0
0.02662124,1,1
0.02662458,1,0
0.02662474,1,1
0.02662808,1,0
0.02662842,1,1
0.02663174,1,0
0.02663192,1,1
0.02663524,1,0
0.02663542,1,1
0.02663874,1,0
0.02663892,1,1
0.02664224,1,0
0.02664242,1,1
0.02664574,1,0
0.02664592,1,1
0.02664924,1,0
0.02664942,1,1
0.02665274,1,0
0.02665292,1,1
0.02665624,1,0
0.02665642,1,1
0.02665974,1,0
0.02665992,1,1
0.02666324,1,0
0.02666342,1,1
0.02666674,1,0
0.02666692,1,1
0.02667024,1,0
0.02667042,1,1
0.02667374,1,0
0.02667392,1,1
0.02667724,1,0
0.02667758,1,1
0.0266809,1,0
0.02668108,1,1
0.0266844,1,0
0.02668458,1,1
0.0266879,1,0
0.02668808,1,1
0.0266914,1,0
0.02669158,1,1
0.0266949,1,0
0.02669508,1,1
0.0266984,1,0
0.02669858,1,1
0.0267019,1,0
0.02670208,1,1
0.0267054,1,0
0.02670558,1,1
0.0267089,1,0
0.02670908,1,1
0.0267124,1,0
0.02671258,1,1
0.0267159,1,0
0.02671608,1,1
0.0267194,1,0
0.02671958,1,1
0.0267229,1,0
0.02672308,1,1
0.0267264,1,0
0.02672658,1,1
0.0267299,1,0
0.02673024,1,1
0.02673356,1,0
0.02673374,1,1
0.02673706,1,0
0.02673724,1,1
0.02674056,1,0
0.02674074,1,1
0.02674406,1,0
0.02674424,1,1
0.02674756,1,0
0.02674774,1,1
0.02675106,1,0
0.02675124,1,1
0.02675456,1,0
0.02675474,1,1
0.02675806,1,0
0.02675824,1,1
0.02676156,1,0
0.02676174,1,1
0.02676506,1,0
0.02676524,1,1
0.02676856,1,0
0.02676874,1,1
0.02677206,1,0
0.02677224,1,1
0.02677556,1,0
0.02677574,1,1
0.02677906,1,0
0.0267794,1,1
0.02678274,1,0
0.0267829,1,1
0.02678624,1,0
0.0267864,1,1
0.02678974,1,0
0.0267899,1,1
0.02679322,1,0
0.0267934,1,1
0.02679672,1,0
0.0267969,1,1
0.02680022,1,0
0.0268004,1,1
0.02680372,1,0
0.0268039,1,1
0.02680722,1,0
0.0268074,1,1
0.02681072,1,0
0.0268109,1,1
0.02681422,1,0
0.0268144,1,1
0.02681772,1,0
0.0268179,1,1
0.02682122,1,0
0.0268214,1,1
0.02682472,1,0
0.0268249,1,1
0.02682822,1,0
0.02682856,1,1
0.0268319,1,0
0.02683206,1,1
0.0268354,1,0
0.02683556,1,1
0.0268389,1,0
0.02683906,1,1
0.0268424,1,0
0.02684256,1,1
0.0268459,1,0
0.02684606,1,1
0.0268494,1,0
0.02684956,1,1
0.0268529,1,0
0.02685306,1,1
0.02685638,1,0
0.02685656,1,1
0.02685988,1,0
0.02686006,1,1
0.02686338,1,0
0.02686356,1,1
0.02686688,1,0
0.02686706,1,1
0.02687038,1,0
0.02687056,1,1
0.02687388,1,0
0.02687406,1,1
0.02687738,1,0
0.02687756,1,1
0.02688088,1,0
0.02688122,1,1
0.02688456,1,0
0.02688472,1,1
0.02688806,1,0
0.02688822,1,1
0.02689156,1,0
0.02689172,1,1
0.02689506,1,0
0.02689522,1,1
0.02689856,1,0
0.02689872,1,1
0.02690206,1,0
0.02690222,1,1
0.02690556,1,0
0.02690572,1,1
0.02690906,1,0
0.02690922,1,1
0.02691256,1,0
0.02691272,1,1
0.02691606,1,0
0.02691622,1,1
0.02691956,1,0
0.02691972,1,1
0.02692304,1,0
0.02692322,1,1
0.02692654,1,0
0.02692672,1,1
0.02693004,1,0
0.02693038,1,1
0.02693372,1,0
0.02693388,1,1
0.02693722,1,0
0.02693738,1,1
0.02694072,1,0
0.02694088,1,1
0.02694422,1,0
0.02694438,1,1
0.02694772,1,0
0.02694788,1,1
0.02695122,1,0
0.02695138,1,1
0.02695472,1,0
0.02695488,1,1
0.02695822,1,0
0.02695838,1,1
0.02696172,1,0
0.02696188,1,1
0.02696522,1,0
0.02696538,1,1
0.02696872,1,0
0.02696888,1,1
0.02697222,1,0
0.02697238,1,1
0.02697572,1,0
0.02697588,1,1
0.02697922,1,0
0.02697954,1,1
0.02698288,1,0
0.02698304,1,1
0.02698638,1,0
0.02698654,1,1
0.02698988,1,0
0.02699004,1,1
0.02699338,1,0
0.02699354,1,1
0.02699688,1,0
0.02699704,1,1
0.02700038,1,0
0.02700054,1,1
0.02700388,1,0
0.02700404,1,1
0.02700738,1,0
0.02700754,1,1
0.02701088,1,0
0.02701104,1,1
0.02701438,1,0
0.02701454,1,1
0.02701788,1,0
0.02701804,1,1
0.02702138,1,0
0.02702154,1,1
0.02702488,1,0
0.02702504,1,1
0.02702838,1,0
0.02702854,1,1
0.02703188,1,0
0.0270322,1,1
0.02703554,1,0
0.0270357,1,1
0.02703904,1,0
0.0270392,1,1
0.02704254,1,0
0.0270427,1,1
0.02704604,1,0
0.0270462,1,1
0.02704954,1,0
0.0270497,1,1
0.02705304,1,0
0.0270532,1,1
0.02705654,1,0
0.0270567,1,1
0.02706004,1,0
0.0270602,1,1
0.02706354,1,0
0.0270637,1,1
0.02706704,1,0
0.0270672,1,1
0.02707054,1,0
0.0270707,1,1
0.02707404,1,0
0.0270742,1,1
0.02707754,1,0
0.0270777,1,1
0.02708104,1,0
0.02708136,1,1
0.0270847,1,0
0.02708486,1,1
0.0270882,1,0
0.02708836,1,1
0.0270917,1,0
0.02709186,1,1
0.0270952,1,0
0.02709536,1,1
0.0270987,1,0
0.02709886,1,1
0.0271022,1,0
0.02710236,1,1
0.0271057,1,0
0.02710586,1,1
0.0271092,1,0
0.02710936,1,1
0.0271127,1,0
0.02711286,1,1
0.0271162,1,0
0.02711636,1,1
0.0271197,1,0
0.02711986,1,1
0.0271232,1,0
0.02712336,1,1
0.0271267,1,0
0.02712686,1,1
0.0271302,1,0
0.02713054,1,1
0.02713386,1,0
0.02713404,1,1
0.02713736,1,0
0.02713754,1,1
0.02714086,1,0
0.02714104,1,1
0.02714436,1,0
0.02714454,1,1
0.02714786,1,0
0.02714802,1,1
0.02715136,1,0
0.02715152,1,1
0.02715486,1,0
0.02715502,1,1
0.02715836,1,0
0.02715852,1,1
0.02716186,1,0
0.02716202,1,1
0.02716536,1,0
0.02716552,1,1
0.02716886,1,0
0.02716902,1,1
0.02717236,1,0
0.02717252,1,1
0.02717586,1,0
0.02717602,1,1
0.02717936,1,0
0.02717952,1,1
0.02718286,1,0
0.0271832,1,1
0.02718652,1,0
0.0271867,1,1
0.02719002,1,0
0.0271902,1,1
0.02719352,1,0
0.0271937,1,1
0.02719702,1,0
0.0271972,1,1
0.02720052,1,0
0.0272007,1,1
0.02720402,1,0
0.0272042,1,1
0.02720752,1,0
0.0272077,1,1
0.02721102,1,0
0.02721118,1,1
0.02721452,1,0
0.02721468,1,1
0.02721802,1,0
0.02721818,1,1
0.02722152,1,0
0.02722168,1,1
0.02722502,1,0
0.02722518,1,1
0.02722852,1,0
0.02722868,1,1
0.02723202,1,0
0.02723236,1,1
0.02723568,1,0
0.02723586,1,1
0.02723918,1,0
0.02723936,1,1
0.02724268,1,0
0.02724286,1,1
0.02724618,1,0
0.02724636,1,1
0.02724968,1,0
0.02724986,1,1
0.02725318,1,0
0.02725336,1,1
0.02725668,1,0
0.02725686,1,1
0.02726018,1,0
0.02726036,1,1
0.02726368,1,0
0.02726386,1,1
0.02726718,1,0
0.02726736,1,1
0.02727068,1,0
0.02727086,1,1
0.02727418,1,0
0.02727434,1,1
0.02727768,1,0
0.02727784,1,1
0.02728118,1,0
0.02728152,1,1
0.02728484,1,0
0.02728502,1,1
0.02728834,1,0
0.02728852,1,1
0.02729184,1,0
0.02729202,1,1
0.02729534,1,0
0.02729552,1,1
0.02729884,1,0
0.02729902,1,1
0.02730234,1,0
0.02730252,1,1
0.02730584,1,0
0.02730602,1,1
0.02730934,1,0
0.02730952,1,1
0.02731284,1,0
0.02731302,1,1
0.02731634,1,0
0.02731652,1,1
0.02731984,1,0
0.02732002,1,1
0.02732334,1,0
0.02732352,1,1
0.02732684,1,0
0.02732702,1,1
0.02733034,1,0
0.02733052,1,1
0.02733384,1,0
0.02733418,1,1
0.0273375,1,0
0.02733768,1,1
0.027341,1,0
0.02734118,1,1
0.0273445,1,0
0.02734468,1,1
0.027348,1,0
0.02734818,1,1
0.0273515,1,0
0.02735168,1,1
0.027355,1,0
0.02735518,1,1
0.0273585,1,0
0.02735868,1,1
0.027362,1,0
0.02736218,1,1
0.0273655,1,0
0.02736568,1,1
0.027369,1,0
0.02736918,1,1
0.0273725,1,0
0.02737268,1,1
0.027376,1,0
0.02737618,1,1
0.0273795,1,0
0.02737968,1,1
0.027383,1,0
0.02738334,1,1
0.02738666,1,0
0.02738684,1,1
0.02739016,1,0
0.02739034,1,1
0.02739366,1,0
0.02739384,1,1
0.02739716,1,0
0.02739734,1,1
0.02740066,1,0
0.02740084,1,1
0.02740416,1,0
0.02740434,1,1
0.02740766,1,0
0.02740784,1,1
0.02741116,1,0
0.02741134,1,1
0.02741466,1,0
0.02741484,1,1
0.02741816,1,0
0.02741834,1,1
0.02742166,1,0
0.02742184,1,1
0.02742516,1,0
0.02742534,1,1
0.02742866,1,0
0.02742884,1,1
0.02743216,1,0
0.0274325,1,1
0.02743584,1,0
0.027436,1,1
0.02743934,1,0
0.0274395,1,1
0.02744284,1,0
0.027443,1,1
0.02744634,1,0
0.0274465,1,1
0.02744984,1,0
0.02745,1,1
0.02745332,1,0
0.0274535,1,1
0.02745682,1,0
0.027457,1,1
0.02746032,1,0
0.0274605,1,1
0.02746382,1,0
0.027464,1,1
0.02746732,1,0
0.0274675,1,1
0.02747082,1,0
0.027471,1,1
0.02747432,1,0
0.0274745,1,1
0.02747782,1,0
0.027478,1,1
0.02748132,1,0
0.0274815,1,1
0.02748482,1,0
0.02748516,1,1
0.0274885,1,0
0.02748866,1,1
0.027492,1,0
0.02749216,1,1
0.0274955,1,0
0.02749566,1,1
0.027499,1,0
0.02749916,1,1
0.0275025,1,0
0.02750266,1,1
0.027506,1,0
0.02750616,1,1
0.0275095,1,0
0.02750966,1,1
0.027513,1,0
0.02751316,1,1
0.0275165,1,0
0.02751666,1,1
0.02751998,1,0
0.02752016,1,1
0.02752348,1,0
0.02752366,1,1
0.02752698,1,0
0.02752716,1,1
0.02753048,1,0
0.02753066,1,1
0.02753398,1,0
0.02753432,1,1
0.02753766,1,0
0.02753782,1,1
0.02754116,1,0
0.02754132,1,1
0.02754466,1,0
0.02754482,1,1
0.02754816,1,0
0.02754832,1,1
0.02755166,1,0
0.02755182,1,1
0.02755516,1,0
0.02755532,1,1
0.02755866,1,0
0.02755882,1,1
0.02756216,1,0
0.02756232,1,1
0.02756566,1,0
0.02756582,1,1
0.02756916,1,0
0.02756932,1,1
0.02757266,1,0
0.02757282,1,1
0.02757616,1,0
0.02757632,1,1
0.02757966,1,0
0.02757982,1,1
0.02758314,1,0
0.02758348,1,1
0.02758682,1,0
0.02758698,1,1
0.02759032,1,0
0.02759048,1,1
0.02759382,1,0
0.02759398,1,1
0.02759732,1,0
0.02759748,1,1
0.02760082,1,0
0.02760098,1,1
0.02760432,1,0
0.02760448,1,1
0.02760782,1,0
0.02760798,1,1
0.02761132,1,0
0.02761148,1,1
0.02761482,1,0
0.02761498,1,1
0.02761832,1,0
0.02761848,1,1
0.02762182,1,0
0.02762198,1,1
0.02762532,1,0
0.02762548,1,1
0.02762882,1,0
0.02762898,1,1
0.02763232,1,0
0.02763264,1,1
0.02763598,1,0
0.02763614,1,1
0.02763948,1,0
0.02763964,1,1
0.02764298,1,0
0.02764314,1,1
0.02764648,1,0
0.02764664,1,1
0.02764998,1,0
0.02765014,1,1
0.02765348,1,0
0.02765364,1,1
0.02765698,1,0
0.02765714,1,1
0.02766048,1,0
0.02766064,1,1
0.02766398,1,0
0.02766414,1,1
0.02766748,1,0
0.02766764,1,1
0.02767098,1,0
0.02767114,1,1
0.02767448,1,0
0.02767464,1,1
0.02767798,1,0
0.02767814,1,1
0.02768148,1,0
0.02768164,1,1
0.02768498,1,0
0.0276853,1,1
0.02768864,1,0
0.0276888,1,1
0.02769214,1,0
0.0276923,1,1
0.02769564,1,0
0.0276958,1,1
0.02769914,1,0
0.0276993,1,1
0.02770264,1,0
0.0277028,1,1
0.02770614,1,0
0.0277063,1,1
0.02770964,1,0
0.0277098,1,1
0.02771314,1,0
0.0277133,1,1
0.02771664,1,0
0.0277168,1,1
0.02772014,1,0
0.0277203,1,1
0.02772364,1,0
0.0277238,1,1
0.02772714,1,0
0.0277273,1,1
0.02773064,1,0
0.0277308,1,1
0.02773414,1,0
0.02773448,1,1
0.0277378,1,0
0.02773798,1,1
0.0277413,1,0
0.02774146,1,1
0.0277448,1,0
0.02774496,1,1
0.0277483,1,0
0.02774846,1,1
0.0277518,1,0
0.02775196,1,1
0.0277553,1,0
0.02775546,1,1
0.0277588,1,0
0.02775896,1,1
0.0277623,1,0
0.02776246,1,1
0.0277658,1,0
0.02776596,1,1
0.0277693,1,0
0.02776946,1,1
0.0277728,1,0
0.02777296,1,1
0.0277763,1,0
0.02777646,1,1
0.0277798,1,0
0.02777996,1,1
0.0277833,1,0
0.02778364,1,1
0.02778696,1,0
0.02778714,1,1
0.02779046,1,0
0.02779064,1,1
0.02779396,1,0
0.02779414,1,1
0.02779746,1,0
0.02779764,1,1
0.02780096,1,0
0.02780114,1,1
0.02780446,1,0
0.02780464,1,1
0.02780796,1,0
0.02780812,1,1
0.02781146,1,0
0.02781162,1,1
0.02781496,1,0
0.02781512,1,1
0.02781846,1,0
0.02781862,1,1
0.02782196,1,0
0.02782212,1,1
0.02782546,1,0
0.02782562,1,1
0.02782896,1,0
0.02782912,1,1
0.02783246,1,0
0.02783262,1,1
0.02783596,1,0
0.0278363,1,1
0.02783962,1,0
0.0278398,1,1
0.02784312,1,0
0.0278433,1,1
0.02784662,1,0
0.0278468,1,1
0.02785012,1,0
0.0278503,1,1
0.02785362,1,0
0.0278538,1,1
0.02785712,1,0
0.0278573,1,1
0.02786062,1,0
0.0278608,1,1
0.02786412,1,0
0.0278643,1,1
0.02786762,1,0
0.0278678,1,1
0.02787112,1,0
0.02787128,1,1
0.02787462,1,0
0.02787478,1,1
0.02787812,1,0
0.02787828,1,1
0.02788162,1,0
0.02788178,1,1
0.02788512,1,0
0.02788546,1,1
0.02788878,1,0
0.02788896,1,1
0.02789228,1,0
0.02789246,1,1
0.02789578,1,0
0.02789596,1,1
0.02789928,1,0
0.02789946,1,1
0.02790278,1,0
0.02790296,1,1
0.02790628,1,0
0.02790646,1,1
0.02790978,1,0
0.02790996,1,1
0.02791328,1,0
0.02791346,1,1
0.02791678,1,0
0.02791696,1,1
0.02792028,1,0
0.02792046,1,1
0.02792378,1,0
0.02792396,1,1
0.02792728,1,0
0.02792746,1,1
0.02793078,1,0
0.02793096,1,1
0.02793428,1,0
0.02793462,1,1
0.02793794,1,0
0.02793812,1,1
0.02794144,1,0
0.02794162,1,1
0.02794494,1,0
0.02794512,1,1
0.02794844,1,0
0.02794862,1,1
0.02795194,1,0
0.02795212,1,1
0.02795544,1,0
0.02795562,1,1
0.02795894,1,0
0.02795912,1,1
0.02796244,1,0
0.02796262,1,1
0.02796594,1,0
0.02796612,1,1
0.02796944,1,0
0.02796962,1,1
0.02797294,1,0
0.02797312,1,1
0.02797644,1,0
0.02797662,1,1
0.02797994,1,0
0.02798012,1,1
0.02798344,1,0
0.02798362,1,1
0.02798694,1,0
0.02798728,1,1
0.0279906,1,0
0.02799078,1,1
0.0279941,1,0
0.02799428,1,1
0.0279976,1,0
0.02799778,1,1
0.0280011,1,0
0.02800128,1,1
0.0280046,1,0
0.02800478,1,1
0.0280081,1,0
0.02800828,1,1
0.0280116,1,0
0.02801178,1,1
0.0280151,1,0
0.02801528,1,1
0.0280186,1,0
0.02801878,1,1
0.0280221,1,0
0.02802228,1,1
0.0280256,1,0
0.02802578,1,1
0.0280291,1,0
0.02802928,1,1
0.0280326,1,0
0.02803278,1,1
0.0280361,1,0
0.02803644,1,1
0.02803978,1,0
0.02803994,1,1
0.02804328,1,0
0.02804344,1,1
0.02804676,1,0
0.02804694,1,1
0.02805026,1,0
0.02805044,1,1
0.02805376,1,0
0.02805394,1,1
0.02805726,1,0
0.02805744,1,1
0.02806076,1,0
0.02806094,1,1
0.02806426,1,0
0.02806444,1,1
0.02806776,1,0
0.02806794,1,1
0.02807126,1,0
0.02807144,1,1
0.02807476,1,0
0.02807494,1,1
0.02807826,1,0
0.02807844,1,1
0.02808176,1,0
0.02808194,1,1
0.02808526,1,0
0.0280856,1,1
0.02808894,1,0
0.0280891,1,1
0.02809244,1,0
0.0280926,1,1
0.02809594,1,0
0.0280961,1,1
0.02809944,1,0
0.0280996,1,1
0.02810294,1,0
0.0281031,1,1
0.02810644,1,0
0.0281066,1,1
0.02810994,1,0
0.0281101,1,1
0.02811342,1,0
0.0281136,1,1
0.02811692,1,0
0.0281171,1,1
0.02812042,1,0
0.0281206,1,1
0.02812392,1,0
0.0281241,1,1
0.02812742,1,0
0.0281276,1,1
0.02813092,1,0
0.0281311,1,1
0.02813442,1,0
0.0281346,1,1
0.02813792,1,0
0.02813826,1,1
0.0281416,1,0
0.02814176,1,1
0.0281451,1,0
0.02814526,1,1
0.0281486,1,0
0.02814876,1,1
0.0281521,1,0
0.02815226,1,1
0.0281556,1,0
0.02815576,1,1
0.0281591,1,0
0.02815926,1,1
0.0281626,1,0
0.02816276,1,1
0.0281661,1,0
0.02816626,1,1
0.0281696,1,0
0.02816976,1,1
0.0281731,1,0
0.02817326,1,1
0.0281766,1,0
0.02817676,1,1
0.02818008,1,0
0.02818026,1,1
0.02818358,1,0
0.02818376,1,1
0.02818708,1,0
0.02818742,1,1
0.02819076,1,0
0.02819092,1,1
0.02819426,1,0
0.02819442,1,1
0.02819776,1,0
0.02819792,1,1
0.02820126,1,0
0.02820142,1,1
0.02820476,1,0
0.02820492,1,1
0.02820826,1,0
0.02820842,1,1
0.02821176,1,0
0.02821192,1,1
0.02821526,1,0
0.02821542,1,1
0.02821876,1,0
0.02821892,1,1
0.02822226,1,0
0.02822242,1,1
0.02822576,1,0
0.02822592,1,1
0.02822926,1,0
0.02822942,1,1
0.02823276,1,0
0.02823292,1,1
0.02823626,1,0
0.02823658,1,1
0.02823992,1,0
0.02824008,1,1
0.02824342,1,0
0.02824358,1,1
0.02824692,1,0
0.02824708,1,1
0.02825042,1,0
0.02825058,1,1
0.02825392,1,0
0.02825408,1,1
0.02825742,1,0
0.02825758,1,1
0.02826092,1,0
0.02826108,1,1
0.02826442,1,0
0.02826458,1,1
0.02826792,1,0
0.02826808,1,1
0.02827142,1,0
0.02827158,1,1
0.02827492,1,0
0.02827508,1,1
0.02827842,1,0
0.02827858,1,1
0.02828192,1,0
0.02828208,1,1
0.02828542,1,0
0.02828558,1,1
0.02828892,1,0
0.02828924,1,1
0.02829258,1,0
0.02829274,1,1
0.02829608,1,0
0.02829624,1,1
0.02829958,1,0
0.02829974,1,1
0.02830308,1,0
0.02830324,1,1
0.02830658,1,0
0.02830674,1,1
0.02831008,1,0
0.02831024,1,1
0.02831358,1,0
0.02831374,1,1
0.02831708,1,0
0.02831724,1,1
0.02832058,1,0
0.02832074,1,1
0.02832408,1,0
0.02832424,1,1
0.02832758,1,0
0.02832774,1,1
0.02833108,1,0
0.02833124,1,1
0.02833458,1,0
0.02833474,1,1
0.02833808,1,0
0.0283384,1,1
0.02834174,1,0
0.0283419,1,1
0.02834524,1,0
0.0283454,1,1
0.02834874,1,0
0.0283489,1,1
0.02835224,1,0
0.0283524,1,1
0.02835574,1,0
0.0283559,1,1
0.02835924,1,0
0.0283594,1,1
0.02836274,1,0
0.0283629,1,1
0.02836624,1,0
0.0283664,1,1
0.02836974,1,0
0.0283699,1,1
0.02837324,1,0
0.0283734,1,1
0.02837674,1,0
0.0283769,1,1
0.02838024,1,0
0.0283804,1,1
0.02838374,1,0
0.0283839,1,1
0.02838724,1,0
0.02838758,1,1
0.0283909,1,0
0.02839108,1,1
0.0283944,1,0
0.02839458,1,1
0.0283979,1,0
0.02839808,1,1
0.0284014,1,0
0.02840156,1,1
0.0284049,1,0
0.02840506,1,1
0.0284084,1,0
0.02840856,1,1
0.0284119,1,0
0.02841206,1,1
0.0284154,1,0
0.02841556,1,1
0.0284189,1,0
0.02841906,1,1
0.0284224,1,0
0.02842256,1,1
0.0284259,1,0
0.02842606,1,1
0.0284294,1,0
0.02842956,1,1
0.0284329,1,0
0.02843306,1,1
0.0284364,1,0
0.02843656,1,1
0.0284399,1,0
0.02844024,1,1
0.02844356,1,0
0.02844374,1,1
0.02844706,1,0
0.02844724,1,1
0.02845056,1,0
0.02845074,1,1
0.02845406,1,0
0.02845424,1,1
0.02845756,1,0
0.02845774,1,1
0.02846106,1,0
0.02846124,1,1
0.02846456,1,0
0.02846474,1,1
0.02846806,1,0
0.02846822,1,1
0.02847156,1,0
0.02847172,1,1
0.02847506,1,0
0.02847522,1,1
0.02847856,1,0
0.02847872,1,1
0.02848206,1,0
0.02848222,1,1
0.02848556,1,0
0.02848572,1,1
0.02848906,1,0
0.0284894,1,1
0.02849272,1,0
0.0284929,1,1
0.02849622,1,0
0.0284964,1,1
0.02849972,1,0
0.0284999,1,1
0.02850322,1,0
0.0285034,1,1
0.02850672,1,0
0.0285069,1,1
0.02851022,1,0
0.0285104,1,1
0.02851372,1,0
0.0285139,1,1
0.02851722,1,0
0.0285174,1,1
0.02852072,1,0
0.0285209,1,1
0.02852422,1,0
0.0285244,1,1
0.02852772,1,0
0.0285279,1,1
0.02853122,1,0
0.02853138,1,1
0.02853472,1,0
0.02853488,1,1
0.02853822,1,0
0.02853856,1,1
0.02854188,1,0
0.02854206,1,1
0.02854538,1,0
0.02854556,1,1
0.02854888,1,0
0.02854906,1,1
0.02855238,1,0
0.02855256,1,1
0.02855588,1,0
0.02855606,1,1
0.02855938,1,0
0.02855956,1,1
0.02856288,1,0
0.02856306,1,1
0.02856638,1,0
0.02856656,1,1
0.02856988,1,0
0.02857006,1,1
0.02857338,1,0
0.02857356,1,1
0.02857688,1,0
0.02857706,1,1
0.02858038,1,0
0.02858056,1,1
0.02858388,1,0
0.02858406,1,1
0.02858738,1,0
0.02858756,1,1
0.02859088,1,0
0.02859122,1,1
0.02859454,1,0
0.02859472,1,1
0.02859804,1,0
0.02859822,1,1
0.02860154,1,0
0.02860172,1,1
0.02860504,1,0
0.02860522,1,1
0.02860854,1,0
0.02860872,1,1
0.02861204,1,0
0.02861222,1,1
0.02861554,1,0
0.02861572,1,1
0.02861904,1,0
0.02861922,1,1
0.02862254,1,0
0.02862272,1,1
0.02862604,1,0
0.02862622,1,1
0.02862954,1,0
0.02862972,1,1
0.02863304,1,0
0.02863322,1,1
0.02863654,1,0
0.02863672,1,1
0.02864004,1,0
0.02864038,1,1
0.0286437,1,0
0.02864388,1,1
0.0286472,1,0
0.02864738,1,1
0.0286507,1,0
0.02865088,1,1
0.0286542,1,0
0.02865438,1,1
0.0286577,1,0
0.02865788,1,1
0.0286612,1,0
0.02866138,1,1
0.0286647,1,0
0.02866488,1,1
0.0286682,1,0
0.02866838,1,1
0.0286717,1,0
0.02867188,1,1
0.0286752,1,0
0.02867538,1,1
0.0286787,1,0
0.02867888,1,1
0.0286822,1,0
0.02868238,1,1
0.0286857,1,0
0.02868588,1,1
0.0286892,1,0
0.02868954,1,1
0.02869288,1,0
0.02869304,1,1
0.02869638,1,0
0.02869654,1,1
0.02869988,1,0
0.02870004,1,1
0.02870338,1,0
0.02870354,1,1
0.02870688,1,0
0.02870704,1,1
0.02871036,1,0
0.02871054,1,1
0.02871386,1,0
0.02871404,1,1
0.02871736,1,0
0.02871754,1,1
0.02872086,1,0
0.02872104,1,1
0.02872436,1,0
0.02872454,1,1
0.02872786,1,0
0.02872804,1,1
0.02873136,1,0
0.02873154,1,1
0.02873486,1,0
0.02873504,1,1
0.02873836,1,0
0.02873854,1,1
0.02874186,1,0
0.0287422,1,1
0.02874554,1,0
0.0287457,1,1
0.02874904,1,0
0.0287492,1,1
0.02875254,1,0
0.0287527,1,1
0.02875604,1,0
0.0287562,1,1
0.02875954,1,0
0.0287597,1,1
0.02876304,1,0
0.0287632,1,1
0.02876654,1,0
0.0287667,1,1
0.02877004,1,0
0.0287702,1,1
0.02877354,1,0
0.0287737,1,1
0.02877702,1,0
0.0287772,1,1
0.02878052,1,0
0.0287807,1,1
0.02878402,1,0
0.0287842,1,1
0.02878752,1,0
0.0287877,1,1
0.02879102,1,0
0.02879136,1,1
0.0287947,1,0
0.02879486,1,1
0.0287982,1,0
0.02879836,1,1
0.0288017,1,0
0.02880186,1,1
0.0288052,1,0
0.02880536,1,1
0.0288087,1,0
0.02880886,1,1
0.0288122,1,0
0.02881236,1,1
0.0288157,1,0
0.02881586,1,1
0.0288192,1,0
0.02881936,1,1
0.0288227,1,0
0.02882286,1,1
0.0288262,1,0
0.02882636,1,1
0.0288297,1,0
0.02882986,1,1
0.0288332,1,0
0.02883336,1,1
0.0288367,1,0
0.02883686,1,1
0.02884018,1,0
0.02884052,1,1
0.02884386,1,0
0.02884402,1,1
0.02884736,1,0
0.02884752,1,1
0.02885086,1,0
0.02885102,1,1
0.02885436,1,0
0.02885452,1,1
0.02885786,1,0
0.02885802,1,1
0.02886136,1,0
0.02886152,1,1
0.02886486,1,0
0.02886502,1,1
0.02886836,1,0
0.02886852,1,1
0.02887186,1,0
0.02887202,1,1
0.02887536,1,0
0.02887552,1,1
0.02887886,1,0
0.02887902,1,1
0.02888236,1,0
0.02888252,1,1
0.02888586,1,0
0.02888602,1,1
0.02888936,1,0
0.02888952,1,1
0.02889286,1,0
0.02889318,1,1
0.02889652,1,0
0.02889668,1,1
0.02890002,1,0
0.02890018,1,1
0.02890352,1,0
0.02890368,1,1
0.02890702,1,0
0.02890718,1,1
0.02891052,1,0
0.02891068,1,1
0.02891402,1,0
0.02891418,1,1
0.02891752,1,0
0.02891768,1,1
0.02892102,1,0
0.02892118,1,1
0.02892452,1,0
0.02892468,1,1
0.02892802,1,0
0.02892818,1,1
0.02893152,1,0
0.02893168,1,1
0.02893502,1,0
0.02893518,1,1
0.02893852,1,0
0.02893868,1,1
0.02894202,1,0
0.02894234,1,1
0.02894568,1,0
0.02894584,1,1
0.02894918,1,0
0.02894934,1,1
0.02895268,1,0
0.02895284,1,1
0.02895618,1,0
0.02895634,1,1
0.02895968,1,0
0.02895984,1,1
0.02896318,1,0
0.02896334,1,1
0.02896668,1,0
0.02896684,1,1
0.02897018,1,0
0.02897034,1,1
0.02897368,1,0
0.02897384,1,1
0.02897718,1,0
0.02897734,1,1
0.02898068,1,0
0.02898084,1,1
0.02898418,1,0
0.02898434,1,1
0.02898768,1,0
0.02898784,1,1
0.02899118,1,0
0.02899152,1,1
0.02899484,1,0
0.02899502,1,1
0.02899834,1,0
0.0289985,1,1
0.02900184,1,0
0.029002,1,1
0.02900534,1,0
0.0290055,1,1
0.02900884,1,0
0.029009,1,1
0.02901234,1,0
0.0290125,1,1
0.02901584,1,0
0.029016,1,1
0.02901934,1,0
0.0290195,1,1
0.02902284,1,0
0.029023,1,1
0.02902634,1,0
0.0290265,1,1
0.02902984,1,0
0.02903,1,1
0.02903334,1,0
0.0290335,1,1
0.02903684,1,0
0.029037,1,1
0.02904034,1,0
0.02904068,1,1
0.029044,1,0
0.02904418,1,1
0.0290475,1,0
0.02904768,1,1
0.029051,1,0
0.02905118,1,1
0.0290545,1,0
0.02905468,1,1
0.029058,1,0
0.02905818,1,1
0.0290615,1,0
0.02906166,1,1
0.029065,1,0
0.02906516,1,1
0.0290685,1,0
0.02906866,1,1
0.029072,1,0
0.02907216,1,1
0.0290755,1,0
0.02907566,1,1
0.029079,1,0
0.02907916,1,1
0.0290825,1,0
0.02908266,1,1
0.029086,1,0
0.02908616,1,1
0.0290895,1,0
0.02908966,1,1
0.029093,1,0
0.02909334,1,1
0.02909666,1,0
0.02909684,1,1
0.02910016,1,0
0.02910034,1,1
0.02910366,1,0
0.02910384,1,1
0.02910716,1,0
0.02910734,1,1
0.02911066,1,0
0.02911084,1,1
0.02911416,1,0
0.02911434,1,1
0.02911766,1,0
0.02911784,1,1
0.02912116,1,0
0.02912134,1,1
0.02912466,1,0
0.02912484,1,1
0.02912816,1,0
0.02912832,1,1
0.02913166,1,0
0.02913182,1,1
0.02913516,1,0
0.02913532,1,1
0.02913866,1,0
0.02913882,1,1
0.02914216,1,0
0.0291425,1,1
0.02914582,1,0
0.029146,1,1
0.02914932,1,0
0.0291495,1,1
0.02915282,1,0
0.029153,1,1
0.02915632,1,0
0.0291565,1,1
0.02915982,1,0
0.02916,1,1
0.02916332,1,0
0.0291635,1,1
0.02916682,1,0
0.029167,1,1
0.02917032,1,0
0.0291705,1,1
0.02917382,1,0
0.029174,1,1
0.02917732,1,0
0.0291775,1,1
0.02918082,1,0
0.029181,1,1
0.02918432,1,0
0.0291845,1,1
0.02918782,1,0
0.029188,1,1
0.02919132,1,0
0.02919166,1,1
0.02919498,1,0
0.02919516,1,1
0.02919848,1,0
0.02919866,1,1
0.02920198,1,0
0.02920216,1,1
0.02920548,1,0
0.02920566,1,1
0.02920898,1,0
0.02920916,1,1
0.02921248,1,0
0.02921266,1,1
0.02921598,1,0
0.02921616,1,1
0.02921948,1,0
0.02921966,1,1
0.02922298,1,0
0.02922316,1,1
0.02922648,1,0
0.02922666,1,1
0.02922998,1,0
0.02923016,1,1
0.02923348,1,0
0.02923366,1,1
0.02923698,1,0
0.02923716,1,1
0.02924048,1,0
0.02924066,1,1
0.02924398,1,0
0.02924432,1,1
0.02924764,1,0
0.02924782,1,1
0.02925114,1,0
0.02925132,1,1
0.02925464,1,0
0.02925482,1,1
0.02925814,1,0
0.02925832,1,1
0.02926164,1,0
0.02926182,1,1
0.02926514,1,0
0.02926532,1,1
0.02926864,1,0
0.02926882,1,1
0.02927214,1,0
0.02927232,1,1
0.02927564,1,0
0.02927582,1,1
0.02927914,1,0
0.02927932,1,1
0.02928264,1,0
0.02928282,1,1
0.02928614,1,0
0.02928632,1,1
0.02928964,1,0
0.02928982,1,1
0.02929314,1,0
0.02929348,1,1
0.02929682,1,0
0.02929698,1,1
0.02930032,1,0
0.02930048,1,1
0.0293038,1,0
0.02930398,1,1
0.0293073,1,0
0.02930748,1,1
0.0293108,1,0
0.02931098,1,1
0.0293143,1,0
0.02931448,1,1
0.0293178,1,0
0.02931798,1,1
0.0293213,1,0
0.02932148,1,1
0.0293248,1,0
0.02932498,1,1
0.0293283,1,0
0.02932848,1,1
0.0293318,1,0
0.02933198,1,1
0.0293353,1,0
0.02933548,1,1
0.0293388,1,0
0.02933898,1,1
0.0293423,1,0
0.02934264,1,1
0.02934598,1,0
0.02934614,1,1
0.02934948,1,0
0.02934964,1,1
0.02935298,1,0
0.02935314,1,1
0.02935648,1,0
0.02935664,1,1
0.02935998,1,0
0.02936014,1,1
0.02936348,1,0
0.02936364,1,1
0.02936698,1,0
0.02936714,1,1
0.02937046,1,0
0.02937064,1,1
0.02937396,1,0
0.02937414,1,1
0.02937746,1,0
0.02937764,1,1
0.02938096,1,0
0.02938114,1,1
0.02938446,1,0
0.02938464,1,1
0.02938796,1,0
0.02938814,1,1
0.02939146,1,0
0.02939164,1,1
0.02939496,1,0
0.0293953,1,1
0.02939864,1,0
0.0293988,1,1
0.02940214,1,0
0.0294023,1,1
0.02940564,1,0
0.0294058,1,1
0.02940914,1,0
0.0294093,1,1
0.02941264,1,0
0.0294128,1,1
0.02941614,1,0
0.0294163,1,1
0.02941964,1,0
0.0294198,1,1
0.02942314,1,0
0.0294233,1,1
0.02942664,1,0
0.0294268,1,1
0.02943014,1,0
0.0294303,1,1
0.02943364,1,0
0.0294338,1,1
0.02943712,1,0
0.0294373,1,1
0.02944062,1,0
0.0294408,1,1
0.02944412,1,0
0.02944446,1,1
0.0294478,1,0
0.02944796,1,1
0.0294513,1,0
0.02945146,1,1
0.0294548,1,0
0.02945496,1,1
0.0294583,1,0
0.02945846,1,1
0.0294618,1,0
0.02946196,1,1
0.0294653,1,0
0.02946546,1,1
0.0294688,1,0
0.02946896,1,1
0.0294723,1,0
0.02947246,1,1
0.0294758,1,0
0.02947596,1,1
0.0294793,1,0
0.02947946,1,1
0.0294828,1,0
0.02948296,1,1
0.0294863,1,0
0.02948646,1,1
0.0294898,1,0
0.02948996,1,1
0.0294933,1,0
0.02949362,1,1
0.02949696,1,0
0.02949712,1,1
0.02950046,1,0
0.02950062,1,1
0.02950396,1,0
0.02950412,1,1
0.02950746,1,0
0.02950762,1,1
0.02951096,1,0
0.02951112,1,1
0.02951446,1,0
0.02951462,1,1
0.02951796,1,0
0.02951812,1,1
0.02952146,1,0
0.02952162,1,1
0.02952496,1,0
0.02952512,1,1
0.02952846,1,0
0.02952862,1,1
0.02953196,1,0
0.02953212,1,1
0.02953546,1,0
0.02953562,1,1
0.02953896,1,0
0.02953912,1,1
0.02954246,1,0
0.02954262,1,1
0.02954596,1,0
0.02954628,1,1
0.02954962,1,0
0.02954978,1,1
0.02955312,1,0
0.02955328,1,1
0.02955662,1,0
0.02955678,1,1
0.02956012,1,0
0.02956028,1,1
0.02956362,1,0
0.02956378,1,1
0.02956712,1,0
0.02956728,1,1
0.02957062,1,0
0.02957078,1,1
0.02957412,1,0
0.02957428,1,1
0.02957762,1,0
0.02957778,1,1
0.02958112,1,0
0.02958128,1,1
0.02958462,1,0
0.02958478,1,1
0.02958812,1,0
0.02958828,1,1
0.02959162,1,0
0.02959178,1,1
0.02959512,1,0
0.02959544,1,1
0.02959878,1,0
0.02959894,1,1
0.02960228,1,0
0.02960244,1,1
0.02960578,1,0
0.02960594,1,1
0.02960928,1,0
0.02960944,1,1
0.02961278,1,0
0.02961294,1,1
0.02961628,1,0
0.02961644,1,1
0.02961978,1,0
0.02961994,1,1
0.02962328,1,0
0.02962344,1,1
0.02962678,1,0
0.02962694,1,1
0.02963028,1,0
0.02963044,1,1
0.02963378,1,0
0.02963394,1,1
0.02963728,1,0
0.02963744,1,1
0.02964078,1,0
0.02964094,1,1
0.02964428,1,0
0.02964462,1,1
0.02964794,1,0
0.02964812,1,1
0.02965144,1,0
0.02965162,1,1
0.02965494,1,0
0.02965512,1,1
0.02965844,1,0
0.0296586,1,1
0.02966194,1,0
0.0296621,1,1
0.02966544,1,0
0.0296656,1,1
0.02966894,1,0
0.0296691,1,1
0.02967244,1,0
0.0296726,1,1
0.02967594,1,0
0.0296761,1,1
0.02967944,1,0
0.0296796,1,1
0.02968294,1,0
0.0296831,1,1
0.02968644,1,0
0.0296866,1,1
0.02968994,1,0
0.0296901,1,1
0.02969344,1,0
0.0296936,1,1
0.02969694,1,0
0.02969728,1,1
0.0297006,1,0
0.02970078,1,1
0.0297041,1,0
0.02970428,1,1
0.0297076,1,0
0.02970778,1,1
0.0297111,1,0
0.02971128,1,1
0.0297146,1,0
0.02971478,1,1
0.0297181,1,0
0.02971828,1,1
0.0297216,1,0
0.02972176,1,1
0.0297251,1,0
0.02972526,1,1
0.0297286,1,0
0.02972876,1,1
0.0297321,1,0
0.02973226,1,1
0.0297356,1,0
0.02973576,1,1
0.0297391,1,0
0.02973926,1,1
0.0297426,1,0
0.02974276,1,1
0.0297461,1,0
0.02974644,1,1
0.02974976,1,0
0.02974994,1,1
0.02975326,1,0
0.02975344,1,1
0.02975676,1,0
0.02975694,1,1
0.02976026,1,0
0.02976044,1,1
0.02976376,1,0
0.02976394,1,1
0.02976726,1,0
0.02976744,1,1
0.02977076,1,0
0.02977094,1,1
0.02977426,1,0
0.02977444,1,1
0.02977776,1,0
0.02977794,1,1
0.02978126,1,0
0.02978144,1,1
0.02978476,1,0
0.02978494,1,1
0.02978826,1,0
0.02978842,1,1
0.02979176,1,0
0.02979192,1,1
0.02979526,1,0
0.0297956,1,1
0.02979892,1,0
0.0297991,1,1
0.02980242,1,0
0.0298026,1,1
0.02980592,1,0
0.0298061,1,1
0.02980942,1,0
0.0298096,1,1
0.02981292,1,0
0.0298131,1,1
0.02981642,1,0
0.0298166,1,1
0.02981992,1,0
0.0298201,1,1
0.02982342,1,0
0.0298236,1,1
0.02982692,1,0
0.0298271,1,1
0.02983042,1,0
0.0298306,1,1
0.02983392,1,0
0.0298341,1,1
0.02983742,1,0
0.0298376,1,1
0.02984092,1,0
0.0298411,1,1
0.02984442,1,0
0.0298446,1,1
0.02984792,1,0
0.02984826,1,1
0.02985158,1,0
0.02985176,1,1
0.02985508,1,0
0.02985526,1,1
0.02985858,1,0
0.02985876,1,1
0.02986208,1,0
0.02986226,1,1
0.02986558,1,0
0.02986576,1,1
0.02986908,1,0
0.02986926,1,1
0.02987258,1,0
0.02987276,1,1
0.02987608,1,0
0.02987626,1,1
0.02987958,1,0
0.02987976,1,1
0.02988308,1,0
0.02988326,1,1
0.02988658,1,0
0.02988676,1,1
0.02989008,1,0
0.02989026,1,1
0.02989358,1,0
0.02989376,1,1
0.02989708,1,0
0.02989742,1,1
0.02990074,1,0
0.02990092,1,1
0.02990424,1,0
0.02990442,1,1
0.02990774,1,0
0.02990792,1,1
0.02991124,1,0
0.02991142,1,1
0.02991474,1,0
0.02991492,1,1
0.02991824,1,0
0.02991842,1,1
0.02992174,1,0
0.02992192,1,1
0.02992524,1,0
0.02992542,1,1
0.02992874,1,0
0.02992892,1,1
0.02993224,1,0
0.02993242,1,1
0.02993574,1,0
0.02993592,1,1
0.02993924,1,0
0.02993942,1,1
0.02994274,1,0
0.02994292,1,1
0.02994624,1,0
0.02994658,1,1
0.02994992,1,0
0.02995008,1,1
0.02995342,1,0
0.02995358,1,1
0.02995692,1,0
0.02995708,1,1
0.02996042,1,0
0.02996058,1,1
0.02996392,1,0
0.02996408,1,1
0.0299674,1,0
0.02996758,1,1
0.0299709,1,0
0.02997108,1,1
0.0299744,1,0
0.02997458,1,1
0.0299779,1,0
0.02997808,1,1
0.0299814,1,0
0.02998158,1,1
0.0299849,1,0
0.02998508,1,1
0.0299884,1,0
0.02998858,1,1
0.0299919,1,0
0.02999208,1,1
0.0299954,1,0
0.02999558,1,1
0.0299989,1,0
0.02999924,1,1
0.03000258,1,0
0.03000274,1,1
0.03000608,1,0
0.03000624,1,1
0.03000958,1,0
0.03000974,1,1
0.03001308,1,0
0.03001324,1,1
0.03001658,1,0
0.03001674,1,1
0.03002008,1,0
0.03002024,1,1
0.03002358,1,0
0.03002374,1,1
0.03002708,1,0
0.03002724,1,1
0.03003058,1,0
0.03003074,1,1
0.03003406,1,0
0.03003424,1,1
0.03003756,1,0
0.03003774,1,1
0.03004106,1,0
0.03004124,1,1
0.03004456,1,0
0.03004474,1,1
0.03004806,1,0
0.0300484,1,1
0.03005174,1,0
0.0300519,1,1
0.03005524,1,0
0.0300554,1,1
0.03005874,1,0
0.0300589,1,1
0.03006224,1,0
0.0300624,1,1
0.03006574,1,0
0.0300659,1,1
0.03006924,1,0
0.0300694,1,1
0.03007274,1,0
0.0300729,1,1
0.03007624,1,0
0.0300764,1,1
0.03007974,1,0
0.0300799,1,1
0.03008324,1,0
0.0300834,1,1
0.03008674,1,0
0.0300869,1,1
0.03009024,1,0
0.0300904,1,1
0.03009374,1,0
0.0300939,1,1
0.03009722,1,0
0.03009756,1,1
0.0301009,1,0
0.03010106,1,1
0.0301044,1,0
0.03010456,1,1
0.0301079,1,0
0.03010806,1,1
0.0301114,1,0
0.03011156,1,1
0.0301149,1,0
0.03011506,1,1
0.0301184,1,0
0.03011856,1,1
0.0301219,1,0
0.03012206,1,1
0.0301254,1,0
0.03012556,1,1
0.0301289,1,0
0.03012906,1,1
0.0301324,1,0
0.03013256,1,1
0.0301359,1,0
0.03013606,1,1
0.0301394,1,0
0.03013956,1,1
0.0301429,1,0
0.03014306,1,1
0.0301464,1,0
0.03014672,1,1
0.03015006,1,0
0.03015022,1,1
0.03015356,1,0
0.03015372,1,1
0.03015706,1,0
0.03015722,1,1
0.03016056,1,0
0.03016072,1,1
0.03016406,1,0
0.03016422,1,1
0.03016756,1,0
0.03016772,1,1
0.03017106,1,0
0.03017122,1,1
0.03017456,1,0
0.03017472,1,1
0.03017806,1,0
0.03017822,1,1
0.03018156,1,0
0.03018172,1,1
0.03018506,1,0
0.03018522,1,1
0.03018856,1,0
0.03018872,1,1
0.03019206,1,0
0.03019222,1,1
0.03019556,1,0
0.03019572,1,1
0.03019906,1,0
0.03019938,1,1
0.03020272,1,0
0.03020288,1,1
0.03020622,1,0
0.03020638,1,1
0.03020972,1,0
0.03020988,1,1
0.03021322,1,0
0.03021338,1,1
0.03021672,1,0
0.03021688,1,1
0.03022022,1,0
0.03022038,1,1
0.03022372,1,0
0.03022388,1,1
0.03022722,1,0
0.03022738,1,1
0.03023072,1,0
0.03023088,1,1
0.03023422,1,0
0.03023438,1,1
0.03023772,1,0
0.03023788,1,1
0.03024122,1,0
0.03024138,1,1
0.03024472,1,0
0.03024488,1,1
0.03024822,1,0
0.03024856,1,1
0.03025188,1,0
0.03025204,1,1
0.03025538,1,0
0.03025554,1,1
0.03025888,1,0
0.03025904,1,1
0.03026238,1,0
0.03026254,1,1
0.03026588,1,0
0.03026604,1,1
0.03026938,1,0
0.03026954,1,1
0.03027288,1,0
0.03027304,1,1
0.03027638,1,0
0.03027654,1,1
0.03027988,1,0
0.03028004,1,1
0.03028338,1,0
0.03028354,1,1
0.03028688,1,0
0.03028704,1,1
0.03029038,1,0
0.03029054,1,1
0.03029388,1,0
0.03029404,1,1
0.03029738,1,0
0.03029772,1,1
0.03030104,1,0
0.03030122,1,1
0.03030454,1,0
0.03030472,1,1
0.03030804,1,0
0.03030822,1,1
0.03031154,1,0
0.03031172,1,1
0.03031504,1,0
0.03031522,1,1
0.03031854,1,0
0.0303187,1,1
0.03032204,1,0
0.0303222,1,1
0.03032554,1,0
0.0303257,1,1
0.03032904,1,0
0.0303292,1,1
0.03033254,1,0
0.0303327,1,1
0.03033604,1,0
0.0303362,1,1
0.03033954,1,0
0.0303397,1,1
0.03034304,1,0
0.0303432,1,1
0.03034654,1,0
0.0303467,1,1
0.03035004,1,0
0.03035038,1,1
0.0303537,1,0
0.03035388,1,1
0.0303572,1,0
0.03035738,1,1
0.0303607,1,0
0.03036088,1,1
0.0303642,1,0
0.03036438,1,1
0.0303677,1,0
0.03036788,1,1
0.0303712,1,0
0.03037138,1,1
0.0303747,1,0
0.03037488,1,1
0.0303782,1,0
0.03037838,1,1
0.0303817,1,0
0.03038188,1,1
0.0303852,1,0
0.03038536,1,1
0.0303887,1,0
0.03038886,1,1
0.0303922,1,0
0.03039236,1,1
0.0303957,1,0
0.03039586,1,1
0.0303992,1,0
0.03039954,1,1
0.03040286,1,0
0.03040304,1,1
0.03040636,1,0
0.03040654,1,1
0.03040986,1,0
0.03041004,1,1
0.03041336,1,0
0.03041354,1,1
0.03041686,1,0
0.03041704,1,1
0.03042036,1,0
0.03042054,1,1
0.03042386,1,0
0.03042404,1,1
0.03042736,1,0
0.03042754,1,1
0.03043086,1,0
0.03043104,1,1
0.03043436,1,0
0.03043454,1,1
0.03043786,1,0
0.03043804,1,1
0.03044136,1,0
0.03044154,1,1
0.03044486,1,0
0.03044504,1,1
0.03044836,1,0
0.0304487,1,1
0.03045202,1,0
0.0304522,1,1
0.03045552,1,0
0.0304557,1,1
0.03045902,1,0
0.0304592,1,1
0.03046252,1,0
0.0304627,1,1
0.03046602,1,0
0.0304662,1,1
0.03046952,1,0
0.0304697,1,1
0.03047302,1,0
0.0304732,1,1
0.03047652,1,0
0.0304767,1,1
0.03048002,1,0
0.0304802,1,1
0.03048352,1,0
0.0304837,1,1
0.03048702,1,0
0.0304872,1,1
0.03049052,1,0
0.0304907,1,1
0.03049402,1,0
0.0304942,1,1
0.03049752,1,0
0.0304977,1,1
0.03050102,1,0
0.03050136,1,1
0.03050468,1,0
0.03050486,1,1
0.03050818,1,0
0.03050836,1,1
0.03051168,1,0
0.03051186,1,1
0.03051518,1,0
0.03051536,1,1
0.03051868,1,0
0.03051886,1,1
0.03052218,1,0
0.03052236,1,1
0.03052568,1,0
0.03052586,1,1
0.03052918,1,0
0.03052936,1,1
0.03053268,1,0
0.03053286,1,1
0.03053618,1,0
0.03053636,1,1
0.03053968,1,0
0.03053986,1,1
0.03054318,1,0
0.03054336,1,1
0.03054668,1,0
0.03054686,1,1
0.03055018,1,0
0.03055052,1,1
0.03055386,1,0
0.03055402,1,1
0.03055736,1,0
0.03055752,1,1
0.03056084,1,0
0.03056102,1,1
0.03056434,1,0
0.03056452,1,1
0.03056784,1,0
0.03056802,1,1
0.03057134,1,0
0.03057152,1,1
0.03057484,1,0
0.03057502,1,1
0.03057834,1,0
0.03057852,1,1
0.03058184,1,0
0.03058202,1,1
0.03058534,1,0
0.03058552,1,1
0.03058884,1,0
0.03058902,1,1
0.03059234,1,0
0.03059252,1,1
0.03059584,1,0
0.03059602,1,1
0.03059934,1,0
0.03059968,1,1
0.03060302,1,0
0.03060318,1,1
0.03060652,1,0
0.03060668,1,1
0.03061002,1,0
0.03061018,1,1
0.03061352,1,0
0.03061368,1,1
0.03061702,1,0
0.03061718,1,1
0.03062052,1,0
0.03062068,1,1
0.03062402,1,0
0.03062418,1,1
0.0306275,1,0
0.03062768,1,1
0.030631,1,0
0.03063118,1,1
0.0306345,1,0
0.03063468,1,1
0.030638,1,0
0.03063818,1,1
0.0306415,1,0
0.03064168,1,1
0.030645,1,0
0.03064518,1,1
0.0306485,1,0
0.03064868,1,1
0.030652,1,0
0.03065234,1,1
0.03065568,1,0
0.03065584,1,1
0.03065918,1,0
0.03065934,1,1
0.03066268,1,0
0.03066284,1,1
0.03066618,1,0
0.03066634,1,1
0.03066968,1,0
0.03066984,1,1
0.03067318,1,0
0.03067334,1,1
0.03067668,1,0
0.03067684,1,1
0.03068018,1,0
0.03068034,1,1
0.03068368,1,0
0.03068384,1,1
0.03068718,1,0
0.03068734,1,1
0.03069066,1,0
0.03069084,1,1
0.03069416,1,0
0.03069434,1,1
0.03069766,1,0
0.03069784,1,1
0.03070116,1,0
0.0307015,1,1
0.03070484,1,0
0.030705,1,1
0.03070834,1,0
0.0307085,1,1
0.03071184,1,0
0.030712,1,1
0.03071534,1,0
0.0307155,1,1
0.03071884,1,0
0.030719,1,1
0.03072234,1,0
0.0307225,1,1
0.03072584,1,0
0.030726,1,1
0.03072934,1,0
0.0307295,1,1
0.03073284,1,0
0.030733,1,1
0.03073634,1,0
0.0307365,1,1
0.03073984,1,0
0.03074,1,1
0.03074334,1,0
0.0307435,1,1
0.03074684,1,0
0.030747,1,1
0.03075034,1,0
0.03075066,1,1
0.030754,1,0
0.03075416,1,1
0.0307575,1,0
0.03075766,1,1
0.030761,1,0
0.03076116,1,1
0.0307645,1,0
0.03076466,1,1
0.030768,1,0
0.03076816,1,1
0.0307715,1,0
0.03077166,1,1
0.030775,1,0
0.03077516,1,1
0.0307785,1,0
0.03077866,1,1
0.030782,1,0
0.03078216,1,1
0.0307855,1,0
0.03078566,1,1
0.030789,1,0
0.03078916,1,1
0.0307925,1,0
0.03079266,1,1
0.030796,1,0
0.03079616,1,1
0.0307995,1,0
0.03079966,1,1
0.030803,1,0
0.03080332,1,1
0.03080666,1,0
0.03080682,1,1
0.03081016,1,0
0.03081032,1,1
0.03081366,1,0
0.03081382,1,1
0.03081716,1,0
0.03081732,1,1
0.03082066,1,0
0.03082082,1,1
0.03082416,1,0
0.03082432,1,1
0.03082766,1,0
0.03082782,1,1
0.03083116,1,0
0.03083132,1,1
0.03083466,1,0
0.03083482,1,1
0.03083816,1,0
0.03083832,1,1
0.03084166,1,0
0.03084182,1,1
0.03084516,1,0
0.03084532,1,1
0.03084866,1,0
0.03084882,1,1
0.03085216,1,0
0.03085248,1,1
0.03085582,1,0
0.03085598,1,1
0.03085932,1,0
0.03085948,1,1
0.03086282,1,0
0.03086298,1,1
0.03086632,1,0
0.03086648,1,1
0.03086982,1,0
0.03086998,1,1
0.03087332,1,0
0.03087348,1,1
0.03087682,1,0
0.03087698,1,1
0.03088032,1,0
0.03088048,1,1
0.03088382,1,0
0.03088398,1,1
0.03088732,1,0
0.03088748,1,1
0.03089082,1,0
0.03089098,1,1
0.03089432,1,0
0.03089448,1,1
0.03089782,1,0
0.03089798,1,1
0.03090132,1,0
0.03090166,1,1
0.03090498,1,0
0.03090516,1,1
0.03090848,1,0
0.03090866,1,1
0.03091198,1,0
0.03091216,1,1
0.03091548,1,0
0.03091564,1,1
0.03091898,1,0
0.03091914,1,1
0.03092248,1,0
0.03092264,1,1
0.03092598,1,0
0.03092614,1,1
0.03092948,1,0
0.03092964,1,1
0.03093298,1,0
0.03093314,1,1
0.03093648,1,0
0.03093664,1,1
0.03093998,1,0
0.03094014,1,1
0.03094348,1,0
0.03094364,1,1
0.03094698,1,0
0.03094714,1,1
0.03095048,1,0
0.03095064,1,1
0.03095398,1,0
0.03095432,1,1
0.03095764,1,0
0.03095782,1,1
0.03096114,1,0
0.03096132,1,1
0.03096464,1,0
0.03096482,1,1
0.03096814,1,0
0.03096832,1,1
0.03097164,1,0
0.03097182,1,1
0.03097514,1,0
0.03097532,1,1
0.03097864,1,0
0.0309788,1,1
0.03098214,1,0
0.0309823,1,1
0.03098564,1,0
0.0309858,1,1
0.03098914,1,0
0.0309893,1,1
0.03099264,1,0
0.0309928,1,1
0.03099614,1,0
0.0309963,1,1
0.03099964,1,0
0.0309998,1,1
0.03100314,1,0
0.03100348,1,1
0.0310068,1,0
0.03100698,1,1
0.0310103,1,0
0.03101048,1,1
0.0310138,1,0
0.03101398,1,1
0.0310173,1,0
0.03101748,1,1
0.0310208,1,0
0.03102098,1,1
0.0310243,1,0
0.03102448,1,1
0.0310278,1,0
0.03102798,1,1
0.0310313,1,0
0.03103148,1,1
0.0310348,1,0
0.03103498,1,1
0.0310383,1,0
0.03103848,1,1
0.0310418,1,0
0.03104198,1,1
0.0310453,1,0
0.03104546,1,1
0.0310488,1,0
0.03104896,1,1
0.0310523,1,0
0.03105264,1,1
0.03105596,1,0
0.03105614,1,1
0.03105946,1,0
0.03105964,1,1
0.03106296,1,0
0.03106314,1,1
0.03106646,1,0
0.03106664,1,1
0.03106996,1,0
0.03107014,1,1
0.03107346,1,0
0.03107364,1,1
0.03107696,1,0
0.03107714,1,1
0.03108046,1,0
0.03108064,1,1
0.03108396,1,0
0.03108414,1,1
0.03108746,1,0
0.03108764,1,1
0.03109096,1,0
0.03109114,1,1
0.03109446,1,0
0.03109464,1,1
0.03109796,1,0
0.03109814,1,1
0.03110146,1,0
0.0311018,1,1
0.03110512,1,0
0.0311053,1,1
0.03110862,1,0
0.0311088,1,1
0.03111212,1,0
0.0311123,1,1
0.03111562,1,0
0.0311158,1,1
0.03111912,1,0
0.0311193,1,1
0.03112262,1,0
0.0311228,1,1
0.03112612,1,0
0.0311263,1,1
0.03112962,1,0
0.0311298,1,1
0.03113312,1,0
0.0311333,1,1
0.03113662,1,0
0.0311368,1,1
0.03114012,1,0
0.0311403,1,1
0.03114362,1,0
0.0311438,1,1
0.03114712,1,0
0.0311473,1,1
0.03115062,1,0
0.0311508,1,1
0.03115412,1,0
0.03115446,1,1
0.03115778,1,0
0.03115796,1,1
0.03116128,1,0
0.03116146,1,1
0.03116478,1,0
0.03116496,1,1
0.03116828,1,0
0.03116846,1,1
0.03117178,1,0
0.03117196,1,1
0.03117528,1,0
0.03117546,1,1
0.03117878,1,0
0.03117896,1,1
0.03118228,1,0
0.03118246,1,1
0.03118578,1,0
0.03118596,1,1
0.03118928,1,0
0.03118946,1,1
0.03119278,1,0
0.03119296,1,1
0.03119628,1,0
0.03119646,1,1
0.03119978,1,0
0.03119996,1,1
0.03120328,1,0
0.03120362,1,1
0.03120696,1,0
0.03120712,1,1
0.03121046,1,0
0.03121062,1,1
0.03121396,1,0
0.03121412,1,1
0.03121746,1,0
0.03121762,1,1
0.03122094,1,0
0.03122112,1,1
0.03122444,1,0
0.03122462,1,1
0.03122794,1,0
0.03122812,1,1
0.03123144,1,0
0.03123162,1,1
0.03123494,1,0
0.03123512,1,1
0.03123844,1,0
0.03123862,1,1
0.03124194,1,0
0.03124212,1,1
0.03124544,1,0
0.03124562,1,1
0.03124894,1,0
0.03124912,1,1
0.03125244,1,0
0.03125278,1,1
0.03125612,1,0
0.03125628,1,1
0.03125962,1,0
0.03125978,1,1
0.03126312,1,0
0.03126328,1,1
0.03126662,1,0
0.03126678,1,1
0.03127012,1,0
0.03127028,1,1
0.03127362,1,0
0.03127378,1,1
0.03127712,1,0
0.03127728,1,1
0.03128062,1,0
0.03128078,1,1
0.03128412,1,0
0.03128428,1,1
0.0312876,1,0
0.03128778,1,1
0.0312911,1,0
0.03129128,1,1
0.0312946,1,0
0.03129478,1,1
0.0312981,1,0
0.03129828,1,1
0.0313016,1,0
0.03130178,1,1
0.0313051,1,0
0.03130544,1,1
0.03130878,1,0
0.03130894,1,1
0.03131228,1,0
0.03131244,1,1
0.03131578,1,0
0.03131594,1,1
0.03131928,1,0
0.03131944,1,1
0.03132278,1,0
0.03132294,1,1
0.03132628,1,0
0.03132644,1,1
0.03132978,1,0
0.03132994,1,1
0.03133328,1,0
0.03133344,1,1
0.03133678,1,0
0.03133694,1,1
0.03134028,1,0
0.03134044,1,1
0.03134378,1,0
0.03134394,1,1
0.03134728,1,0
0.03134744,1,1
0.03135076,1,0
0.03135094,1,1
0.03135426,1,0
0.0313546,1,1
0.03135794,1,0
0.0313581,1,1
0.03136144,1,0
0.0313616,1,1
0.03136494,1,0
0.0313651,1,1
0.03136844,1,0
0.0313686,1,1
0.03137194,1,0
0.0313721,1,1
0.03137544,1,0
0.0313756,1,1
0.03137894,1,0
0.0313791,1,1
0.03138244,1,0
0.0313826,1,1
0.03138594,1,0
0.0313861,1,1
0.03138944,1,0
0.0313896,1,1
0.03139294,1,0
0.0313931,1,1
0.03139644,1,0
0.0313966,1,1
0.03139994,1,0
0.0314001,1,1
0.03140344,1,0
0.03140376,1,1
0.0314071,1,0
0.03140726,1,1
0.0314106,1,0
0.03141076,1,1
0.0314141,1,0
0.03141426,1,1
0.0314176,1,0
0.03141776,1,1
0.0314211,1,0
0.03142126,1,1
0.0314246,1,0
0.03142476,1,1
0.0314281,1,0
0.03142826,1,1
0.0314316,1,0
0.03143176,1,1
0.0314351,1,0
0.03143526,1,1
0.0314386,1,0
0.03143876,1,1
0.0314421,1,0
0.03144226,1,1
0.0314456,1,0
0.03144576,1,1
0.0314491,1,0
0.03144926,1,1
0.0314526,1,0
0.03145276,1,1
0.0314561,1,0
0.03145642,1,1
0.03145976,1,0
0.03145992,1,1
0.03146326,1,0
0.03146342,1,1
0.03146676,1,0
0.03146692,1,1
0.03147026,1,0
0.03147042,1,1
0.03147376,1,0
0.03147392,1,1
0.03147726,1,0
0.03147742,1,1
0.03148076,1,0
0.03148092,1,1
0.03148426,1,0
0.03148442,1,1
0.03148776,1,0
0.03148792,1,1
0.03149126,1,0
0.03149142,1,1
0.03149476,1,0
0.03149492,1,1
0.03149826,1,0
0.03149842,1,1
0.03150176,1,0
0.03150192,1,1
0.03150526,1,0
0.0315056,1,1
0.03150892,1,0
0.03150908,1,1
0.03151242,1,0
0.03151258,1,1
0.03151592,1,0
0.03151608,1,1
0.03151942,1,0
0.03151958,1,1
0.03152292,1,0
0.03152308,1,1
0.03152642,1,0
0.03152658,1,1
0.03152992,1,0
0.03153008,1,1
0.03153342,1,0
0.03153358,1,1
0.03153692,1,0
0.03153708,1,1
0.03154042,1,0
0.03154058,1,1
0.03154392,1,0
0.03154408,1,1
0.03154742,1,0
0.03154758,1,1
0.03155092,1,0
0.03155108,1,1
0.03155442,1,0
0.03155476,1,1
0.03155808,1,0
0.03155826,1,1
0.03156158,1,0
0.03156176,1,1
0.03156508,1,0
0.03156526,1,1
0.03156858,1,0
0.03156876,1,1
0.03157208,1,0
0.03157226,1,1
0.03157558,1,0
0.03157574,1,1
0.03157908,1,0
0.03157924,1,1
0.03158258,1,0
0.03158274,1,1
0.03158608,1,0
0.03158624,1,1
0.03158958,1,0
0.03158974,1,1
0.03159308,1,0
0.03159324,1,1
0.03159658,1,0
0.03159674,1,1
0.03160008,1,0
0.03160024,1,1
0.03160358,1,0
0.03160374,1,1
0.03160708,1,0
0.03160742,1,1
0.03161074,1,0
0.03161092,1,1
0.03161424,1,0
0.03161442,1,1
0.03161774,1,0
0.03161792,1,1
0.03162124,1,0
0.03162142,1,1
0.03162474,1,0
0.03162492,1,1
0.03162824,1,0
0.03162842,1,1
0.03163174,1,0
0.03163192,1,1
0.03163524,1,0
0.03163542,1,1
0.03163874,1,0
0.0316389,1,1
0.03164224,1,0
0.0316424,1,1
0.03164574,1,0
0.0316459,1,1
0.03164924,1,0
0.0316494,1,1
0.03165274,1,0
0.0316529,1,1
0.03165624,1,0
0.03165658,1,1
0.0316599,1,0
0.03166008,1,1
0.0316634,1,0
0.03166358,1,1
0.0316669,1,0
0.03166708,1,1
0.0316704,1,0
0.03167058,1,1
0.0316739,1,0
0.03167408,1,1
0.0316774,1,0
0.03167758,1,1
0.0316809,1,0
0.03168108,1,1
0.0316844,1,0
0.03168458,1,1
0.0316879,1,0
0.03168808,1,1
0.0316914,1,0
0.03169158,1,1
0.0316949,1,0
0.03169508,1,1
0.0316984,1,0
0.03169858,1,1
0.0317019,1,0
0.03170208,1,1
0.0317054,1,0
0.03170574,1,1
0.03170906,1,0
0.03170924,1,1
0.03171256,1,0
0.03171274,1,1
0.03171606,1,0
0.03171624,1,1
0.03171956,1,0
0.03171974,1,1
0.03172306,1,0
0.03172324,1,1
0.03172656,1,0
0.03172674,1,1
0.03173006,1,0
0.03173024,1,1
0.03173356,1,0
0.03173374,1,1
0.03173706,1,0
0.03173724,1,1
0.03174056,1,0
0.03174074,1,1
0.03174406,1,0
0.03174424,1,1
0.03174756,1,0
0.03174774,1,1
0.03175106,1,0
0.03175124,1,1
0.03175456,1,0
0.03175474,1,1
0.03175806,1,0
0.0317584,1,1
0.03176172,1,0
0.0317619,1,1
0.03176522,1,0
0.0317654,1,1
0.03176872,1,0
0.0317689,1,1
0.03177222,1,0
0.0317724,1,1
0.03177572,1,0
0.0317759,1,1
0.03177922,1,0
0.0317794,1,1
0.03178272,1,0
0.0317829,1,1
0.03178622,1,0
0.0317864,1,1
0.03178972,1,0
0.0317899,1,1
0.03179322,1,0
0.0317934,1,1
0.03179672,1,0
0.0317969,1,1
0.03180022,1,0
0.0318004,1,1
0.03180372,1,0
0.0318039,1,1
0.03180722,1,0
0.03180756,1,1
0.0318109,1,0
0.03181106,1,1
0.0318144,1,0
0.03181456,1,1
0.03181788,1,0
0.03181806,1,1
0.03182138,1,0
0.03182156,1,1
0.03182488,1,0
0.03182506,1,1
0.03182838,1,0
0.03182856,1,1
0.03183188,1,0
0.03183206,1,1
0.03183538,1,0
0.03183556,1,1
0.03183888,1,0
0.03183906,1,1
0.03184238,1,0
0.03184256,1,1
0.03184588,1,0
0.03184606,1,1
0.03184938,1,0
0.03184956,1,1
0.03185288,1,0
0.03185306,1,1
0.03185638,1,0
0.03185672,1,1
0.03186006,1,0
0.03186022,1,1
0.03186356,1,0
0.03186372,1,1
0.03186706,1,0
0.03186722,1,1
0.03187056,1,0
0.03187072,1,1
0.03187406,1,0
0.03187422,1,1
0.03187756,1,0
0.03187772,1,1
0.03188104,1,0
0.03188122,1,1
0.03188454,1,0
0.03188472,1,1
0.03188804,1,0
0.03188822,1,1
0.03189154,1,0
0.03189172,1,1
0.03189504,1,0
0.03189522,1,1
0.03189854,1,0
0.03189872,1,1
0.03190204,1,0
0.03190222,1,1
0.03190554,1,0
0.03190572,1,1
0.03190904,1,0
0.03190938,1,1
0.03191272,1,0
0.03191288,1,1
0.03191622,1,0
0.03191638,1,1
0.03191972,1,0
0.03191988,1,1
0.03192322,1,0
0.03192338,1,1
0.03192672,1,0
0.03192688,1,1
0.03193022,1,0
0.03193038,1,1
0.03193372,1,0
0.03193388,1,1
0.03193722,1,0
0.03193738,1,1
0.03194072,1,0
0.03194088,1,1
0.03194422,1,0
0.03194438,1,1
0.0319477,1,0
0.03194788,1,1
0.0319512,1,0
0.03195138,1,1
0.0319547,1,0
0.03195488,1,1
0.0319582,1,0
0.03195854,1,1
0.03196188,1,0
0.03196204,1,1
0.03196538,1,0
0.03196554,1,1
0.03196888,1,0
0.03196904,1,1
0.03197238,1,0
0.03197254,1,1
0.03197588,1,0
0.03197604,1,1
0.03197938,1,0
0.03197954,1,1
0.03198288,1,0
0.03198304,1,1
0.03198638,1,0
0.03198654,1,1
0.03198988,1,0
0.03199004,1,1
0.03199338,1,0
0.03199354,1,1
0.03199688,1,0
0.03199704,1,1
0.03200038,1,0
0.03200054,1,1
0.03200388,1,0
0.03200404,1,1
0.03200738,1,0
0.0320077,1,1
0.03201104,1,0
0.0320112,1,1
0.03201454,1,0
0.0320147,1,1
0.03201804,1,0
0.0320182,1,1
0.03202154,1,0
0.0320217,1,1
0.03202504,1,0
0.0320252,1,1
0.03202854,1,0
0.0320287,1,1
0.03203204,1,0
0.0320322,1,1
0.03203554,1,0
0.0320357,1,1
0.03203904,1,0
0.0320392,1,1
0.03204254,1,0
0.0320427,1,1
0.03204604,1,0
0.0320462,1,1
0.03204954,1,0
0.0320497,1,1
0.03205304,1,0
0.0320532,1,1
0.03205654,1,0
0.0320567,1,1
0.03206004,1,0
0.03206036,1,1
0.0320637,1,0
0.03206386,1,1
0.0320672,1,0
0.03206736,1,1
0.0320707,1,0
0.03207086,1,1
0.0320742,1,0
0.03207436,1,1
0.0320777,1,0
0.03207786,1,1
0.0320812,1,0
0.03208136,1,1
0.0320847,1,0
0.03208486,1,1
0.0320882,1,0
0.03208836,1,1
0.0320917,1,0
0.03209186,1,1
0.0320952,1,0
0.03209536,1,1
0.0320987,1,0
0.03209886,1,1
0.0321022,1,0
0.03210236,1,1
0.0321057,1,0
0.03210586,1,1
0.0321092,1,0
0.03210952,1,1
0.03211286,1,0
0.03211302,1,1
0.03211636,1,0
0.03211652,1,1
0.03211986,1,0
0.03212002,1,1
0.03212336,1,0
0.03212352,1,1
0.03212686,1,0
0.03212702,1,1
0.03213036,1,0
0.03213052,1,1
0.03213386,1,0
0.03213402,1,1
0.03213736,1,0
0.03213752,1,1
0.03214086,1,0
0.03214102,1,1
0.03214436,1,0
0.03214452,1,1
0.03214786,1,0
0.03214802,1,1
0.03215136,1,0
0.03215152,1,1
0.03215486,1,0
0.03215502,1,1
0.03215836,1,0
0.0321587,1,1
0.03216202,1,0
0.0321622,1,1
0.03216552,1,0
0.0321657,1,1
0.03216902,1,0
0.03216918,1,1
0.03217252,1,0
0.03217268,1,1
0.03217602,1,0
0.03217618,1,1
0.03217952,1,0
0.03217968,1,1
0.03218302,1,0
0.03218318,1,1
0.03218652,1,0
0.03218668,1,1
0.03219002,1,0
0.03219018,1,1
0.03219352,1,0
0.03219368,1,1
0.03219702,1,0
0.03219718,1,1
0.03220052,1,0
0.03220068,1,1
0.03220402,1,0
0.03220418,1,1
0.03220752,1,0
0.03220768,1,1
0.03221102,1,0
0.03221136,1,1
0.03221468,1,0
0.03221486,1,1
0.03221818,1,0
0.03221836,1,1
0.03222168,1,0
0.03222186,1,1
0.03222518,1,0
0.03222536,1,1
0.03222868,1,0
0.03222886,1,1
0.03223218,1,0
0.03223236,1,1
0.03223568,1,0
0.03223584,1,1
0.03223918,1,0
0.03223934,1,1
0.03224268,1,0
0.03224284,1,1
0.03224618,1,0
0.03224634,1,1
0.03224968,1,0
0.03224984,1,1
0.03225318,1,0
0.03225334,1,1
0.03225668,1,0
0.03225684,1,1
0.03226018,1,0
0.03226052,1,1
0.03226384,1,0
0.03226402,1,1
0.03226734,1,0
0.03226752,1,1
0.03227084,1,0
0.03227102,1,1
0.03227434,1,0
0.03227452,1,1
0.03227784,1,0
0.03227802,1,1
0.03228134,1,0
0.03228152,1,1
0.03228484,1,0
0.03228502,1,1
0.03228834,1,0
0.03228852,1,1
0.03229184,1,0
0.03229202,1,1
0.03229534,1,0
0.03229552,1,1
0.03229884,1,0
0.03229902,1,1
0.03230234,1,0
0.0323025,1,1
0.03230584,1,0
0.032306,1,1
0.03230934,1,0
0.03230968,1,1
0.032313,1,0
0.03231318,1,1
0.0323165,1,0
0.03231668,1,1
0.03232,1,0
0.03232018,1,1
0.0323235,1,0
0.03232368,1,1
0.032327,1,0
0.03232718,1,1
0.0323305,1,0
0.03233068,1,1
0.032334,1,0
0.03233418,1,1
0.0323375,1,0
0.03233768,1,1
0.032341,1,0
0.03234118,1,1
0.0323445,1,0
0.03234468,1,1
0.032348,1,0
0.03234818,1,1
0.0323515,1,0
0.03235168,1,1
0.032355,1,0
0.03235518,1,1
0.0323585,1,0
0.03235884,1,1
0.03236216,1,0
0.03236234,1,1
0.03236566,1,0
0.03236584,1,1
0.03236916,1,0
0.03236934,1,1
0.03237266,1,0
0.03237284,1,1
0.03237616,1,0
0.03237634,1,1
0.03237966,1,0
0.03237984,1,1
0.03238316,1,0
0.03238334,1,1
0.03238666,1,0
0.03238684,1,1
0.03239016,1,0
0.03239034,1,1
0.03239366,1,0
0.03239384,1,1
0.03239716,1,0
0.03239734,1,1
0.03240066,1,0
0.03240084,1,1
0.03240416,1,0
0.03240434,1,1
0.03240766,1,0
0.03240784,1,1
0.03241116,1,0
0.0324115,1,1
0.03241482,1,0
0.032415,1,1
0.03241832,1,0
0.0324185,1,1
0.03242182,1,0
0.032422,1,1
0.03242532,1,0
0.0324255,1,1
0.03242882,1,0
0.032429,1,1
0.03243232,1,0
0.0324325,1,1
0.03243582,1,0
0.032436,1,1
0.03243932,1,0
0.0324395,1,1
0.03244282,1,0
0.032443,1,1
0.03244632,1,0
0.0324465,1,1
0.03244982,1,0
0.03245,1,1
0.03245332,1,0
0.0324535,1,1
0.03245682,1,0
0.032457,1,1
0.03246032,1,0
0.03246066,1,1
0.032464,1,0
0.03246416,1,1
0.0324675,1,0
0.03246766,1,1
0.032471,1,0
0.03247116,1,1
0.0324745,1,0
0.03247466,1,1
0.03247798,1,0
0.03247816,1,1
0.03248148,1,0
0.03248166,1,1
0.03248498,1,0
0.03248516,1,1
0.03248848,1,0
0.03248866,1,1
0.03249198,1,0
0.03249216,1,1
0.03249548,1,0
0.03249566,1,1
0.03249898,1,0
0.03249916,1,1
0.03250248,1,0
0.03250266,1,1
0.03250598,1,0
0.03250616,1,1
0.03250948,1,0
0.03250982,1,1
0.03251316,1,0
0.03251332,1,1
0.03251666,1,0
0.03251682,1,1
0.03252016,1,0
0.03252032,1,1
0.03252366,1,0
0.03252382,1,1
0.03252716,1,0
0.03252732,1,1
0.03253066,1,0
0.03253082,1,1
0.03253416,1,0
0.03253432,1,1
0.03253766,1,0
0.03253782,1,1
0.03254114,1,0
0.03254132,1,1
0.03254464,1,0
0.03254482,1,1
0.03254814,1,0
0.03254832,1,1
0.03255164,1,0
0.03255182,1,1
0.03255514,1,0
0.03255532,1,1
0.03255864,1,0
0.03255882,1,1
0.03256214,1,0
0.03256248,1,1
0.03256582,1,0
0.03256598,1,1
0.03256932,1,0
0.03256948,1,1
0.03257282,1,0
0.03257298,1,1
0.03257632,1,0
0.03257648,1,1
0.03257982,1,0
0.03257998,1,1
0.03258332,1,0
0.03258348,1,1
0.03258682,1,0
0.03258698,1,1
0.03259032,1,0
0.03259048,1,1
0.03259382,1,0
0.03259398,1,1
0.03259732,1,0
0.03259748,1,1
0.03260082,1,0
0.03260098,1,1
0.03260432,1,0
0.03260448,1,1
0.0326078,1,0
0.03260798,1,1
0.0326113,1,0
0.03261164,1,1
0.03261498,1,0
0.03261514,1,1
0.03261848,1,0
0.03261864,1,1
0.03262198,1,0
0.03262214,1,1
0.03262548,1,0
0.03262564,1,1
0.03262898,1,0
0.03262914,1,1
0.03263248,1,0
0.03263264,1,1
0.03263598,1,0
0.03263614,1,1
0.03263948,1,0
0.03263964,1,1
0.03264298,1,0
0.03264314,1,1
0.03264648,1,0
0.03264664,1,1
0.03264998,1,0
0.03265014,1,1
0.03265348,1,0
0.03265364,1,1
0.03265698,1,0
0.03265714,1,1
0.03266048,1,0
0.0326608,1,1
0.03266414,1,0
0.0326643,1,1
0.03266764,1,0
0.0326678,1,1
0.03267114,1,0
0.0326713,1,1
0.03267464,1,0
0.0326748,1,1
0.03267814,1,0
0.0326783,1,1
0.03268164,1,0
0.0326818,1,1
0.03268514,1,0
0.0326853,1,1
0.03268864,1,0
0.0326888,1,1
0.03269214,1,0
0.0326923,1,1
0.03269564,1,0
0.0326958,1,1
0.03269914,1,0
0.0326993,1,1
0.03270264,1,0
0.0327028,1,1
0.03270614,1,0
0.0327063,1,1
0.03270964,1,0
0.0327098,1,1
0.03271314,1,0
0.03271346,1,1
0.0327168,1,0
0.03271696,1,1
0.0327203,1,0
0.03272046,1,1
0.0327238,1,0
0.03272396,1,1
0.0327273,1,0
0.03272746,1,1
0.0327308,1,0
0.03273096,1,1
0.0327343,1,0
0.03273446,1,1
0.0327378,1,0
0.03273796,1,1
0.0327413,1,0
0.03274146,1,1
0.0327448,1,0
0.03274496,1,1
0.0327483,1,0
0.03274846,1,1
0.0327518,1,0
0.03275196,1,1
0.0327553,1,0
0.03275546,1,1
0.0327588,1,0
0.03275896,1,1
0.0327623,1,0
0.03276264,1,1
0.03276596,1,0
0.03276612,1,1
0.03276946,1,0
0.03276962,1,1
0.03277296,1,0
0.03277312,1,1
0.03277646,1,0
0.03277662,1,1
0.03277996,1,0
0.03278012,1,1
0.03278346,1,0
0.03278362,1,1
0.03278696,1,0
0.03278712,1,1
0.03279046,1,0
0.03279062,1,1
0.03279396,1,0
0.03279412,1,1
0.03279746,1,0
0.03279762,1,1
0.03280096,1,0
0.03280112,1,1
0.03280446,1,0
0.03280462,1,1
0.03280796,1,0
0.03280812,1,1
0.03281146,1,0
0.0328118,1,1
0.03281512,1,0
0.0328153,1,1
0.03281862,1,0
0.0328188,1,1
0.03282212,1,0
0.0328223,1,1
0.03282562,1,0
0.0328258,1,1
0.03282912,1,0
0.03282928,1,1
0.03283262,1,0
0.03283278,1,1
0.03283612,1,0
0.03283628,1,1
0.03283962,1,0
0.03283978,1,1
0.03284312,1,0
0.03284328,1,1
0.03284662,1,0
0.03284678,1,1
0.03285012,1,0
0.03285028,1,1
0.03285362,1,0
0.03285378,1,1
0.03285712,1,0
0.03285728,1,1
0.03286062,1,0
0.03286078,1,1
0.03286412,1,0
0.03286446,1,1
0.03286778,1,0
0.03286796,1,1
0.03287128,1,0
0.03287146,1,1
0.03287478,1,0
0.03287496,1,1
0.03287828,1,0
0.03287846,1,1
0.03288178,1,0
0.03288196,1,1
0.03288528,1,0
0.03288546,1,1
0.03288878,1,0
0.03288896,1,1
0.03289228,1,0
0.03289246,1,1
0.03289578,1,0
0.03289594,1,1
0.03289928,1,0
0.03289944,1,1
0.03290278,1,0
0.03290294,1,1
0.03290628,1,0
0.03290644,1,1
0.03290978,1,0
0.03290994,1,1
0.03291328,1,0
0.03291362,1,1
0.03291694,1,0
0.03291712,1,1
0.03292044,1,0
0.03292062,1,1
0.03292394,1,0
0.03292412,1,1
0.03292744,1,0
0.03292762,1,1
0.03293094,1,0
0.03293112,1,1
0.03293444,1,0
0.03293462,1,1
0.03293794,1,0
0.03293812,1,1
0.03294144,1,0
0.03294162,1,1
0.03294494,1,0
0.03294512,1,1
0.03294844,1,0
0.03294862,1,1
0.03295194,1,0
0.03295212,1,1
0.03295544,1,0
0.03295562,1,1
0.03295894,1,0
0.03295912,1,1
0.03296244,1,0
0.03296278,1,1
0.0329661,1,0
0.03296628,1,1
0.0329696,1,0
0.03296978,1,1
0.0329731,1,0
0.03297328,1,1
0.0329766,1,0
0.03297678,1,1
0.0329801,1,0
0.03298028,1,1
0.0329836,1,0
0.03298378,1,1
0.0329871,1,0
0.03298728,1,1
0.0329906,1,0
0.03299078,1,1
0.0329941,1,0
0.03299428,1,1
0.0329976,1,0
0.03299778,1,1
0.0330011,1,0
0.03300128,1,1
0.0330046,1,0
0.03300478,1,1
0.0330081,1,0
0.03300828,1,1
0.0330116,1,0
0.03301178,1,1
0.0330151,1,0
0.03301544,1,1
0.03301876,1,0
0.03301894,1,1
0.03302226,1,0
0.03302244,1,1
0.03302576,1,0
0.03302594,1,1
0.03302926,1,0
0.03302944,1,1
0.03303276,1,0
0.03303294,1,1
0.03303626,1,0
0.03303644,1,1
0.03303976,1,0
0.03303994,1,1
0.03304326,1,0
0.03304344,1,1
0.03304676,1,0
0.03304694,1,1
0.03305026,1,0
0.03305044,1,1
0.03305376,1,0
0.03305394,1,1
0.03305726,1,0
0.03305744,1,1
0.03306076,1,0
0.03306094,1,1
0.03306426,1,0
0.0330646,1,1
0.03306794,1,0
0.0330681,1,1
0.03307142,1,0
0.0330716,1,1
0.03307492,1,0
0.0330751,1,1
0.03307842,1,0
0.0330786,1,1
0.03308192,1,0
0.0330821,1,1
0.03308542,1,0
0.0330856,1,1
0.03308892,1,0
0.0330891,1,1
0.03309242,1,0
0.0330926,1,1
0.03309592,1,0
0.0330961,1,1
0.03309942,1,0
0.0330996,1,1
0.03310292,1,0
0.0331031,1,1
0.03310642,1,0
0.0331066,1,1
0.03310992,1,0
0.0331101,1,1
0.03311342,1,0
0.03311376,1,1
0.0331171,1,0
0.03311726,1,1
0.0331206,1,0
0.03312076,1,1
0.0331241,1,0
0.03312426,1,1
0.0331276,1,0
0.03312776,1,1
0.0331311,1,0
0.03313126,1,1
0.0331346,1,0
0.03313476,1,1
0.03313808,1,0
0.03313826,1,1
0.03314158,1,0
0.03314176,1,1
0.03314508,1,0
0.03314526,1,1
0.03314858,1,0
0.03314876,1,1
0.03315208,1,0
0.03315226,1,1
0.03315558,1,0
0.03315576,1,1
0.03315908,1,0
0.03315926,1,1
0.03316258,1,0
0.03316276,1,1
0.03316608,1,0
0.03316642,1,1
0.03316976,1,0
0.03316992,1,1
0.03317326,1,0
0.03317342,1,1
0.03317676,1,0
0.03317692,1,1
0.03318026,1,0
0.03318042,1,1
0.03318376,1,0
0.03318392,1,1
0.03318726,1,0
0.03318742,1,1
0.03319076,1,0
0.03319092,1,1
0.03319426,1,0
0.03319442,1,1
0.03319776,1,0
0.03319792,1,1
0.03320124,1,0
0.03320142,1,1
0.03320474,1,0
0.03320492,1,1
0.03320824,1,0
0.03320842,1,1
0.03321174,1,0
0.03321192,1,1
0.03321524,1,0
0.03321558,1,1
0.03321892,1,0
0.03321908,1,1
0.03322242,1,0
0.03322258,1,1
0.03322592,1,0
0.03322608,1,1
0.03322942,1,0
0.03322958,1,1
0.03323292,1,0
0.03323308,1,1
0.03323642,1,0
0.03323658,1,1
0.03323992,1,0
0.03324008,1,1
0.03324342,1,0
0.03324358,1,1
0.03324692,1,0
0.03324708,1,1
0.03325042,1,0
0.03325058,1,1
0.03325392,1,0
0.03325408,1,1
0.03325742,1,0
0.03325758,1,1
0.03326092,1,0
0.03326108,1,1
0.03326442,1,0
0.03326474,1,1
0.03326808,1,0
0.03326824,1,1
0.03327158,1,0
0.03327174,1,1
0.03327508,1,0
0.03327524,1,1
0.03327858,1,0
0.03327874,1,1
0.03328208,1,0
0.03328224,1,1
0.03328558,1,0
0.03328574,1,1
0.03328908,1,0
0.03328924,1,1
0.03329258,1,0
0.03329274,1,1
0.03329608,1,0
0.03329624,1,1
0.03329958,1,0
0.03329974,1,1
0.03330308,1,0
0.03330324,1,1
0.03330658,1,0
0.03330674,1,1
0.03331008,1,0
0.03331024,1,1
0.03331358,1,0
0.03331374,1,1
0.03331708,1,0
0.0333174,1,1
0.03332074,1,0
0.0333209,1,1
0.03332424,1,0
0.0333244,1,1
0.03332774,1,0
0.0333279,1,1
0.03333124,1,0
0.0333314,1,1
0.03333474,1,0
0.0333349,1,1
0.03333824,1,0
0.0333384,1,1
0.03334174,1,0
0.0333419,1,1
0.03334524,1,0
0.0333454,1,1
0.03334874,1,0
0.0333489,1,1
0.03335224,1,0
0.0333524,1,1
0.03335574,1,0
0.0333559,1,1
0.03335924,1,0
0.0333594,1,1
0.03336274,1,0
0.0333629,1,1
0.03336624,1,0
0.03336656,1,1
0.0333699,1,0
0.03337006,1,1
0.0333734,1,0
0.03337356,1,1
0.0333769,1,0
0.03337706,1,1
0.0333804,1,0
0.03338056,1,1
0.0333839,1,0
0.03338406,1,1
0.0333874,1,0
0.03338756,1,1
0.0333909,1,0
0.03339106,1,1
0.0333944,1,0
0.03339456,1,1
0.0333979,1,0
0.03339806,1,1
0.0334014,1,0
0.03340156,1,1
0.0334049,1,0
0.03340506,1,1
0.0334084,1,0
0.03340856,1,1
0.0334119,1,0
0.03341206,1,1
0.0334154,1,0
0.03341574,1,1
0.03341906,1,0
0.03341924,1,1
0.03342256,1,0
0.03342272,1,1
0.03342606,1,0
0.03342622,1,1
0.03342956,1,0
0.03342972,1,1
0.03343306,1,0
0.03343322,1,1
0.03343656,1,0
0.03343672,1,1
0.03344006,1,0
0.03344022,1,1
0.03344356,1,0
0.03344372,1,1
0.03344706,1,0
0.03344722,1,1
0.03345056,1,0
0.03345072,1,1
0.03345406,1,0
0.03345422,1,1
0.03345756,1,0
0.03345772,1,1
0.03346106,1,0
0.03346122,1,1
0.03346456,1,0
0.0334649,1,1
0.03346822,1,0
0.0334684,1,1
0.03347172,1,0
0.0334719,1,1
0.03347522,1,0
0.0334754,1,1
0.03347872,1,0
0.0334789,1,1
0.03348222,1,0
0.0334824,1,1
0.03348572,1,0
0.0334859,1,1
0.03348922,1,0
0.03348938,1,1
0.03349272,1,0
0.03349288,1,1
0.03349622,1,0
0.03349638,1,1
0.03349972,1,0
0.03349988,1,1
0.03350322,1,0
0.03350338,1,1
0.03350672,1,0
0.03350688,1,1
0.03351022,1,0
0.03351038,1,1
0.03351372,1,0
0.03351388,1,1
0.03351722,1,0
0.03351756,1,1
0.03352088,1,0
0.03352106,1,1
0.03352438,1,0
0.03352456,1,1
0.03352788,1,0
0.03352806,1,1
0.03353138,1,0
0.03353156,1,1
0.03353488,1,0
0.03353506,1,1
0.03353838,1,0
0.03353856,1,1
0.03354188,1,0
0.03354206,1,1
0.03354538,1,0
0.03354556,1,1
0.03354888,1,0
0.03354906,1,1
0.03355238,1,0
0.03355256,1,1
0.03355588,1,0
0.03355604,1,1
0.03355938,1,0
0.03355954,1,1
0.03356288,1,0
0.03356304,1,1
0.03356638,1,0
0.03356672,1,1
0.03357004,1,0
0.03357022,1,1
0.03357354,1,0
0.03357372,1,1
0.03357704,1,0
0.03357722,1,1
0.03358054,1,0
0.03358072,1,1
0.03358404,1,0
0.03358422,1,1
0.03358754,1,0
0.03358772,1,1
0.03359104,1,0
0.03359122,1,1
0.03359454,1,0
0.03359472,1,1
0.03359804,1,0
0.03359822,1,1
0.03360154,1,0
0.03360172,1,1
0.03360504,1,0
0.03360522,1,1
0.03360854,1,0
0.03360872,1,1
0.03361204,1,0
0.03361222,1,1
0.03361554,1,0
0.03361588,1,1
0.0336192,1,0
0.03361938,1,1
0.0336227,1,0
0.03362288,1,1
0.0336262,1,0
0.03362638,1,1
0.0336297,1,0
0.03362988,1,1
0.0336332,1,0
0.03363338,1,1
0.0336367,1,0
0.03363688,1,1
0.0336402,1,0
0.03364038,1,1
0.0336437,1,0
0.03364388,1,1
0.0336472,1,0
0.03364738,1,1
0.0336507,1,0
0.03365088,1,1
0.0336542,1,0
0.03365438,1,1
0.0336577,1,0
0.03365788,1,1
0.0336612,1,0
0.03366138,1,1
0.0336647,1,0
0.03366488,1,1
0.0336682,1,0
0.03366854,1,1
0.03367186,1,0
0.03367204,1,1
0.03367536,1,0
0.03367554,1,1
0.03367886,1,0
0.03367904,1,1
0.03368236,1,0
0.03368254,1,1
0.03368586,1,0
0.03368604,1,1
0.03368936,1,0
0.03368954,1,1
0.03369286,1,0
0.03369304,1,1
0.03369636,1,0
0.03369654,1,1
0.03369986,1,0
0.03370004,1,1
0.03370336,1,0
0.03370354,1,1
0.03370686,1,0
0.03370704,1,1
0.03371036,1,0
0.03371054,1,1
0.03371386,1,0
0.03371404,1,1
0.03371736,1,0
0.0337177,1,1
0.03372104,1,0
0.0337212,1,1
0.03372454,1,0
0.0337247,1,1
0.03372804,1,0
0.0337282,1,1
0.03373152,1,0
0.0337317,1,1
0.03373502,1,0
0.0337352,1,1
0.03373852,1,0
0.0337387,1,1
0.03374202,1,0
0.0337422,1,1
0.03374552,1,0
0.0337457,1,1
0.03374902,1,0
0.0337492,1,1
0.03375252,1,0
0.0337527,1,1
0.03375602,1,0
0.0337562,1,1
0.03375952,1,0
0.0337597,1,1
0.03376302,1,0
0.0337632,1,1
0.03376652,1,0
0.03376686,1,1
0.0337702,1,0
0.03377036,1,1
0.0337737,1,0
0.03377386,1,1
0.0337772,1,0
0.03377736,1,1
0.0337807,1,0
0.03378086,1,1
0.0337842,1,0
0.03378436,1,1
0.0337877,1,0
0.03378786,1,1
0.0337912,1,0
0.03379136,1,1
0.0337947,1,0
0.03379486,1,1
0.03379818,1,0
0.03379836,1,1
0.03380168,1,0
0.03380186,1,1
0.03380518,1,0
0.03380536,1,1
0.03380868,1,0
0.03380886,1,1
0.03381218,1,0
0.03381236,1,1
0.03381568,1,0
0.03381586,1,1
0.03381918,1,0
0.03381952,1,1
0.03382286,1,0
0.03382302,1,1
0.03382636,1,0
0.03382652,1,1
0.03382986,1,0
0.03383002,1,1
0.03383336,1,0
0.03383352,1,1
0.03383686,1,0
0.03383702,1,1
0.03384036,1,0
0.03384052,1,1
0.03384386,1,0
0.03384402,1,1
0.03384736,1,0
0.03384752,1,1
0.03385086,1,0
0.03385102,1,1
0.03385436,1,0
0.03385452,1,1
0.03385786,1,0
0.03385802,1,1
0.03386134,1,0
0.03386152,1,1
0.03386484,1,0
0.03386502,1,1
0.03386834,1,0
0.03386868,1,1
0.03387202,1,0
0.03387218,1,1
0.03387552,1,0
0.03387568,1,1
0.03387902,1,0
0.03387918,1,1
0.03388252,1,0
0.03388268,1,1
0.03388602,1,0
0.03388618,1,1
0.03388952,1,0
0.03388968,1,1
0.03389302,1,0
0.03389318,1,1
0.03389652,1,0
0.03389668,1,1
0.03390002,1,0
0.03390018,1,1
0.03390352,1,0
0.03390368,1,1
0.03390702,1,0
0.03390718,1,1
0.03391052,1,0
0.03391068,1,1
0.03391402,1,0
0.03391418,1,1
0.03391752,1,0
0.03391784,1,1
0.03392118,1,0
0.03392134,1,1
0.03392468,1,0
0.03392484,1,1
0.03392818,1,0
0.03392834,1,1
0.03393168,1,0
0.03393184,1,1
0.03393518,1,0
0.03393534,1,1
0.03393868,1,0
0.03393884,1,1
0.03394218,1,0
0.03394234,1,1
0.03394568,1,0
0.03394584,1,1
0.03394918,1,0
0.03394934,1,1
0.03395268,1,0
0.03395284,1,1
0.03395618,1,0
0.03395634,1,1
0.03395968,1,0
0.03395984,1,1
0.03396318,1,0
0.03396334,1,1
0.03396668,1,0
0.03396684,1,1
0.03397018,1,0
0.0339705,1,1
0.03397384,1,0
0.033974,1,1
0.03397734,1,0
0.0339775,1,1
0.03398084,1,0
0.033981,1,1
0.03398434,1,0
0.0339845,1,1
0.03398784,1,0
0.033988,1,1
0.03399134,1,0
0.0339915,1,1
0.03399484,1,0
0.033995,1,1
0.03399834,1,0
0.0339985,1,1
0.03400184,1,0
0.034002,1,1
0.03400534,1,0
0.0340055,1,1
0.03400884,1,0
0.034009,1,1
0.03401234,1,0
0.0340125,1,1
0.03401584,1,0
0.034016,1,1
0.03401934,1,0
0.03401966,1,1
0.034023,1,0
0.03402316,1,1
0.0340265,1,0
0.03402666,1,1
0.03403,1,0
0.03403016,1,1
0.0340335,1,0
0.03403366,1,1
0.034037,1,0
0.03403716,1,1
0.0340405,1,0
0.03404066,1,1
0.034044,1,0
0.03404416,1,1
0.0340475,1,0
0.03404766,1,1
0.034051,1,0
0.03405116,1,1
0.0340545,1,0
0.03405466,1,1
0.034058,1,0
0.03405816,1,1
0.0340615,1,0
0.03406166,1,1
0.034065,1,0
0.03406516,1,1
0.0340685,1,0
0.03406884,1,1
0.03407216,1,0
0.03407234,1,1
0.03407566,1,0
0.03407584,1,1
0.03407916,1,0
0.03407934,1,1
0.03408266,1,0
0.03408284,1,1
0.03408616,1,0
0.03408632,1,1
0.03408966,1,0
0.03408982,1,1
0.03409316,1,0
0.03409332,1,1
0.03409666,1,0
0.03409682,1,1
0.03410016,1,0
0.03410032,1,1
0.03410366,1,0
0.03410382,1,1
0.03410716,1,0
0.03410732,1,1
0.03411066,1,0
0.03411082,1,1
0.03411416,1,0
0.03411432,1,1
0.03411766,1,0
0.03411782,1,1
0.03412116,1,0
0.0341215,1,1
0.03412482,1,0
0.034125,1,1
0.03412832,1,0
0.0341285,1,1
0.03413182,1,0
0.034132,1,1
0.03413532,1,0
0.0341355,1,1
0.03413882,1,0
0.034139,1,1
0.03414232,1,0
0.0341425,1,1
0.03414582,1,0
0.034146,1,1
0.03414932,1,0
0.03414948,1,1
0.03415282,1,0
0.03415298,1,1
0.03415632,1,0
0.03415648,1,1
0.03415982,1,0
0.03415998,1,1
0.03416332,1,0
0.03416348,1,1
0.03416682,1,0
0.03416698,1,1
0.03417032,1,0
0.03417066,1,1
0.03417398,1,0
0.03417416,1,1
0.03417748,1,0
0.03417766,1,1
0.03418098,1,0
0.03418116,1,1
0.03418448,1,0
0.03418466,1,1
0.03418798,1,0
0.03418816,1,1
0.03419148,1,0
0.03419166,1,1
0.03419498,1,0
0.03419516,1,1
0.03419848,1,0
0.03419866,1,1
0.03420198,1,0
0.03420216,1,1
0.03420548,1,0
0.03420566,1,1
0.03420898,1,0
0.03420916,1,1
0.03421248,1,0
0.03421266,1,1
0.03421598,1,0
0.03421614,1,1
0.03421948,1,0
0.03421982,1,1
0.03422314,1,0
0.03422332,1,1
0.03422664,1,0
0.03422682,1,1
0.03423014,1,0
0.03423032,1,1
0.03423364,1,0
0.03423382,1,1
0.03423714,1,0
0.03423732,1,1
0.03424064,1,0
0.03424082,1,1
0.03424414,1,0
0.03424432,1,1
0.03424764,1,0
0.03424782,1,1
0.03425114,1,0
0.03425132,1,1
0.03425464,1,0
0.03425482,1,1
0.03425814,1,0
0.03425832,1,1
0.03426164,1,0
0.03426182,1,1
0.03426514,1,0
0.03426532,1,1
0.03426864,1,0
0.03426898,1,1
0.0342723,1,0
0.03427248,1,1
0.0342758,1,0
0.03427598,1,1
0.0342793,1,0
0.03427948,1,1
0.0342828,1,0
0.03428298,1,1
0.0342863,1,0
0.03428648,1,1
0.0342898,1,0
0.03428998,1,1
0.0342933,1,0
0.03429348,1,1
0.0342968,1,0
0.03429698,1,1
0.0343003,1,0
0.03430048,1,1
0.0343038,1,0
0.03430398,1,1
0.0343073,1,0
0.03430748,1,1
0.0343108,1,0
0.03431098,1,1
0.0343143,1,0
0.03431448,1,1
0.0343178,1,0
0.03431798,1,1
0.0343213,1,0
0.03432164,1,1
0.03432498,1,0
0.03432514,1,1
0.03432846,1,0
0.03432864,1,1
0.03433196,1,0
0.03433214,1,1
0.03433546,1,0
0.03433564,1,1
0.03433896,1,0
0.03433914,1,1
0.03434246,1,0
0.03434264,1,1
0.03434596,1,0
0.03434614,1,1
0.03434946,1,0
0.03434964,1,1
0.03435296,1,0
0.03435314,1,1
0.03435646,1,0
0.03435664,1,1
0.03435996,1,0
0.03436014,1,1
0.03436346,1,0
0.03436364,1,1
0.03436696,1,0
0.03436714,1,1
0.03437046,1,0
0.0343708,1,1
0.03437414,1,0
0.0343743,1,1
0.03437764,1,0
0.0343778,1,1
0.03438114,1,0
0.0343813,1,1
0.03438464,1,0
0.0343848,1,1
0.03438814,1,0
0.0343883,1,1
0.03439162,1,0
0.0343918,1,1
0.03439512,1,0
0.0343953,1,1
0.03439862,1,0
0.0343988,1,1
0.03440212,1,0
0.0344023,1,1
0.03440562,1,0
0.0344058,1,1
0.03440912,1,0
0.0344093,1,1
0.03441262,1,0
0.0344128,1,1
0.03441612,1,0
0.0344163,1,1
0.03441962,1,0
0.03441996,1,1
0.0344233,1,0
0.03442346,1,1
0.0344268,1,0
0.03442696,1,1
0.0344303,1,0
0.03443046,1,1
0.0344338,1,0
0.03443396,1,1
0.0344373,1,0
0.03443746,1,1
0.0344408,1,0
0.03444096,1,1
0.0344443,1,0
0.03444446,1,1
0.0344478,1,0
0.03444796,1,1
0.0344513,1,0
0.03445146,1,1
0.0344548,1,0
0.03445496,1,1
0.03445828,1,0
0.03445846,1,1
0.03446178,1,0
0.03446196,1,1
0.03446528,1,0
0.03446546,1,1
0.03446878,1,0
0.03446896,1,1
0.03447228,1,0
0.03447262,1,1
0.03447596,1,0
0.03447612,1,1
0.03447946,1,0
0.03447962,1,1
0.03448296,1,0
0.03448312,1,1
0.03448646,1,0
0.03448662,1,1
0.03448996,1,0
0.03449012,1,1
0.03449346,1,0
0.03449362,1,1
0.03449696,1,0
0.03449712,1,1
0.03450046,1,0
0.03450062,1,1
0.03450396,1,0
0.03450412,1,1
0.03450746,1,0
0.03450762,1,1
0.03451096,1,0
0.03451112,1,1
0.03451446,1,0
0.03451462,1,1
0.03451796,1,0
0.03451812,1,1
0.03452144,1,0
0.03452178,1,1
0.03452512,1,0
0.03452528,1,1
0.03452862,1,0
0.03452878,1,1
0.03453212,1,0
0.03453228,1,1
0.03453562,1,0
0.03453578,1,1
0.03453912,1,0
0.03453928,1,1
0.03454262,1,0
0.03454278,1,1
0.03454612,1,0
0.03454628,1,1
0.03454962,1,0
0.03454978,1,1
0.03455312,1,0
0.03455328,1,1
0.03455662,1,0
0.03455678,1,1
0.03456012,1,0
0.03456028,1,1
0.03456362,1,0
0.03456378,1,1
0.03456712,1,0
0.03456728,1,1
0.03457062,1,0
0.03457094,1,1
0.03457428,1,0
0.03457444,1,1
0.03457778,1,0
0.03457794,1,1
0.03458128,1,0
0.03458144,1,1
0.03458478,1,0
0.03458494,1,1
0.03458828,1,0
0.03458844,1,1
0.03459178,1,0
0.03459194,1,1
0.03459528,1,0
0.03459544,1,1
0.03459878,1,0
0.03459894,1,1
0.03460228,1,0
0.03460244,1,1
0.03460578,1,0
0.03460594,1,1
0.03460928,1,0
0.03460944,1,1
0.03461278,1,0
0.03461294,1,1
0.03461628,1,0
0.03461644,1,1
0.03461978,1,0
0.03461994,1,1
0.03462328,1,0
0.0346236,1,1
0.03462694,1,0
0.0346271,1,1
0.03463044,1,0
0.0346306,1,1
0.03463394,1,0
0.0346341,1,1
0.03463744,1,0
0.0346376,1,1
0.03464094,1,0
0.0346411,1,1
0.03464444,1,0
0.0346446,1,1
0.03464794,1,0
0.0346481,1,1
0.03465144,1,0
0.0346516,1,1
0.03465494,1,0
0.0346551,1,1
0.03465844,1,0
0.0346586,1,1
0.03466194,1,0
0.0346621,1,1
0.03466544,1,0
0.0346656,1,1
0.03466894,1,0
0.0346691,1,1
0.03467244,1,0
0.03467278,1,1
0.0346761,1,0
0.03467628,1,1
0.0346796,1,0
0.03467976,1,1
0.0346831,1,0
0.03468326,1,1
0.0346866,1,0
0.03468676,1,1
0.0346901,1,0
0.03469026,1,1
0.0346936,1,0
0.03469376,1,1
0.0346971,1,0
0.03469726,1,1
0.0347006,1,0
0.03470076,1,1
0.0347041,1,0
0.03470426,1,1
0.0347076,1,0
0.03470776,1,1
0.0347111,1,0
0.03471126,1,1
0.0347146,1,0
0.03471476,1,1
0.0347181,1,0
0.03471826,1,1
0.0347216,1,0
0.03472194,1,1
0.03472526,1,0
0.03472544,1,1
0.03472876,1,0
0.03472894,1,1
0.03473226,1,0
0.03473244,1,1
0.03473576,1,0
0.03473594,1,1
0.03473926,1,0
0.03473944,1,1
0.03474276,1,0
0.03474294,1,1
0.03474626,1,0
0.03474642,1,1
0.03474976,1,0
0.03474992,1,1
0.03475326,1,0
0.03475342,1,1
0.03475676,1,0
0.03475692,1,1
0.03476026,1,0
0.03476042,1,1
0.03476376,1,0
0.03476392,1,1
0.03476726,1,0
0.03476742,1,1
0.03477076,1,0
0.03477092,1,1
0.03477426,1,0
0.0347746,1,1
0.03477792,1,0
0.0347781,1,1
0.03478142,1,0
0.0347816,1,1
0.03478492,1,0
0.0347851,1,1
0.03478842,1,0
0.0347886,1,1
0.03479192,1,0
0.0347921,1,1
0.03479542,1,0
0.0347956,1,1
0.03479892,1,0
0.0347991,1,1
0.03480242,1,0
0.0348026,1,1
0.03480592,1,0
0.0348061,1,1
0.03480942,1,0
0.03480958,1,1
0.03481292,1,0
0.03481308,1,1
0.03481642,1,0
0.03481658,1,1
0.03481992,1,0
0.03482008,1,1
0.03482342,1,0
0.03482376,1,1
0.03482708,1,0
0.03482726,1,1
0.03483058,1,0
0.03483076,1,1
0.03483408,1,0
0.03483426,1,1
0.03483758,1,0
0.03483776,1,1
0.03484108,1,0
0.03484126,1,1
0.03484458,1,0
0.03484476,1,1
0.03484808,1,0
0.03484826,1,1
0.03485158,1,0
0.03485176,1,1
0.03485508,1,0
0.03485526,1,1
0.03485858,1,0
0.03485876,1,1
0.03486208,1,0
0.03486226,1,1
0.03486558,1,0
0.03486576,1,1
0.03486908,1,0
0.03486926,1,1
0.03487258,1,0
0.03487292,1,1
0.03487624,1,0
0.03487642,1,1
0.03487974,1,0
0.03487992,1,1
0.03488324,1,0
0.03488342,1,1
0.03488674,1,0
0.03488692,1,1
0.03489024,1,0
0.03489042,1,1
0.03489374,1,0
0.03489392,1,1
0.03489724,1,0
0.03489742,1,1
0.03490074,1,0
0.03490092,1,1
0.03490424,1,0
0.03490442,1,1
0.03490774,1,0
0.03490792,1,1
0.03491124,1,0
0.03491142,1,1
0.03491474,1,0
0.03491492,1,1
0.03491824,1,0
0.03491842,1,1
0.03492174,1,0
0.03492192,1,1
0.03492524,1,0
0.03492558,1,1
0.0349289,1,0
0.03492908,1,1
0.0349324,1,0
0.03493258,1,1
0.0349359,1,0
0.03493608,1,1
0.0349394,1,0
0.03493958,1,1
0.0349429,1,0
0.03494308,1,1
0.0349464,1,0
0.03494658,1,1
0.0349499,1,0
0.03495008,1,1
0.0349534,1,0
0.03495358,1,1
0.0349569,1,0
0.03495708,1,1
0.0349604,1,0
0.03496058,1,1
0.0349639,1,0
0.03496408,1,1
0.0349674,1,0
0.03496758,1,1
0.0349709,1,0
0.03497108,1,1
0.0349744,1,0
0.03497474,1,1
0.03497808,1,0
0.03497824,1,1
0.03498158,1,0
0.03498174,1,1
0.03498508,1,0
0.03498524,1,1
0.03498856,1,0
0.03498874,1,1
0.03499206,1,0
0.03499224,1,1
0.03499556,1,0
0.03499574,1,1
0.03499906,1,0
0.03499924,1,1
0.03500256,1,0
0.03500274,1,1
0.03500606,1,0
0.03500624,1,1
0.03500956,1,0
0.03500974,1,1
0.03501306,1,0
0.03501324,1,1
0.03501656,1,0
0.03501674,1,1
0.03502006,1,0
0.03502024,1,1
0.03502356,1,0
0.0350239,1,1
0.03502724,1,0
0.0350274,1,1
0.03503074,1,0
0.0350309,1,1
0.03503424,1,0
0.0350344,1,1
0.03503774,1,0
0.0350379,1,1
0.03504124,1,0
0.0350414,1,1
0.03504474,1,0
0.0350449,1,1
0.03504824,1,0
0.0350484,1,1
0.03505172,1,0
0.0350519,1,1
0.03505522,1,0
0.0350554,1,1
0.03505872,1,0
0.0350589,1,1
0.03506222,1,0
0.0350624,1,1
0.03506572,1,0
0.0350659,1,1
0.03506922,1,0
0.0350694,1,1
0.03507272,1,0
0.03507306,1,1
0.0350764,1,0
0.03507656,1,1
0.0350799,1,0
0.03508006,1,1
0.0350834,1,0
0.03508356,1,1
0.0350869,1,0
0.03508706,1,1
0.0350904,1,0
0.03509056,1,1
0.0350939,1,0
0.03509406,1,1
0.0350974,1,0
0.03509756,1,1
0.0351009,1,0
0.03510106,1,1
0.0351044,1,0
0.03510456,1,1
0.0351079,1,0
0.03510806,1,1
0.0351114,1,0
0.03511156,1,1
0.0351149,1,0
0.03511506,1,1
0.03511838,1,0
0.03511856,1,1
0.03512188,1,0
0.03512206,1,1
0.03512538,1,0
0.03512572,1,1
0.03512906,1,0
0.03512922,1,1
0.03513256,1,0
0.03513272,1,1
0.03513606,1,0
0.03513622,1,1
0.03513956,1,0
0.03513972,1,1
0.03514306,1,0
0.03514322,1,1
0.03514656,1,0
0.03514672,1,1
0.03515006,1,0
0.03515022,1,1
0.03515356,1,0
0.03515372,1,1
0.03515706,1,0
0.03515722,1,1
0.03516056,1,0
0.03516072,1,1
0.03516406,1,0
0.03516422,1,1
0.03516756,1,0
0.03516772,1,1
0.03517106,1,0
0.03517122,1,1
0.03517456,1,0
0.03517488,1,1
0.03517822,1,0
0.03517838,1,1
0.03518172,1,0
0.03518188,1,1
0.03518522,1,0
0.03518538,1,1
0.03518872,1,0
0.03518888,1,1
0.03519222,1,0
0.03519238,1,1
0.03519572,1,0
0.03519588,1,1
0.03519922,1,0
0.03519938,1,1
0.03520272,1,0
0.03520288,1,1
0.03520622,1,0
0.03520638,1,1
0.03520972,1,0
0.03520988,1,1
0.03521322,1,0
0.03521338,1,1
0.03521672,1,0
0.03521688,1,1
0.03522022,1,0
0.03522038,1,1
0.03522372,1,0
0.03522404,1,1
0.03522738,1,0
0.03522754,1,1
0.03523088,1,0
0.03523104,1,1
0.03523438,1,0
0.03523454,1,1
0.03523788,1,0
0.03523804,1,1
0.03524138,1,0
0.03524154,1,1
0.03524488,1,0
0.03524504,1,1
0.03524838,1,0
0.03524854,1,1
0.03525188,1,0
0.03525204,1,1
0.03525538,1,0
0.03525554,1,1
0.03525888,1,0
0.03525904,1,1
0.03526238,1,0
0.03526254,1,1
0.03526588,1,0
0.03526604,1,1
0.03526938,1,0
0.03526954,1,1
0.03527288,1,0
0.03527304,1,1
0.03527638,1,0
0.0352767,1,1
0.03528004,1,0
0.0352802,1,1
0.03528354,1,0
0.0352837,1,1
0.03528704,1,0
0.0352872,1,1
0.03529054,1,0
0.0352907,1,1
0.03529404,1,0
0.0352942,1,1
0.03529754,1,0
0.0352977,1,1
0.03530104,1,0
0.0353012,1,1
0.03530454,1,0
0.0353047,1,1
0.03530804,1,0
0.0353082,1,1
0.03531154,1,0
0.0353117,1,1
0.03531504,1,0
0.0353152,1,1
0.03531854,1,0
0.0353187,1,1
0.03532204,1,0
0.0353222,1,1
0.03532554,1,0
0.03532588,1,1
0.0353292,1,0
0.03532938,1,1
0.0353327,1,0
0.03533288,1,1
0.0353362,1,0
0.03533638,1,1
0.0353397,1,0
0.03533986,1,1
0.0353432,1,0
0.03534336,1,1
0.0353467,1,0
0.03534686,1,1
0.0353502,1,0
0.03535036,1,1
0.0353537,1,0
0.03535386,1,1
0.0353572,1,0
0.03535736,1,1
0.0353607,1,0
0.03536086,1,1
0.0353642,1,0
0.03536436,1,1
0.0353677,1,0
0.03536786,1,1
0.0353712,1,0
0.03537136,1,1
0.0353747,1,0
0.03537504,1,1
0.03537836,1,0
0.03537854,1,1
0.03538186,1,0
0.03538204,1,1
0.03538536,1,0
0.03538554,1,1
0.03538886,1,0
0.03538904,1,1
0.03539236,1,0
0.03539254,1,1
0.03539586,1,0
0.03539604,1,1
0.03539936,1,0
0.03539954,1,1
0.03540286,1,0
0.03540302,1,1
0.03540636,1,0
0.03540652,1,1
0.03540986,1,0
0.03541002,1,1
0.03541336,1,0
0.03541352,1,1
0.03541686,1,0
0.03541702,1,1
0.03542036,1,0
0.03542052,1,1
0.03542386,1,0
0.03542402,1,1
0.03542736,1,0
0.0354277,1,1
0.03543102,1,0
0.0354312,1,1
0.03543452,1,0
0.0354347,1,1
0.03543802,1,0
0.0354382,1,1
0.03544152,1,0
0.0354417,1,1
0.03544502,1,0
0.0354452,1,1
0.03544852,1,0
0.0354487,1,1
0.03545202,1,0
0.0354522,1,1
0.03545552,1,0
0.0354557,1,1
0.03545902,1,0
0.0354592,1,1
0.03546252,1,0
0.0354627,1,1
0.03546602,1,0
0.0354662,1,1
0.03546952,1,0
0.03546968,1,1
0.03547302,1,0
0.03547318,1,1
0.03547652,1,0
0.03547686,1,1
0.03548018,1,0
0.03548036,1,1
0.03548368,1,0
0.03548386,1,1
0.03548718,1,0
0.03548736,1,1
0.03549068,1,0
0.03549086,1,1
0.03549418,1,0
0.03549436,1,1
0.03549768,1,0
0.03549786,1,1
0.03550118,1,0
0.03550136,1,1
0.03550468,1,0
0.03550486,1,1
0.03550818,1,0
0.03550836,1,1
0.03551168,1,0
0.03551186,1,1
0.03551518,1,0
0.03551536,1,1
0.03551868,1,0
0.03551886,1,1
0.03552218,1,0
0.03552236,1,1
0.03552568,1,0
0.03552602,1,1
0.03552934,1,0
0.03552952,1,1
0.03553284,1,0
0.03553302,1,1
0.03553634,1,0
0.03553652,1,1
0.03553984,1,0
0.03554002,1,1
0.03554334,1,0
0.03554352,1,1
0.03554684,1,0
0.03554702,1,1
0.03555034,1,0
0.03555052,1,1
0.03555384,1,0
0.03555402,1,1
0.03555734,1,0
0.03555752,1,1
0.03556084,1,0
0.03556102,1,1
0.03556434,1,0
0.03556452,1,1
0.03556784,1,0
0.03556802,1,1
0.03557134,1,0
0.03557152,1,1
0.03557484,1,0
0.03557502,1,1
0.03557834,1,0
0.03557868,1,1
0.035582,1,0
0.03558218,1,1
0.0355855,1,0
0.03558568,1,1
0.035589,1,0
0.03558918,1,1
0.0355925,1,0
0.03559268,1,1
0.035596,1,0
0.03559618,1,1
0.0355995,1,0
0.03559968,1,1
0.035603,1,0
0.03560318,1,1
0.0356065,1,0
0.03560668,1,1
0.03561,1,0
0.03561018,1,1
0.0356135,1,0
0.03561368,1,1
0.035617,1,0
0.03561718,1,1
0.0356205,1,0
0.03562068,1,1
0.035624,1,0
0.03562418,1,1
0.0356275,1,0
0.03562784,1,1
0.03563118,1,0
0.03563134,1,1
0.03563468,1,0
0.03563484,1,1
0.03563818,1,0
0.03563834,1,1
0.03564168,1,0
0.03564184,1,1
0.03564516,1,0
0.03564534,1,1
0.03564866,1,0
0.03564884,1,1
0.03565216,1,0
0.03565234,1,1
0.03565566,1,0
0.03565584,1,1
0.03565916,1,0
0.03565934,1,1
0.03566266,1,0
0.03566284,1,1
0.03566616,1,0
0.03566634,1,1
0.03566966,1,0
0.03566984,1,1
0.03567316,1,0
0.03567334,1,1
0.03567666,1,0
0.035677,1,1
0.03568034,1,0
0.0356805,1,1
0.03568384,1,0
0.035684,1,1
0.03568734,1,0
0.0356875,1,1
0.03569084,1,0
0.035691,1,1
0.03569434,1,0
0.0356945,1,1
0.03569784,1,0
0.035698,1,1
0.03570134,1,0
0.0357015,1,1
0.03570484,1,0
0.035705,1,1
0.03570834,1,0
0.0357085,1,1
0.03571182,1,0
0.035712,1,1
0.03571532,1,0
0.0357155,1,1
0.03571882,1,0
0.035719,1,1
0.03572232,1,0
0.0357225,1,1
0.03572582,1,0
0.035726,1,1
0.03572932,1,0
0.03572966,1,1
0.035733,1,0
0.03573316,1,1
0.0357365,1,0
0.03573666,1,1
0.03574,1,0
0.03574016,1,1
0.0357435,1,0
0.03574366,1,1
0.035747,1,0
0.03574716,1,1
0.0357505,1,0
0.03575066,1,1
0.035754,1,0
0.03575416,1,1
0.0357575,1,0
0.03575766,1,1
0.035761,1,0
0.03576116,1,1
0.0357645,1,0
0.03576466,1,1
0.035768,1,0
0.03576816,1,1
0.0357715,1,0
0.03577166,1,1
0.03577498,1,0
0.03577516,1,1
0.03577848,1,0
0.03577882,1,1
0.03578216,1,0
0.03578232,1,1
0.03578566,1,0
0.03578582,1,1
0.03578916,1,0
0.03578932,1,1
0.03579266,1,0
0.03579282,1,1
0.03579616,1,0
0.03579632,1,1
0.03579966,1,0
0.03579982,1,1
0.03580316,1,0
0.03580332,1,1
0.03580666,1,0
0.03580682,1,1
0.03581016,1,0
0.03581032,1,1
0.03581366,1,0
0.03581382,1,1
0.03581716,1,0
0.03581732,1,1
0.03582066,1,0
0.03582082,1,1
0.03582416,1,0
0.03582432,1,1
0.03582766,1,0
0.03582798,1,1
0.03583132,1,0
0.03583148,1,1
0.03583482,1,0
0.03583498,1,1
0.03583832,1,0
0.03583848,1,1
0.03584182,1,0
0.03584198,1,1
0.03584532,1,0
0.03584548,1,1
0.03584882,1,0
0.03584898,1,1
0.03585232,1,0
0.03585248,1,1
0.03585582,1,0
0.03585598,1,1
0.03585932,1,0
0.03585948,1,1
0.03586282,1,0
0.03586298,1,1
0.03586632,1,0
0.03586648,1,1
0.03586982,1,0
0.03586998,1,1
0.03587332,1,0
0.03587348,1,1
0.03587682,1,0
0.03587714,1,1
0.03588048,1,0
0.03588064,1,1
0.03588398,1,0
0.03588414,1,1
0.03588748,1,0
0.03588764,1,1
0.03589098,1,0
0.03589114,1,1
0.03589448,1,0
0.03589464,1,1
0.03589798,1,0
0.03589814,1,1
0.03590148,1,0
0.03590164,1,1
0.03590498,1,0
0.03590514,1,1
0.03590848,1,0
0.03590864,1,1
0.03591198,1,0
0.03591214,1,1
0.03591548,1,0
0.03591564,1,1
0.03591898,1,0
0.03591914,1,1
0.03592248,1,0
0.03592264,1,1
0.03592598,1,0
0.03592614,1,1
0.03592948,1,0
0.03592982,1,1
0.03593314,1,0
0.0359333,1,1
0.03593664,1,0
0.0359368,1,1
0.03594014,1,0
0.0359403,1,1
0.03594364,1,0
0.0359438,1,1
0.03594714,1,0
0.0359473,1,1
0.03595064,1,0
0.0359508,1,1
0.03595414,1,0
0.0359543,1,1
0.03595764,1,0
0.0359578,1,1
0.03596114,1,0
0.0359613,1,1
0.03596464,1,0
0.0359648,1,1
0.03596814,1,0
0.0359683,1,1
0.03597164,1,0
0.0359718,1,1
0.03597514,1,0
0.0359753,1,1
0.03597864,1,0
0.03597898,1,1
0.0359823,1,0
0.03598248,1,1
0.0359858,1,0
0.03598598,1,1
0.0359893,1,0
0.03598948,1,1
0.0359928,1,0
0.03599298,1,1
0.0359963,1,0
0.03599648,1,1
0.0359998,1,0
0.03599996,1,1
0.0360033,1,0
0.03600346,1,1
0.0360068,1,0
0.03600696,1,1
0.0360103,1,0
0.03601046,1,1
0.0360138,1,0
0.03601396,1,1
0.0360173,1,0
0.03601746,1,1
0.0360208,1,0
0.03602096,1,1
0.0360243,1,0
0.03602446,1,1
0.0360278,1,0
0.03602796,1,1
0.0360313,1,0
0.03603164,1,1
0.03603496,1,0
0.03603514,1,1
0.03603846,1,0
0.03603864,1,1
0.03604196,1,0
0.03604214,1,1
0.03604546,1,0
0.03604564,1,1
0.03604896,1,0
0.03604914,1,1
0.03605246,1,0
0.03605264,1,1
0.03605596,1,0
0.03605614,1,1
0.03605946,1,0
0.03605964,1,1
0.03606296,1,0
0.03606312,1,1
0.03606646,1,0
0.03606662,1,1
0.03606996,1,0
0.03607012,1,1
0.03607346,1,0
0.03607362,1,1
0.03607696,1,0
0.03607712,1,1
0.03608046,1,0
0.0360808,1,1
0.03608412,1,0
0.0360843,1,1
0.03608762,1,0
0.0360878,1,1
0.03609112,1,0
0.0360913,1,1
0.03609462,1,0
0.0360948,1,1
0.03609812,1,0
0.0360983,1,1
0.03610162,1,0
0.0361018,1,1
0.03610512,1,0
0.0361053,1,1
0.03610862,1,0
0.0361088,1,1
0.03611212,1,0
0.0361123,1,1
0.03611562,1,0
0.0361158,1,1
0.03611912,1,0
0.0361193,1,1
0.03612262,1,0
0.0361228,1,1
0.03612612,1,0
0.0361263,1,1
0.03612962,1,0
0.03612996,1,1
0.03613328,1,0
0.03613346,1,1
0.03613678,1,0
0.03613696,1,1
0.03614028,1,0
0.03614046,1,1
0.03614378,1,0
0.03614396,1,1
0.03614728,1,0
0.03614746,1,1
0.03615078,1,0
0.03615096,1,1
0.03615428,1,0
0.03615446,1,1
0.03615778,1,0
0.03615796,1,1
0.03616128,1,0
0.03616146,1,1
0.03616478,1,0
0.03616496,1,1
0.03616828,1,0
0.03616846,1,1
0.03617178,1,0
0.03617196,1,1
0.03617528,1,0
0.03617546,1,1
0.03617878,1,0
0.03617912,1,1
0.03618244,1,0
0.03618262,1,1
0.03618594,1,0
0.03618612,1,1
0.03618944,1,0
0.03618962,1,1
0.03619294,1,0
0.03619312,1,1
0.03619644,1,0
0.03619662,1,1
0.03619994,1,0
0.03620012,1,1
0.03620344,1,0
0.03620362,1,1
0.03620694,1,0
0.03620712,1,1
0.03621044,1,0
0.03621062,1,1
0.03621394,1,0
0.03621412,1,1
0.03621744,1,0
0.03621762,1,1
0.03622094,1,0
0.03622112,1,1
0.03622444,1,0
0.03622462,1,1
0.03622794,1,0
0.03622812,1,1
0.03623144,1,0
0.03623178,1,1
0.03623512,1,0
0.03623528,1,1
0.03623862,1,0
0.03623878,1,1
0.0362421,1,0
0.03624228,1,1
0.0362456,1,0
0.03624578,1,1
0.0362491,1,0
0.03624928,1,1
0.0362526,1,0
0.03625278,1,1
0.0362561,1,0
0.03625628,1,1
0.0362596,1,0
0.03625978,1,1
0.0362631,1,0
0.03626328,1,1
0.0362666,1,0
0.03626678,1,1
0.0362701,1,0
0.03627028,1,1
0.0362736,1,0
0.03627378,1,1
0.0362771,1,0
0.03627728,1,1
0.0362806,1,0
0.03628094,1,1
0.03628428,1,0
0.03628444,1,1
0.03628778,1,0
0.03628794,1,1
0.03629128,1,0
0.03629144,1,1
0.03629478,1,0
0.03629494,1,1
0.03629828,1,0
0.03629844,1,1
0.03630178,1,0
0.03630194,1,1
0.03630526,1,0
0.03630544,1,1
0.03630876,1,0
0.03630894,1,1
0.03631226,1,0
0.03631244,1,1
0.03631576,1,0
0.03631594,1,1
0.03631926,1,0
0.03631944,1,1
0.03632276,1,0
0.03632294,1,1
0.03632626,1,0
0.03632644,1,1
0.03632976,1,0
0.0363301,1,1
0.03633344,1,0
0.0363336,1,1
0.03633694,1,0
0.0363371,1,1
0.03634044,1,0
0.0363406,1,1
0.03634394,1,0
0.0363441,1,1
0.03634744,1,0
0.0363476,1,1
0.03635094,1,0
0.0363511,1,1
0.03635444,1,0
0.0363546,1,1
0.03635794,1,0
0.0363581,1,1
0.03636144,1,0
0.0363616,1,1
0.03636494,1,0
0.0363651,1,1
0.03636844,1,0
0.0363686,1,1
0.03637192,1,0
0.0363721,1,1
0.03637542,1,0
0.0363756,1,1
0.03637892,1,0
0.0363791,1,1
0.03638242,1,0
0.03638276,1,1
0.0363861,1,0
0.03638626,1,1
0.0363896,1,0
0.03638976,1,1
0.0363931,1,0
0.03639326,1,1
0.0363966,1,0
0.03639676,1,1
0.0364001,1,0
0.03640026,1,1
0.0364036,1,0
0.03640376,1,1
0.0364071,1,0
0.03640726,1,1
0.0364106,1,0
0.03641076,1,1
0.0364141,1,0
0.03641426,1,1
0.0364176,1,0
0.03641776,1,1
0.0364211,1,0
0.03642126,1,1
0.0364246,1,0
0.03642476,1,1
0.0364281,1,0
0.03642826,1,1
0.0364316,1,0
0.03643192,1,1
0.03643526,1,0
0.03643542,1,1
0.03643876,1,0
0.03643892,1,1
0.03644226,1,0
0.03644242,1,1
0.03644576,1,0
0.03644592,1,1
0.03644926,1,0
0.03644942,1,1
0.03645276,1,0
0.03645292,1,1
0.03645626,1,0
0.03645642,1,1
0.03645976,1,0
0.03645992,1,1
0.03646326,1,0
0.03646342,1,1
0.03646676,1,0
0.03646692,1,1
0.03647026,1,0
0.03647042,1,1
0.03647376,1,0
0.03647392,1,1
0.03647726,1,0
0.03647742,1,1
0.03648076,1,0
0.03648108,1,1
0.03648442,1,0
0.03648458,1,1
0.03648792,1,0
0.03648808,1,1
0.03649142,1,0
0.03649158,1,1
0.03649492,1,0
0.03649508,1,1
0.03649842,1,0
0.03649858,1,1
0.03650192,1,0
0.03650208,1,1
0.03650542,1,0
0.03650558,1,1
0.03650892,1,0
0.03650908,1,1
0.03651242,1,0
0.03651258,1,1
0.03651592,1,0
0.03651608,1,1
0.03651942,1,0
0.03651958,1,1
0.03652292,1,0
0.03652308,1,1
0.03652642,1,0
0.03652658,1,1
0.03652992,1,0
0.03653008,1,1
0.03653342,1,0
0.03653374,1,1
0.03653708,1,0
0.03653724,1,1
0.03654058,1,0
0.03654074,1,1
0.03654408,1,0
0.03654424,1,1
0.03654758,1,0
0.03654774,1,1
0.03655108,1,0
0.03655124,1,1
0.03655458,1,0
0.03655474,1,1
0.03655808,1,0
0.03655824,1,1
0.03656158,1,0
0.03656174,1,1
0.03656508,1,0
0.03656524,1,1
0.03656858,1,0
0.03656874,1,1
0.03657208,1,0
0.03657224,1,1
0.03657558,1,0
0.03657574,1,1
0.03657908,1,0
0.03657924,1,1
0.03658258,1,0
0.03658292,1,1
0.03658624,1,0
0.03658642,1,1
0.03658974,1,0
0.03658992,1,1
0.03659324,1,0
0.0365934,1,1
0.03659674,1,0
0.0365969,1,1
0.03660024,1,0
0.0366004,1,1
0.03660374,1,0
0.0366039,1,1
0.03660724,1,0
0.0366074,1,1
0.03661074,1,0
0.0366109,1,1
0.03661424,1,0
0.0366144,1,1
0.03661774,1,0
0.0366179,1,1
0.03662124,1,0
0.0366214,1,1
0.03662474,1,0
0.0366249,1,1
0.03662824,1,0
0.0366284,1,1
0.03663174,1,0
0.03663208,1,1
0.0366354,1,0
0.03663558,1,1
0.0366389,1,0
0.03663908,1,1
0.0366424,1,0
0.03664258,1,1
0.0366459,1,0
0.03664608,1,1
0.0366494,1,0
0.03664958,1,1
0.0366529,1,0
0.03665308,1,1
0.0366564,1,0
0.03665656,1,1
0.0366599,1,0
0.03666006,1,1
0.0366634,1,0
0.03666356,1,1
0.0366669,1,0
0.03666706,1,1
0.0366704,1,0
0.03667056,1,1
0.0366739,1,0
0.03667406,1,1
0.0366774,1,0
0.03667756,1,1
0.0366809,1,0
0.03668106,1,1
0.0366844,1,0
0.03668474,1,1
0.03668806,1,0
0.03668824,1,1
0.03669156,1,0
0.03669174,1,1
0.03669506,1,0
0.03669524,1,1
0.03669856,1,0
0.03669874,1,1
0.03670206,1,0
0.03670224,1,1
0.03670556,1,0
0.03670574,1,1
0.03670906,1,0
0.03670924,1,1
0.03671256,1,0
0.03671274,1,1
0.03671606,1,0
0.03671624,1,1
0.03671956,1,0
0.03671974,1,1
0.03672306,1,0
0.03672322,1,1
0.03672656,1,0
0.03672672,1,1
0.03673006,1,0
0.03673022,1,1
0.03673356,1,0
0.0367339,1,1
0.03673722,1,0
0.0367374,1,1
0.03674072,1,0
0.0367409,1,1
0.03674422,1,0
0.0367444,1,1
0.03674772,1,0
0.0367479,1,1
0.03675122,1,0
0.0367514,1,1
0.03675472,1,0
0.0367549,1,1
0.03675822,1,0
0.0367584,1,1
0.03676172,1,0
0.0367619,1,1
0.03676522,1,0
0.0367654,1,1
0.03676872,1,0
0.0367689,1,1
0.03677222,1,0
0.0367724,1,1
0.03677572,1,0
0.0367759,1,1
0.03677922,1,0
0.0367794,1,1
0.03678272,1,0
0.03678306,1,1
0.03678638,1,0
0.03678656,1,1
0.03678988,1,0
0.03679006,1,1
0.03679338,1,0
0.03679356,1,1
0.03679688,1,0
0.03679706,1,1
0.03680038,1,0
0.03680056,1,1
0.03680388,1,0
0.03680406,1,1
0.03680738,1,0
0.03680756,1,1
0.03681088,1,0
0.03681106,1,1
0.03681438,1,0
0.03681456,1,1
0.03681788,1,0
0.03681806,1,1
0.03682138,1,0
0.03682156,1,1
0.03682488,1,0
0.03682506,1,1
0.03682838,1,0
0.03682856,1,1
0.03683188,1,0
0.03683206,1,1
0.03683538,1,0
0.03683572,1,1
0.03683904,1,0
0.03683922,1,1
0.03684254,1,0
0.03684272,1,1
0.03684604,1,0
0.03684622,1,1
0.03684954,1,0
0.03684972,1,1
0.03685304,1,0
0.03685322,1,1
0.03685654,1,0
0.03685672,1,1
0.03686004,1,0
0.03686022,1,1
0.03686354,1,0
0.03686372,1,1
0.03686704,1,0
0.03686722,1,1
0.03687054,1,0
0.03687072,1,1
0.03687404,1,0
0.03687422,1,1
0.03687754,1,0
0.03687772,1,1
0.03688104,1,0
0.03688122,1,1
0.03688454,1,0
0.03688488,1,1
0.03688822,1,0
0.03688838,1,1
0.03689172,1,0
0.03689188,1,1
0.03689522,1,0
0.03689538,1,1
0.03689872,1,0
0.03689888,1,1
0.0369022,1,0
0.03690238,1,1
0.0369057,1,0
0.03690588,1,1
0.0369092,1,0
0.03690938,1,1
0.0369127,1,0
0.03691288,1,1
0.0369162,1,0
0.03691638,1,1
0.0369197,1,0
0.03691988,1,1
0.0369232,1,0
0.03692338,1,1
0.0369267,1,0
0.03692688,1,1
0.0369302,1,0
0.03693038,1,1
0.0369337,1,0
0.03693404,1,1
0.03693738,1,0
0.03693754,1,1
0.03694088,1,0
0.03694104,1,1
0.03694438,1,0
0.03694454,1,1
0.03694788,1,0
0.03694804,1,1
0.03695138,1,0
0.03695154,1,1
0.03695488,1,0
0.03695504,1,1
0.03695838,1,0
0.03695854,1,1
0.03696188,1,0
0.03696204,1,1
0.03696536,1,0
0.03696554,1,1
0.03696886,1,0
0.03696904,1,1
0.03697236,1,0
0.03697254,1,1
0.03697586,1,0
0.03697604,1,1
0.03697936,1,0
0.03697954,1,1
0.03698286,1,0
0.0369832,1,1
0.03698654,1,0
0.0369867,1,1
0.03699004,1,0
0.0369902,1,1
0.03699354,1,0
0.0369937,1,1
0.03699704,1,0
0.0369972,1,1
0.03700054,1,0
0.0370007,1,1
0.03700404,1,0
0.0370042,1,1
0.03700754,1,0
0.0370077,1,1
0.03701104,1,0
0.0370112,1,1
0.03701454,1,0
0.0370147,1,1
0.03701804,1,0
0.0370182,1,1
0.03702154,1,0
0.0370217,1,1
0.03702504,1,0
0.0370252,1,1
0.03702854,1,0
0.0370287,1,1
0.03703202,1,0
0.0370322,1,1
0.03703552,1,0
0.03703586,1,1
0.0370392,1,0
0.03703936,1,1
0.0370427,1,0
0.03704286,1,1
0.0370462,1,0
0.03704636,1,1
0.0370497,1,0
0.03704986,1,1
0.0370532,1,0
0.03705336,1,1
0.0370567,1,0
0.03705686,1,1
0.0370602,1,0
0.03706036,1,1
0.0370637,1,0
0.03706386,1,1
0.0370672,1,0
0.03706736,1,1
0.0370707,1,0
0.03707086,1,1
0.0370742,1,0
0.03707436,1,1
0.0370777,1,0
0.03707786,1,1
0.0370812,1,0
0.03708136,1,1
0.0370847,1,0
0.03708502,1,1
0.03708836,1,0
0.03708852,1,1
0.03709186,1,0
0.03709202,1,1
0.03709536,1,0
0.03709552,1,1
0.03709886,1,0
0.03709902,1,1
0.03710236,1,0
0.03710252,1,1
0.03710586,1,0
0.03710602,1,1
0.03710936,1,0
0.03710952,1,1
0.03711286,1,0
0.03711302,1,1
0.03711636,1,0
0.03711652,1,1
0.03711986,1,0
0.03712002,1,1
0.03712336,1,0
0.03712352,1,1
0.03712686,1,0
0.03712702,1,1
0.03713036,1,0
0.03713052,1,1
0.03713386,1,0
0.03713418,1,1
0.03713752,1,0
0.03713768,1,1
0.03714102,1,0
0.03714118,1,1
0.03714452,1,0
0.03714468,1,1
0.03714802,1,0
0.03714818,1,1
0.03715152,1,0
0.03715168,1,1
0.03715502,1,0
0.03715518,1,1
0.03715852,1,0
0.03715868,1,1
0.03716202,1,0
0.03716218,1,1
0.03716552,1,0
0.03716568,1,1
0.03716902,1,0
0.03716918,1,1
0.03717252,1,0
0.03717268,1,1
0.03717602,1,0
0.03717618,1,1
0.03717952,1,0
0.03717968,1,1
0.03718302,1,0
0.03718318,1,1
0.03718652,1,0
0.03718686,1,1
0.03719018,1,0
0.03719034,1,1
0.03719368,1,0
0.03719384,1,1
0.03719718,1,0
0.03719734,1,1
0.03720068,1,0
0.03720084,1,1
0.03720418,1,0
0.03720434,1,1
0.03720768,1,0
0.03720784,1,1
0.03721118,1,0
0.03721134,1,1
0.03721468,1,0
0.03721484,1,1
0.03721818,1,0
0.03721834,1,1
0.03722168,1,0
0.03722184,1,1
0.03722518,1,0
0.03722534,1,1
0.03722868,1,0
0.03722884,1,1
0.03723218,1,0
0.03723234,1,1
0.03723568,1,0
0.03723602,1,1
0.03723934,1,0
0.03723952,1,1
0.03724284,1,0
0.03724302,1,1
0.03724634,1,0
0.03724652,1,1
0.03724984,1,0
0.03725002,1,1
0.03725334,1,0
0.0372535,1,1
0.03725684,1,0
0.037257,1,1
0.03726034,1,0
0.0372605,1,1
0.03726384,1,0
0.037264,1,1
0.03726734,1,0
0.0372675,1,1
0.03727084,1,0
0.037271,1,1
0.03727434,1,0
0.0372745,1,1
0.03727784,1,0
0.037278,1,1
0.03728134,1,0
0.0372815,1,1
0.03728484,1,0
0.03728518,1,1
0.0372885,1,0
0.03728868,1,1
0.037292,1,0
0.03729218,1,1
0.0372955,1,0
0.03729568,1,1
0.037299,1,0
0.03729918,1,1
0.0373025,1,0
0.03730268,1,1
0.037306,1,0
0.03730618,1,1
0.0373095,1,0
0.03730968,1,1
0.037313,1,0
0.03731318,1,1
0.0373165,1,0
0.03731668,1,1
0.03732,1,0
0.03732016,1,1
0.0373235,1,0
0.03732366,1,1
0.037327,1,0
0.03732716,1,1
0.0373305,1,0
0.03733066,1,1
0.037334,1,0
0.03733416,1,1
0.0373375,1,0
0.03733784,1,1
0.03734116,1,0
0.03734134,1,1
0.03734466,1,0
0.03734484,1,1
0.03734816,1,0
0.03734834,1,1
0.03735166,1,0
0.03735184,1,1
0.03735516,1,0
0.03735534,1,1
0.03735866,1,0
0.03735884,1,1
0.03736216,1,0
0.03736234,1,1
0.03736566,1,0
0.03736584,1,1
0.03736916,1,0
0.03736934,1,1
0.03737266,1,0
0.03737284,1,1
0.03737616,1,0
0.03737634,1,1
0.03737966,1,0
0.03737984,1,1
0.03738316,1,0
0.03738334,1,1
0.03738666,1,0
0.037387,1,1
0.03739032,1,0
0.0373905,1,1
0.03739382,1,0
0.037394,1,1
0.03739732,1,0
0.0373975,1,1
0.03740082,1,0
0.037401,1,1
0.03740432,1,0
0.0374045,1,1
0.03740782,1,0
0.037408,1,1
0.03741132,1,0
0.0374115,1,1
0.03741482,1,0
0.037415,1,1
0.03741832,1,0
0.0374185,1,1
0.03742182,1,0
0.037422,1,1
0.03742532,1,0
0.0374255,1,1
0.03742882,1,0
0.037429,1,1
0.03743232,1,0
0.0374325,1,1
0.03743582,1,0
0.03743616,1,1
0.03743948,1,0
0.03743966,1,1
0.03744298,1,0
0.03744316,1,1
0.03744648,1,0
0.03744666,1,1
0.03744998,1,0
0.03745016,1,1
0.03745348,1,0
0.03745366,1,1
0.03745698,1,0
0.03745716,1,1
0.03746048,1,0
0.03746066,1,1
0.03746398,1,0
0.03746416,1,1
0.03746748,1,0
0.03746766,1,1
0.03747098,1,0
0.03747116,1,1
0.03747448,1,0
0.03747466,1,1
0.03747798,1,0
0.03747816,1,1
0.03748148,1,0
0.03748166,1,1
0.03748498,1,0
0.03748516,1,1
0.03748848,1,0
0.03748882,1,1
0.03749216,1,0
0.03749232,1,1
0.03749564,1,0
0.03749582,1,1
0.03749914,1,0
0.03749932,1,1
0.03750264,1,0
0.03750282,1,1
0.03750614,1,0
0.03750632,1,1
0.03750964,1,0
0.03750982,1,1
0.03751314,1,0
0.03751332,1,1
0.03751664,1,0
0.03751682,1,1
0.03752014,1,0
0.03752032,1,1
0.03752364,1,0
0.03752382,1,1
0.03752714,1,0
0.03752732,1,1
0.03753064,1,0
0.03753082,1,1
0.03753414,1,0
0.03753432,1,1
0.03753764,1,0
0.03753798,1,1
0.03754132,1,0
0.03754148,1,1
0.03754482,1,0
0.03754498,1,1
0.03754832,1,0
0.03754848,1,1
0.03755182,1,0
0.03755198,1,1
0.03755532,1,0
0.03755548,1,1
0.0375588,1,0
0.03755898,1,1
0.0375623,1,0
0.03756248,1,1
0.0375658,1,0
0.03756598,1,1
0.0375693,1,0
0.03756948,1,1
0.0375728,1,0
0.03757298,1,1
0.0375763,1,0
0.03757648,1,1
0.0375798,1,0
0.03757998,1,1
0.0375833,1,0
0.03758348,1,1
0.0375868,1,0
0.03758714,1,1
0.03759048,1,0
0.03759064,1,1
0.03759398,1,0
0.03759414,1,1
0.03759748,1,0
0.03759764,1,1
0.03760098,1,0
0.03760114,1,1
0.03760448,1,0
0.03760464,1,1
0.03760798,1,0
0.03760814,1,1
0.03761148,1,0
0.03761164,1,1
0.03761498,1,0
0.03761514,1,1
0.03761848,1,0
0.03761864,1,1
0.03762198,1,0
0.03762214,1,1
0.03762546,1,0
0.03762564,1,1
0.03762896,1,0
0.03762914,1,1
0.03763246,1,0
0.03763264,1,1
0.03763596,1,0
0.03763614,1,1
0.03763946,1,0
0.0376398,1,1
0.03764314,1,0
0.0376433,1,1
0.03764664,1,0
0.0376468,1,1
0.03765014,1,0
0.0376503,1,1
0.03765364,1,0
0.0376538,1,1
0.03765714,1,0
0.0376573,1,1
0.03766064,1,0
0.0376608,1,1
0.03766414,1,0
0.0376643,1,1
0.03766764,1,0
0.0376678,1,1
0.03767114,1,0
0.0376713,1,1
0.03767464,1,0
0.0376748,1,1
0.03767814,1,0
0.0376783,1,1
0.03768164,1,0
0.0376818,1,1
0.03768514,1,0
0.0376853,1,1
0.03768862,1,0
0.03768896,1,1
0.0376923,1,0
0.03769246,1,1
0.0376958,1,0
0.03769596,1,1
0.0376993,1,0
0.03769946,1,1
0.0377028,1,0
0.03770296,1,1
0.0377063,1,0
0.03770646,1,1
0.0377098,1,0
0.03770996,1,1
0.0377133,1,0
0.03771346,1,1
0.0377168,1,0
0.03771696,1,1
0.0377203,1,0
0.03772046,1,1
0.0377238,1,0
0.03772396,1,1
0.0377273,1,0
0.03772746,1,1
0.0377308,1,0
0.03773096,1,1
0.0377343,1,0
0.03773446,1,1
0.0377378,1,0
0.03773812,1,1
0.03774146,1,0
0.03774162,1,1
0.03774496,1,0
0.03774512,1,1
0.03774846,1,0
0.03774862,1,1
0.03775196,1,0
0.03775212,1,1
0.03775546,1,0
0.03775562,1,1
0.03775896,1,0
0.03775912,1,1
0.03776246,1,0
0.03776262,1,1
0.03776596,1,0
0.03776612,1,1
0.03776946,1,0
0.03776962,1,1
0.03777296,1,0
0.03777312,1,1
0.03777646,1,0
0.03777662,1,1
0.03777996,1,0
0.03778012,1,1
0.03778346,1,0
0.03778362,1,1
0.03778696,1,0
0.03778728,1,1
0.03779062,1,0
0.03779078,1,1
0.03779412,1,0
0.03779428,1,1
0.03779762,1,0
0.03779778,1,1
0.03780112,1,0
0.03780128,1,1
0.03780462,1,0
0.03780478,1,1
0.03780812,1,0
0.03780828,1,1
0.03781162,1,0
0.03781178,1,1
0.03781512,1,0
0.03781528,1,1
0.03781862,1,0
0.03781878,1,1
0.03782212,1,0
0.03782228,1,1
0.03782562,1,0
0.03782578,1,1
0.03782912,1,0
0.03782928,1,1
0.03783262,1,0
0.03783278,1,1
0.03783612,1,0
0.03783628,1,1
0.03783962,1,0
0.03783996,1,1
0.03784328,1,0
0.03784346,1,1
0.03784678,1,0
0.03784694,1,1
0.03785028,1,0
0.03785044,1,1
0.03785378,1,0
0.03785394,1,1
0.03785728,1,0
0.03785744,1,1
0.03786078,1,0
0.03786094,1,1
0.03786428,1,0
0.03786444,1,1
0.03786778,1,0
0.03786794,1,1
0.03787128,1,0
0.03787144,1,1
0.03787478,1,0
0.03787494,1,1
0.03787828,1,0
0.03787844,1,1
0.03788178,1,0
0.03788194,1,1
0.03788528,1,0
0.03788544,1,1
0.03788878,1,0
0.03788912,1,1
0.03789244,1,0
0.03789262,1,1
0.03789594,1,0
0.03789612,1,1
0.03789944,1,0
0.03789962,1,1
0.03790294,1,0
0.03790312,1,1
0.03790644,1,0
0.03790662,1,1
0.03790994,1,0
0.0379101,1,1
0.03791344,1,0
0.0379136,1,1
0.03791694,1,0
0.0379171,1,1
0.03792044,1,0
0.0379206,1,1
0.03792394,1,0
0.0379241,1,1
0.03792744,1,0
0.0379276,1,1
0.03793094,1,0
0.0379311,1,1
0.03793444,1,0
0.0379346,1,1
0.03793794,1,0
0.03793828,1,1
0.0379416,1,0
0.03794178,1,1
0.0379451,1,0
0.03794528,1,1
0.0379486,1,0
0.03794878,1,1
0.0379521,1,0
0.03795228,1,1
0.0379556,1,0
0.03795578,1,1
0.0379591,1,0
0.03795928,1,1
0.0379626,1,0
0.03796278,1,1
0.0379661,1,0
0.03796628,1,1
0.0379696,1,0
0.03796978,1,1
0.0379731,1,0
0.03797328,1,1
0.0379766,1,0
0.03797676,1,1
0.0379801,1,0
0.03798026,1,1
0.0379836,1,0
0.03798376,1,1
0.0379871,1,0
0.03798726,1,1
0.0379906,1,0
0.03799094,1,1
0.03799426,1,0
0.03799444,1,1
0.03799776,1,0
0.03799794,1,1
0.03800126,1,0
0.03800144,1,1
0.03800476,1,0
0.03800494,1,1
0.03800826,1,0
0.03800844,1,1
0.03801176,1,0
0.03801194,1,1
0.03801526,1,0
0.03801544,1,1
0.03801876,1,0
0.03801894,1,1
0.03802226,1,0
0.03802244,1,1
0.03802576,1,0
0.03802594,1,1
0.03802926,1,0
0.03802944,1,1
0.03803276,1,0
0.03803294,1,1
0.03803626,1,0
0.03803644,1,1
0.03803976,1,0
0.0380401,1,1
0.03804342,1,0
0.0380436,1,1
0.03804692,1,0
0.0380471,1,1
0.03805042,1,0
0.0380506,1,1
0.03805392,1,0
0.0380541,1,1
0.03805742,1,0
0.0380576,1,1
0.03806092,1,0
0.0380611,1,1
0.03806442,1,0
0.0380646,1,1
0.03806792,1,0
0.0380681,1,1
0.03807142,1,0
0.0380716,1,1
0.03807492,1,0
0.0380751,1,1
0.03807842,1,0
0.0380786,1,1
0.03808192,1,0
0.0380821,1,1
0.03808542,1,0
0.0380856,1,1
0.03808892,1,0
0.03808926,1,1
0.03809258,1,0
0.03809276,1,1
0.03809608,1,0
0.03809626,1,1
0.03809958,1,0
0.03809976,1,1
0.03810308,1,0
0.03810326,1,1
0.03810658,1,0
0.03810676,1,1
0.03811008,1,0
0.03811026,1,1
0.03811358,1,0
0.03811376,1,1
0.03811708,1,0
0.03811726,1,1
0.03812058,1,0
0.03812076,1,1
0.03812408,1,0
0.03812426,1,1
0.03812758,1,0
0.03812776,1,1
0.03813108,1,0
0.03813126,1,1
0.03813458,1,0
0.03813476,1,1
0.03813808,1,0
0.03813826,1,1
0.03814158,1,0
0.03814192,1,1
0.03814526,1,0
0.03814542,1,1
0.03814876,1,0
0.03814892,1,1
0.03815224,1,0
0.03815242,1,1
0.03815574,1,0
0.03815592,1,1
0.03815924,1,0
0.03815942,1,1
0.03816274,1,0
0.03816292,1,1
0.03816624,1,0
0.03816642,1,1
0.03816974,1,0
0.03816992,1,1
0.03817324,1,0
0.03817342,1,1
0.03817674,1,0
0.03817692,1,1
0.03818024,1,0
0.03818042,1,1
0.03818374,1,0
0.03818392,1,1
0.03818724,1,0
0.03818742,1,1
0.03819074,1,0
0.03819108,1,1
0.03819442,1,0
0.03819458,1,1
0.03819792,1,0
0.03819808,1,1
0.03820142,1,0
0.03820158,1,1
0.03820492,1,0
0.03820508,1,1
0.03820842,1,0
0.03820858,1,1
0.03821192,1,0
0.03821208,1,1
0.03821542,1,0
0.03821558,1,1
0.0382189,1,0
0.03821908,1,1
0.0382224,1,0
0.03822258,1,1
0.0382259,1,0
0.03822608,1,1
0.0382294,1,0
0.03822958,1,1
0.0382329,1,0
0.03823308,1,1
0.0382364,1,0
0.03823658,1,1
0.0382399,1,0
0.03824024,1,1
0.03824358,1,0
0.03824374,1,1
0.03824708,1,0
0.03824724,1,1
0.03825058,1,0
0.03825074,1,1
0.03825408,1,0
0.03825424,1,1
0.03825758,1,0
0.03825774,1,1
0.03826108,1,0
0.03826124,1,1
0.03826458,1,0
0.03826474,1,1
0.03826808,1,0
0.03826824,1,1
0.03827158,1,0
0.03827174,1,1
0.03827508,1,0
0.03827524,1,1
0.03827858,1,0
0.03827874,1,1
0.03828208,1,0
0.03828224,1,1
0.03828556,1,0
0.03828574,1,1
0.03828906,1,0
0.03828924,1,1
0.03829256,1,0
0.0382929,1,1
0.03829624,1,0
0.0382964,1,1
0.03829974,1,0
0.0382999,1,1
0.03830324,1,0
0.0383034,1,1
0.03830674,1,0
0.0383069,1,1
0.03831024,1,0
0.0383104,1,1
0.03831374,1,0
0.0383139,1,1
0.03831724,1,0
0.0383174,1,1
0.03832074,1,0
0.0383209,1,1
0.03832424,1,0
0.0383244,1,1
0.03832774,1,0
0.0383279,1,1
0.03833124,1,0
0.0383314,1,1
0.03833474,1,0
0.0383349,1,1
0.03833824,1,0
0.0383384,1,1
0.03834174,1,0
0.03834206,1,1
0.0383454,1,0
0.03834556,1,1
0.0383489,1,0
0.03834906,1,1
0.0383524,1,0
0.03835256,1,1
0.0383559,1,0
0.03835606,1,1
0.0383594,1,0
0.03835956,1,1
0.0383629,1,0
0.03836306,1,1
0.0383664,1,0
0.03836656,1,1
0.0383699,1,0
0.03837006,1,1
0.0383734,1,0
0.03837356,1,1
0.0383769,1,0
0.03837706,1,1
0.0383804,1,0
0.03838056,1,1
0.0383839,1,0
0.03838406,1,1
0.0383874,1,0
0.03838756,1,1
0.0383909,1,0
0.03839122,1,1
0.03839456,1,0
0.03839472,1,1
0.03839806,1,0
0.03839822,1,1
0.03840156,1,0
0.03840172,1,1
0.03840506,1,0
0.03840522,1,1
0.03840856,1,0
0.03840872,1,1
0.03841206,1,0
0.03841222,1,1
0.03841556,1,0
0.03841572,1,1
0.03841906,1,0
0.03841922,1,1
0.03842256,1,0
0.03842272,1,1
0.03842606,1,0
0.03842622,1,1
0.03842956,1,0
0.03842972,1,1
0.03843306,1,0
0.03843322,1,1
0.03843656,1,0
0.03843672,1,1
0.03844006,1,0
0.0384404,1,1
0.03844372,1,0
0.03844388,1,1
0.03844722,1,0
0.03844738,1,1
0.03845072,1,0
0.03845088,1,1
0.03845422,1,0
0.03845438,1,1
0.03845772,1,0
0.03845788,1,1
0.03846122,1,0
0.03846138,1,1
0.03846472,1,0
0.03846488,1,1
0.03846822,1,0
0.03846838,1,1
0.03847172,1,0
0.03847188,1,1
0.03847522,1,0
0.03847538,1,1
0.03847872,1,0
0.03847888,1,1
0.03848222,1,0
0.03848238,1,1
0.03848572,1,0
0.03848588,1,1
0.03848922,1,0
0.03848938,1,1
0.03849272,1,0
0.03849306,1,1
0.03849638,1,0
0.03849656,1,1
0.03849988,1,0
0.03850006,1,1
0.03850338,1,0
0.03850356,1,1
0.03850688,1,0
0.03850704,1,1
0.03851038,1,0
0.03851054,1,1
0.03851388,1,0
0.03851404,1,1
0.03851738,1,0
0.03851754,1,1
0.03852088,1,0
0.03852104,1,1
0.03852438,1,0
0.03852454,1,1
0.03852788,1,0
0.03852804,1,1
0.03853138,1,0
0.03853154,1,1
0.03853488,1,0
0.03853504,1,1
0.03853838,1,0
0.03853854,1,1
0.03854188,1,0
0.03854222,1,1
0.03854554,1,0
0.03854572,1,1
0.03854904,1,0
0.03854922,1,1
0.03855254,1,0
0.03855272,1,1
0.03855604,1,0
0.03855622,1,1
0.03855954,1,0
0.03855972,1,1
0.03856304,1,0
0.03856322,1,1
0.03856654,1,0
0.03856672,1,1
0.03857004,1,0
0.03857022,1,1
0.03857354,1,0
0.0385737,1,1
0.03857704,1,0
0.0385772,1,1
0.03858054,1,0
0.0385807,1,1
0.03858404,1,0
0.0385842,1,1
0.03858754,1,0
0.0385877,1,1
0.03859104,1,0
0.03859138,1,1
0.0385947,1,0
0.03859488,1,1
0.0385982,1,0
0.03859838,1,1
0.0386017,1,0
0.03860188,1,1
0.0386052,1,0
0.03860538,1,1
0.0386087,1,0
0.03860888,1,1
0.0386122,1,0
0.03861238,1,1
0.0386157,1,0
0.03861588,1,1
0.0386192,1,0
0.03861938,1,1
0.0386227,1,0
0.03862288,1,1
0.0386262,1,0
0.03862638,1,1
0.0386297,1,0
0.03862988,1,1
0.0386332,1,0
0.03863338,1,1
0.0386367,1,0
0.03863686,1,1
0.0386402,1,0
0.03864036,1,1
0.0386437,1,0
0.03864404,1,1
0.03864736,1,0
0.03864754,1,1
0.03865086,1,0
0.03865104,1,1
0.03865436,1,0
0.03865454,1,1
0.03865786,1,0
0.03865804,1,1
0.03866136,1,0
0.03866154,1,1
0.03866486,1,0
0.03866504,1,1
0.03866836,1,0
0.03866854,1,1
0.03867186,1,0
0.03867204,1,1
0.03867536,1,0
0.03867554,1,1
0.03867886,1,0
0.03867904,1,1
0.03868236,1,0
0.03868254,1,1
0.03868586,1,0
0.03868604,1,1
0.03868936,1,0
0.03868954,1,1
0.03869286,1,0
0.0386932,1,1
0.03869652,1,0
0.0386967,1,1
0.03870002,1,0
0.0387002,1,1
0.03870352,1,0
0.0387037,1,1
0.03870702,1,0
0.0387072,1,1
0.03871052,1,0
0.0387107,1,1
0.03871402,1,0
0.0387142,1,1
0.03871752,1,0
0.0387177,1,1
0.03872102,1,0
0.0387212,1,1
0.03872452,1,0
0.0387247,1,1
0.03872802,1,0
0.0387282,1,1
0.03873152,1,0
0.0387317,1,1
0.03873502,1,0
0.0387352,1,1
0.03873852,1,0
0.0387387,1,1
0.03874202,1,0
0.03874236,1,1
0.03874568,1,0
0.03874586,1,1
0.03874918,1,0
0.03874936,1,1
0.03875268,1,0
0.03875286,1,1
0.03875618,1,0
0.03875636,1,1
0.03875968,1,0
0.03875986,1,1
0.03876318,1,0
0.03876336,1,1
0.03876668,1,0
0.03876686,1,1
0.03877018,1,0
0.03877036,1,1
0.03877368,1,0
0.03877386,1,1
0.03877718,1,0
0.03877736,1,1
0.03878068,1,0
0.03878086,1,1
0.03878418,1,0
0.03878436,1,1
0.03878768,1,0
0.03878786,1,1
0.03879118,1,0
0.03879136,1,1
0.03879468,1,0
0.03879502,1,1
0.03879836,1,0
0.03879852,1,1
0.03880186,1,0
0.03880202,1,1
0.03880536,1,0
0.03880552,1,1
0.03880886,1,0
0.03880902,1,1
0.03881234,1,0
0.03881252,1,1
0.03881584,1,0
0.03881602,1,1
0.03881934,1,0
0.03881952,1,1
0.03882284,1,0
0.03882302,1,1
0.03882634,1,0
0.03882652,1,1
0.03882984,1,0
0.03883002,1,1
0.03883334,1,0
0.03883352,1,1
0.03883684,1,0
0.03883702,1,1
0.03884034,1,0
0.03884052,1,1
0.03884384,1,0
0.03884418,1,1
0.03884752,1,0
0.03884768,1,1
0.03885102,1,0
0.03885118,1,1
0.03885452,1,0
0.03885468,1,1
0.03885802,1,0
0.03885818,1,1
0.03886152,1,0
0.03886168,1,1
0.03886502,1,0
0.03886518,1,1
0.03886852,1,0
0.03886868,1,1
0.03887202,1,0
0.03887218,1,1
0.03887552,1,0
0.03887568,1,1
0.038879,1,0
0.03887918,1,1
0.0388825,1,0
0.03888268,1,1
0.038886,1,0
0.03888618,1,1
0.0388895,1,0
0.03888968,1,1
0.038893,1,0
0.03889334,1,1
0.03889668,1,0
0.03889684,1,1
0.03890018,1,0
0.03890034,1,1
0.03890368,1,0
0.03890384,1,1
0.03890718,1,0
0.03890734,1,1
0.03891068,1,0
0.03891084,1,1
0.03891418,1,0
0.03891434,1,1
0.03891768,1,0
0.03891784,1,1
0.03892118,1,0
0.03892134,1,1
0.03892468,1,0
0.03892484,1,1
0.03892818,1,0
0.03892834,1,1
0.03893168,1,0
0.03893184,1,1
0.03893518,1,0
0.03893534,1,1
0.03893868,1,0
0.03893884,1,1
0.03894216,1,0
0.03894234,1,1
0.03894566,1,0
0.038946,1,1
0.03894934,1,0
0.0389495,1,1
0.03895284,1,0
0.038953,1,1
0.03895634,1,0
0.0389565,1,1
0.03895984,1,0
0.03896,1,1
0.03896334,1,0
0.0389635,1,1
0.03896684,1,0
0.038967,1,1
0.03897034,1,0
0.0389705,1,1
0.03897384,1,0
0.038974,1,1
0.03897734,1,0
0.0389775,1,1
0.03898084,1,0
0.038981,1,1
0.03898434,1,0
0.0389845,1,1
0.03898784,1,0
0.038988,1,1
0.03899134,1,0
0.0389915,1,1
0.03899484,1,0
0.03899516,1,1
0.0389985,1,0
0.03899866,1,1
0.039002,1,0
0.03900216,1,1
0.0390055,1,0
0.03900566,1,1
0.039009,1,0
0.03900916,1,1
0.0390125,1,0
0.03901266,1,1
0.039016,1,0
0.03901616,1,1
0.0390195,1,0
0.03901966,1,1
0.039023,1,0
0.03902316,1,1
0.0390265,1,0
0.03902666,1,1
0.03903,1,0
0.03903016,1,1
0.0390335,1,0
0.03903366,1,1
0.039037,1,0
0.03903716,1,1
0.0390405,1,0
0.03904066,1,1
0.039044,1,0
0.03904432,1,1
0.03904766,1,0
0.03904782,1,1
0.03905116,1,0
0.03905132,1,1
0.03905466,1,0
0.03905482,1,1
0.03905816,1,0
0.03905832,1,1
0.03906166,1,0
0.03906182,1,1
0.03906516,1,0
0.03906532,1,1
0.03906866,1,0
0.03906882,1,1
0.03907216,1,0
0.03907232,1,1
0.03907566,1,0
0.03907582,1,1
0.03907916,1,0
0.03907932,1,1
0.03908266,1,0
0.03908282,1,1
0.03908616,1,0
0.03908632,1,1
0.03908966,1,0
0.03908982,1,1
0.03909316,1,0
0.03909332,1,1
0.03909666,1,0
0.039097,1,1
0.03910032,1,0
0.03910048,1,1
0.03910382,1,0
0.03910398,1,1
0.03910732,1,0
0.03910748,1,1
0.03911082,1,0
0.03911098,1,1
0.03911432,1,0
0.03911448,1,1
0.03911782,1,0
0.03911798,1,1
0.03912132,1,0
0.03912148,1,1
0.03912482,1,0
0.03912498,1,1
0.03912832,1,0
0.03912848,1,1
0.03913182,1,0
0.03913198,1,1
0.03913532,1,0
0.03913548,1,1
0.03913882,1,0
0.03913898,1,1
0.03914232,1,0
0.03914248,1,1
0.03914582,1,0
0.03914616,1,1
0.03914948,1,0
0.03914966,1,1
0.03915298,1,0
0.03915316,1,1
0.03915648,1,0
0.03915666,1,1
0.03915998,1,0
0.03916016,1,1
0.03916348,1,0
0.03916366,1,1
0.03916698,1,0
0.03916714,1,1
0.03917048,1,0
0.03917064,1,1
0.03917398,1,0
0.03917414,1,1
0.03917748,1,0
0.03917764,1,1
0.03918098,1,0
0.03918114,1,1
0.03918448,1,0
0.03918464,1,1
0.03918798,1,0
0.03918814,1,1
0.03919148,1,0
0.03919164,1,1
0.03919498,1,0
0.03919532,1,1
0.03919864,1,0
0.03919882,1,1
0.03920214,1,0
0.03920232,1,1
0.03920564,1,0
0.03920582,1,1
0.03920914,1,0
0.03920932,1,1
0.03921264,1,0
0.03921282,1,1
0.03921614,1,0
0.03921632,1,1
0.03921964,1,0
0.03921982,1,1
0.03922314,1,0
0.03922332,1,1
0.03922664,1,0
0.03922682,1,1
0.03923014,1,0
0.0392303,1,1
0.03923364,1,0
0.0392338,1,1
0.03923714,1,0
0.0392373,1,1
0.03924064,1,0
0.0392408,1,1
0.03924414,1,0
0.0392443,1,1
0.03924764,1,0
0.03924798,1,1
0.0392513,1,0
0.03925148,1,1
0.0392548,1,0
0.03925498,1,1
0.0392583,1,0
0.03925848,1,1
0.0392618,1,0
0.03926198,1,1
0.0392653,1,0
0.03926548,1,1
0.0392688,1,0
0.03926898,1,1
0.0392723,1,0
0.03927248,1,1
0.0392758,1,0
0.03927598,1,1
0.0392793,1,0
0.03927948,1,1
0.0392828,1,0
0.03928298,1,1
0.0392863,1,0
0.03928648,1,1
0.0392898,1,0
0.03928998,1,1
0.0392933,1,0
0.03929348,1,1
0.0392968,1,0
0.03929714,1,1
0.03930046,1,0
0.03930064,1,1
0.03930396,1,0
0.03930414,1,1
0.03930746,1,0
0.03930764,1,1
0.03931096,1,0
0.03931114,1,1
0.03931446,1,0
0.03931464,1,1
0.03931796,1,0
0.03931814,1,1
0.03932146,1,0
0.03932164,1,1
0.03932496,1,0
0.03932514,1,1
0.03932846,1,0
0.03932864,1,1
0.03933196,1,0
0.03933214,1,1
0.03933546,1,0
0.03933564,1,1
0.03933896,1,0
0.03933914,1,1
0.03934246,1,0
0.03934264,1,1
0.03934596,1,0
0.0393463,1,1
0.03934962,1,0
0.0393498,1,1
0.03935312,1,0
0.0393533,1,1
0.03935662,1,0
0.0393568,1,1
0.03936012,1,0
0.0393603,1,1
0.03936362,1,0
0.0393638,1,1
0.03936712,1,0
0.0393673,1,1
0.03937062,1,0
0.0393708,1,1
0.03937412,1,0
0.0393743,1,1
0.03937762,1,0
0.0393778,1,1
0.03938112,1,0
0.0393813,1,1
0.03938462,1,0
0.0393848,1,1
0.03938812,1,0
0.0393883,1,1
0.03939162,1,0
0.0393918,1,1
0.03939512,1,0
0.03939546,1,1
0.0393988,1,0
0.03939896,1,1
0.0394023,1,0
0.03940246,1,1
0.03940578,1,0
0.03940596,1,1
0.03940928,1,0
0.03940946,1,1
0.03941278,1,0
0.03941296,1,1
0.03941628,1,0
0.03941646,1,1
0.03941978,1,0
0.03941996,1,1
0.03942328,1,0
0.03942346,1,1
0.03942678,1,0
0.03942696,1,1
0.03943028,1,0
0.03943046,1,1
0.03943378,1,0
0.03943396,1,1
0.03943728,1,0
0.03943746,1,1
0.03944078,1,0
0.03944096,1,1
0.03944428,1,0
0.03944446,1,1
0.03944778,1,0
0.03944812,1,1
0.03945146,1,0
0.03945162,1,1
0.03945496,1,0
0.03945512,1,1
0.03945846,1,0
0.03945862,1,1
0.03946196,1,0
0.03946212,1,1
0.03946546,1,0
0.03946562,1,1
0.03946896,1,0
0.03946912,1,1
0.03947244,1,0
0.03947262,1,1
0.03947594,1,0
0.03947612,1,1
0.03947944,1,0
0.03947962,1,1
0.03948294,1,0
0.03948312,1,1
0.03948644,1,0
0.03948662,1,1
0.03948994,1,0
0.03949012,1,1
0.03949344,1,0
0.03949362,1,1
0.03949694,1,0
0.03949728,1,1
0.03950062,1,0
0.03950078,1,1
0.03950412,1,0
0.03950428,1,1
0.03950762,1,0
0.03950778,1,1
0.03951112,1,0
0.03951128,1,1
0.03951462,1,0
0.03951478,1,1
0.03951812,1,0
0.03951828,1,1
0.03952162,1,0
0.03952178,1,1
0.03952512,1,0
0.03952528,1,1
0.03952862,1,0
0.03952878,1,1
0.03953212,1,0
0.03953228,1,1
0.03953562,1,0
0.03953578,1,1
0.0395391,1,0
0.03953928,1,1
0.0395426,1,0
0.03954278,1,1
0.0395461,1,0
0.03954644,1,1
0.03954978,1,0
0.03954994,1,1
0.03955328,1,0
0.03955344,1,1
0.03955678,1,0
0.03955694,1,1
0.03956028,1,0
0.03956044,1,1
0.03956378,1,0
0.03956394,1,1
0.03956728,1,0
0.03956744,1,1
0.03957078,1,0
0.03957094,1,1
0.03957428,1,0
0.03957444,1,1
0.03957778,1,0
0.03957794,1,1
0.03958128,1,0
0.03958144,1,1
0.03958478,1,0
0.03958494,1,1
0.03958828,1,0
0.03958844,1,1
0.03959178,1,0
0.03959194,1,1
0.03959528,1,0
0.03959544,1,1
0.03960094,1,0
0.0396011,1,1
0.03960144,1,0
0.0396016,1,1
0.03960726,1,0
0.03960744,1,1
0.03960994,1,0
0.03961028,1,1
0.03961344,1,0
0.03961378,1,1
0.03962176,1,0
0.03962194,1,1
0.03962444,1,0
0.0396246,1,1
0.03962776,1,0
0.03962794,1,1
0.03963594,1,0
0.03963626,1,1
0.03963876,1,0
0.0396391,1,1
0.03964226,1,0
0.0396426,1,1
0.0396506,1,0
0.03965076,1,1
0.03965326,1,0
0.03965344,1,1
0.0396566,1,0
0.03965676,1,1
0.03966476,1,0
0.0396651,1,1
0.0396676,1,0
0.03966794,1,1
0.0396711,1,0
0.03967144,1,1
0.03967942,1,0
0.0396796,1,1
0.0396821,1,0
0.03968226,1,1
0.03968542,1,0
0.0396856,1,1
0.0396936,1,0
0.03969376,1,1
0.03969626,1,0
0.03969642,1,1
0.0396996,1,0
0.03969976,1,1
0.03970776,1,0
0.03970792,1,1
0.03971042,1,0
0.03971076,1,1
0.03971392,1,0
0.03971426,1,1
0.03972226,1,0
0.03972242,1,1
0.03972492,1,0
0.0397251,1,1
0.03972826,1,0
0.03972842,1,1
0.03973642,1,0
0.0397366,1,1
0.03973908,1,0
0.03973926,1,1
0.03974242,1,0
0.0397426,1,1
0.03975058,1,0
0.03975076,1,1
0.03975326,1,0
0.0397536,1,1
0.03975676,1,0
0.0397571,1,1
0.03976508,1,0
0.03976526,1,1
0.03976776,1,0
0.03976792,1,1
0.03977108,1,0
0.03977126,1,1
0.03977926,1,0
0.03977958,1,1
0.03978208,1,0
0.03978226,1,1
0.03978542,1,0
0.03978558,1,1
0.03979358,1,0
0.03979376,1,1
0.03979626,1,0
0.03979642,1,1
0.03979958,1,0
0.03979992,1,1
0.03980792,1,0
0.03980808,1,1
0.03981058,1,0
0.03981076,1,1
0.03981392,1,0
0.03981408,1,1
0.03982208,1,0
0.03982242,1,1
0.03982492,1,0
0.03982508,1,1
0.03982824,1,0
0.03982842,1,1
0.03984642,1,0
0.03984658,1,1
0.03984924,1,0
0.03984942,1,1
0.03985258,1,0
0.03985274,1,1
0.03985658,1,0
0.03985674,1,1
0.03985942,1,0
0.03985958,1,1
0.03986274,1,0
0.03986308,1,1
0.03986958,1,0
0.03986974,1,1
0.0398724,1,0
0.03987258,1,1
0.03987574,1,0
0.03987592,1,1
0.03987974,1,0
0.03987992,1,1
0.03988258,1,0
0.03988274,1,1
0.0398849,1,0
0.03988508,1,1
